term,mask_mode,inner_radius_m,outer_radius_m,level_m,signed_sum_m2_s,sum_abs_step_integrals_m2_s,sum_step_spatial_abs_m2_s,negative_steps
total_les,moving_end,1200,4200,39.88822936505957,668.3396889922665,668.3396889922665,5037.166654301502,0
total_les,moving_end,1200,4200,121.65909956343168,-7602.990550824728,8133.906899990882,49686.53546731495,949
total_les,moving_end,1200,4200,207.51851327172238,-7206.851542290518,13308.276091461314,39691.4162526993,602
total_les,moving_end,1200,4200,297.6708976654277,-463.380414605057,12627.279650793018,43546.40102019278,390
total_les,moving_end,1200,4200,392.33090127881815,1884.2678965112873,12935.49840268533,49958.63845217903,307
total_les,moving_end,1200,4200,491.72390507287827,6343.623048223183,12941.310608011596,53057.181556345924,288
total_les,moving_end,1200,4200,596.0865590566414,4504.808201334618,8869.109798181424,54612.707308308,362
total_les,moving_end,1200,4200,705.6673457395926,6365.199313472244,7152.051721196925,51877.2942672465,194
total_les,moving_end,1200,4200,820.7271717566915,8736.099610055562,9869.10378425488,48339.29480325929,334
total_les,moving_end,1200,4200,941.5399890746453,13281.298021228673,15640.157809684766,43313.96473083125,316
total_les,moving_end,1200,4200,1068.3934472584967,13371.704968008547,14582.616540165978,34468.45382273924,230
total_les,moving_end,1200,4200,1201.5895783515407,10315.510913738106,10927.601138005173,23850.259673454002,69
total_les,moving_end,1200,4200,1341.445515999237,1885.8939687087322,8860.372808385851,22518.947165120066,270
total_les,moving_end,1200,4200,1488.294250529318,-6245.7910634298,10994.195257668081,28453.62685095217,584
total_les,moving_end,1200,4200,1642.4854217859033,-9557.878579848075,12148.658058335779,36287.53309128589,745
total_les,moving_end,1200,4200,1804.3861516053175,-8168.202279710524,8976.396295463303,40347.10032984604,912
total_les,moving_end,1200,4200,1974.3819179157026,-6529.070337802954,6529.070337802954,39914.068828870615,1015
total_muscl,moving_end,1200,4200,39.88822936505957,-16196.5461784212,16196.5461784212,99137.50676410526,1015
total_muscl,moving_end,1200,4200,121.65909956343168,-21785.76960360181,21785.76960360181,133636.76197581092,1015
total_muscl,moving_end,1200,4200,207.51851327172238,-34634.700316522176,34634.700316522176,155899.38816927618,1015
total_muscl,moving_end,1200,4200,297.6708976654277,-52926.07149019989,52926.07149019989,168966.96505012186,1015
total_muscl,moving_end,1200,4200,392.33090127881815,-69856.48903242026,69856.48903242026,185606.94936370174,1015
total_muscl,moving_end,1200,4200,491.72390507287827,-87044.67246562566,87044.67246562566,206938.9257224138,1015
total_muscl,moving_end,1200,4200,596.0865590566414,-99790.99828250005,99790.99828250005,242139.69208122976,1015
total_muscl,moving_end,1200,4200,705.6673457395926,-117403.44039804862,117403.44039804862,277911.37964684924,1015
total_muscl,moving_end,1200,4200,820.7271717566915,-115924.12160284017,115924.12160284017,329843.35655160475,1015
total_muscl,moving_end,1200,4200,941.5399890746453,-103092.67601509951,103092.67601509951,384383.8748597934,1015
total_muscl,moving_end,1200,4200,1068.3934472584967,-80105.4176783839,80105.4176783839,433110.05138382886,1015
total_muscl,moving_end,1200,4200,1201.5895783515407,-47754.98024858552,47754.98024858552,479917.3554599687,1015
total_muscl,moving_end,1200,4200,1341.445515999237,-6240.3105361122725,22321.581088589526,516139.3925674385,559
total_muscl,moving_end,1200,4200,1488.294250529318,35194.12819904787,37115.17689119289,547865.4784533654,163
total_muscl,moving_end,1200,4200,1642.4854217859033,70042.71505212142,70042.71505212142,575666.5542207716,0
total_muscl,moving_end,1200,4200,1804.3861516053175,93295.25255099288,93295.25255099288,594133.9174374023,0
total_muscl,moving_end,1200,4200,1974.3819179157026,108750.12070793673,108750.12070793673,602484.4881594619,0
total_flux_x,moving_end,1200,4200,39.88822936505957,-28469.26492913213,30602.80672728348,218933.45086775665,827
total_flux_x,moving_end,1200,4200,121.65909956343168,-17233.87106504525,27940.11018918219,240869.43967470585,583
total_flux_x,moving_end,1200,4200,207.51851327172238,-12634.52175640888,29390.225073159607,262481.6688927841,557
total_flux_x,moving_end,1200,4200,297.6708976654277,-16348.025020228866,31427.80203614408,269098.6745946525,623
total_flux_x,moving_end,1200,4200,392.33090127881815,-23345.84592816902,34156.65453461035,280644.86861865135,712
total_flux_x,moving_end,1200,4200,491.72390507287827,-32031.162791951072,38836.596798969185,301247.77114789345,788
total_flux_x,moving_end,1200,4200,596.0865590566414,-35974.139276483365,39282.64647334791,338125.87782647845,802
total_flux_x,moving_end,1200,4200,705.6673457395926,-14000.86044926944,19911.31676844041,376519.98706328555,675
total_flux_x,moving_end,1200,4200,820.7271717566915,35425.97271212199,35425.97271212199,410141.2859554796,0
total_flux_x,moving_end,1200,4200,941.5399890746453,71101.04592022195,75722.37236073798,461830.69163777685,69
total_flux_x,moving_end,1200,4200,1068.3934472584967,77910.54000106614,89857.72140253201,531541.4348059869,204
total_flux_x,moving_end,1200,4200,1201.5895783515407,81332.964973898,100567.47440242242,647231.8823428989,204
total_flux_x,moving_end,1200,4200,1341.445515999237,85019.15037673266,107640.96495029486,791052.5088671283,204
total_flux_x,moving_end,1200,4200,1488.294250529318,84421.69600624243,104824.98459955005,938378.7725577938,186
total_flux_x,moving_end,1200,4200,1642.4854217859033,82154.24373335064,89849.06315021034,1087819.4003238988,178
total_flux_x,moving_end,1200,4200,1804.3861516053175,88339.76791618473,94089.61484017411,1239904.4051483793,91
total_flux_x,moving_end,1200,4200,1974.3819179157026,94016.03304320513,98079.05751095607,1405252.6030888914,115
total_flux_y,moving_end,1200,4200,39.88822936505957,-43815.77729297418,43815.77729297418,243972.64094826375,1015
total_flux_y,moving_end,1200,4200,121.65909956343168,-49756.01482670057,49756.01482670057,246614.71470718633,1015
total_flux_y,moving_end,1200,4200,207.51851327172238,-57011.775251486295,57011.775251486295,309615.2217170039,1015
total_flux_y,moving_end,1200,4200,297.6708976654277,-64421.53433521796,64422.23385445267,375346.2433288763,1013
total_flux_y,moving_end,1200,4200,392.33090127881815,-70701.7169150231,71396.69472242416,459102.13000176917,965
total_flux_y,moving_end,1200,4200,491.72390507287827,-81442.71142375052,81720.06975286738,568671.4345879881,990
total_flux_y,moving_end,1200,4200,596.0865590566414,-91937.6432491258,91937.6432491258,694905.5140994859,1015
total_flux_y,moving_end,1200,4200,705.6673457395926,-90129.94070656328,90129.94070656328,795981.0173063809,1015
total_flux_y,moving_end,1200,4200,820.7271717566915,-74411.33969452805,75474.69609391748,920506.6363747511,962
total_flux_y,moving_end,1200,4200,941.5399890746453,-97179.23828344017,100511.41437384783,1091059.847080111,912
total_flux_y,moving_end,1200,4200,1068.3934472584967,-160012.63482243905,160013.1083214089,1271291.5244639101,1014
total_flux_y,moving_end,1200,4200,1201.5895783515407,-255230.9709974608,255230.9709974608,1457267.807375415,1015
total_flux_y,moving_end,1200,4200,1341.445515999237,-376061.34479277226,376061.34479277226,1650030.7636788024,1015
total_flux_y,moving_end,1200,4200,1488.294250529318,-501556.3890480212,501556.3890480212,1831408.7022795118,1015
total_flux_y,moving_end,1200,4200,1642.4854217859033,-604344.0465819618,604344.0465819618,1988892.4451955245,1015
total_flux_y,moving_end,1200,4200,1804.3861516053175,-664366.5319285986,664366.5319285986,2127665.9620069033,1015
total_flux_y,moving_end,1200,4200,1974.3819179157026,-679143.3624993137,679143.3624993137,2229117.7193917334,1015
total_flux_z,moving_end,1200,4200,39.88822936505957,56088.49604368511,56088.49604368511,301237.333456364,0
total_flux_z,moving_end,1200,4200,121.65909956343168,45204.116288143996,45204.116288143996,351067.1642034574,0
total_flux_z,moving_end,1200,4200,207.51851327172238,35011.59669137304,35023.30147388372,437038.2958703221,6
total_flux_z,moving_end,1200,4200,297.6708976654277,27843.48786524695,28957.72588932915,535447.094241732,93
total_flux_z,moving_end,1200,4200,392.33090127881815,24191.073810771828,29536.626514431457,652415.0737654242,217
total_flux_z,moving_end,1200,4200,491.72390507287827,26429.201750075914,35732.556198561026,796295.2829108987,264
total_flux_z,moving_end,1200,4200,596.0865590566414,28120.784243109207,44067.30220531639,969543.0138425974,295
total_flux_z,moving_end,1200,4200,705.6673457395926,-13272.639242215919,43438.105762519896,1091845.7644970226,634
total_flux_z,moving_end,1200,4200,820.7271717566915,-76938.75462043422,79900.20983273354,1235477.7266140606,925
total_flux_z,moving_end,1200,4200,941.5399890746453,-77014.48365188125,96800.66123724915,1413089.257315756,732
total_flux_z,moving_end,1200,4200,1068.3934472584967,1996.6771429890214,118257.7816646182,1565680.5736476586,500
total_flux_z,moving_end,1200,4200,1201.5895783515407,126143.02577497726,181884.09972937527,1708744.2587723369,288
total_flux_z,moving_end,1200,4200,1341.445515999237,284801.88387992734,288392.5113312525,1844729.114828837,103
total_flux_z,moving_end,1200,4200,1488.294250529318,452328.8212408266,452328.8212408266,1975140.215272992,0
total_flux_z,moving_end,1200,4200,1642.4854217859033,592232.5179007326,592232.5179007326,2106806.0796193313,0
total_flux_z,moving_end,1200,4200,1804.3861516053175,669322.0165634067,669322.0165634067,2245155.5974932113,0
total_flux_z,moving_end,1200,4200,1974.3819179157026,693877.4501640452,693877.4501640452,2362273.8270326834,0
total_roundoff,moving_end,1200,4200,39.88822936505957,-4.442288262907595e-12,7.314534397383297e-10,1.537289413325779e-08,515
total_roundoff,moving_end,1200,4200,121.65909956343168,3.1129923468088856e-11,7.246310373439221e-10,1.5331488461184416e-08,501
total_roundoff,moving_end,1200,4200,207.51851327172238,-2.38608820405501e-11,7.605860760339354e-10,1.5396296916925874e-08,527
total_roundoff,moving_end,1200,4200,297.6708976654277,5.999778310891083e-13,8.099653455264418e-10,1.5845282916570605e-08,504
total_roundoff,moving_end,1200,4200,392.33090127881815,3.988317244822332e-11,8.616043669544896e-10,1.651502547083295e-08,472
total_roundoff,moving_end,1200,4200,491.72390507287827,1.8027802354777564e-11,1.0082147000812147e-09,1.7379338417404543e-08,515
total_roundoff,moving_end,1200,4200,596.0865590566414,-7.325657109733246e-11,1.1013514370107743e-09,1.85065398237565e-08,524
total_roundoff,moving_end,1200,4200,705.6673457395926,2.00599363780075e-11,1.1546918267737755e-09,1.972717415243681e-08,511
total_roundoff,moving_end,1200,4200,820.7271717566915,1.1977446724047763e-10,1.3537954377727769e-09,2.093255269030518e-08,485
total_roundoff,moving_end,1200,4200,941.5399890746453,-4.240084947374196e-11,1.3667739822000946e-09,2.1965220935450907e-08,500
total_roundoff,moving_end,1200,4200,1068.3934472584967,-2.8124193342845697e-11,1.4519818234507982e-09,2.321452269256802e-08,499
total_roundoff,moving_end,1200,4200,1201.5895783515407,-1.4499300159862229e-11,1.463755377727385e-09,2.3760485753133636e-08,508
total_roundoff,moving_end,1200,4200,1341.445515999237,2.601527391947467e-11,1.4644363135064408e-09,2.446593835321977e-08,513
total_roundoff,moving_end,1200,4200,1488.294250529318,8.84154301692989e-12,1.6052378207193985e-09,2.5759146385538547e-08,506
total_roundoff,moving_end,1200,4200,1642.4854217859033,-2.100653533770608e-11,1.7045197193396632e-09,2.6392162468734078e-08,504
total_roundoff,moving_end,1200,4200,1804.3861516053175,4.9540736503329505e-11,1.6338277756264893e-09,2.6352337566731615e-08,515
total_roundoff,moving_end,1200,4200,1974.3819179157026,-5.868767386125988e-12,1.4980359807443763e-09,2.5946594360364526e-08,501
total_other,moving_end,1200,4200,39.88822936505957,5611.477498002487,5611.477498002487,10847.826774758327,0
total_other,moving_end,1200,4200,121.65909956343168,5571.243506458438,5571.243506458438,10036.644844211049,0
total_other,moving_end,1200,4200,207.51851327172238,6060.704770368575,6060.704770368575,9955.158529464024,0
total_other,moving_end,1200,4200,297.6708976654277,6395.093100343083,6395.093100343083,9744.368952949102,0
total_other,moving_end,1200,4200,392.33090127881815,6712.836212186111,6712.836212186111,9533.38441474445,0
total_other,moving_end,1200,4200,491.72390507287827,6997.979655822639,6997.979655822639,9420.38437053666,0
total_other,moving_end,1200,4200,596.0865590566414,7134.2517908000045,7134.2517908000045,9340.778301705717,0
total_other,moving_end,1200,4200,705.6673457395926,6910.254170360615,6910.254170360615,8978.097232717639,0
total_other,moving_end,1200,4200,820.7271717566915,6302.915813687702,6302.915813687702,8399.365185181234,0
total_other,moving_end,1200,4200,941.5399890746453,5502.26396932055,5502.26396932055,7649.419170000984,0
total_other,moving_end,1200,4200,1068.3934472584967,4678.970831919681,4678.970831919681,6813.603712561349,0
total_other,moving_end,1200,4200,1201.5895783515407,3865.986122526786,3865.986122526786,6005.244845180457,0
total_other,moving_end,1200,4200,1341.445515999237,3051.0336681867384,3051.0336681867384,5445.754373223161,0
total_other,moving_end,1200,4200,1488.294250529318,2216.8058605543256,2216.8058605543256,5476.826254587649,0
total_other,moving_end,1200,4200,1642.4854217859033,1349.4315638746332,1357.8257004694722,5971.363719407025,46
total_other,moving_end,1200,4200,1804.3861516053175,487.5423748691652,675.9299231665489,6605.466337388192,320
total_other,moving_end,1200,4200,1974.3819179157026,-300.3537995974565,961.847320403351,7128.142058465035,745
les_injection,moving_end,1200,4200,39.88822936505957,668.3396889922664,668.3396889922664,5037.166654301502,0
les_injection,moving_end,1200,4200,121.65909956343168,-7602.99055082473,8133.906899990883,49686.53546731495,949
les_injection,moving_end,1200,4200,207.51851327172238,-7206.8515422905175,13308.276091461315,39691.4162526993,602
les_injection,moving_end,1200,4200,297.6708976654277,-463.380414605057,12627.279650793018,43546.40102019278,390
les_injection,moving_end,1200,4200,392.33090127881815,1884.2678965112864,12935.498402685327,49958.63845217903,307
les_injection,moving_end,1200,4200,491.72390507287827,6343.623048223184,12941.310608011596,53057.181556345924,288
les_injection,moving_end,1200,4200,596.0865590566414,4504.808201334618,8869.109798181424,54612.707308308,362
les_injection,moving_end,1200,4200,705.6673457395926,6365.199313472244,7152.0517211969245,51877.294267246514,194
les_injection,moving_end,1200,4200,820.7271717566915,8736.09961005556,9869.103784254878,48339.29480325929,334
les_injection,moving_end,1200,4200,941.5399890746453,13281.298021228673,15640.157809684766,43313.96473083125,316
les_injection,moving_end,1200,4200,1068.3934472584967,13371.704968008547,14582.616540165978,34468.45382273924,230
les_injection,moving_end,1200,4200,1201.5895783515407,10315.510913738104,10927.601138005171,23850.259673454006,69
les_injection,moving_end,1200,4200,1341.445515999237,1885.8939687087304,8860.37280838585,22518.947165120066,270
les_injection,moving_end,1200,4200,1488.294250529318,-6245.7910634298,10994.195257668081,28453.626850952172,584
les_injection,moving_end,1200,4200,1642.4854217859033,-9557.878579848075,12148.658058335779,36287.53309128589,745
les_injection,moving_end,1200,4200,1804.3861516053175,-8168.202279710524,8976.396295463303,40347.10032984604,912
les_injection,moving_end,1200,4200,1974.3819179157026,-6529.070337802954,6529.070337802954,39914.06882887061,1015
les_muscl,moving_end,1200,4200,39.88822936505957,-1518.5645133373148,3954.276189068073,16076.198303794354,699
les_muscl,moving_end,1200,4200,121.65909956343168,8080.3928043333835,8983.954296059977,54620.61272340179,185
les_muscl,moving_end,1200,4200,207.51851327172238,9804.678861897963,12772.514105014207,45982.25357854583,267
les_muscl,moving_end,1200,4200,297.6708976654277,4818.697211315573,9582.353535567916,45471.80781217778,444
les_muscl,moving_end,1200,4200,392.33090127881815,2360.4636523278123,11024.702190401653,54354.91794643176,497
les_muscl,moving_end,1200,4200,491.72390507287827,1016.176998527214,11801.771327254459,56940.33650666739,495
les_muscl,moving_end,1200,4200,596.0865590566414,3254.802321588522,8294.056944020027,57353.37522205559,342
les_muscl,moving_end,1200,4200,705.6673457395926,-3303.7083398574205,8718.138529962065,59941.951877181295,524
les_muscl,moving_end,1200,4200,820.7271717566915,-8142.849761210883,11216.55634707061,66109.82736461083,708
les_muscl,moving_end,1200,4200,941.5399890746453,-12267.498399388252,12887.529178729652,71394.04029754527,809
les_muscl,moving_end,1200,4200,1068.3934472584967,-10520.121129263232,11779.880419745492,68850.56617037868,730
les_muscl,moving_end,1200,4200,1201.5895783515407,-8820.282330592305,10279.238649025629,67522.59082279437,795
les_muscl,moving_end,1200,4200,1341.445515999237,-3986.155094725864,9318.828984854914,67896.89827358253,700
les_muscl,moving_end,1200,4200,1488.294250529318,1807.2370544841415,12775.149029667806,66292.92584757974,490
les_muscl,moving_end,1200,4200,1642.4854217859033,3991.6081872870104,15373.159101713794,67511.38720118708,371
les_muscl,moving_end,1200,4200,1804.3861516053175,2976.313236004954,10513.220714217938,71210.58243520104,319
les_muscl,moving_end,1200,4200,1974.3819179157026,2728.362108443462,4654.961320808601,68404.74954926925,283
les_flux_x,moving_end,1200,4200,39.88822936505957,1094.1914552009619,1095.1856678007498,6682.452401783473,14
les_flux_x,moving_end,1200,4200,121.65909956343168,1571.0122915906609,1874.399024587492,21079.895517126482,226
les_flux_x,moving_end,1200,4200,207.51851327172238,-2198.6182764953182,3334.616256690054,22275.06192877899,640
les_flux_x,moving_end,1200,4200,297.6708976654277,-2184.8972747501502,5087.492737192028,22679.67515365642,564
les_flux_x,moving_end,1200,4200,392.33090127881815,548.087825971058,7121.909984448337,26941.769944652093,411
les_flux_x,moving_end,1200,4200,491.72390507287827,2584.9235032508614,7606.330676571925,28176.439573060787,320
les_flux_x,moving_end,1200,4200,596.0865590566414,2231.045232672829,5902.605672967569,27292.767600201587,316
les_flux_x,moving_end,1200,4200,705.6673457395926,-1023.1346471793179,2799.105914519373,24208.113826220084,465
les_flux_x,moving_end,1200,4200,820.7271717566915,-1612.734597831039,2706.8638237649984,23192.536893941116,447
les_flux_x,moving_end,1200,4200,941.5399890746453,416.17164450107634,2875.561473625865,23333.922519869997,406
les_flux_x,moving_end,1200,4200,1068.3934472584967,-31.293299093833184,1670.1369059611468,25366.157668349544,486
les_flux_x,moving_end,1200,4200,1201.5895783515407,-4992.332001395302,5047.654649571624,30184.948461031374,946
les_flux_x,moving_end,1200,4200,1341.445515999237,-8458.653842290314,8640.814426590394,38160.17653368597,946
les_flux_x,moving_end,1200,4200,1488.294250529318,-5275.882960502492,6648.644419498974,51895.90304024928,719
les_flux_x,moving_end,1200,4200,1642.4854217859033,988.3991714018958,3354.164436516075,68381.52782004239,342
les_flux_x,moving_end,1200,4200,1804.3861516053175,1749.616823643029,3129.2071806689646,81162.51620045937,340
les_flux_x,moving_end,1200,4200,1974.3819179157026,-4480.972344616506,5115.001489411319,80402.62158188637,825
les_flux_y,moving_end,1200,4200,39.88822936505957,1302.7951847444183,1317.5613310577926,14942.893596596274,169
les_flux_y,moving_end,1200,4200,121.65909956343168,-1112.3788409467516,2072.1899646149814,33056.87268903275,572
les_flux_y,moving_end,1200,4200,207.51851327172238,3112.622695915343,3112.6276046166786,38393.65467407307,5
les_flux_y,moving_end,1200,4200,297.6708976654277,1944.5581943446043,2565.7229883014493,37798.473794205536,198
les_flux_y,moving_end,1200,4200,392.33090127881815,3792.018236383173,3957.108280204652,45972.56541998063,123
les_flux_y,moving_end,1200,4200,491.72390507287827,3812.0858571342606,3812.0858571342606,52773.19590166826,0
les_flux_y,moving_end,1200,4200,596.0865590566414,-954.2071665611167,2498.4394836556567,66251.64316940494,626
les_flux_y,moving_end,1200,4200,705.6673457395926,-5177.72203646227,5179.656292753847,70104.7140331824,990
les_flux_y,moving_end,1200,4200,820.7271717566915,-9725.212733291903,9725.212733291903,85943.73297630268,1015
les_flux_y,moving_end,1200,4200,941.5399890746453,-12010.66143686679,12293.973904143473,88996.88970928834,893
les_flux_y,moving_end,1200,4200,1068.3934472584967,-11778.850691777216,12133.422790547367,85019.50021429156,889
les_flux_y,moving_end,1200,4200,1201.5895783515407,-4689.8587584104,6336.483555466326,96202.59080503485,734
les_flux_y,moving_end,1200,4200,1341.445515999237,4141.822998454991,5088.981196214535,107057.43904343713,141
les_flux_y,moving_end,1200,4200,1488.294250529318,7561.732236990833,7564.611120415138,110868.22727932935,29
les_flux_y,moving_end,1200,4200,1642.4854217859033,9796.591238287168,9811.160005658872,110013.69946153549,41
les_flux_y,moving_end,1200,4200,1804.3861516053175,12595.228973689555,12595.228973689555,103398.37825357864,0
les_flux_y,moving_end,1200,4200,1974.3819179157026,12759.896951613957,12759.896951613957,90228.36726723769,0
les_flux_z,moving_end,1200,4200,39.88822936505957,-3915.5511532826945,4842.494741952286,12944.636277994086,798
les_flux_z,moving_end,1200,4200,121.65909956343168,7621.759353689474,7765.963838741034,49443.06365415129,78
les_flux_z,moving_end,1200,4200,207.51851327172238,8890.674442477943,10562.90674678192,65675.66655740578,257
les_flux_z,moving_end,1200,4200,297.6708976654277,5059.036291721121,5432.516344262435,67037.48013062656,211
les_flux_z,moving_end,1200,4200,392.33090127881815,-1979.6424100264173,7774.2910008796025,75953.97774685925,601
les_flux_z,moving_end,1200,4200,491.72390507287827,-5380.832361857907,7909.7207735077345,81280.53140449035,745
les_flux_z,moving_end,1200,4200,596.0865590566414,1977.9642554768072,2517.1447026711244,93366.43676156548,282
les_flux_z,moving_end,1200,4200,705.6673457395926,2897.1483437841657,10186.92526902325,110166.79825127448,282
les_flux_z,moving_end,1200,4200,820.7271717566915,3195.0975699120554,13110.120983745725,130494.95587617777,399
les_flux_z,moving_end,1200,4200,941.5399890746453,-673.0086070225393,6168.7693627476165,138567.2201543025,542
les_flux_z,moving_end,1200,4200,1068.3934472584967,1290.022861607818,4913.658526712046,137101.38435968835,459
les_flux_z,moving_end,1200,4200,1201.5895783515407,861.9084292133956,5244.411689685163,141247.85423953552,475
les_flux_z,moving_end,1200,4200,1341.445515999237,330.67574910945837,4413.738771856665,140115.04379590641,524
les_flux_z,moving_end,1200,4200,1488.294250529318,-478.6122220042007,6596.349632913511,129916.41239453896,435
les_flux_z,moving_end,1200,4200,1642.4854217859033,-6793.382222402057,11300.39925688356,121197.56845851973,631
les_flux_z,moving_end,1200,4200,1804.3861516053175,-11368.532561327635,12065.23886710682,108706.24479543959,869
les_flux_z,moving_end,1200,4200,1974.3819179157026,-5550.562498553993,6323.175486649781,90243.87809287931,745
les_roundoff,moving_end,1200,4200,39.88822936505957,-4.125952093231016e-13,1.9961699648778e-11,2.449578522546566e-10,499
les_roundoff,moving_end,1200,4200,121.65909956343168,7.824354618396068e-14,4.2495646833630026e-11,6.2653853409521e-10,486
les_roundoff,moving_end,1200,4200,207.51851327172238,-2.9099148641902584e-12,4.519330110297105e-11,6.789529642780304e-10,518
les_roundoff,moving_end,1200,4200,297.6708976654277,-1.6072387203475267e-12,4.644617232729507e-11,7.974915630124167e-10,536
les_roundoff,moving_end,1200,4200,392.33090127881815,-1.904572865342528e-12,5.515475911682078e-11,9.477548125286025e-10,519
les_roundoff,moving_end,1200,4200,491.72390507287827,-1.0660082345960724e-12,6.423512359445623e-11,1.0419241114919707e-09,518
les_roundoff,moving_end,1200,4200,596.0865590566414,1.9801935492312595e-12,5.7975685355568084e-11,9.61191578692161e-10,494
les_roundoff,moving_end,1200,4200,705.6673457395926,1.1114333980420025e-12,5.621687103877833e-11,8.350121145319026e-10,510
les_roundoff,moving_end,1200,4200,820.7271717566915,2.526467395559371e-12,5.1272097573749414e-11,7.478142502288764e-10,498
les_roundoff,moving_end,1200,4200,941.5399890746453,-5.881731761479485e-13,5.1286518701465346e-11,7.231681614504171e-10,505
les_roundoff,moving_end,1200,4200,1068.3934472584967,-5.140517893381583e-13,4.937130819931223e-11,7.495012161955776e-10,507
les_roundoff,moving_end,1200,4200,1201.5895783515407,7.380471237345415e-13,4.302450375326204e-11,7.317659387622114e-10,499
les_roundoff,moving_end,1200,4200,1341.445515999237,2.138870268224363e-12,4.342738128007982e-11,7.2834682770335e-10,481
les_roundoff,moving_end,1200,4200,1488.294250529318,-5.204306726615855e-14,4.5394778403189224e-11,7.196026706431945e-10,498
les_roundoff,moving_end,1200,4200,1642.4854217859033,4.2730917217457837e-13,4.107545225258675e-11,6.788976551952355e-10,502
les_roundoff,moving_end,1200,4200,1804.3861516053175,2.306823094148971e-12,3.9556867798674416e-11,6.515462287057339e-10,486
les_roundoff,moving_end,1200,4200,1974.3819179157026,1.4882114659429743e-12,3.332154200053908e-11,5.957402024680728e-10,486
total_les,moving_end,4200,6000,39.88822936505957,306.3406800584988,350.1830744645032,2814.2705987664804,204
total_les,moving_end,4200,6000,121.65909956343168,-4097.117962518934,6841.285561177684,47612.380450086275,594
total_les,moving_end,4200,6000,207.51851327172238,2418.9050495357637,11130.720711644233,68849.75699875041,293
total_les,moving_end,4200,6000,297.6708976654277,10925.682991125683,17807.955028597324,77434.2376358376,270
total_les,moving_end,4200,6000,392.33090127881815,24473.93539243383,24913.637685272988,85724.50624810596,98
total_les,moving_end,4200,6000,491.72390507287827,33980.951905699054,33980.951905699054,81589.52045065879,0
total_les,moving_end,4200,6000,596.0865590566414,32152.971254039534,32152.971254039534,75684.29818780052,0
total_les,moving_end,4200,6000,705.6673457395926,21153.203466471554,21153.203466471554,57384.389870714636,0
total_les,moving_end,4200,6000,820.7271717566915,-2444.87374936938,7700.061557909581,53968.86091425926,307
total_les,moving_end,4200,6000,941.5399890746453,-8212.622082391346,10127.944446371035,38311.54788639433,685
total_les,moving_end,4200,6000,1068.3934472584967,-6356.866395930944,9292.269432959862,24829.960887383684,682
total_les,moving_end,4200,6000,1201.5895783515407,-3123.434721860549,8040.683379260669,21053.8581935735,780
total_les,moving_end,4200,6000,1341.445515999237,5874.1720854553405,9757.380100117722,26497.23678166814,491
total_les,moving_end,4200,6000,1488.294250529318,14266.198510468868,14651.395324610214,37424.14102548404,203
total_les,moving_end,4200,6000,1642.4854217859033,11764.903892465463,13188.604890899369,45024.66038155048,157
total_les,moving_end,4200,6000,1804.3861516053175,2914.5480521483705,5424.374797132754,48597.402889665966,307
total_les,moving_end,4200,6000,1974.3819179157026,-3500.624615785139,4134.816108960766,48193.70104923344,830
total_muscl,moving_end,4200,6000,39.88822936505957,2168.1980359794366,2184.0423580193865,32174.061184080798,32
total_muscl,moving_end,4200,6000,121.65909956343168,10168.671624527848,10907.008094901503,80073.43617187848,232
total_muscl,moving_end,4200,6000,207.51851327172238,10571.569264854992,14054.66418693556,114965.89240144071,328
total_muscl,moving_end,4200,6000,297.6708976654277,5599.748202720702,20857.67109066064,128246.62801269523,437
total_muscl,moving_end,4200,6000,392.33090127881815,-2982.483164324788,18921.62333413835,140872.65691910626,633
total_muscl,moving_end,4200,6000,491.72390507287827,-6973.104419025721,17469.13887597698,152993.5644126561,712
total_muscl,moving_end,4200,6000,596.0865590566414,167.01815805789192,14036.4850204805,164260.78186395398,486
total_muscl,moving_end,4200,6000,705.6673457395926,16459.048505684037,18986.40187112645,192296.74568257635,213
total_muscl,moving_end,4200,6000,820.7271717566915,39187.00954786787,39187.00954786787,224432.63206481954,0
total_muscl,moving_end,4200,6000,941.5399890746453,52112.86310018979,52112.86310018979,231600.64688624616,0
total_muscl,moving_end,4200,6000,1068.3934472584967,64626.33999856559,64626.33999856559,234123.05997789558,0
total_muscl,moving_end,4200,6000,1201.5895783515407,62168.87313792996,62168.87313792996,232597.63727809166,0
total_muscl,moving_end,4200,6000,1341.445515999237,41004.678048708505,41111.04585608133,234584.46489373018,44
total_muscl,moving_end,4200,6000,1488.294250529318,8511.315461650673,31740.28423547089,253787.62569849938,433
total_muscl,moving_end,4200,6000,1642.4854217859033,-19855.77688450427,31186.36938438409,271836.97030547715,664
total_muscl,moving_end,4200,6000,1804.3861516053175,-37317.027996952704,38186.597104516455,293659.533537238,943
total_muscl,moving_end,4200,6000,1974.3819179157026,-43091.83269986937,43097.63295320833,301757.568228366,1010
total_flux_x,moving_end,4200,6000,39.88822936505957,15456.605054451677,16613.777451010057,152912.60186670348,213
total_flux_x,moving_end,4200,6000,121.65909956343168,5315.030535334516,11016.840879297095,149202.02002757048,501
total_flux_x,moving_end,4200,6000,207.51851327172238,219.19433991468713,9700.959009536506,159285.32638926347,617
total_flux_x,moving_end,4200,6000,297.6708976654277,3367.3476856013094,8785.68470783615,178653.1107427332,512
total_flux_x,moving_end,4200,6000,392.33090127881815,9916.661375804575,13554.957250320453,210595.66657611736,138
total_flux_x,moving_end,4200,6000,491.72390507287827,18448.01094764207,22593.94384411582,253350.67312877602,103
total_flux_x,moving_end,4200,6000,596.0865590566414,21421.00772365671,28331.742351852088,307116.2259695843,136
total_flux_x,moving_end,4200,6000,705.6673457395926,17266.161779204154,38193.06797436128,380926.97295182163,270
total_flux_x,moving_end,4200,6000,820.7271717566915,-2891.4458492267295,37565.61017216524,466143.9670681859,455
total_flux_x,moving_end,4200,6000,941.5399890746453,-4069.0252980500027,43993.440370346005,555328.7364168535,653
total_flux_x,moving_end,4200,6000,1068.3934472584967,36980.06054599145,73209.85065161908,625294.9676516887,583
total_flux_x,moving_end,4200,6000,1201.5895783515407,98151.00877805555,141564.0414694291,719851.729452996,422
total_flux_x,moving_end,4200,6000,1341.445515999237,157903.24903624918,205442.8347301984,830884.8173062572,316
total_flux_x,moving_end,4200,6000,1488.294250529318,196237.42093751451,247903.95775789904,993931.8765485975,316
total_flux_x,moving_end,4200,6000,1642.4854217859033,205563.10896412347,266330.44571188773,1129736.7285409472,316
total_flux_x,moving_end,4200,6000,1804.3861516053175,166667.09537102157,228350.0787244518,1219298.1844547822,316
total_flux_x,moving_end,4200,6000,1974.3819179157026,87045.11642715306,155104.78414215692,1244464.690412277,310
total_flux_y,moving_end,4200,6000,39.88822936505957,-900.5548009402096,5381.784245861211,129929.52252040827,572
total_flux_y,moving_end,4200,6000,121.65909956343168,6645.028013507314,17497.865065927675,152365.28098513582,270
total_flux_y,moving_end,4200,6000,207.51851327172238,6869.516065322088,34337.51509585025,188746.33370787065,270
total_flux_y,moving_end,4200,6000,297.6708976654277,6224.117024411225,49637.54536605698,238881.16928554297,312
total_flux_y,moving_end,4200,6000,392.33090127881815,2903.265121424967,62464.57674049414,298305.7253817849,398
total_flux_y,moving_end,4200,6000,491.72390507287827,1185.563839674076,74279.56432642235,365624.6080706178,474
total_flux_y,moving_end,4200,6000,596.0865590566414,2432.98834115504,77779.1088211232,425828.62940113054,517
total_flux_y,moving_end,4200,6000,705.6673457395926,-11185.215087097022,71838.04776029362,475295.71196675027,612
total_flux_y,moving_end,4200,6000,820.7271717566915,11866.04743530409,44350.94093695303,565026.1650563392,388
total_flux_y,moving_end,4200,6000,941.5399890746453,27664.47115187542,45533.94277179365,683506.6149668139,359
total_flux_y,moving_end,4200,6000,1068.3934472584967,28517.62378591687,47199.53953917512,768355.6302525112,365
total_flux_y,moving_end,4200,6000,1201.5895783515407,57707.894532948674,74815.0498138027,813264.5307349368,258
total_flux_y,moving_end,4200,6000,1341.445515999237,147977.1372782098,152822.18088135216,842749.5341005792,69
total_flux_y,moving_end,4200,6000,1488.294250529318,278413.6469704096,278413.6469704096,871098.3235668498,0
total_flux_y,moving_end,4200,6000,1642.4854217859033,402925.1340055907,402925.1340055907,902022.8165017609,0
total_flux_y,moving_end,4200,6000,1804.3861516053175,487933.77161920303,487933.77161920303,920330.064897942,0
total_flux_y,moving_end,4200,6000,1974.3819179157026,531717.4585538544,531717.4585538544,943092.4352661611,0
total_flux_z,moving_end,4200,6000,39.88822936505957,-12387.852217531965,15429.270561892292,209118.14256098174,678
total_flux_z,moving_end,4200,6000,121.65909956343168,-1791.3869243139916,17997.378528439855,228757.69573871657,694
total_flux_z,moving_end,4200,6000,207.51851327172238,3482.8588596182053,40257.221772373,297706.1385496999,669
total_flux_z,moving_end,4200,6000,297.6708976654277,-3991.7165072918615,67752.67083552456,376078.59541122447,648
total_flux_z,moving_end,4200,6000,392.33090127881815,-15802.409661554288,87572.15358105527,463054.77450405114,665
total_flux_z,moving_end,4200,6000,491.72390507287827,-26606.679206341854,101212.02114615163,567273.4258829835,671
total_flux_z,moving_end,4200,6000,596.0865590566414,-23686.97790675393,96497.14699617458,653648.3842445974,631
total_flux_z,moving_end,4200,6000,705.6673457395926,10378.101813576777,88550.20681403115,725190.2734480408,494
total_flux_z,moving_end,4200,6000,820.7271717566915,30212.407961790814,58542.611724811955,817070.5485958667,340
total_flux_z,moving_end,4200,6000,941.5399890746453,28517.417246364304,67608.46966467233,945022.9323780802,317
total_flux_z,moving_end,4200,6000,1068.3934472584967,-871.3443333427786,113579.52388970472,1025820.5139948515,433
total_flux_z,moving_end,4200,6000,1201.5895783515407,-93690.03017307425,188608.97793007514,1070379.5611898017,642
total_flux_z,moving_end,4200,6000,1341.445515999237,-264875.7082657505,307537.4357925318,1067049.6891070302,768
total_flux_z,moving_end,4200,6000,1488.294250529318,-466139.75244627334,470995.9784410629,1156956.9724661075,912
total_flux_z,moving_end,4200,6000,1642.4854217859033,-628344.0198542185,628344.0198542185,1273572.09269355,1015
total_flux_z,moving_end,4200,6000,1804.3861516053175,-691917.8949871772,691917.8949871772,1358502.7359633096,1015
total_flux_z,moving_end,4200,6000,1974.3819179157026,-661854.4076808768,661854.4076808768,1402309.9697451051,1015
total_roundoff,moving_end,4200,6000,39.88822936505957,-6.610801256794739e-11,9.832497642111042e-10,1.5867174388309405e-08,533
total_roundoff,moving_end,4200,6000,121.65909956343168,1.0897760050322765e-11,1.0145654686860637e-09,1.5716595021168062e-08,498
total_roundoff,moving_end,4200,6000,207.51851327172238,1.229021055662153e-11,1.0406474845666173e-09,1.605608646691155e-08,513
total_roundoff,moving_end,4200,6000,297.6708976654277,3.1696363368444596e-11,1.1366322266327515e-09,1.7036353882283128e-08,502
total_roundoff,moving_end,4200,6000,392.33090127881815,-4.313122696826965e-11,1.2649127001617522e-09,1.8970216328225803e-08,529
total_roundoff,moving_end,4200,6000,491.72390507287827,-1.3117972424358732e-11,1.4345790613402937e-09,2.2080808208543763e-08,519
total_roundoff,moving_end,4200,6000,596.0865590566414,7.56301515554905e-11,1.636873363903505e-09,2.495936887752419e-08,485
total_roundoff,moving_end,4200,6000,705.6673457395926,1.3474485072436184e-10,1.8283984355134473e-09,2.735651680593339e-08,494
total_roundoff,moving_end,4200,6000,820.7271717566915,-2.9799242805587326e-10,2.138695455474837e-09,2.9713402770454418e-08,569
total_roundoff,moving_end,4200,6000,941.5399890746453,7.310114567606063e-11,2.128521938960548e-09,3.1258145916388135e-08,504
total_roundoff,moving_end,4200,6000,1068.3934472584967,5.898893180156625e-11,2.2277050540150532e-09,3.171938306240405e-08,489
total_roundoff,moving_end,4200,6000,1201.5895783515407,-2.8604409693742262e-11,2.1372762893799753e-09,3.011467798966368e-08,510
total_roundoff,moving_end,4200,6000,1341.445515999237,1.416415609475398e-11,2.229759454670994e-09,2.8538900366856636e-08,499
total_roundoff,moving_end,4200,6000,1488.294250529318,-1.0338733755015874e-10,2.1643610640292897e-09,2.8282632764503038e-08,520
total_roundoff,moving_end,4200,6000,1642.4854217859033,3.804531102186365e-11,2.244739329413162e-09,2.849250572467993e-08,525
total_roundoff,moving_end,4200,6000,1804.3861516053175,-8.056362685532423e-11,2.1394910348974906e-09,2.896576544700498e-08,527
total_roundoff,moving_end,4200,6000,1974.3819179157026,2.7349138883756746e-11,2.212273865380215e-09,2.9526213381912334e-08,515
total_other,moving_end,4200,6000,39.88822936505957,758.4416059300938,758.4416059300938,7930.990525848038,0
total_other,moving_end,4200,6000,121.65909956343168,2145.9263538563027,2145.9263538563027,9332.635780101637,0
total_other,moving_end,4200,6000,207.51851327172238,-305.70354450295065,539.8065584670544,5454.394345114491,593
total_other,moving_end,4200,6000,297.6708976654277,-419.71726302982603,532.6514638188651,5184.260754273859,785
total_other,moving_end,4200,6000,392.33090127881815,-539.2194096208191,580.4593154381062,4840.43897406347,861
total_other,moving_end,4200,6000,491.72390507287827,-704.2006502207798,704.5839400914122,4623.526914108634,1004
total_other,moving_end,4200,6000,596.0865590566414,-864.9949300111618,864.9949300111618,4475.257441867419,1015
total_other,moving_end,4200,6000,705.6673457395926,-891.56149628618,891.56149628618,3978.5645924669016,1015
total_other,moving_end,4200,6000,820.7271717566915,-690.540230815051,690.540230815051,3546.689855017528,1015
total_other,moving_end,4200,6000,941.5399890746453,-233.53971488961997,233.53971488961997,3490.814566055858,1015
total_other,moving_end,4200,6000,1068.3934472584967,461.1534451048083,461.1534451048083,3342.3638150585407,0
total_other,moving_end,4200,6000,1201.5895783515407,1204.821843229709,1204.821843229709,3503.2293229769466,0
total_other,moving_end,4200,6000,1341.445515999237,1693.544824109577,1693.544824109577,4115.976882324843,0
total_other,moving_end,4200,6000,1488.294250529318,1827.8376560938855,1827.8376560938855,4879.078316985694,0
total_other,moving_end,4200,6000,1642.4854217859033,1647.693002296044,1691.3169770338004,5388.249823214126,69
total_other,moving_end,4200,6000,1804.3861516053175,1234.0617204105492,1356.1566694107144,5657.067175983913,139
total_other,moving_end,4200,6000,1974.3819179157026,580.3003917119044,1098.0220382925413,5765.960017701302,349
les_injection,moving_end,4200,6000,39.88822936505957,306.34068005849895,350.18307446450336,2814.2705987664813,204
les_injection,moving_end,4200,6000,121.65909956343168,-4097.117962518934,6841.285561177689,47612.380450086275,594
les_injection,moving_end,4200,6000,207.51851327172238,2418.905049535763,11130.720711644231,68849.7569987504,293
les_injection,moving_end,4200,6000,297.6708976654277,10925.682991125685,17807.955028597324,77434.2376358376,270
les_injection,moving_end,4200,6000,392.33090127881815,24473.93539243383,24913.637685272988,85724.50624810596,98
les_injection,moving_end,4200,6000,491.72390507287827,33980.951905699054,33980.951905699054,81589.52045065878,0
les_injection,moving_end,4200,6000,596.0865590566414,32152.971254039534,32152.971254039534,75684.29818780054,0
les_injection,moving_end,4200,6000,705.6673457395926,21153.203466471554,21153.203466471554,57384.389870714636,0
les_injection,moving_end,4200,6000,820.7271717566915,-2444.87374936938,7700.061557909581,53968.86091425927,307
les_injection,moving_end,4200,6000,941.5399890746453,-8212.622082391346,10127.944446371035,38311.54788639433,685
les_injection,moving_end,4200,6000,1068.3934472584967,-6356.866395930943,9292.269432959862,24829.960887383684,682
les_injection,moving_end,4200,6000,1201.5895783515407,-3123.43472186055,8040.68337926067,21053.858193573495,780
les_injection,moving_end,4200,6000,1341.445515999237,5874.1720854553405,9757.38010011772,26497.236781668144,491
les_injection,moving_end,4200,6000,1488.294250529318,14266.198510468868,14651.395324610214,37424.14102548404,203
les_injection,moving_end,4200,6000,1642.4854217859033,11764.903892465463,13188.604890899369,45024.66038155048,157
les_injection,moving_end,4200,6000,1804.3861516053175,2914.5480521483705,5424.374797132754,48597.402889665966,307
les_injection,moving_end,4200,6000,1974.3819179157026,-3500.6246157851397,4134.816108960766,48193.70104923344,830
les_muscl,moving_end,4200,6000,39.88822936505957,-11547.813117659163,11547.813117659163,21205.129561236958,1015
les_muscl,moving_end,4200,6000,121.65909956343168,-11048.310201023482,11048.310201023482,51217.616236790054,1015
les_muscl,moving_end,4200,6000,207.51851327172238,-4882.176311362582,5243.228314700633,61895.60184679394,844
les_muscl,moving_end,4200,6000,297.6708976654277,-8843.164734009282,14457.403142900255,64377.76205149098,479
les_muscl,moving_end,4200,6000,392.33090127881815,-18341.490134686253,21367.011865694592,78293.0601398809,745
les_muscl,moving_end,4200,6000,491.72390507287827,-27288.814014753923,27773.236380243496,84851.85313097478,867
les_muscl,moving_end,4200,6000,596.0865590566414,-29364.898783678684,29837.549530452794,83486.08405862663,898
les_muscl,moving_end,4200,6000,705.6673457395926,-24347.438097014245,25121.732088798202,67803.87871131489,901
les_muscl,moving_end,4200,6000,820.7271717566915,-3082.7286574228483,14678.870167311874,62143.64171440262,719
les_muscl,moving_end,4200,6000,941.5399890746453,683.8537279210723,14722.627353325557,55492.11011654898,563
les_muscl,moving_end,4200,6000,1068.3934472584967,1590.886696381106,12801.016266880357,46853.99001257638,516
les_muscl,moving_end,4200,6000,1201.5895783515407,2144.5104321914732,7205.086473167083,40167.91627664587,555
les_muscl,moving_end,4200,6000,1341.445515999237,-3936.3645715696957,5444.448974952413,42875.02969609173,648
les_muscl,moving_end,4200,6000,1488.294250529318,-12726.392996274493,13138.838201623184,52671.455551229476,936
les_muscl,moving_end,4200,6000,1642.4854217859033,-11569.287363804935,12151.996691937444,61281.584997583894,820
les_muscl,moving_end,4200,6000,1804.3861516053175,-1333.9668636121096,4817.177788468591,65443.70405844005,555
les_muscl,moving_end,4200,6000,1974.3819179157026,6409.253187452307,7057.843787618588,63062.453972295814,156
les_flux_x,moving_end,4200,6000,39.88822936505957,-2124.5546947969724,2124.5546947969724,9389.086639381863,1015
les_flux_x,moving_end,4200,6000,121.65909956343168,-7158.263008803908,7161.379921622511,30033.310511254524,974
les_flux_x,moving_end,4200,6000,207.51851327172238,-5771.286122917173,5771.286122917173,31280.120896218243,1015
les_flux_x,moving_end,4200,6000,297.6708976654277,-7748.457139222213,7748.457139222213,27543.21752510113,1015
les_flux_x,moving_end,4200,6000,392.33090127881815,-9826.39244719917,9826.39244719917,35554.788470191466,1015
les_flux_x,moving_end,4200,6000,491.72390507287827,-10788.641751758973,10788.641751758973,40141.12825331259,1015
les_flux_x,moving_end,4200,6000,596.0865590566414,-9170.96819932825,9280.598207181745,38276.813551766856,942
les_flux_x,moving_end,4200,6000,705.6673457395926,-3153.733845299291,5106.12725434857,31019.67844584032,566
les_flux_x,moving_end,4200,6000,820.7271717566915,1053.609726666801,1641.7991268376502,24910.66279354148,179
les_flux_x,moving_end,4200,6000,941.5399890746453,-774.9966834924037,2670.1028336703685,27434.260634161055,720
les_flux_x,moving_end,4200,6000,1068.3934472584967,224.30889937204302,1641.1676516054872,25796.5448141317,383
les_flux_x,moving_end,4200,6000,1201.5895783515407,5379.622082478869,5414.28766838891,25894.52570642127,69
les_flux_x,moving_end,4200,6000,1341.445515999237,8522.757784552867,8919.102397812378,30495.72261832327,69
les_flux_x,moving_end,4200,6000,1488.294250529318,2997.2179974239134,6340.8952332392255,38947.79530496738,387
les_flux_x,moving_end,4200,6000,1642.4854217859033,-6904.720161588513,7309.968140357036,51814.46225585608,941
les_flux_x,moving_end,4200,6000,1804.3861516053175,-4276.131209741621,6176.717316115408,69367.44134446475,606
les_flux_x,moving_end,4200,6000,1974.3819179157026,12555.545004399286,12646.537001473469,77202.71558202972,139
les_flux_y,moving_end,4200,6000,39.88822936505957,-4080.6743013715304,4758.71107129636,14861.305765953115,745
les_flux_y,moving_end,4200,6000,121.65909956343168,-5612.8782728242995,10681.269597692022,41934.72391950042,745
les_flux_y,moving_end,4200,6000,207.51851327172238,-9571.010917979049,15963.942564310302,49400.7827088012,706
les_flux_y,moving_end,4200,6000,297.6708976654277,-12588.831490134497,17851.61454847183,53272.12542551821,566
les_flux_y,moving_end,4200,6000,392.33090127881815,-17787.863071229272,18602.352680585835,58307.164775546014,745
les_flux_y,moving_end,4200,6000,491.72390507287827,-16936.789220296032,16962.671217172825,57096.460511841564,954
les_flux_y,moving_end,4200,6000,596.0865590566414,-7905.957555331961,7905.957555331961,54133.020426208386,1015
les_flux_y,moving_end,4200,6000,705.6673457395926,-6910.580316524609,7004.677148967969,51738.381114202275,921
les_flux_y,moving_end,4200,6000,820.7271717566915,-1538.8097388396518,4597.195624527509,59674.502471893094,656
les_flux_y,moving_end,4200,6000,941.5399890746453,4323.944116231523,6506.12631497992,61135.69344216698,246
les_flux_y,moving_end,4200,6000,1068.3934472584967,3283.1322734124146,5799.8551354032315,49289.35140140493,243
les_flux_y,moving_end,4200,6000,1201.5895783515407,-4301.735921399123,7032.803138440078,45150.34167299724,606
les_flux_y,moving_end,4200,6000,1341.445515999237,-8728.29671790369,8803.393667381415,48016.22183729497,908
les_flux_y,moving_end,4200,6000,1488.294250529318,-4803.041182871238,6049.033700918124,48173.32247129841,666
les_flux_y,moving_end,4200,6000,1642.4854217859033,-3054.8324842932434,6574.0740417850175,48908.36090526263,630
les_flux_y,moving_end,4200,6000,1804.3861516053175,-6411.173214910805,6494.511431898972,47051.875620966624,908
les_flux_y,moving_end,4200,6000,1974.3819179157026,-6484.386405774156,6484.386405774156,34798.464996129456,1015
les_flux_z,moving_end,4200,6000,39.88822936505957,-5342.5841214906595,6655.3104384983635,21682.209793790797,861
les_flux_z,moving_end,4200,6000,121.65909956343168,1722.8310806047257,13147.841539157906,60243.71278262543,498
les_flux_z,moving_end,4200,6000,207.51851327172238,10460.12072953364,18243.971487555402,68040.47391639068,503
les_flux_z,moving_end,4200,6000,297.6708976654277,11494.12389534742,11494.12389534742,69370.40478298612,0
les_flux_z,moving_end,4200,6000,392.33090127881815,9272.765383742191,10443.678701694273,70811.26965013781,111
les_flux_z,moving_end,4200,6000,491.72390507287827,436.61695730106527,4342.228205650729,71577.19483632142,469
les_flux_z,moving_end,4200,6000,596.0865590566414,-12287.973029018467,14565.80557320526,75362.19993857035,733
les_flux_z,moving_end,4200,6000,705.6673457395926,-14283.123935190346,14937.409777744262,73485.95014737756,837
les_flux_z,moving_end,4200,6000,820.7271717566915,-2597.528645249991,11266.668985197393,81438.00157436715,696
les_flux_z,moving_end,4200,6000,941.5399890746453,-2865.093704818045,11648.016297299617,77266.80920162356,535
les_flux_z,moving_end,4200,6000,1068.3934472584967,-1916.554476403353,13228.23801946741,63173.232916352594,560
les_flux_z,moving_end,4200,6000,1201.5895783515407,1066.6242711117266,8382.311388403932,55130.692826828286,566
les_flux_z,moving_end,4200,6000,1341.445515999237,-3730.8256382188724,6679.441995627003,54087.896876407416,660
les_flux_z,moving_end,4200,6000,1488.294250529318,-10920.56981082717,10920.56981082717,56901.38968954722,1015
les_flux_z,moving_end,4200,6000,1642.4854217859033,-1609.7347179231786,3981.7967700359022,62134.19696904265,584
les_flux_z,moving_end,4200,6000,1804.3861516053175,9353.337561040318,9358.662557539561,69889.64559337233,29
les_flux_z,moving_end,4200,6000,1974.3819179157026,338.09458882717894,4276.497227924152,69021.27296447707,434
les_roundoff,moving_end,4200,6000,39.88822936505957,-4.65297100015036e-14,4.415755307535497e-11,2.7062325008600636e-10,506
les_roundoff,moving_end,4200,6000,121.65909956343168,-5.200187215791303e-13,1.0245491027884832e-10,9.752233821220086e-10,507
les_roundoff,moving_end,4200,6000,207.51851327172238,-7.255399728989182e-13,1.1567804295401594e-10,1.3290484801644625e-09,502
les_roundoff,moving_end,4200,6000,297.6708976654277,9.324364182736487e-12,1.1282079771302911e-10,1.5030129319564184e-09,491
les_roundoff,moving_end,4200,6000,392.33090127881815,-2.823412858439953e-12,1.1941486820392256e-10,1.6167742452861646e-09,503
les_roundoff,moving_end,4200,6000,491.72390507287827,9.955626203298899e-12,1.204637857264255e-10,1.613319793519611e-09,491
les_roundoff,moving_end,4200,6000,596.0865590566414,-3.705133757030561e-12,1.0333011718570161e-10,1.3139217139459782e-09,523
les_roundoff,moving_end,4200,6000,705.6673457395926,9.89288027847104e-13,8.350252039606486e-11,1.0263856036179615e-09,506
les_roundoff,moving_end,4200,6000,820.7271717566915,-8.151667791735487e-12,7.470533170739893e-11,8.181699731013677e-10,545
les_roundoff,moving_end,4200,6000,941.5399890746453,-1.0056191241639104e-12,5.958638453702879e-11,6.424978107983498e-10,518
les_roundoff,moving_end,4200,6000,1068.3934472584967,5.145081048052034e-13,4.62888426601215e-11,5.504969811627032e-10,501
les_roundoff,moving_end,4200,6000,1201.5895783515407,3.381680652914753e-14,3.8997160554465094e-11,5.239682707485907e-10,537
les_roundoff,moving_end,4200,6000,1341.445515999237,-9.58221641780942e-13,3.748198922625539e-11,5.31620667317647e-10,507
les_roundoff,moving_end,4200,6000,1488.294250529318,-1.1542889917305502e-12,4.23735238017164e-11,5.713408087156895e-10,524
les_roundoff,moving_end,4200,6000,1642.4854217859033,-5.235897462689441e-13,4.100097289468148e-11,6.116525362673725e-10,494
les_roundoff,moving_end,4200,6000,1804.3861516053175,-1.4570985786055297e-12,3.939134818013919e-11,6.008901174045282e-10,522
les_roundoff,moving_end,4200,6000,1974.3819179157026,-2.35240664758616e-13,3.5589814188818695e-11,5.994706809505223e-10,520
total_les,moving_symmetric,1200,4200,39.88822936505957,695.5196721178643,695.5196721178643,5127.854988894798,0
total_les,moving_symmetric,1200,4200,121.65909956343168,-7514.870542437752,8056.280835615027,52844.18791519037,949
total_les,moving_symmetric,1200,4200,207.51851327172238,-7508.553365543379,13702.795402067986,42777.97953943516,612
total_les,moving_symmetric,1200,4200,297.6708976654277,73.14674989712057,13950.021508708336,47124.650530030056,391
total_les,moving_symmetric,1200,4200,392.33090127881815,3096.976703646943,14544.141627478955,53427.43578160014,320
total_les,moving_symmetric,1200,4200,491.72390507287827,7855.962924616224,14699.967752242068,56579.97029502852,283
total_les,moving_symmetric,1200,4200,596.0865590566414,7657.04960790595,10208.464655009051,56700.714925415385,240
total_les,moving_symmetric,1200,4200,705.6673457395926,8993.951158549045,9000.107434061352,53192.118754461204,17
total_les,moving_symmetric,1200,4200,820.7271717566915,10757.845058967425,10923.239152650449,48527.56731443587,101
total_les,moving_symmetric,1200,4200,941.5399890746453,13493.516453576409,16359.953123723692,43314.14961697558,315
total_les,moving_symmetric,1200,4200,1068.3934472584967,13087.680530366579,14466.56754791935,33712.09465711543,222
total_les,moving_symmetric,1200,4200,1201.5895783515407,10406.792602499027,11037.506336550096,22664.99960699558,79
total_les,moving_symmetric,1200,4200,1341.445515999237,1925.973832433232,8854.734365075496,20970.402398195616,297
total_les,moving_symmetric,1200,4200,1488.294250529318,-6380.888356822708,10850.895344759232,26091.098098971506,612
total_les,moving_symmetric,1200,4200,1642.4854217859033,-10000.772094817432,12303.734913231725,33667.024912872585,814
total_les,moving_symmetric,1200,4200,1804.3861516053175,-9129.627789148475,9494.09283540378,37708.2266966156,930
total_les,moving_symmetric,1200,4200,1974.3819179157026,-8048.835736910216,8048.835736910216,38016.47437180462,1015
total_muscl,moving_symmetric,1200,4200,39.88822936505957,-9444.058407634515,9525.075746108767,98908.16231296427,983
total_muscl,moving_symmetric,1200,4200,121.65909956343168,-16547.191379037788,16547.191379037788,134853.29168179943,1015
total_muscl,moving_symmetric,1200,4200,207.51851327172238,-30043.16954331804,30043.16954331804,158624.67569118875,1015
total_muscl,moving_symmetric,1200,4200,297.6708976654277,-50324.00542982398,50324.00542982398,172495.61425479577,1015
total_muscl,moving_symmetric,1200,4200,392.33090127881815,-68701.66002743487,68701.66002743487,188890.79004131886,1015
total_muscl,moving_symmetric,1200,4200,491.72390507287827,-87170.50215441173,87170.50215441173,211211.8999937399,1015
total_muscl,moving_symmetric,1200,4200,596.0865590566414,-101898.58570734298,101898.58570734298,245800.59980691667,1015
total_muscl,moving_symmetric,1200,4200,705.6673457395926,-119591.71254298459,119591.71254298459,283263.69229038234,1015
total_muscl,moving_symmetric,1200,4200,820.7271717566915,-119836.92797251254,119836.92797251254,335286.50155847677,1015
total_muscl,moving_symmetric,1200,4200,941.5399890746453,-106978.77285371334,106978.77285371334,389630.21736992156,1015
total_muscl,moving_symmetric,1200,4200,1068.3934472584967,-83998.35833821926,83998.35833821926,438915.2989992127,1015
total_muscl,moving_symmetric,1200,4200,1201.5895783515407,-53544.033366592055,53544.033366592055,484825.7480540365,1015
total_muscl,moving_symmetric,1200,4200,1341.445515999237,-13874.654244203619,20546.985001452107,518228.0063619972,568
total_muscl,moving_symmetric,1200,4200,1488.294250529318,26040.231145470963,30800.2054470081,548841.0698221519,211
total_muscl,moving_symmetric,1200,4200,1642.4854217859033,60653.16327143464,60653.16327143464,577261.7313019659,0
total_muscl,moving_symmetric,1200,4200,1804.3861516053175,84819.8107399531,84819.8107399531,596436.5996783264,0
total_muscl,moving_symmetric,1200,4200,1974.3819179157026,102517.0349877271,102517.0349877271,605406.8951809183,0
total_flux_x,moving_symmetric,1200,4200,39.88822936505957,-22877.29718518678,25432.565850917308,221727.56652932637,715
total_flux_x,moving_symmetric,1200,4200,121.65909956343168,-10854.11638421311,24165.22654368652,242973.75159625165,555
total_flux_x,moving_symmetric,1200,4200,207.51851327172238,-5827.600209177672,25892.698451960187,263558.4809630413,510
total_flux_x,moving_symmetric,1200,4200,297.6708976654277,-8485.144850663512,26988.71942201809,269217.24913872377,586
total_flux_x,moving_symmetric,1200,4200,392.33090127881815,-14234.637113292878,27922.22433706143,280770.47916110797,663
total_flux_x,moving_symmetric,1200,4200,491.72390507287827,-21478.62807983293,30182.056314903126,302773.3298288473,759
total_flux_x,moving_symmetric,1200,4200,596.0865590566414,-24303.764001374162,29456.865429051224,343417.0576919726,784
total_flux_x,moving_symmetric,1200,4200,705.6673457395926,-3489.3723769487838,13490.34733721312,385524.802328467,566
total_flux_x,moving_symmetric,1200,4200,820.7271717566915,39975.041864937266,39975.501324083736,420577.35474422,1
total_flux_x,moving_symmetric,1200,4200,941.5399890746453,69274.92998877342,76373.32515153706,468561.26564060757,76
total_flux_x,moving_symmetric,1200,4200,1068.3934472584967,70418.12141144651,94714.23768302944,534539.4630686934,204
total_flux_x,moving_symmetric,1200,4200,1201.5895783515407,63157.83271659741,98221.720114548,642311.3277746054,254
total_flux_x,moving_symmetric,1200,4200,1341.445515999237,54728.1550385775,97332.45199902458,776919.3112610234,269
total_flux_x,moving_symmetric,1200,4200,1488.294250529318,44455.55634307745,90216.04114858598,918443.0172287243,360
total_flux_x,moving_symmetric,1200,4200,1642.4854217859033,37138.65196703233,70223.54748404934,1066557.2971044271,433
total_flux_x,moving_symmetric,1200,4200,1804.3861516053175,44388.41061327112,66027.79831151389,1215564.5637656755,259
total_flux_x,moving_symmetric,1200,4200,1974.3819179157026,59376.626975134364,86081.27504927215,1376704.5833527418,336
total_flux_y,moving_symmetric,1200,4200,39.88822936505957,-40503.78573937648,40503.78573937648,238842.0890610022,1015
total_flux_y,moving_symmetric,1200,4200,121.65909956343168,-39846.55303966731,39846.55303966731,242190.60673227574,1015
total_flux_y,moving_symmetric,1200,4200,207.51851327172238,-40084.028978812,40084.028978812,304758.79219029297,1015
total_flux_y,moving_symmetric,1200,4200,297.6708976654277,-41001.18055352352,41109.43619445297,370872.4875446534,979
total_flux_y,moving_symmetric,1200,4200,392.33090127881815,-40046.00448558034,42539.65136726595,454507.5779243683,863
total_flux_y,moving_symmetric,1200,4200,491.72390507287827,-44071.000319079656,46513.86285770274,563482.9939310893,887
total_flux_y,moving_symmetric,1200,4200,596.0865590566414,-50804.58133079583,51676.50230340236,690569.9654016596,962
total_flux_y,moving_symmetric,1200,4200,705.6673457395926,-42231.04520655288,46573.25531768956,788450.7293458446,902
total_flux_y,moving_symmetric,1200,4200,820.7271717566915,-28859.375999876065,41175.05495579078,912942.8200968555,744
total_flux_y,moving_symmetric,1200,4200,941.5399890746453,-56743.07128746824,67659.31154756973,1085398.6104607556,796
total_flux_y,moving_symmetric,1200,4200,1068.3934472584967,-121720.12211766926,121933.84755613783,1265730.4545531515,996
total_flux_y,moving_symmetric,1200,4200,1201.5895783515407,-218295.5567548277,218295.5567548277,1452179.9633799396,1015
total_flux_y,moving_symmetric,1200,4200,1341.445515999237,-339234.89260840305,339234.89260840305,1643871.5573796432,1015
total_flux_y,moving_symmetric,1200,4200,1488.294250529318,-465917.72206960875,465917.72206960875,1819652.0678470118,1015
total_flux_y,moving_symmetric,1200,4200,1642.4854217859033,-574112.3549191998,574112.3549191998,1967303.5946727416,1015
total_flux_y,moving_symmetric,1200,4200,1804.3861516053175,-648366.4991386919,648366.4991386919,2091310.9569023617,1015
total_flux_y,moving_symmetric,1200,4200,1974.3819179157026,-682941.0096919474,682941.0096919474,2180382.65633267,1015
total_flux_z,moving_symmetric,1200,4200,39.88822936505957,53937.02451692872,53937.02451692872,301987.2145433661,0
total_flux_z,moving_symmetric,1200,4200,121.65909956343168,34153.478044842595,34257.2880360288,349801.46664780565,22
total_flux_z,moving_symmetric,1200,4200,207.51851327172238,15868.459644671639,21197.827543386127,436345.9027263716,289
total_flux_z,moving_symmetric,1200,4200,297.6708976654277,-837.6800256369447,16607.622901081006,537007.4292488123,536
total_flux_z,moving_symmetric,1200,4200,392.33090127881815,-14421.018428561703,23226.87700769058,654891.0000742107,712
total_flux_z,moving_symmetric,1200,4200,491.72390507287827,-21620.873755499164,32152.87551729101,799593.2508775911,764
total_flux_z,moving_symmetric,1200,4200,596.0865590566414,-26790.24037517293,40150.50385787249,974462.0586146299,750
total_flux_z,moving_symmetric,1200,4200,705.6673457395926,-73871.29495948294,75240.10088005936,1097957.3379724165,952
total_flux_z,moving_symmetric,1200,4200,820.7271717566915,-130952.59383757382,130952.59383757382,1244474.3855957093,1015
total_flux_z,moving_symmetric,1200,4200,941.5399890746453,-119510.63155501851,124508.56332627885,1422709.9873878695,895
total_flux_z,moving_symmetric,1200,4200,1068.3934472584967,-32696.357631996507,113432.59226958026,1578294.9671186656,575
total_flux_z,moving_symmetric,1200,4200,1201.5895783515407,101593.69067163821,164001.94691664499,1721516.578182038,290
total_flux_z,moving_symmetric,1200,4200,1341.445515999237,270632.0833256219,273409.4698554843,1849199.0823285999,68
total_flux_z,moving_symmetric,1200,4200,1488.294250529318,447502.3968720023,447502.3968720023,1962983.2403904435,0
total_flux_z,moving_symmetric,1200,4200,1642.4854217859033,597626.8662236021,597626.8662236021,2075449.1277423776,0
total_flux_z,moving_symmetric,1200,4200,1804.3861516053175,688797.8992653739,688797.8992653739,2194909.8200257383,0
total_flux_z,moving_symmetric,1200,4200,1974.3819179157026,726081.4177045401,726081.4177045401,2300826.762518702,0
total_roundoff,moving_symmetric,1200,4200,39.88822936505957,5.437456896483062e-12,6.725916679532887e-10,1.499081434916116e-08,508
total_roundoff,moving_symmetric,1200,4200,121.65909956343168,3.5918191232148407e-11,6.639238170466546e-10,1.4815107319643243e-08,502
total_roundoff,moving_symmetric,1200,4200,207.51851327172238,-1.3644098903320657e-11,6.879234537883438e-10,1.4705791157328729e-08,526
total_roundoff,moving_symmetric,1200,4200,297.6708976654277,-3.547772427399382e-12,7.361728759957328e-10,1.5044727731683156e-08,521
total_roundoff,moving_symmetric,1200,4200,392.33090127881815,5.133051678206465e-11,7.882934000789108e-10,1.566921378516877e-08,472
total_roundoff,moving_symmetric,1200,4200,491.72390507287827,1.5393192600297077e-11,9.089516457417408e-10,1.6552951288206438e-08,507
total_roundoff,moving_symmetric,1200,4200,596.0865590566414,-6.29117897303611e-11,1.0088276004163537e-09,1.771822698274679e-08,531
total_roundoff,moving_symmetric,1200,4200,705.6673457395926,5.1553731986522864e-12,1.0701069059191638e-09,1.9011886765010798e-08,511
total_roundoff,moving_symmetric,1200,4200,820.7271717566915,7.678707269234388e-11,1.2577490252706322e-09,2.0330613863254923e-08,505
total_roundoff,moving_symmetric,1200,4200,941.5399890746453,3.3492445064088857e-13,1.2571798709684937e-09,2.142485592980032e-08,493
total_roundoff,moving_symmetric,1200,4200,1068.3934472584967,-1.2416516128661152e-11,1.3524658299113844e-09,2.2675873737975602e-08,512
total_roundoff,moving_symmetric,1200,4200,1201.5895783515407,2.3340027865228772e-11,1.3423681431534894e-09,2.3294824320380175e-08,511
total_roundoff,moving_symmetric,1200,4200,1341.445515999237,1.2920529616100988e-11,1.3620871718730506e-09,2.403825860948825e-08,532
total_roundoff,moving_symmetric,1200,4200,1488.294250529318,2.1995531769249846e-11,1.5124472838583703e-09,2.525037915954807e-08,509
total_roundoff,moving_symmetric,1200,4200,1642.4854217859033,-2.0135820958609132e-11,1.5761187239066415e-09,2.583730704082418e-08,497
total_roundoff,moving_symmetric,1200,4200,1804.3861516053175,1.442161311432464e-11,1.4805238323967228e-09,2.5814595091468054e-08,517
total_roundoff,moving_symmetric,1200,4200,1974.3819179157026,-8.393058383709957e-12,1.3986645012748627e-09,2.5457279310297544e-08,513
total_other,moving_symmetric,1200,4200,39.88822936505957,5788.679848168324,5788.679848168324,10858.732783694815,0
total_other,moving_symmetric,1200,4200,121.65909956343168,5717.158294548251,5717.158294548251,9980.251223528454,0
total_other,moving_symmetric,1200,4200,207.51851327172238,6061.51791616555,6061.51791616555,10281.573729941403,0
total_other,moving_symmetric,1200,4200,297.6708976654277,6391.341927082262,6391.341927082262,10064.192808680527,0
total_other,moving_symmetric,1200,4200,392.33090127881815,6699.751271791318,6699.751271791318,9838.49079985943,0
total_other,moving_symmetric,1200,4200,491.72390507287827,6972.123149849038,6972.123149849038,9700.310391752218,0
total_other,moving_symmetric,1200,4200,596.0865590566414,7103.104713145278,7103.104713145278,9607.667917154504,0
total_other,moving_symmetric,1200,4200,705.6673457395926,6884.098999622003,6884.098999622003,9261.09441551727,0
total_other,moving_symmetric,1200,4200,820.7271717566915,6301.81128713432,6301.81128713432,8676.016815672534,0
total_other,moving_symmetric,1200,4200,941.5399890746453,5549.319146067019,5549.319146067019,7884.200284623679,0
total_other,moving_symmetric,1200,4200,1068.3934472584967,4791.524989294677,4791.524989294677,6964.026226619574,0
total_other,moving_symmetric,1200,4200,1201.5895783515407,4053.4597053315874,4053.4597053315874,6050.766212588154,0
total_other,moving_symmetric,1200,4200,1341.445515999237,3322.6937217443055,3322.6937217443055,5448.297102911779,0
total_other,moving_symmetric,1200,4200,1488.294250529318,2574.3839468668043,2574.3839468668043,5480.583209182959,0
total_other,moving_symmetric,1200,4200,1642.4854217859033,1778.9055951216749,1778.9055951216749,5950.661070352203,0
total_other,moving_symmetric,1200,4200,1804.3861516053175,968.6132967233655,971.1240830370048,6538.11880338889,27
total_other,moving_symmetric,1200,4200,1974.3819179157026,210.003064210959,816.4902326978196,7007.269727958756,482
les_injection,moving_symmetric,1200,4200,39.88822936505957,695.519672117864,695.519672117864,5127.854988894797,0
les_injection,moving_symmetric,1200,4200,121.65909956343168,-7514.870542437752,8056.280835615027,52844.18791519037,949
les_injection,moving_symmetric,1200,4200,207.51851327172238,-7508.553365543379,13702.795402067986,42777.97953943516,612
les_injection,moving_symmetric,1200,4200,297.6708976654277,73.14674989712239,13950.021508708336,47124.650530030056,391
les_injection,moving_symmetric,1200,4200,392.33090127881815,3096.976703646941,14544.141627478952,53427.43578160015,320
les_injection,moving_symmetric,1200,4200,491.72390507287827,7855.962924616224,14699.967752242064,56579.970295028514,283
les_injection,moving_symmetric,1200,4200,596.0865590566414,7657.04960790595,10208.464655009051,56700.714925415385,240
les_injection,moving_symmetric,1200,4200,705.6673457395926,8993.951158549044,9000.107434061352,53192.11875446122,17
les_injection,moving_symmetric,1200,4200,820.7271717566915,10757.845058967425,10923.239152650449,48527.56731443587,101
les_injection,moving_symmetric,1200,4200,941.5399890746453,13493.51645357641,16359.953123723692,43314.14961697557,315
les_injection,moving_symmetric,1200,4200,1068.3934472584967,13087.680530366579,14466.56754791935,33712.09465711543,222
les_injection,moving_symmetric,1200,4200,1201.5895783515407,10406.792602499027,11037.506336550094,22664.999606995578,79
les_injection,moving_symmetric,1200,4200,1341.445515999237,1925.973832433232,8854.734365075496,20970.402398195616,297
les_injection,moving_symmetric,1200,4200,1488.294250529318,-6380.888356822708,10850.895344759232,26091.098098971506,612
les_injection,moving_symmetric,1200,4200,1642.4854217859033,-10000.772094817432,12303.734913231725,33667.024912872585,814
les_injection,moving_symmetric,1200,4200,1804.3861516053175,-9129.627789148475,9494.09283540378,37708.2266966156,930
les_injection,moving_symmetric,1200,4200,1974.3819179157026,-8048.835736910216,8048.835736910216,38016.47437180462,1015
les_muscl,moving_symmetric,1200,4200,39.88822936505957,-1850.44134117944,4068.5938312461335,16810.821780814556,699
les_muscl,moving_symmetric,1200,4200,121.65909956343168,7333.536827273261,8260.64771608159,57487.06413940259,208
les_muscl,moving_symmetric,1200,4200,207.51851327172238,10009.46924644257,13385.269913366184,48897.71986216467,258
les_muscl,moving_symmetric,1200,4200,297.6708976654277,5717.1826083279775,11372.524179858938,47991.69495512677,441
les_muscl,moving_symmetric,1200,4200,392.33090127881815,2474.7443348740526,12330.753603149078,56631.635306282435,508
les_muscl,moving_symmetric,1200,4200,491.72390507287827,-243.52984939733415,11516.84271921795,59727.07245813733,536
les_muscl,moving_symmetric,1200,4200,596.0865590566414,-211.73212718779791,5876.154341033693,59901.69678672403,482
les_muscl,moving_symmetric,1200,4200,705.6673457395926,-6145.931877292518,8733.581093371615,61800.257164258,697
les_muscl,moving_symmetric,1200,4200,820.7271717566915,-10899.427572046452,12630.303081879563,66929.48432950833,764
les_muscl,moving_symmetric,1200,4200,941.5399890746453,-14089.248426678456,14607.945310337987,72241.7147417914,825
les_muscl,moving_symmetric,1200,4200,1068.3934472584967,-11457.936183102489,12373.421246923603,69358.11017256623,728
les_muscl,moving_symmetric,1200,4200,1201.5895783515407,-8990.591902331096,10577.614793898103,67022.91437871478,791
les_muscl,moving_symmetric,1200,4200,1341.445515999237,-3508.080595372261,9411.454961368929,66487.58307461994,655
les_muscl,moving_symmetric,1200,4200,1488.294250529318,1892.4039090654542,12574.800803199401,64888.6683798954,488
les_muscl,moving_symmetric,1200,4200,1642.4854217859033,4014.5246269984577,14838.124185621364,66159.35784432874,382
les_muscl,moving_symmetric,1200,4200,1804.3861516053175,3126.1696776137605,10288.389355375253,69610.84230021661,315
les_muscl,moving_symmetric,1200,4200,1974.3819179157026,3513.7783348745666,4737.513621052546,67492.31626609979,203
les_flux_x,moving_symmetric,1200,4200,39.88822936505957,1104.101701739288,1104.101701739288,7180.792981742856,0
les_flux_x,moving_symmetric,1200,4200,121.65909956343168,1629.4116582541394,1897.0548588773645,23140.139954090788,270
les_flux_x,moving_symmetric,1200,4200,207.51851327172238,-2624.348006925895,3457.8629279528823,23508.615595706928,666
les_flux_x,moving_symmetric,1200,4200,297.6708976654277,-2450.2887551607096,4703.719957440743,23364.785979980967,610
les_flux_x,moving_symmetric,1200,4200,392.33090127881815,307.468121298401,6170.580510601721,27808.779024695148,384
les_flux_x,moving_symmetric,1200,4200,491.72390507287827,2246.8325412857957,6732.580925869712,29637.903313858857,323
les_flux_x,moving_symmetric,1200,4200,596.0865590566414,1521.7775733480273,5057.451031341981,28967.607779645434,308
les_flux_x,moving_symmetric,1200,4200,705.6673457395926,-1608.042787845874,2736.399864466163,25896.478552075685,600
les_flux_x,moving_symmetric,1200,4200,820.7271717566915,-1922.3757327741457,2625.718948222211,24445.99021382811,463
les_flux_x,moving_symmetric,1200,4200,941.5399890746453,353.7211254783873,2789.5518503597395,24333.26915917721,471
les_flux_x,moving_symmetric,1200,4200,1068.3934472584967,-317.06263405706,1452.6701408063982,25957.731163257948,497
les_flux_x,moving_symmetric,1200,4200,1201.5895783515407,-4455.6103032390365,4523.1390837470935,29542.74860360314,946
les_flux_x,moving_symmetric,1200,4200,1341.445515999237,-7721.0725050175815,8258.644531037222,36473.53556619273,811
les_flux_x,moving_symmetric,1200,4200,1488.294250529318,-6647.571807521965,7439.093521773293,48069.57034184804,773
les_flux_x,moving_symmetric,1200,4200,1642.4854217859033,-2119.937726505639,3530.6815411409066,63344.23521929751,611
les_flux_x,moving_symmetric,1200,4200,1804.3861516053175,-1208.4213233396495,3180.7878560707577,75969.59357104597,717
les_flux_x,moving_symmetric,1200,4200,1974.3819179157026,-5252.262252103041,5639.615559825354,77294.90893225092,835
les_flux_y,moving_symmetric,1200,4200,39.88822936505957,765.3559579497326,858.2703147507048,15430.710584339704,260
les_flux_y,moving_symmetric,1200,4200,121.65909956343168,-1855.4474618606375,2135.382192845073,34059.205886770025,720
les_flux_y,moving_symmetric,1200,4200,207.51851327172238,2009.613063680893,2065.687125685645,39742.14146797423,61
les_flux_y,moving_symmetric,1200,4200,297.6708976654277,180.240283205869,2391.533630396037,39417.80858393776,492
les_flux_y,moving_symmetric,1200,4200,392.33090127881815,1928.6425515665424,3081.4761766407373,47237.27322843736,363
les_flux_y,moving_symmetric,1200,4200,491.72390507287827,2140.1794158470248,2260.952312707189,53885.616700362894,91
les_flux_y,moving_symmetric,1200,4200,596.0865590566414,-3292.6514632282633,3388.4835322835916,66428.79257983335,941
les_flux_y,moving_symmetric,1200,4200,705.6673457395926,-5436.393746319613,5819.364199851869,70677.87532556137,796
les_flux_y,moving_symmetric,1200,4200,820.7271717566915,-8837.451280759851,8837.451280759851,85915.60459180067,1015
les_flux_y,moving_symmetric,1200,4200,941.5399890746453,-10212.618472722688,10426.429391378035,88887.46976247098,946
les_flux_y,moving_symmetric,1200,4200,1068.3934472584967,-10593.951955056884,10854.770908756414,85294.58025197445,901
les_flux_y,moving_symmetric,1200,4200,1201.5895783515407,-6177.48945408331,6750.660172713528,94577.56402086004,805
les_flux_y,moving_symmetric,1200,4200,1341.445515999237,1584.969319387586,3838.541776213337,104975.97859999565,388
les_flux_y,moving_symmetric,1200,4200,1488.294250529318,7056.862198282267,7286.51969633044,109030.31923534218,128
les_flux_y,moving_symmetric,1200,4200,1642.4854217859033,10301.449991022655,10317.382252503305,108527.36379474058,43
les_flux_y,moving_symmetric,1200,4200,1804.3861516053175,12766.814285842567,12766.911154097414,102596.92640955487,2
les_flux_y,moving_symmetric,1200,4200,1974.3819179157026,11947.956552180272,11947.956552180272,90252.78946246464,0
les_flux_z,moving_symmetric,1200,4200,39.88822936505957,-3719.8990008684614,5001.177167450351,13867.247212986731,783
les_flux_z,moving_symmetric,1200,4200,121.65909956343168,7559.57263087976,7607.930422371848,52875.37249977526,46
les_flux_z,moving_symmetric,1200,4200,207.51851327172238,10624.204189687578,12382.347263401876,69202.26185107604,176
les_flux_z,moving_symmetric,1200,4200,297.6708976654277,7987.23108028282,8103.87384870129,70258.74121692133,86
les_flux_z,moving_symmetric,1200,4200,392.33090127881815,238.6336620091106,6900.934352153266,78032.02675074706,571
les_flux_z,moving_symmetric,1200,4200,491.72390507287827,-4630.541806530155,7460.710502068861,83040.672432853,745
les_flux_z,moving_symmetric,1200,4200,596.0865590566414,1559.1417626924353,1755.03583567371,95812.93287460634,150
les_flux_z,moving_symmetric,1200,4200,705.6673457395926,898.5046568729676,10594.215291350654,111888.46857841837,460
les_flux_z,moving_symmetric,1200,4200,820.7271717566915,-139.6005585124567,15980.323446051778,131215.9764326294,524
les_flux_z,moving_symmetric,1200,4200,941.5399890746453,-4230.351079434156,10870.14343287746,141084.75134856414,552
les_flux_z,moving_symmetric,1200,4200,1068.3934472584967,-546.9215939885466,6706.918859668826,139256.0740972124,429
les_flux_z,moving_symmetric,1200,4200,1201.5895783515407,1642.50785499125,4755.081210951837,140483.22376344513,437
les_flux_z,moving_symmetric,1200,4200,1341.445515999237,2628.0225902577326,4224.5505848617195,139177.22272743084,300
les_flux_z,moving_symmetric,1200,4200,1488.294250529318,1483.1135183051504,6118.99257961595,129686.33716392162,398
les_flux_z,moving_symmetric,1200,4200,1642.4854217859033,-4166.987637518559,9958.74897921404,120147.24173217753,599
les_flux_z,moving_symmetric,1200,4200,1804.3861516053175,-8432.223284889158,10110.469651309784,107272.33784510053,651
les_flux_z,moving_symmetric,1200,4200,1974.3819179157026,-3181.915965202664,5244.226112397654,89117.39023866411,500
les_roundoff,moving_symmetric,1200,4200,39.88822936505957,7.438652292881478e-14,1.8322350206450963e-11,2.6183592141782854e-10,505
les_roundoff,moving_symmetric,1200,4200,121.65909956343168,-4.731147697567787e-13,3.9343326247065986e-11,6.663827560364328e-10,515
les_roundoff,moving_symmetric,1200,4200,207.51851327172238,-3.5222610835686983e-12,4.2943959718470856e-11,6.784833803754127e-10,549
les_roundoff,moving_symmetric,1200,4200,297.6708976654277,1.7983297225324596e-14,4.431668294839286e-11,7.938623704919454e-10,541
les_roundoff,moving_symmetric,1200,4200,392.33090127881815,-8.495921291327927e-13,5.364422813322237e-11,9.38153998120238e-10,526
les_roundoff,moving_symmetric,1200,4200,491.72390507287827,-3.772114565270647e-14,5.981989840892623e-11,1.0374164511937259e-09,528
les_roundoff,moving_symmetric,1200,4200,596.0865590566414,2.374244834467979e-12,5.678968096968107e-11,9.830217918973332e-10,498
les_roundoff,moving_symmetric,1200,4200,705.6673457395926,2.664557969643947e-12,5.1665958508085346e-11,8.664293447229741e-10,493
les_roundoff,moving_symmetric,1200,4200,820.7271717566915,2.0662634471877908e-12,4.8957030855869934e-11,7.75731186763852e-10,504
les_roundoff,moving_symmetric,1200,4200,941.5399890746453,1.7277112165292444e-13,4.830341159407508e-11,7.401948637746851e-10,488
les_roundoff,moving_symmetric,1200,4200,1068.3934472584967,-1.0857551241256414e-12,4.628654405507433e-11,7.529742034356913e-10,510
les_roundoff,moving_symmetric,1200,4200,1201.5895783515407,-1.455377935687456e-13,4.0496654593564086e-11,7.304533357316501e-10,522
les_roundoff,moving_symmetric,1200,4200,1341.445515999237,1.9860373006822378e-12,4.113178636257309e-11,7.204015786574558e-10,505
les_roundoff,moving_symmetric,1200,4200,1488.294250529318,9.204551454858633e-13,4.293942719762789e-11,7.061493355012918e-10,490
les_roundoff,moving_symmetric,1200,4200,1642.4854217859033,8.886494344354949e-14,3.8286095676070385e-11,6.640063611516513e-10,513
les_roundoff,moving_symmetric,1200,4200,1804.3861516053175,1.4473981619548704e-12,3.6592082259109596e-11,6.3105105427117e-10,496
les_roundoff,moving_symmetric,1200,4200,1974.3819179157026,1.174571566725777e-12,3.0706212631833174e-11,5.787125370300586e-10,495
total_les,moving_symmetric,4200,6000,39.88822936505957,266.8931953338329,327.91683925817705,2901.302146500642,270
total_les,moving_symmetric,4200,6000,121.65909956343168,-6278.403164603417,8450.235271041116,48958.15371319756,675
total_les,moving_symmetric,4200,6000,207.51851327172238,-1735.3962101612133,10756.108518425279,72484.58499052956,524
total_les,moving_symmetric,4200,6000,297.6708976654277,5292.181886722248,16802.08680212885,80940.68793240414,524
total_les,moving_symmetric,4200,6000,392.33090127881815,19352.861596363247,19904.25689623244,87884.03404715288,162
total_les,moving_symmetric,4200,6000,491.72390507287827,31834.706510300282,31834.706510300282,82500.65668462172,0
total_les,moving_symmetric,4200,6000,596.0865590566414,31309.324111196205,31309.324111196205,77052.34688688276,0
total_les,moving_symmetric,4200,6000,705.6673457395926,19484.888270728112,19484.888270728112,58860.85195102454,0
total_les,moving_symmetric,4200,6000,820.7271717566915,-4324.524400093473,7015.374268830597,54680.51497414497,414
total_les,moving_symmetric,4200,6000,941.5399890746453,-8532.487143417866,10349.33112138389,38007.60848788994,698
total_les,moving_symmetric,4200,6000,1068.3934472584967,-5380.3360384044445,8168.44610618293,24639.878566623614,683
total_les,moving_symmetric,4200,6000,1201.5895783515407,-1952.3603396786077,7568.20004851036,21651.371467544297,767
total_les,moving_symmetric,4200,6000,1341.445515999237,6880.94236331428,10523.83578311321,27436.82729613144,491
total_les,moving_symmetric,4200,6000,1488.294250529318,14557.633414797296,14949.829769437636,39107.33821037489,193
total_les,moving_symmetric,4200,6000,1642.4854217859033,11332.119154069536,12672.671015837546,46351.89837065416,154
total_les,moving_symmetric,4200,6000,1804.3861516053175,2500.994907093105,4903.824652565912,49372.61747588524,373
total_les,moving_symmetric,4200,6000,1974.3819179157026,-3142.6477555987713,4521.768432154729,48324.622328739766,794
total_muscl,moving_symmetric,4200,6000,39.88822936505957,3275.420287078944,3275.420287078944,32523.62680540988,0
total_muscl,moving_symmetric,4200,6000,121.65909956343168,15219.104571009042,15270.231170405172,81304.0026284337,36
total_muscl,moving_symmetric,4200,6000,207.51851327172238,18233.01501812077,19035.87673581719,116518.65379397599,118
total_muscl,moving_symmetric,4200,6000,297.6708976654277,15674.651004703777,23932.99663175468,129695.28684042286,316
total_muscl,moving_symmetric,4200,6000,392.33090127881815,8288.351823961786,21901.841218828216,141524.39565803425,431
total_muscl,moving_symmetric,4200,6000,491.72390507287827,2618.6560036558385,14461.369111913296,151558.32632188563,564
total_muscl,moving_symmetric,4200,6000,596.0865590566414,8178.30070877095,12583.948255028048,163452.75292765786,384
total_muscl,moving_symmetric,4200,6000,705.6673457395926,25384.550566032045,25384.550566032045,191571.1247052146,0
total_muscl,moving_symmetric,4200,6000,820.7271717566915,50695.45704202261,50695.45704202261,223535.15403978934,0
total_muscl,moving_symmetric,4200,6000,941.5399890746453,62186.72133783997,62186.72133783997,229617.68410621962,0
total_muscl,moving_symmetric,4200,6000,1068.3934472584967,71030.8665580334,71030.8665580334,232631.76392326597,0
total_muscl,moving_symmetric,4200,6000,1201.5895783515407,66777.6747010939,66777.6747010939,234529.9530424007,0
total_muscl,moving_symmetric,4200,6000,1341.445515999237,46877.9391075531,46877.9391075531,239931.3314339723,0
total_muscl,moving_symmetric,4200,6000,1488.294250529318,17668.973977403573,26829.630461409746,260302.4159390571,358
total_muscl,moving_symmetric,4200,6000,1642.4854217859033,-8042.5308398347,21123.759169402,277575.5718678785,607
total_muscl,moving_symmetric,4200,6000,1804.3861516053175,-21978.819780661306,22673.346847385998,298685.15984076465,943
total_muscl,moving_symmetric,4200,6000,1974.3819179157026,-28208.44647395393,28429.461971632853,304766.20660512365,988
total_flux_x,moving_symmetric,4200,6000,39.88822936505957,13598.380127009139,14609.063023391345,150690.64757122676,292
total_flux_x,moving_symmetric,4200,6000,121.65909956343168,783.7149119768246,8771.052995640566,147047.21059140915,589
total_flux_x,moving_symmetric,4200,6000,207.51851327172238,-6178.762799519732,9923.668200533935,158595.1410749343,776
total_flux_x,moving_symmetric,4200,6000,297.6708976654277,-5073.0163286877905,9109.373873193677,181296.4707105038,744
total_flux_x,moving_symmetric,4200,6000,392.33090127881815,-301.5124611939664,10021.033198608511,216803.8995963302,297
total_flux_x,moving_symmetric,4200,6000,491.72390507287827,6047.424582999715,17705.528647345465,262162.91089448764,244
total_flux_x,moving_symmetric,4200,6000,596.0865590566414,6531.69217876163,23543.57063745315,316128.78163488104,329
total_flux_x,moving_symmetric,4200,6000,705.6673457395926,1574.9196793009378,34303.0190599303,387337.339464186,435
total_flux_x,moving_symmetric,4200,6000,820.7271717566915,-9888.936738745291,37864.494059387594,470517.38001587545,515
total_flux_x,moving_symmetric,4200,6000,941.5399890746453,-625.3881066415088,57926.853294243905,559825.2429047952,651
total_flux_x,moving_symmetric,4200,6000,1068.3934472584967,47819.24109493056,92923.59803415272,630408.4832883885,623
total_flux_x,moving_symmetric,4200,6000,1201.5895783515407,121004.96694664881,168155.43117340613,729194.6927020865,425
total_flux_x,moving_symmetric,4200,6000,1341.445515999237,201212.4932449476,246083.49338882283,841979.3114582371,288
total_flux_x,moving_symmetric,4200,6000,1488.294250529318,256559.4602284853,299559.30650841247,1005129.7436572881,208
total_flux_x,moving_symmetric,4200,6000,1642.4854217859033,272624.37706616084,316819.17551190156,1136594.5535348873,154
total_flux_x,moving_symmetric,4200,6000,1804.3861516053175,228580.98270576785,267174.8628419863,1225407.3468945504,154
total_flux_x,moving_symmetric,4200,6000,1974.3819179157026,125004.53225429411,190402.4557656403,1248487.3714589025,303
total_flux_y,moving_symmetric,4200,6000,39.88822936505957,4490.783651169979,5048.75602788488,131656.1556107055,184
total_flux_y,moving_symmetric,4200,6000,121.65909956343168,3021.653151461086,15560.197912093507,152060.11971265046,524
total_flux_y,moving_symmetric,4200,6000,207.51851327172238,-6781.458146030254,33533.268485418885,188113.8207525946,524
total_flux_y,moving_symmetric,4200,6000,297.6708976654277,-18948.099206797324,52515.757950809064,239146.4241132398,524
total_flux_y,moving_symmetric,4200,6000,392.33090127881815,-35031.9531296309,70668.35301886562,300723.3217667802,589
total_flux_y,moving_symmetric,4200,6000,491.72390507287827,-48372.1050779068,84913.165447892,368278.99986183713,632
total_flux_y,moving_symmetric,4200,6000,596.0865590566414,-51530.9529479141,86232.47619342378,431377.0800380055,674
total_flux_y,moving_symmetric,4200,6000,705.6673457395926,-65701.31989266214,86822.00314691992,490641.15665234334,754
total_flux_y,moving_symmetric,4200,6000,820.7271717566915,-36787.21549384878,45110.27823377028,583317.0879160699,754
total_flux_y,moving_symmetric,4200,6000,941.5399890746453,-15924.215921950266,41263.87302664607,700985.8413291312,669
total_flux_y,moving_symmetric,4200,6000,1068.3934472584967,-12848.413946193628,38170.10476535224,782965.6597261673,653
total_flux_y,moving_symmetric,4200,6000,1201.5895783515407,21800.001812862265,50006.604908639885,825209.0867571565,416
total_flux_y,moving_symmetric,4200,6000,1341.445515999237,110815.85628851215,119969.62400168026,856110.8359241846,98
total_flux_y,moving_symmetric,4200,6000,1488.294250529318,237223.2011763464,237223.2011763464,887184.0802285885,0
total_flux_y,moving_symmetric,4200,6000,1642.4854217859033,362006.32518624037,362006.32518624037,923564.9260984398,0
total_flux_y,moving_symmetric,4200,6000,1804.3861516053175,457517.33198171516,457517.33198171516,952270.8464901533,0
total_flux_y,moving_symmetric,4200,6000,1974.3819179157026,515563.77081714506,515563.77081714506,977980.1319012013,0
total_flux_z,moving_symmetric,4200,6000,39.88822936505957,-14813.743491100102,16349.274337996723,203686.60230147053,748
total_flux_z,moving_symmetric,4200,6000,121.65909956343168,11413.736507571142,19132.767847745134,225580.26483363504,522
total_flux_z,moving_symmetric,4200,6000,207.51851327172238,31193.23596367074,45098.76981037465,298647.9723549672,427
total_flux_z,moving_symmetric,4200,6000,297.6708976654277,39695.76654018885,75421.82826309616,380251.7913653068,441
total_flux_z,moving_symmetric,4200,6000,392.33090127881815,43621.817414786725,96271.95427940202,469391.35043567437,434
total_flux_z,moving_symmetric,4200,6000,491.72390507287827,44943.33649856291,105261.55708692166,570474.6928693854,440
total_flux_z,moving_symmetric,4200,6000,596.0865590566414,53177.56147792335,102133.5141457603,655343.4924984344,409
total_flux_z,moving_symmetric,4200,6000,705.6673457395926,89510.95077939314,112332.07230600624,726273.6641932207,284
total_flux_z,moving_symmetric,4200,6000,820.7271717566915,97371.60927461689,99332.56437311828,814622.428954156,66
total_flux_z,moving_symmetric,4200,6000,941.5399890746453,78736.32536643173,107372.99487966817,940209.8436963491,169
total_flux_z,moving_symmetric,4200,6000,1068.3934472584967,36060.03940929644,131908.91375779727,1017589.7684129421,371
total_flux_z,moving_symmetric,4200,6000,1201.5895783515407,-76027.2940584171,180881.2380485111,1063288.1079100608,625
total_flux_z,moving_symmetric,4200,6000,1341.445515999237,-265150.4104259067,301849.19298281264,1073427.4604570777,803
total_flux_z,moving_symmetric,4200,6000,1488.294250529318,-476113.68742742797,476700.6784441859,1178176.769205938,979
total_flux_z,moving_symmetric,4200,6000,1642.4854217859033,-642673.2330922361,642673.2330922361,1300302.4188247453,1015
total_flux_z,moving_symmetric,4200,6000,1804.3861516053175,-708077.1344681443,708077.1344681443,1392455.8744818126,1015
total_flux_z,moving_symmetric,4200,6000,1974.3819179157026,-668776.7495453932,668776.7495453932,1424029.1288993051,1015
total_roundoff,moving_symmetric,4200,6000,39.88822936505957,-7.304990632374062e-11,8.856364682349976e-10,1.5669348670761048e-08,539
total_roundoff,moving_symmetric,4200,6000,121.65909956343168,-8.064444879097541e-12,9.186361714908327e-10,1.562300494852054e-08,490
total_roundoff,moving_symmetric,4200,6000,207.51851327172238,1.730118254192582e-11,9.459689579906142e-10,1.6102743240999127e-08,503
total_roundoff,moving_symmetric,4200,6000,297.6708976654277,4.408310112210883e-11,1.0541039746189067e-09,1.7148633624468194e-08,480
total_roundoff,moving_symmetric,4200,6000,392.33090127881815,-5.355022570089264e-11,1.1807350224143784e-09,1.9112015961784333e-08,526
total_roundoff,moving_symmetric,4200,6000,491.72390507287827,9.486532459415782e-12,1.3127702547680745e-09,2.2148766969450854e-08,513
total_roundoff,moving_symmetric,4200,6000,596.0865590566414,6.294308971534452e-11,1.5249491476197199e-09,2.4902214277308584e-08,487
total_roundoff,moving_symmetric,4200,6000,705.6673457395926,1.2378082250083923e-10,1.6990602496662436e-09,2.721839966077619e-08,486
total_roundoff,moving_symmetric,4200,6000,820.7271717566915,-2.064985437994686e-10,2.0010291181504737e-09,2.9539861091431235e-08,547
total_roundoff,moving_symmetric,4200,6000,941.5399890746453,-9.54042664063256e-12,1.986215130025289e-09,3.110052592948113e-08,492
total_roundoff,moving_symmetric,4200,6000,1068.3934472584967,2.1176888062958996e-11,2.1075935415228414e-09,3.1654608799688605e-08,513
total_roundoff,moving_symmetric,4200,6000,1201.5895783515407,-7.924495054703903e-11,2.0044716004014745e-09,3.013090942267043e-08,511
total_roundoff,moving_symmetric,4200,6000,1341.445515999237,3.538818154122774e-11,2.0599933314130567e-09,2.8643252888455202e-08,491
total_roundoff,moving_symmetric,4200,6000,1488.294250529318,-9.026837632071321e-11,2.045169214594944e-09,2.8409384760598916e-08,536
total_roundoff,moving_symmetric,4200,6000,1642.4854217859033,8.246756904884423e-11,2.0909818539114364e-09,2.859760242791132e-08,515
total_roundoff,moving_symmetric,4200,6000,1804.3861516053175,-2.7288381718669993e-11,1.9983559342614653e-09,2.894090283076672e-08,518
total_roundoff,moving_symmetric,4200,6000,1974.3819179157026,3.0659363546900816e-11,2.03909219399434e-09,2.9360483755793944e-08,514
total_other,moving_symmetric,4200,6000,39.88822936505957,716.0084222090513,716.0084222090513,8139.377580604049,0
total_other,moving_symmetric,4200,6000,121.65909956343168,1973.8734877647753,1973.8734877647753,9659.016555773298,0
total_other,moving_symmetric,4200,6000,207.51851327172238,-250.81010749067164,553.7133310290775,5410.816584806742,583
total_other,moving_symmetric,4200,6000,297.6708976654277,-352.51408396914314,511.1913759918448,5130.769930487826,694
total_other,moving_symmetric,4200,6000,392.33090127881815,-459.0348818473448,529.5644140577862,4781.6911655531,818
total_other,moving_symmetric,4200,6000,491.72390507287827,-602.8289623960933,611.6200171920735,4563.404573092035,959
total_other,moving_symmetric,4200,6000,596.0865590566414,-755.9199980875829,755.9199980875829,4413.718885117262,1015
total_other,moving_symmetric,4200,6000,705.6673457395926,-810.9637254075137,810.9637254075137,3919.5843061623964,1015
total_other,moving_symmetric,4200,6000,820.7271717566915,-653.7091636440106,653.7091636440106,3476.8983505518972,1015
total_other,moving_symmetric,4200,6000,941.5399890746453,-240.41002235378147,241.34499218688765,3369.8770711205884,994
total_other,moving_symmetric,4200,6000,1068.3934472584967,402.00259435518717,402.00259435518717,3224.4091777436493,0
total_other,moving_symmetric,4200,6000,1201.5895783515407,1072.9756823181126,1072.9756823181126,3448.5805105477157,0
total_other,moving_symmetric,4200,6000,1341.445515999237,1456.6917878704353,1456.6917878704353,4086.592209341072,0
total_other,moving_symmetric,4200,6000,1488.294250529318,1468.263279876702,1468.263279876702,4824.862505293628,0
total_other,moving_symmetric,4200,6000,1642.4854217859033,1182.5560073759539,1231.191456818635,5332.516531800851,74
total_other,moving_symmetric,4200,6000,1804.3861516053175,692.2334159442942,975.8516557708674,5629.733452432504,319
total_other,moving_symmetric,4200,6000,1974.3819179157026,16.770412188649573,977.2832974172252,5801.572168368534,584
les_injection,moving_symmetric,4200,6000,39.88822936505957,266.89319533383286,327.9168392581768,2901.302146500643,270
les_injection,moving_symmetric,4200,6000,121.65909956343168,-6278.403164603421,8450.235271041118,48958.15371319756,675
les_injection,moving_symmetric,4200,6000,207.51851327172238,-1735.3962101612115,10756.10851842528,72484.58499052955,524
les_injection,moving_symmetric,4200,6000,297.6708976654277,5292.181886722246,16802.086802128855,80940.68793240414,524
les_injection,moving_symmetric,4200,6000,392.33090127881815,19352.861596363247,19904.25689623244,87884.03404715289,162
les_injection,moving_symmetric,4200,6000,491.72390507287827,31834.706510300286,31834.706510300286,82500.65668462172,0
les_injection,moving_symmetric,4200,6000,596.0865590566414,31309.324111196205,31309.324111196205,77052.34688688276,0
les_injection,moving_symmetric,4200,6000,705.6673457395926,19484.888270728115,19484.888270728115,58860.85195102454,0
les_injection,moving_symmetric,4200,6000,820.7271717566915,-4324.524400093472,7015.374268830597,54680.51497414497,414
les_injection,moving_symmetric,4200,6000,941.5399890746453,-8532.487143417866,10349.33112138389,38007.60848788994,698
les_injection,moving_symmetric,4200,6000,1068.3934472584967,-5380.3360384044445,8168.44610618293,24639.878566623614,683
les_injection,moving_symmetric,4200,6000,1201.5895783515407,-1952.3603396786082,7568.200048510361,21651.3714675443,767
les_injection,moving_symmetric,4200,6000,1341.445515999237,6880.94236331428,10523.83578311321,27436.82729613144,491
les_injection,moving_symmetric,4200,6000,1488.294250529318,14557.633414797296,14949.829769437636,39107.33821037489,193
les_injection,moving_symmetric,4200,6000,1642.4854217859033,11332.119154069536,12672.671015837546,46351.89837065416,154
les_injection,moving_symmetric,4200,6000,1804.3861516053175,2500.9949070931043,4903.8246525659115,49372.61747588525,373
les_injection,moving_symmetric,4200,6000,1974.3819179157026,-3142.6477555987713,4521.768432154729,48324.622328739766,794
les_muscl,moving_symmetric,4200,6000,39.88822936505957,-15489.744116582047,15489.744116582047,24930.425922133385,1015
les_muscl,moving_symmetric,4200,6000,121.65909956343168,-11288.073326983893,11288.073326983893,53220.21781924126,1015
les_muscl,moving_symmetric,4200,6000,207.51851327172238,-2228.843246159233,3681.6955003826342,66195.68089427364,705
les_muscl,moving_symmetric,4200,6000,297.6708976654277,-4107.483395295456,15003.891372763826,69386.71071272227,431
les_muscl,moving_symmetric,4200,6000,392.33090127881815,-12387.506561266251,17683.559843209634,83046.25065550233,491
les_muscl,moving_symmetric,4200,6000,491.72390507287827,-23444.71139800418,24052.375293312696,88070.60119874572,793
les_muscl,moving_symmetric,4200,6000,596.0865590566414,-27799.515832373996,28509.684415063908,86693.17403133593,845
les_muscl,moving_symmetric,4200,6000,705.6673457395926,-22606.943110712156,24545.11515577743,70299.37717249835,829
les_muscl,moving_symmetric,4200,6000,820.7271717566915,-478.62137982607965,14095.521762980832,63639.16480478877,628
les_muscl,moving_symmetric,4200,6000,941.5399890746453,2454.3829979101893,15749.629169491178,55831.6971613832,560
les_muscl,moving_symmetric,4200,6000,1068.3934472584967,1442.8831441860048,12613.95855012612,47197.19902094435,542
les_muscl,moving_symmetric,4200,6000,1201.5895783515407,813.3667568062376,6315.228637294863,41497.049543599336,569
les_muscl,moving_symmetric,4200,6000,1341.445515999237,-5826.437962525698,6216.167620090626,44371.54895306636,878
les_muscl,moving_symmetric,4200,6000,1488.294250529318,-13273.634904913792,13339.57772284289,54246.95503417202,976
les_muscl,moving_symmetric,4200,6000,1642.4854217859033,-10087.12076733286,10257.521310010401,62164.27847674687,905
les_muscl,moving_symmetric,4200,6000,1804.3861516053175,1088.4610328943465,4154.778293693182,65620.99017391959,343
les_muscl,moving_symmetric,4200,6000,1974.3819179157026,7552.491266221994,7564.907840162595,62847.31763440226,32
les_flux_x,moving_symmetric,4200,6000,39.88822936505957,-2272.169719729096,2272.169719729096,10059.597647307486,1015
les_flux_x,moving_symmetric,4200,6000,121.65909956343168,-7715.863473635754,7721.8963120711605,31393.78640581586,961
les_flux_x,moving_symmetric,4200,6000,207.51851327172238,-5819.305604688103,5819.305604688103,33814.65793172251,1015
les_flux_x,moving_symmetric,4200,6000,297.6708976654277,-7710.212272698978,7710.212272698978,30346.70419776901,1015
les_flux_x,moving_symmetric,4200,6000,392.33090127881815,-9117.890153020215,9117.890153020215,38227.4228737493,1015
les_flux_x,moving_symmetric,4200,6000,491.72390507287827,-9615.647513421758,9615.647513421758,42102.47592402858,1015
les_flux_x,moving_symmetric,4200,6000,596.0865590566414,-7839.620711459172,8178.586141301532,39716.0626068047,811
les_flux_x,moving_symmetric,4200,6000,705.6673457395926,-2357.7257682666486,4687.520109380711,32083.981335436038,517
les_flux_x,moving_symmetric,4200,6000,820.7271717566915,1469.65673478035,1817.880691702398,25123.234070548533,177
les_flux_x,moving_symmetric,4200,6000,941.5399890746453,-742.8365446267575,2543.9531745028103,27473.922726754237,687
les_flux_x,moving_symmetric,4200,6000,1068.3934472584967,577.236092488236,1533.2607205698105,25875.55863400764,331
les_flux_x,moving_symmetric,4200,6000,1201.5895783515407,4920.807644861092,4992.3451563850895,26821.3136004107,69
les_flux_x,moving_symmetric,4200,6000,1341.445515999237,6963.012447599999,8451.484246775672,31854.67804445169,204
les_flux_x,moving_symmetric,4200,6000,1488.294250529318,3224.3137286356396,7107.761382371542,42028.40329774257,351
les_flux_x,moving_symmetric,4200,6000,1642.4854217859033,-3421.8997451973155,4761.554082241435,55862.73889296585,772
les_flux_x,moving_symmetric,4200,6000,1804.3861516053175,549.8755274627463,5492.388117557065,72427.4649384878,394
les_flux_x,moving_symmetric,4200,6000,1974.3819179157026,14430.165861405589,14430.165861405589,77820.25992072753,0
les_flux_y,moving_symmetric,4200,6000,39.88822936505957,-3319.532071386926,6129.416254296122,17636.662463081557,491
les_flux_y,moving_symmetric,4200,6000,121.65909956343168,-1118.3819975913002,12315.616185357045,47822.085485404314,491
les_flux_y,moving_symmetric,4200,6000,207.51851327172238,-2780.3018250844834,17014.599263651093,54548.519440472635,454
les_flux_y,moving_symmetric,4200,6000,297.6708976654277,-6445.802244632898,18096.111127583514,56710.06854366945,431
les_flux_y,moving_symmetric,4200,6000,392.33090127881815,-13810.992414801873,15453.89007175264,60649.22785234643,745
les_flux_y,moving_symmetric,4200,6000,491.72390507287827,-16187.830531835887,16199.635566005754,59933.37270556157,964
les_flux_y,moving_symmetric,4200,6000,596.0865590566414,-8828.340577467054,8828.340577467054,57557.95138486695,1015
les_flux_y,moving_symmetric,4200,6000,705.6673457395926,-8384.159428040794,8433.723137233386,54712.647522574924,947
les_flux_y,moving_symmetric,4200,6000,820.7271717566915,-3061.9589726107656,4765.238564809701,62431.853171078124,621
les_flux_y,moving_symmetric,4200,6000,941.5399890746453,2173.2502437708026,5125.535529656754,63297.41380066937,417
les_flux_y,moving_symmetric,4200,6000,1068.3934472584967,2128.5594241867207,4697.346585771285,50667.59438033523,282
les_flux_y,moving_symmetric,4200,6000,1201.5895783515407,-2614.9654165012616,4461.173835252181,47904.87264922363,699
les_flux_y,moving_symmetric,4200,6000,1341.445515999237,-6013.147197027697,6316.711005175644,50723.05620225115,853
les_flux_y,moving_symmetric,4200,6000,1488.294250529318,-5161.325042961767,6147.071844796589,50514.11755011463,600
les_flux_y,moving_symmetric,4200,6000,1642.4854217859033,-5802.137433482429,6865.02209653697,51729.5811230697,764
les_flux_y,moving_symmetric,4200,6000,1804.3861516053175,-9091.173683541478,9159.093373659642,48954.672593100055,934
les_flux_y,moving_symmetric,4200,6000,1974.3819179157026,-6820.670092483611,6820.670092483611,35774.01238440594,1015
les_flux_z,moving_symmetric,4200,6000,39.88822936505957,-9898.042325466024,10456.679453664085,26020.204313770988,912
les_flux_z,moving_symmetric,4200,6000,121.65909956343168,-2453.827855756839,15841.279781209138,63888.812056288814,584
les_flux_z,moving_symmetric,4200,6000,207.51851327172238,6370.764183613351,18898.852555198708,70524.00236894628,524
les_flux_z,moving_symmetric,4200,6000,297.6708976654277,10048.531122036413,10048.531122036413,72981.1747628354,0
les_flux_z,moving_symmetric,4200,6000,392.33090127881815,10541.376006555842,11383.030892435103,75847.7703734877,123
les_flux_z,moving_symmetric,4200,6000,491.72390507287827,2358.7666472534556,4074.1640047617834,74876.54370198361,334
les_flux_z,moving_symmetric,4200,6000,596.0865590566414,-11131.554543447764,12679.018733215562,78675.16585474138,708
les_flux_z,moving_symmetric,4200,6000,705.6673457395926,-11865.05791440471,13834.769934536886,76748.3351525087,807
les_flux_z,moving_symmetric,4200,6000,820.7271717566915,1113.6808580043435,12392.138430826122,83968.55504395186,488
les_flux_z,moving_symmetric,4200,6000,941.5399890746453,1023.9692987661456,14060.84144101337,77427.90615479581,484
les_flux_z,moving_symmetric,4200,6000,1068.3934472584967,-1262.9123724889523,12610.395093610849,63847.87873443681,508
les_flux_z,moving_symmetric,4200,6000,1201.5895783515407,-1492.4754715535937,6632.437913291115,56827.5138694288,604
les_flux_z,moving_symmetric,4200,6000,1341.445515999237,-6776.303213097998,7494.817544656796,55171.46896728103,930
les_flux_z,moving_symmetric,4200,6000,1488.294250529318,-11336.62359058766,11336.62359058766,57742.30954759159,1015
les_flux_z,moving_symmetric,4200,6000,1642.4854217859033,-863.0835886531141,4046.3038042183407,64791.60778413363,594
les_flux_z,moving_symmetric,4200,6000,1804.3861516053175,9629.759188973077,9638.190973449058,71233.96070057925,34
les_flux_z,moving_symmetric,4200,6000,1974.3819179157026,-57.00450269998248,4765.1296355454715,68811.65940144018,428
les_roundoff,moving_symmetric,4200,6000,39.88822936505957,-1.273840449607488e-12,4.575587418492971e-11,3.0378276633505025e-10,511
les_roundoff,moving_symmetric,4200,6000,121.65909956343168,1.1891182468567422e-12,1.026143012972827e-10,1.058440488707481e-09,515
les_roundoff,moving_symmetric,4200,6000,207.51851327172238,-2.044850984147262e-13,1.1323907482928856e-10,1.412855140519104e-09,511
les_roundoff,moving_symmetric,4200,6000,297.6708976654277,8.218105318626595e-12,1.0974695509695812e-10,1.5760928647577237e-09,484
les_roundoff,moving_symmetric,4200,6000,392.33090127881815,-3.6070771589526165e-12,1.1522348987401375e-10,1.6906609952567077e-09,504
les_roundoff,moving_symmetric,4200,6000,491.72390507287827,9.121996388922648e-12,1.173835766269234e-10,1.6799804980332172e-09,488
les_roundoff,moving_symmetric,4200,6000,596.0865590566414,-5.4736470058265295e-12,1.0076924021924978e-10,1.365345651324549e-09,513
les_roundoff,moving_symmetric,4200,6000,705.6673457395926,-2.276522530784646e-12,7.813285767633793e-11,1.0519716754885748e-09,511
les_roundoff,moving_symmetric,4200,6000,820.7271717566915,-7.983148189316918e-12,7.195587417167142e-11,8.276858086838537e-10,539
les_roundoff,moving_symmetric,4200,6000,941.5399890746453,-1.6564466057465367e-12,5.832514088612716e-11,6.5139921535122e-10,516
les_roundoff,moving_symmetric,4200,6000,1068.3934472584967,8.425316163937069e-13,4.376433114429262e-11,5.589032702212324e-10,524
les_roundoff,moving_symmetric,4200,6000,1201.5895783515407,3.0322080503405405e-13,3.684644167609022e-11,5.306567251251194e-10,533
les_roundoff,moving_symmetric,4200,6000,1341.445515999237,-1.4225134760217928e-12,3.427896186185982e-11,5.388231698691482e-10,495
les_roundoff,moving_symmetric,4200,6000,1488.294250529318,-1.3567928816119317e-12,3.9274509683509986e-11,5.796790992266105e-10,525
les_roundoff,moving_symmetric,4200,6000,1642.4854217859033,-2.1628156935497438e-13,3.80753889218142e-11,6.16075738712461e-10,492
les_roundoff,moving_symmetric,4200,6000,1804.3861516053175,-1.2320269799099723e-12,3.673479119015054e-11,6.108045663225733e-10,527
les_roundoff,moving_symmetric,4200,6000,1974.3819179157026,8.945510226547572e-14,3.1227411680113783e-11,5.956460815347377e-10,517
total_les,fixed_initial,1200,4200,39.88822936505957,-79.53685941758027,518.0247306731897,6312.544236806556,643
total_les,fixed_initial,1200,4200,121.65909956343168,-4278.068334818637,5441.851180641519,66835.77408056988,684
total_les,fixed_initial,1200,4200,207.51851327172238,-8136.918588953809,14850.94123456906,66898.30811246892,573
total_les,fixed_initial,1200,4200,297.6708976654277,6520.394916760176,22759.926498898305,74077.94788168423,415
total_les,fixed_initial,1200,4200,392.33090127881815,18010.10337550078,30877.854472839026,78099.84246921867,315
total_les,fixed_initial,1200,4200,491.72390507287827,27182.04300778415,35152.600186335185,80121.44061998108,276
total_les,fixed_initial,1200,4200,596.0865590566414,30100.638935509764,32415.373270748612,70889.59089184567,170
total_les,fixed_initial,1200,4200,705.6673457395926,22746.716948756606,22746.716948756606,57459.668695739805,0
total_les,fixed_initial,1200,4200,820.7271717566915,21558.25909663234,21558.25909663234,47035.524972400024,0
total_les,fixed_initial,1200,4200,941.5399890746453,14132.426854962912,14134.488804123124,38708.35405897688,7
total_les,fixed_initial,1200,4200,1068.3934472584967,8651.06306839312,10595.23020452951,26157.46868962142,222
total_les,fixed_initial,1200,4200,1201.5895783515407,5554.976069363029,6255.032154069768,13201.892024708672,97
total_les,fixed_initial,1200,4200,1341.445515999237,-346.06820533733526,5919.789801270015,10633.70549244171,297
total_les,fixed_initial,1200,4200,1488.294250529318,-3095.3749124158385,7975.3609903206,14559.49206097894,422
total_les,fixed_initial,1200,4200,1642.4854217859033,-2513.4609609666895,8808.886608537498,19994.249883923683,497
total_les,fixed_initial,1200,4200,1804.3861516053175,-4394.286484249214,6492.1206288679705,22987.64139158016,621
total_les,fixed_initial,1200,4200,1974.3819179157026,-9948.04790385305,9948.04790385305,26893.533848320156,1015
total_muscl,fixed_initial,1200,4200,39.88822936505957,6556.445414439197,11776.616607958515,122040.44468589476,447
total_muscl,fixed_initial,1200,4200,121.65909956343168,-10279.686359644078,12699.83665487995,167684.29716169857,780
total_muscl,fixed_initial,1200,4200,207.51851327172238,-25156.898210460356,25224.585467649056,204622.60347679336,945
total_muscl,fixed_initial,1200,4200,297.6708976654277,-56367.794520553405,56367.794520553405,217646.01933286595,1015
total_muscl,fixed_initial,1200,4200,392.33090127881815,-84192.20381472763,84192.20381472763,228721.62280121417,1015
total_muscl,fixed_initial,1200,4200,491.72390507287827,-107296.64737901438,107296.64737901438,251069.52173833974,1015
total_muscl,fixed_initial,1200,4200,596.0865590566414,-122752.21237465547,122752.21237465547,268927.0175791096,1015
total_muscl,fixed_initial,1200,4200,705.6673457395926,-126043.80261671575,126043.80261671575,291034.23305151635,1015
total_muscl,fixed_initial,1200,4200,820.7271717566915,-123695.41773974482,123695.41773974482,322210.93864599464,1015
total_muscl,fixed_initial,1200,4200,941.5399890746453,-110943.41563610616,110943.41563610616,353716.18556152185,1015
total_muscl,fixed_initial,1200,4200,1068.3934472584967,-98798.46974329397,98798.46974329397,382427.64135227964,1015
total_muscl,fixed_initial,1200,4200,1201.5895783515407,-87451.23498780082,87451.23498780082,409024.7903366212,1015
total_muscl,fixed_initial,1200,4200,1341.445515999237,-75902.98641276298,80403.16402560452,425794.7108795425,809
total_muscl,fixed_initial,1200,4200,1488.294250529318,-68518.20859552764,99099.30508571633,447568.3695675384,690
total_muscl,fixed_initial,1200,4200,1642.4854217859033,-64001.12989816605,113840.49777589564,471160.0776732544,656
total_muscl,fixed_initial,1200,4200,1804.3861516053175,-60246.8973600906,114621.78357807823,498348.14351472526,637
total_muscl,fixed_initial,1200,4200,1974.3819179157026,-51648.293982500196,107243.15214908992,515982.8110890422,566
total_flux_x,fixed_initial,1200,4200,39.88822936505957,-34315.50674218592,34548.22970438123,244057.05376497534,915
total_flux_x,fixed_initial,1200,4200,121.65909956343168,-11696.16872940244,19774.232182438987,247119.739405975,649
total_flux_x,fixed_initial,1200,4200,207.51851327172238,5373.144870427243,14968.093050819884,252125.10155840084,423
total_flux_x,fixed_initial,1200,4200,297.6708976654277,23521.46230477661,29146.95809519585,244542.17135156892,143
total_flux_x,fixed_initial,1200,4200,392.33090127881815,41800.48377331512,46703.79907679287,247137.83740241377,129
total_flux_x,fixed_initial,1200,4200,491.72390507287827,58305.507074049114,63083.73192625563,268974.0989281625,116
total_flux_x,fixed_initial,1200,4200,596.0865590566414,76219.0652882008,79542.40974677909,323881.7226207965,104
total_flux_x,fixed_initial,1200,4200,705.6673457395926,105810.12606475734,105810.12606475734,373739.43676246377,0
total_flux_x,fixed_initial,1200,4200,820.7271717566915,125171.28986182941,125539.91377773989,407863.3572583498,31
total_flux_x,fixed_initial,1200,4200,941.5399890746453,108016.43937150485,124588.75699956353,443232.43920897844,183
total_flux_x,fixed_initial,1200,4200,1068.3934472584967,62211.73855699693,114585.13615865921,477866.3124063939,349
total_flux_x,fixed_initial,1200,4200,1201.5895783515407,4064.9064797522733,109946.21423262547,537580.453431432,543
total_flux_x,fixed_initial,1200,4200,1341.445515999237,-66596.89579299203,128329.41508664962,606908.2116146551,693
total_flux_x,fixed_initial,1200,4200,1488.294250529318,-131659.01405797887,161714.60892188444,685734.3629149478,813
total_flux_x,fixed_initial,1200,4200,1642.4854217859033,-168863.63901994278,180523.11575901145,793290.2345237096,894
total_flux_x,fixed_initial,1200,4200,1804.3861516053175,-173299.85036910392,191451.6874868653,921265.7583322938,866
total_flux_x,fixed_initial,1200,4200,1974.3819179157026,-164963.97849100787,226233.66490491776,1057266.0466155922,790
total_flux_y,fixed_initial,1200,4200,39.88822936505957,-38943.40277391545,39848.888956736315,269116.9773642133,875
total_flux_y,fixed_initial,1200,4200,121.65909956343168,-9104.693013976183,31252.512836294998,271863.1634998522,594
total_flux_y,fixed_initial,1200,4200,207.51851327172238,23829.91554383614,39951.138424651355,312711.199364761,363
total_flux_y,fixed_initial,1200,4200,297.6708976654277,59975.276052685316,61284.46361170577,358189.9503370692,106
total_flux_y,fixed_initial,1200,4200,392.33090127881815,99183.26351705208,99183.26351705208,420962.26303852536,0
total_flux_y,fixed_initial,1200,4200,491.72390507287827,134049.1222090419,134309.78957194585,501522.280871336,25
total_flux_y,fixed_initial,1200,4200,596.0865590566414,159614.1535499366,161747.03957207827,598021.2272893696,66
total_flux_y,fixed_initial,1200,4200,705.6673457395926,210139.7909552527,214227.83991555276,660841.7640381745,67
total_flux_y,fixed_initial,1200,4200,820.7271717566915,240122.32488498563,250331.13380619787,761672.5038363137,101
total_flux_y,fixed_initial,1200,4200,941.5399890746453,241829.59347149267,258413.79358913304,904621.1118455501,136
total_flux_y,fixed_initial,1200,4200,1068.3934472584967,236923.10463391058,260277.84408052312,1053458.9940836052,172
total_flux_y,fixed_initial,1200,4200,1201.5895783515407,228057.69363768038,276984.12153425376,1200433.2548941064,254
total_flux_y,fixed_initial,1200,4200,1341.445515999237,212397.90354314883,311507.8833311607,1340469.1058159433,330
total_flux_y,fixed_initial,1200,4200,1488.294250529318,176197.11363552374,339880.33850779943,1458322.6116862136,389
total_flux_y,fixed_initial,1200,4200,1642.4854217859033,103291.41559042993,350222.6682415822,1540730.6324368329,456
total_flux_y,fixed_initial,1200,4200,1804.3861516053175,-14183.07638352536,351439.2452075996,1597544.0870267362,540
total_flux_y,fixed_initial,1200,4200,1974.3819179157026,-160431.35422886634,365070.847988536,1610228.8366001109,639
total_flux_z,fixed_initial,1200,4200,39.88822936505957,79815.35493054053,79815.35493054053,331787.78441578837,0
total_flux_z,fixed_initial,1200,4200,121.65909956343168,10521.175383734566,39297.88613610742,344376.4208902478,479
total_flux_z,fixed_initial,1200,4200,207.51851327172238,-54359.95862472374,60456.12566068908,419381.22330759664,834
total_flux_z,fixed_initial,1200,4200,297.6708976654277,-139864.5328780153,140140.95433257776,500987.4278289265,993
total_flux_z,fixed_initial,1200,4200,392.33090127881815,-225175.95110509486,225175.95110509486,597357.3187457927,1015
total_flux_z,fixed_initial,1200,4200,491.72390507287827,-299651.27666210535,299651.27666210535,716861.5029719123,1015
total_flux_z,fixed_initial,1200,4200,596.0865590566414,-358585.4312127928,358585.4312127928,862433.9735513674,1015
total_flux_z,fixed_initial,1200,4200,705.6673457395926,-441993.71963672584,441993.71963672584,979000.8465919518,1015
total_flux_z,fixed_initial,1200,4200,820.7271717566915,-488989.0324865598,488989.0324865598,1119213.0943356086,1015
total_flux_z,fixed_initial,1200,4200,941.5399890746453,-460789.4484791038,464507.50754446513,1282260.5345050304,953
total_flux_z,fixed_initial,1200,4200,1068.3934472584967,-397933.3129342015,422842.2673576042,1429077.9323211412,834
total_flux_z,fixed_initial,1200,4200,1201.5895783515407,-319573.8351052335,416586.1245132865,1549817.501985516,689
total_flux_z,fixed_initial,1200,4200,1341.445515999237,-221703.99416291984,448150.3237787799,1616780.5503384399,583
total_flux_z,fixed_initial,1200,4200,1488.294250529318,-113056.30817307241,484949.05898712896,1652700.1791827476,500
total_flux_z,fixed_initial,1200,4200,1642.4854217859033,1571.0935313467926,493132.131641199,1675894.7125791246,430
total_flux_z,fixed_initial,1200,4200,1804.3861516053175,127236.0293925388,468413.7740887952,1705844.412448599,352
total_flux_z,fixed_initial,1200,4200,1974.3819179157026,273747.038737374,453247.6280959253,1744864.8603099324,258
total_roundoff,fixed_initial,1200,4200,39.88822936505957,3.944916801264329e-11,6.980843180126812e-10,1.3011143784897997e-08,492
total_roundoff,fixed_initial,1200,4200,121.65909956343168,-1.828526699764476e-11,6.378193957893934e-10,1.2254919549749288e-08,505
total_roundoff,fixed_initial,1200,4200,207.51851327172238,-4.935411108931368e-13,6.839160781179786e-10,1.13765148766585e-08,531
total_roundoff,fixed_initial,1200,4200,297.6708976654277,-1.0289708639993603e-11,6.768048671347104e-10,1.1082330254596768e-08,517
total_roundoff,fixed_initial,1200,4200,392.33090127881815,7.792027521260827e-12,7.676339727443523e-10,1.1427879428791397e-08,498
total_roundoff,fixed_initial,1200,4200,491.72390507287827,-1.5010938150849323e-11,8.308215591128448e-10,1.2262693834301996e-08,535
total_roundoff,fixed_initial,1200,4200,596.0865590566414,-5.778302742699952e-11,9.272174306427855e-10,1.3573758445161615e-08,523
total_roundoff,fixed_initial,1200,4200,705.6673457395926,-1.5978925539499034e-11,1.0233513784096114e-09,1.5086685412502455e-08,523
total_roundoff,fixed_initial,1200,4200,820.7271717566915,4.864421447028549e-12,1.1611303776381133e-09,1.659675934993787e-08,518
total_roundoff,fixed_initial,1200,4200,941.5399890746453,7.51296729906495e-11,1.1842348472288974e-09,1.7898671609374367e-08,491
total_roundoff,fixed_initial,1200,4200,1068.3934472584967,3.81342088237439e-11,1.2462027346136508e-09,1.911574682368671e-08,504
total_roundoff,fixed_initial,1200,4200,1201.5895783515407,-6.301176583380695e-12,1.3009773245651737e-09,1.9764708551713737e-08,519
total_roundoff,fixed_initial,1200,4200,1341.445515999237,6.353669624930765e-11,1.3905617095625288e-09,2.0435659804987627e-08,500
total_roundoff,fixed_initial,1200,4200,1488.294250529318,-8.779295141618603e-11,1.4064747789680051e-09,2.097250813567022e-08,532
total_roundoff,fixed_initial,1200,4200,1642.4854217859033,-5.158278691067952e-12,1.5242857111813653e-09,2.130280784893012e-08,500
total_roundoff,fixed_initial,1200,4200,1804.3861516053175,-1.0899478138071649e-10,1.49438515252879e-09,2.174803359861026e-08,531
total_roundoff,fixed_initial,1200,4200,1974.3819179157026,3.136982454398153e-11,1.511470416599818e-09,2.1840898824210773e-08,517
total_other,fixed_initial,1200,4200,39.88822936505957,2952.5206985239433,4125.9791273352785,10476.72208898438,262
total_other,fixed_initial,1200,4200,121.65909956343168,3392.210858892609,3617.488617552237,9594.382215041735,127
total_other,fixed_initial,1200,4200,207.51851327172238,5194.881394086606,5194.881394086606,10853.446912018699,0
total_other,fixed_initial,1200,4200,297.6708976654277,5511.225645261409,5511.225645261409,10657.770425928862,0
total_other,fixed_initial,1200,4200,392.33090127881815,5798.036021628117,5798.036021628117,10377.065361843503,0
total_other,fixed_initial,1200,4200,491.72390507287827,6025.736149516628,6025.736149516628,10162.927879893665,0
total_other,fixed_initial,1200,4200,596.0865590566414,6103.576973915053,6103.576973915053,10048.77096594304,0
total_other,fixed_initial,1200,4200,705.6673457395926,5891.8618350167635,5891.8618350167635,9761.97576359627,0
total_other,fixed_initial,1200,4200,820.7271717566915,5562.942884770713,5562.942884770713,9210.617625868399,0
total_other,fixed_initial,1200,4200,941.5399890746453,5260.087537605103,5260.087537605103,8395.331084127436,0
total_other,fixed_initial,1200,4200,1068.3934472584967,5035.529176270302,5035.529176270302,7322.32945823438,0
total_other,fixed_initial,1200,4200,1201.5895783515407,4871.9737823847545,4871.9737823847545,6345.3898182528665,0
total_other,fixed_initial,1200,4200,1341.445515999237,4709.904947195433,4709.904947195433,5763.29753524039,0
total_other,fixed_initial,1200,4200,1488.294250529318,4511.154782218226,4511.154782218226,5615.6368893157005,0
total_other,fixed_initial,1200,4200,1642.4854217859033,4259.747090074147,4259.747090074147,5606.970874603518,0
total_other,fixed_initial,1200,4200,1804.3861516053175,3913.9048995066646,3913.9048995066646,5608.753144200516,0
total_other,fixed_initial,1200,4200,1974.3819179157026,3421.568212086158,3421.568212086158,5587.697294045751,0
les_injection,fixed_initial,1200,4200,39.88822936505957,-79.53685941758062,518.02473067319,6312.544236806556,643
les_injection,fixed_initial,1200,4200,121.65909956343168,-4278.068334818638,5441.851180641519,66835.7740805699,684
les_injection,fixed_initial,1200,4200,207.51851327172238,-8136.918588953813,14850.941234569065,66898.30811246892,573
les_injection,fixed_initial,1200,4200,297.6708976654277,6520.394916760177,22759.92649889831,74077.94788168423,415
les_injection,fixed_initial,1200,4200,392.33090127881815,18010.10337550078,30877.854472839026,78099.84246921867,315
les_injection,fixed_initial,1200,4200,491.72390507287827,27182.04300778415,35152.600186335185,80121.44061998108,276
les_injection,fixed_initial,1200,4200,596.0865590566414,30100.638935509764,32415.373270748612,70889.59089184567,170
les_injection,fixed_initial,1200,4200,705.6673457395926,22746.716948756606,22746.716948756606,57459.668695739805,0
les_injection,fixed_initial,1200,4200,820.7271717566915,21558.25909663234,21558.25909663234,47035.524972400024,0
les_injection,fixed_initial,1200,4200,941.5399890746453,14132.426854962914,14134.488804123124,38708.35405897688,7
les_injection,fixed_initial,1200,4200,1068.3934472584967,8651.06306839312,10595.230204529507,26157.46868962142,222
les_injection,fixed_initial,1200,4200,1201.5895783515407,5554.976069363029,6255.032154069768,13201.892024708672,97
les_injection,fixed_initial,1200,4200,1341.445515999237,-346.06820533733526,5919.789801270014,10633.705492441712,297
les_injection,fixed_initial,1200,4200,1488.294250529318,-3095.3749124158385,7975.3609903206,14559.492060978937,422
les_injection,fixed_initial,1200,4200,1642.4854217859033,-2513.4609609666895,8808.886608537498,19994.24988392368,497
les_injection,fixed_initial,1200,4200,1804.3861516053175,-4394.286484249214,6492.1206288679705,22987.64139158016,621
les_injection,fixed_initial,1200,4200,1974.3819179157026,-9948.04790385305,9948.04790385305,26893.533848320156,1015
les_muscl,fixed_initial,1200,4200,39.88822936505957,-11012.446615189114,11012.446615189114,29203.81867359933,1015
les_muscl,fixed_initial,1200,4200,121.65909956343168,-2619.305528098248,3096.1308373162015,72496.23655729005,854
les_muscl,fixed_initial,1200,4200,207.51851327172238,14524.937726704595,16642.69196215316,73144.97941710477,150
les_muscl,fixed_initial,1200,4200,297.6708976654277,7948.60481955232,19899.641740191146,66771.82575138327,341
les_muscl,fixed_initial,1200,4200,392.33090127881815,21.25595964162312,20894.947973656905,73784.49744750143,448
les_muscl,fixed_initial,1200,4200,491.72390507287827,-9989.420610740452,21362.910626111232,80157.30173989585,549
les_muscl,fixed_initial,1200,4200,596.0865590566414,-17171.067056199874,17171.067056199874,75302.25102235345,1015
les_muscl,fixed_initial,1200,4200,705.6673457395926,-15994.311765723958,16248.648305548537,68500.82300717074,926
les_muscl,fixed_initial,1200,4200,820.7271717566915,-16075.025369994944,18050.48243929859,67414.72637194395,746
les_muscl,fixed_initial,1200,4200,941.5399890746453,-9402.40910379785,20833.934858788503,66659.02867067046,585
les_muscl,fixed_initial,1200,4200,1068.3934472584967,-6226.6080739554545,15184.774745498034,62500.31483161987,610
les_muscl,fixed_initial,1200,4200,1201.5895783515407,-6711.30161257164,9601.02032623567,59707.51104333332,641
les_muscl,fixed_initial,1200,4200,1341.445515999237,-2185.346887723894,7083.238138597419,56362.75850264687,589
les_muscl,fixed_initial,1200,4200,1488.294250529318,-383.2371102914731,7172.98590923922,53939.453318956526,571
les_muscl,fixed_initial,1200,4200,1642.4854217859033,-1642.057724650861,7520.383236115871,55211.060478084524,544
les_muscl,fixed_initial,1200,4200,1804.3861516053175,-516.9247627091845,4702.40570224615,56121.84286832587,547
les_muscl,fixed_initial,1200,4200,1974.3819179157026,3951.470587143509,4395.496344014158,56282.26956030839,107
les_flux_x,fixed_initial,1200,4200,39.88822936505957,8.65614114136961,512.9162245758389,12776.111227384343,304
les_flux_x,fixed_initial,1200,4200,121.65909956343168,1421.7710319783312,2043.835624125631,39363.930703812795,353
les_flux_x,fixed_initial,1200,4200,207.51851327172238,-5406.041705454178,5636.217529113537,36053.37070657044,822
les_flux_x,fixed_initial,1200,4200,297.6708976654277,-5612.153466572707,6361.342715900559,29385.28754610833,740
les_flux_x,fixed_initial,1200,4200,392.33090127881815,-2842.4610357283564,4026.607025926109,34871.917470291286,671
les_flux_x,fixed_initial,1200,4200,491.72390507287827,-2664.2278624195624,4265.2021545147945,39861.9126696203,644
les_flux_x,fixed_initial,1200,4200,596.0865590566414,-6197.970148714279,6560.292505053324,39298.24038591195,686
les_flux_x,fixed_initial,1200,4200,705.6673457395926,-7505.209789278197,7505.209789278197,33034.03381190236,1015
les_flux_x,fixed_initial,1200,4200,820.7271717566915,-4629.265308778812,4952.213624523927,26659.067382567977,723
les_flux_x,fixed_initial,1200,4200,941.5399890746453,-3520.441060660122,3939.023144077764,25642.814362786146,825
les_flux_x,fixed_initial,1200,4200,1068.3934472584967,-5777.501980005116,5777.501980005116,27834.419940756852,1015
les_flux_x,fixed_initial,1200,4200,1201.5895783515407,-4338.786648171145,5442.908014831432,26091.446485544955,656
les_flux_x,fixed_initial,1200,4200,1341.445515999237,-1295.4894530625343,5747.746045240934,25122.42981955986,504
les_flux_x,fixed_initial,1200,4200,1488.294250529318,-349.53373743421935,6384.560177147048,29190.441173584655,412
les_flux_x,fixed_initial,1200,4200,1642.4854217859033,-1280.0689159448043,6062.087347751745,35394.58725032507,394
les_flux_x,fixed_initial,1200,4200,1804.3861516053175,-5407.700380821644,6008.542131244765,43747.948267782245,896
les_flux_x,fixed_initial,1200,4200,1974.3819179157026,-9393.94589256382,9393.94589256382,52216.89551152401,1015
les_flux_y,fixed_initial,1200,4200,39.88822936505957,-1916.6531510528941,2112.7845418583274,23610.458552117198,785
les_flux_y,fixed_initial,1200,4200,121.65909956343168,-182.90174861307992,2965.438049258285,51055.705369543815,733
les_flux_y,fixed_initial,1200,4200,207.51851327172238,1686.0810531981117,1720.979989479348,53790.733709358305,124
les_flux_y,fixed_initial,1200,4200,297.6708976654277,-2869.7316181710103,2921.321088565617,52947.822146175255,953
les_flux_y,fixed_initial,1200,4200,392.33090127881815,-6149.053359590074,6152.764080783725,59570.83283615272,960
les_flux_y,fixed_initial,1200,4200,491.72390507287827,-5665.717129867928,6513.891280656586,62874.87144101122,749
les_flux_y,fixed_initial,1200,4200,596.0865590566414,-6419.46945172625,6949.991580404103,66327.99585097353,852
les_flux_y,fixed_initial,1200,4200,705.6673457395926,1368.08908700073,4720.003293697353,66468.77439562077,728
les_flux_y,fixed_initial,1200,4200,820.7271717566915,1511.5143902556579,4789.20462294879,73903.97566315615,472
les_flux_y,fixed_initial,1200,4200,941.5399890746453,1488.3926107225966,5788.613795437236,75662.39901155737,453
les_flux_y,fixed_initial,1200,4200,1068.3934472584967,-2183.6711732559106,7046.7206118010035,76034.70807514334,571
les_flux_y,fixed_initial,1200,4200,1201.5895783515407,-10480.0398197235,11327.230696814107,78955.68134818893,822
les_flux_y,fixed_initial,1200,4200,1341.445515999237,-15978.959363814061,15978.959363814061,79661.3101022029,1015
les_flux_y,fixed_initial,1200,4200,1488.294250529318,-13970.325750867261,15673.471260956503,80360.495532117,728
les_flux_y,fixed_initial,1200,4200,1642.4854217859033,-8581.774934016039,13930.93090250513,78300.02719387891,605
les_flux_y,fixed_initial,1200,4200,1804.3861516053175,-2962.8016238899268,10238.762325969008,75330.83834438158,466
les_flux_y,fixed_initial,1200,4200,1974.3819179157026,2286.825362612335,7847.210064418171,68448.55021247087,294
les_flux_z,fixed_initial,1200,4200,39.88822936505957,-9104.44960527759,9104.44960527759,27482.52573759945,1015
les_flux_z,fixed_initial,1200,4200,121.65909956343168,-3858.1748114635047,3890.1025394417975,75224.48143028285,914
les_flux_z,fixed_initial,1200,4200,207.51851327172238,18244.89837896066,19564.141214578704,87761.40771737351,84
les_flux_z,fixed_initial,1200,4200,297.6708976654277,16430.489904296035,20177.66777480316,89753.03922655579,177
les_flux_z,fixed_initial,1200,4200,392.33090127881815,9012.770354960056,15948.717885608079,92382.53069581382,357
les_flux_z,fixed_initial,1200,4200,491.72390507287827,-1659.4756184529688,14099.679161620374,89639.05384264159,429
les_flux_z,fixed_initial,1200,4200,596.0865590566414,-4553.627455759353,8365.391693421287,100721.52944630505,444
les_flux_z,fixed_initial,1200,4200,705.6673457395926,-9857.191063446495,15194.344982547198,105929.32597551012,665
les_flux_z,fixed_initial,1200,4200,820.7271717566915,-12957.274451471789,21466.21479499589,115693.302619739,700
les_flux_z,fixed_initial,1200,4200,941.5399890746453,-7370.360653860324,27220.144385018488,125972.4532969663,636
les_flux_z,fixed_initial,1200,4200,1068.3934472584967,1734.5650793055725,19703.793966088007,129248.96291933535,466
les_flux_z,fixed_initial,1200,4200,1201.5895783515407,8107.524855323008,10904.323003983674,125137.47220305089,367
les_flux_z,fixed_initial,1200,4200,1341.445515999237,15089.101929152705,15138.606960834146,116771.44820555531,60
les_flux_z,fixed_initial,1200,4200,1488.294250529318,13936.622378010008,14129.03289000125,106968.75295802104,129
les_flux_z,fixed_initial,1200,4200,1642.4854217859033,8219.786125309984,10892.27114438983,95826.93894635765,449
les_flux_z,fixed_initial,1200,4200,1804.3861516053175,7853.577242002386,9949.020393252904,83910.952278604,532
les_flux_z,fixed_initial,1200,4200,1974.3819179157026,11058.591117094993,11108.691157565234,73822.78269076455,55
les_roundoff,fixed_initial,1200,4200,39.88822936505957,-1.6856434852633081e-13,4.225855258901263e-11,4.4224314537580776e-10,512
les_roundoff,fixed_initial,1200,4200,121.65909956343168,5.06416256007468e-12,8.312532208935208e-11,1.0731292764301723e-09,499
les_roundoff,fixed_initial,1200,4200,207.51851327172238,3.4848262173298095e-13,8.717479137247199e-11,9.075857619550694e-10,527
les_roundoff,fixed_initial,1200,4200,297.6708976654277,1.62641986405276e-12,8.811365012409854e-11,9.683832077821153e-10,509
les_roundoff,fixed_initial,1200,4200,392.33090127881815,-1.0124538816121658e-12,9.459027337211007e-11,1.0796662981511321e-09,520
les_roundoff,fixed_initial,1200,4200,491.72390507287827,9.547465355446139e-12,9.405200456097455e-11,1.1500563961958172e-09,477
les_roundoff,fixed_initial,1200,4200,596.0865590566414,4.241518120842649e-12,7.755625123817598e-11,1.0882808300738764e-09,500
les_roundoff,fixed_initial,1200,4200,705.6673457395926,5.1212437913052266e-12,6.24355829594746e-11,9.279569460390527e-10,493
les_roundoff,fixed_initial,1200,4200,820.7271717566915,1.9416658470498682e-13,5.227229516092267e-11,8.12467914994069e-10,511
les_roundoff,fixed_initial,1200,4200,941.5399890746453,9.844799654699995e-13,5.209220594405438e-11,7.743730239664091e-10,507
les_roundoff,fixed_initial,1200,4200,1068.3934472584967,1.0219692057491893e-12,4.5082673948755844e-11,7.448484010060883e-10,517
les_roundoff,fixed_initial,1200,4200,1201.5895783515407,-5.467433051729346e-13,3.8044754889912384e-11,7.007239181205622e-10,512
les_roundoff,fixed_initial,1200,4200,1341.445515999237,-9.548239423039718e-13,3.262502815632661e-11,6.518047636233578e-10,521
les_roundoff,fixed_initial,1200,4200,1488.294250529318,-3.7723220209274136e-13,3.288483706396713e-11,6.155692796829109e-10,494
les_roundoff,fixed_initial,1200,4200,1642.4854217859033,-1.0308029447350555e-12,3.0087159142295193e-11,5.719423714499165e-10,515
les_roundoff,fixed_initial,1200,4200,1804.3861516053175,6.316269702498453e-13,2.7009688706052077e-11,5.207190976864651e-10,496
les_roundoff,fixed_initial,1200,4200,1974.3819179157026,-6.559366404117163e-13,2.55880608780743e-11,4.838497655515469e-10,518
total_les,fixed_initial,4200,6000,39.88822936505957,-42.2678060230061,255.1049144139161,3260.9232432866847,799
total_les,fixed_initial,4200,6000,121.65909956343168,-22867.528119120943,22867.528119120943,56301.41730326345,1015
total_les,fixed_initial,4200,6000,207.51851327172238,-29075.67701175176,29075.67701175176,90496.20064106966,1015
total_les,fixed_initial,4200,6000,297.6708976654277,-35350.52053804258,35350.52053804258,102967.55564340868,1015
total_les,fixed_initial,4200,6000,392.33090127881815,-23530.57389618447,28145.003754225094,101052.32342484489,838
total_les,fixed_initial,4200,6000,491.72390507287827,-501.1065644863056,13863.413869871703,84889.78427680292,556
total_les,fixed_initial,4200,6000,596.0865590566414,19381.3905414654,19381.3905414654,84404.44380844128,0
total_les,fixed_initial,4200,6000,705.6673457395926,16681.175844931677,16681.175844931677,75069.7505165448,0
total_les,fixed_initial,4200,6000,820.7271717566915,-10533.836239856748,10677.626316809346,55592.89371522659,917
total_les,fixed_initial,4200,6000,941.5399890746453,-8716.53633634277,8860.048661320378,37516.484026300706,934
total_les,fixed_initial,4200,6000,1068.3934472584967,3704.8946522453693,3795.8848792615267,25583.321142990942,76
total_les,fixed_initial,4200,6000,1201.5895783515407,9645.605756401847,9645.605756401847,23400.042179638185,0
total_les,fixed_initial,4200,6000,1341.445515999237,14427.02706148779,14427.02706148779,29446.384524153553,0
total_les,fixed_initial,4200,6000,1488.294250529318,9079.439860563154,9079.439860563154,40152.005858003766,0
total_les,fixed_initial,4200,6000,1642.4854217859033,-7523.883163713809,7915.84543579917,44355.91072756433,777
total_les,fixed_initial,4200,6000,1804.3861516053175,-17003.202389118822,17003.202389118822,43034.369037680495,1015
total_les,fixed_initial,4200,6000,1974.3819179157026,-8475.591546623258,9200.086576895488,39896.51494420982,749
total_muscl,fixed_initial,4200,6000,39.88822936505957,6532.245820946053,6532.245820946053,35764.55903873039,0
total_muscl,fixed_initial,4200,6000,121.65909956343168,38619.61898582008,38619.61898582008,85727.36446461422,0
total_muscl,fixed_initial,4200,6000,207.51851327172238,50230.27556412485,50230.27556412485,123026.96521660715,0
total_muscl,fixed_initial,4200,6000,297.6708976654277,62528.86357515274,62528.86357515274,143773.4657818938,0
total_muscl,fixed_initial,4200,6000,392.33090127881815,59349.43532108723,59349.43532108723,148425.91892086068,0
total_muscl,fixed_initial,4200,6000,491.72390507287827,45495.86329028405,45495.86329028405,144992.36876239497,0
total_muscl,fixed_initial,4200,6000,596.0865590566414,34700.434627329785,36829.33704269718,167121.41726263813,108
total_muscl,fixed_initial,4200,6000,705.6673457395926,40998.49051127824,42070.78231893722,204821.5359058706,79
total_muscl,fixed_initial,4200,6000,820.7271717566915,73268.43171730383,73274.71478733653,228623.0290550799,4
total_muscl,fixed_initial,4200,6000,941.5399890746453,89768.66373809532,89768.66373809532,239164.5730664432,0
total_muscl,fixed_initial,4200,6000,1068.3934472584967,99829.88178824549,99829.88178824549,253667.3270475486,0
total_muscl,fixed_initial,4200,6000,1201.5895783515407,102138.42731897335,102138.42731897335,268512.7328279768,0
total_muscl,fixed_initial,4200,6000,1341.445515999237,98900.10322525748,98900.10322525748,291789.4255876567,0
total_muscl,fixed_initial,4200,6000,1488.294250529318,100497.88452220413,100507.14257335314,325193.14060732536,23
total_muscl,fixed_initial,4200,6000,1642.4854217859033,109630.04797915979,115411.8175407461,365186.12669992715,208
total_muscl,fixed_initial,4200,6000,1804.3861516053175,123306.83494051565,130748.41776300022,386659.72031879483,158
total_muscl,fixed_initial,4200,6000,1974.3819179157026,121495.5429967335,128834.12636470835,388188.30116888485,138
total_flux_x,fixed_initial,4200,6000,39.88822936505957,13418.523132378925,16139.402265983157,135890.00394438836,312
total_flux_x,fixed_initial,4200,6000,121.65909956343168,-16210.265816265106,20532.77035297144,144221.2604678233,787
total_flux_x,fixed_initial,4200,6000,207.51851327172238,-39627.56627671467,40151.91672146785,173159.65940427824,960
total_flux_x,fixed_initial,4200,6000,297.6708976654277,-50140.045156378736,52303.63984925591,214900.9823402607,926
total_flux_x,fixed_initial,4200,6000,392.33090127881815,-54821.15926894511,59558.06664214404,270485.97873666417,893
total_flux_x,fixed_initial,4200,6000,491.72390507287827,-65010.581152926636,69674.51781363875,324214.3568916829,899
total_flux_x,fixed_initial,4200,6000,596.0865590566414,-83209.72337742639,86986.06308506368,373426.1781974037,920
total_flux_x,fixed_initial,4200,6000,705.6673457395926,-101873.21580741534,103416.16347942423,428534.502513716,955
total_flux_x,fixed_initial,4200,6000,820.7271717566915,-77203.49031263943,85511.1493568221,491314.6508542591,841
total_flux_x,fixed_initial,4200,6000,941.5399890746453,-2826.6161403136066,96799.86740577105,581500.4022550844,612
total_flux_x,fixed_initial,4200,6000,1068.3934472584967,112336.06920159044,169104.89542268464,659047.9721895324,455
total_flux_x,fixed_initial,4200,6000,1201.5895783515407,262580.83102173684,291373.5132449486,764676.3338445248,274
total_flux_x,fixed_initial,4200,6000,1341.445515999237,412847.20076708146,422982.76004695497,910093.6749905581,141
total_flux_x,fixed_initial,4200,6000,1488.294250529318,494543.18123512017,504544.36673620145,1086682.4759528267,105
total_flux_x,fixed_initial,4200,6000,1642.4854217859033,479696.268924402,495134.78105980123,1195985.9703885773,103
total_flux_x,fixed_initial,4200,6000,1804.3861516053175,340893.5101969978,363313.82563400257,1209704.165103379,106
total_flux_x,fixed_initial,4200,6000,1974.3819179157026,111733.72173570163,207458.5100585625,1173210.2655492777,325
total_flux_y,fixed_initial,4200,6000,39.88822936505957,3451.9848797578798,25397.22554342144,145699.4115292194,323
total_flux_y,fixed_initial,4200,6000,121.65909956343168,-40765.262409947594,40765.262409947594,152261.22310712887,1015
total_flux_y,fixed_initial,4200,6000,207.51851327172238,-97835.89092276344,97835.89092276344,202537.9453606896,1015
total_flux_y,fixed_initial,4200,6000,297.6708976654277,-169980.98956092604,169980.98956092604,282955.72399842006,1015
total_flux_y,fixed_initial,4200,6000,392.33090127881815,-242810.17609122655,242810.17609122655,371277.9735291926,1015
total_flux_y,fixed_initial,4200,6000,491.72390507287827,-303114.3776343684,303114.3776343684,453851.23578577937,1015
total_flux_y,fixed_initial,4200,6000,596.0865590566414,-340426.61372011027,340426.61372011027,547305.0552963833,1015
total_flux_y,fixed_initial,4200,6000,705.6673457395926,-368027.1537833587,368027.1537833587,647164.2999150208,1015
total_flux_y,fixed_initial,4200,6000,820.7271717566915,-317802.08835928823,318018.8657852649,740946.5264469143,1001
total_flux_y,fixed_initial,4200,6000,941.5399890746453,-307443.335823059,307852.8441558255,888038.8626826098,994
total_flux_y,fixed_initial,4200,6000,1068.3934472584967,-350333.9404174324,350333.9404174324,980325.4634775757,1015
total_flux_y,fixed_initial,4200,6000,1201.5895783515407,-400435.77771978406,400435.77771978406,1042576.7390428666,1015
total_flux_y,fixed_initial,4200,6000,1341.445515999237,-448909.5586860265,448909.5586860265,1104710.1586365784,1015
total_flux_y,fixed_initial,4200,6000,1488.294250529318,-464420.5472347196,465170.24778511573,1152745.4763744604,981
total_flux_y,fixed_initial,4200,6000,1642.4854217859033,-423988.25794102927,451236.088282918,1192280.5806836789,853
total_flux_y,fixed_initial,4200,6000,1804.3861516053175,-333439.36019852036,418784.9035138052,1216509.3646053302,743
total_flux_y,fixed_initial,4200,6000,1974.3819179157026,-203582.93903453156,386158.49263536354,1238777.1578645846,608
total_flux_z,fixed_initial,4200,6000,39.88822936505957,-10338.262191190695,16013.92237259271,186165.1299974569,851
total_flux_z,fixed_initial,4200,6000,121.65909956343168,95595.14721203278,95595.14721203278,236111.21396898333,0
total_flux_z,fixed_initial,4200,6000,207.51851327172238,187693.73276360298,187693.73276360298,339676.20954445365,0
total_flux_z,fixed_initial,4200,6000,297.6708976654277,282649.8982924575,282649.8982924575,469826.0028055144,0
total_flux_z,fixed_initial,4200,6000,392.33090127881815,356980.7706812589,356980.7706812589,587108.9712072411,0
total_flux_z,fixed_initial,4200,6000,491.72390507287827,413620.8220775789,413620.8220775789,698699.1425677795,0
total_flux_z,fixed_initial,4200,6000,596.0865590566414,458336.7717248664,458336.7717248664,805267.1882598551,0
total_flux_z,fixed_initial,4200,6000,705.6673457395926,510898.8601020522,510898.8601020522,863297.1344147676,0
total_flux_z,fixed_initial,4200,6000,820.7271717566915,468274.0103892315,468274.0103892315,921663.5829399433,0
total_flux_z,fixed_initial,4200,6000,941.5399890746453,400038.615701468,421841.7974302246,1049812.148482508,127
total_flux_z,fixed_initial,4200,6000,1068.3934472584967,337827.7530040875,403718.756299332,1108422.380540861,241
total_flux_z,fixed_initial,4200,6000,1201.5895783515407,239993.3740170205,403206.74471510545,1175455.2008029774,369
total_flux_z,fixed_initial,4200,6000,1341.445515999237,134962.4611442025,441537.6910498203,1276069.1891191313,460
total_flux_z,fixed_initial,4200,6000,1488.294250529318,70375.25052180362,504843.65288914106,1437142.556780389,519
total_flux_z,fixed_initial,4200,6000,1642.4854217859033,53922.03699578706,524246.0899418583,1532757.311819816,562
total_flux_z,fixed_initial,4200,6000,1804.3861516053175,115852.68494203815,468076.727236193,1526374.2308152309,574
total_flux_z,fixed_initial,4200,6000,1974.3819179157026,213344.76029556344,387337.8197829953,1442322.0416353426,550
total_roundoff,fixed_initial,4200,6000,39.88822936505957,-5.967867089992206e-11,9.057194854137848e-10,1.5057383749172862e-08,522
total_roundoff,fixed_initial,4200,6000,121.65909956343168,3.9369473054328546e-12,8.676669719013641e-10,1.5088023270549457e-08,488
total_roundoff,fixed_initial,4200,6000,207.51851327172238,-1.1657416212760201e-11,9.467004422925062e-10,1.6047866444018194e-08,500
total_roundoff,fixed_initial,4200,6000,297.6708976654277,4.016697939223366e-11,1.0107688426374422e-09,1.7431925303513623e-08,483
total_roundoff,fixed_initial,4200,6000,392.33090127881815,-4.166733982078195e-12,1.1811332637424969e-09,1.957668275133993e-08,496
total_roundoff,fixed_initial,4200,6000,491.72390507287827,9.488187874138112e-11,1.3136844451407744e-09,2.2084524913666855e-08,506
total_roundoff,fixed_initial,4200,6000,596.0865590566414,7.504490752370577e-11,1.565480771646428e-09,2.452296508102179e-08,488
total_roundoff,fixed_initial,4200,6000,705.6673457395926,9.668049518311874e-11,1.7219084747227694e-09,2.681680669380096e-08,486
total_roundoff,fixed_initial,4200,6000,820.7271717566915,2.6291123412461564e-12,1.932294729496513e-09,2.9093027545569342e-08,493
total_roundoff,fixed_initial,4200,6000,941.5399890746453,-9.023945226314682e-11,2.1230128159616503e-09,3.041767806769458e-08,516
total_roundoff,fixed_initial,4200,6000,1068.3934472584967,-5.15575187320168e-11,2.0331061820864243e-09,3.111026744801148e-08,522
total_roundoff,fixed_initial,4200,6000,1201.5895783515407,1.5833119320837778e-11,2.0270448304094985e-09,2.9784971449680394e-08,512
total_roundoff,fixed_initial,4200,6000,1341.445515999237,-4.409883789312595e-11,1.9565553891500137e-09,2.9108008171714437e-08,509
total_roundoff,fixed_initial,4200,6000,1488.294250529318,-4.685251921946345e-11,2.1096327880817294e-09,2.8972686815797208e-08,510
total_roundoff,fixed_initial,4200,6000,1642.4854217859033,4.4316800900388116e-11,2.237154242882937e-09,2.94004629769503e-08,511
total_roundoff,fixed_initial,4200,6000,1804.3861516053175,1.4483766359115082e-10,2.2451582392134023e-09,2.858299657903233e-08,502
total_roundoff,fixed_initial,4200,6000,1974.3819179157026,-4.9286665243855597e-11,2.236672443935682e-09,2.8324217873475915e-08,522
total_other,fixed_initial,4200,6000,39.88822936505957,1593.1009148300996,1593.1009148300996,9743.014223892016,0
total_other,fixed_initial,4200,6000,121.65909956343168,1281.745336391336,1281.745336391336,11467.998336788904,0
total_other,fixed_initial,4200,6000,207.51851327172238,1004.208064492806,1635.486593631938,6159.352859694205,378
total_other,fixed_initial,4200,6000,297.6708976654277,1008.7164087470319,1611.5162777166995,5789.80967372076,380
total_other,fixed_initial,4200,6000,392.33090127881815,1004.3978172974258,1592.9557221478192,5448.880726416991,382
total_other,fixed_initial,4200,6000,491.72390507287827,1004.0587094122811,1602.9003943841153,5230.765526899349,384
total_other,fixed_initial,4200,6000,596.0865590566414,976.5503702967936,1637.7019169218897,5100.87494985352,402
total_other,fixed_initial,4200,6000,705.6673457395926,773.3876869210129,1453.0721498294747,4780.682667241075,442
total_other,fixed_initial,4200,6000,820.7271717566915,545.8789261911471,1155.404985158568,4251.042402698416,494
total_other,fixed_initial,4200,6000,941.5399890746453,633.1469252911924,959.9598015319193,3662.8632407926843,469
total_other,fixed_initial,4200,6000,1068.3934472584967,859.2982939761046,863.7334551039099,3197.8743938042235,77
total_other,fixed_initial,4200,6000,1201.5895783515407,852.1157664738698,852.1157664738698,3214.7379031415567,0
total_other,fixed_initial,4200,6000,1341.445515999237,391.3458425621847,487.3573274586934,3602.1943687225153,326
total_other,fixed_initial,4200,6000,1488.294250529318,-419.5171579390195,590.7395369551837,4259.646555150803,784
total_other,fixed_initial,4200,6000,1642.4854217859033,-1456.616151464007,1456.616151464007,4975.299833338469,1015
total_other,fixed_initial,4200,6000,1804.3861516053175,-2479.320837729268,2479.320837729268,5733.782380188659,1015
total_other,fixed_initial,4200,6000,1974.3819179157026,-3171.366368357794,3171.366368357794,6419.068181237063,1015
les_injection,fixed_initial,4200,6000,39.88822936505957,-42.267806023005974,255.1049144139163,3260.9232432866847,799
les_injection,fixed_initial,4200,6000,121.65909956343168,-22867.528119120947,22867.528119120947,56301.41730326346,1015
les_injection,fixed_initial,4200,6000,207.51851327172238,-29075.67701175175,29075.67701175175,90496.20064106965,1015
les_injection,fixed_initial,4200,6000,297.6708976654277,-35350.52053804258,35350.52053804258,102967.55564340868,1015
les_injection,fixed_initial,4200,6000,392.33090127881815,-23530.573896184476,28145.0037542251,101052.32342484489,838
les_injection,fixed_initial,4200,6000,491.72390507287827,-501.1065644863029,13863.413869871703,84889.78427680294,556
les_injection,fixed_initial,4200,6000,596.0865590566414,19381.390541465396,19381.390541465396,84404.44380844128,0
les_injection,fixed_initial,4200,6000,705.6673457395926,16681.175844931677,16681.175844931677,75069.7505165448,0
les_injection,fixed_initial,4200,6000,820.7271717566915,-10533.836239856748,10677.626316809346,55592.89371522659,917
les_injection,fixed_initial,4200,6000,941.5399890746453,-8716.536336342771,8860.048661320378,37516.484026300706,934
les_injection,fixed_initial,4200,6000,1068.3934472584967,3704.8946522453693,3795.8848792615267,25583.32114299094,76
les_injection,fixed_initial,4200,6000,1201.5895783515407,9645.605756401845,9645.605756401845,23400.042179638185,0
les_injection,fixed_initial,4200,6000,1341.445515999237,14427.027061487792,14427.027061487792,29446.384524153553,0
les_injection,fixed_initial,4200,6000,1488.294250529318,9079.439860563154,9079.439860563154,40152.00585800377,0
les_injection,fixed_initial,4200,6000,1642.4854217859033,-7523.883163713809,7915.845435799171,44355.91072756433,777
les_injection,fixed_initial,4200,6000,1804.3861516053175,-17003.202389118822,17003.202389118822,43034.369037680495,1015
les_injection,fixed_initial,4200,6000,1974.3819179157026,-8475.591546623256,9200.086576895488,39896.51494420982,749
les_muscl,fixed_initial,4200,6000,39.88822936505957,-21019.08993445571,21019.08993445571,38874.44949273008,1015
les_muscl,fixed_initial,4200,6000,121.65909956343168,7737.600047855657,15591.972544044482,77819.25939750056,505
les_muscl,fixed_initial,4200,6000,207.51851327172238,22564.610607840004,26027.804508616595,93855.4591099636,401
les_muscl,fixed_initial,4200,6000,297.6708976654277,38009.919084563146,38009.919084563146,104216.35295017317,0
les_muscl,fixed_initial,4200,6000,392.33090127881815,30894.66165698241,30894.66165698241,110726.02317989345,0
les_muscl,fixed_initial,4200,6000,491.72390507287827,9409.903259249877,9449.84765553501,106765.30809617028,31
les_muscl,fixed_initial,4200,6000,596.0865590566414,-13143.470497921813,14132.343631232625,106840.9523584077,801
les_muscl,fixed_initial,4200,6000,705.6673457395926,-16094.680051051344,20431.82798740264,93215.42477028872,773
les_muscl,fixed_initial,4200,6000,820.7271717566915,5445.079527885885,17718.274300119905,72713.74656155141,474
les_muscl,fixed_initial,4200,6000,941.5399890746453,-2016.5592388185578,20700.97160221073,62539.04128686545,531
les_muscl,fixed_initial,4200,6000,1068.3934472584967,-9760.914410422056,15600.787199728613,53632.53747446992,739
les_muscl,fixed_initial,4200,6000,1201.5895783515407,-9841.38177492124,9982.112006321484,48903.3116389584,963
les_muscl,fixed_initial,4200,6000,1341.445515999237,-13709.100355158975,13709.100355158975,52042.39873084123,1015
les_muscl,fixed_initial,4200,6000,1488.294250529318,-8520.58974343491,8704.07902136511,61084.36740937027,876
les_muscl,fixed_initial,4200,6000,1642.4854217859033,8472.239950283509,13014.95231153189,62281.75152996319,239
les_muscl,fixed_initial,4200,6000,1804.3861516053175,19666.043313626385,20649.73940143556,61553.5467385495,52
les_muscl,fixed_initial,4200,6000,1974.3819179157026,12421.444745706001,12423.352088265467,56990.584172900984,9
les_flux_x,fixed_initial,4200,6000,39.88822936505957,220.71462011923956,2224.014473474949,22241.10436582036,816
les_flux_x,fixed_initial,4200,6000,121.65909956343168,196.28592762962103,4435.800566345375,45093.331961842225,618
les_flux_x,fixed_initial,4200,6000,207.51851327172238,1202.7164351376775,3210.737479765293,54803.98838398743,463
les_flux_x,fixed_initial,4200,6000,297.6708976654277,-2315.5035656413,3794.127446640006,48046.32724372033,701
les_flux_x,fixed_initial,4200,6000,392.33090127881815,-2758.3573589860644,2978.3017378059467,49676.11609117761,819
les_flux_x,fixed_initial,4200,6000,491.72390507287827,-991.607272333091,2497.8167958190897,49955.98893814911,650
les_flux_x,fixed_initial,4200,6000,596.0865590566414,3704.7133040324507,4635.9197072109655,46179.75492242401,199
les_flux_x,fixed_initial,4200,6000,705.6673457395926,5678.287621586897,6484.876421034095,41112.606779064765,127
les_flux_x,fixed_initial,4200,6000,820.7271717566915,3889.618861836031,3919.1071696505724,29276.031501641286,25
les_flux_x,fixed_initial,4200,6000,941.5399890746453,3225.4657772882747,4029.9253711405804,29461.14969859951,235
les_flux_x,fixed_initial,4200,6000,1068.3934472584967,7522.403214084736,7522.403214084736,26181.10818405614,0
les_flux_x,fixed_initial,4200,6000,1201.5895783515407,2873.2135991933287,4970.212316790354,29829.714324253204,399
les_flux_x,fixed_initial,4200,6000,1341.445515999237,-6612.997730824287,7493.36352944488,34984.05034072709,763
les_flux_x,fixed_initial,4200,6000,1488.294250529318,-9189.364248636179,9197.258902945572,52640.94518192083,1007
les_flux_x,fixed_initial,4200,6000,1642.4854217859033,-2172.2152031629676,4512.012918448901,68675.42847226132,835
les_flux_x,fixed_initial,4200,6000,1804.3861516053175,8209.549095730315,8534.749072096954,78222.70338004333,46
les_flux_x,fixed_initial,4200,6000,1974.3819179157026,10992.901570070884,10992.901570070884,74859.05782845888,0
les_flux_y,fixed_initial,4200,6000,39.88822936505957,20578.374547414078,20578.374547414078,46643.753982698785,0
les_flux_y,fixed_initial,4200,6000,121.65909956343168,40619.59105383417,40619.59105383417,82877.13551326949,0
les_flux_y,fixed_initial,4200,6000,207.51851327172238,45375.64727786019,45375.64727786019,84218.14506479262,0
les_flux_y,fixed_initial,4200,6000,297.6708976654277,30409.76038039121,30409.76038039121,77129.23392975096,0
les_flux_y,fixed_initial,4200,6000,392.33090127881815,11667.55140071178,11667.55140071178,75023.04455649405,0
les_flux_y,fixed_initial,4200,6000,491.72390507287827,-8890.39271427301,8893.354863899078,73902.12685223877,974
les_flux_y,fixed_initial,4200,6000,596.0865590566414,-19953.039490891,19953.039490891,79628.5888092154,1015
les_flux_y,fixed_initial,4200,6000,705.6673457395926,-25059.579523646607,25086.995923661867,83643.02332163061,964
les_flux_y,fixed_initial,4200,6000,820.7271717566915,-21252.833897434244,21434.790078656526,88621.08379682968,912
les_flux_y,fixed_initial,4200,6000,941.5399890746453,-17667.07068226234,17667.07068226234,86032.50739488356,1015
les_flux_y,fixed_initial,4200,6000,1068.3934472584967,-14655.455054158268,15873.510338967168,65694.33770262953,936
les_flux_y,fixed_initial,4200,6000,1201.5895783515407,-937.8930314314448,14163.90331291564,67330.13315788166,572
les_flux_y,fixed_initial,4200,6000,1341.445515999237,14327.188857652747,19167.64659692061,73484.24010218575,293
les_flux_y,fixed_initial,4200,6000,1488.294250529318,17276.87034056952,17645.761634836694,78498.0779408871,86
les_flux_y,fixed_initial,4200,6000,1642.4854217859033,14416.610615209192,15983.874347875266,77418.42403845026,242
les_flux_y,fixed_initial,4200,6000,1804.3861516053175,8783.750079542055,14052.989793021294,68727.33049680649,413
les_flux_y,fixed_initial,4200,6000,1974.3819179157026,1002.1527492526689,8786.347503323273,54689.910746151596,679
les_flux_z,fixed_initial,4200,6000,39.88822936505957,-41818.17910198903,41818.17910198903,55093.7584806845,1015
les_flux_z,fixed_initial,4200,6000,121.65909956343168,-33078.276933608126,33078.276933608126,89720.59230405359,1015
les_flux_z,fixed_initial,4200,6000,207.51851327172238,-24013.753105157855,24026.753626286998,94316.88115990904,1001
les_flux_z,fixed_initial,4200,6000,297.6708976654277,9915.662269813223,14400.989464793176,101745.32488918265,366
les_flux_z,fixed_initial,4200,6000,392.33090127881815,21985.46761525669,22644.908627114208,113531.20781082512,158
les_flux_z,fixed_initial,4200,6000,491.72390507287827,19291.90324585599,19291.90324585599,110701.34497816092,0
les_flux_z,fixed_initial,4200,6000,596.0865590566414,3104.855688936744,8248.486562784477,118930.27499004506,374
les_flux_z,fixed_initial,4200,6000,705.6673457395926,3286.6118510083675,14494.541183006955,119534.11627078676,430
les_flux_z,fixed_initial,4200,6000,820.7271717566915,22808.2945634841,25066.734871351502,117943.0323677583,183
les_flux_z,fixed_initial,4200,6000,941.5399890746453,12425.045666155509,29490.67213439737,105710.90010216754,274
les_flux_z,fixed_initial,4200,6000,1068.3934472584967,-2627.8625703485195,21298.471699699658,85033.88481394551,558
les_flux_z,fixed_initial,4200,6000,1201.5895783515407,-11776.702342683124,15156.908026327908,77939.47222395406,733
les_flux_z,fixed_initial,4200,6000,1341.445515999237,-21423.291481987435,21423.60456889312,78597.54495574353,1014
les_flux_z,fixed_initial,4200,6000,1488.294250529318,-16608.095835368247,16646.52713511329,79516.51960915614,871
les_flux_z,fixed_initial,4200,6000,1642.4854217859033,-3772.1554617627153,13951.340272246314,81595.04628467673,390
les_flux_z,fixed_initial,4200,6000,1804.3861516053175,2672.7441383540186,13911.263573017499,73153.10335398623,281
les_flux_z,fixed_initial,4200,6000,1974.3819179157026,426.39042638244814,5990.684900703542,59781.001623560835,410
les_roundoff,fixed_initial,4200,6000,39.88822936505957,-1.9916465976113584e-12,1.1511675485313287e-10,7.085715913766014e-10,510
les_roundoff,fixed_initial,4200,6000,121.65909956343168,-1.0888142733684e-11,1.725012508106386e-10,1.729541424695946e-09,523
les_roundoff,fixed_initial,4200,6000,207.51851327172238,-4.134258548298054e-13,1.6613930302657051e-10,1.996466129669875e-09,502
les_roundoff,fixed_initial,4200,6000,297.6708976654277,1.3447379329512735e-11,1.630783505334063e-10,2.1155669057862274e-09,481
les_roundoff,fixed_initial,4200,6000,392.33090127881815,3.5637080810908213e-12,1.7003668368198735e-10,2.2266202896211403e-09,505
les_roundoff,fixed_initial,4200,6000,491.72390507287827,-1.2156833231574868e-11,1.520479203478298e-10,2.209448423974481e-09,525
les_roundoff,fixed_initial,4200,6000,596.0865590566414,-1.0611557580670573e-11,1.372658842793996e-10,1.876072417818145e-09,527
les_roundoff,fixed_initial,4200,6000,705.6673457395926,-3.088219015034445e-12,9.247983346102992e-11,1.3364918157623145e-09,511
les_roundoff,fixed_initial,4200,6000,820.7271717566915,-5.791962475606697e-12,7.924074943220013e-11,9.349208669641047e-10,538
les_roundoff,fixed_initial,4200,6000,941.5399890746453,-8.799789696270343e-13,6.187769264299927e-11,7.247786743984908e-10,503
les_roundoff,fixed_initial,4200,6000,1068.3934472584967,-1.0553296854117098e-12,5.0975906110388665e-11,6.121394528350802e-10,508
les_roundoff,fixed_initial,4200,6000,1201.5895783515407,9.032296382734888e-13,4.2203539755908276e-11,5.525061756000213e-10,514
les_roundoff,fixed_initial,4200,6000,1341.445515999237,1.6736102174428372e-12,3.750255737088144e-11,5.385226780002874e-10,503
les_roundoff,fixed_initial,4200,6000,1488.294250529318,-5.940347431151104e-13,4.165923045361398e-11,5.780613383776252e-10,508
les_roundoff,fixed_initial,4200,6000,1642.4854217859033,1.6594334782174627e-12,4.182548366790472e-11,5.844365987442677e-10,501
les_roundoff,fixed_initial,4200,6000,1804.3861516053175,1.6612461365828015e-12,3.892024742663593e-11,5.379673505263267e-10,524
les_roundoff,fixed_initial,4200,6000,1974.3819179157026,1.8466377467325835e-12,3.393658469845418e-11,4.527383563473499e-10,490
