term,radius_m,mask_mode,level_m,signed_sum_m2_s,sum_abs_step_integrals_m2_s,sum_step_spatial_abs_m2_s,sum_abs_block_integrals_m2_s,sum_block_spatial_abs_m2_s,negative_steps,negative_blocks,spatial_retained_at_step_cadence,temporal_retained_signed,block_vs_step_spatial_retained
total_les,1200.0,moving_end,39.88822936505957,-932.1159554051108,932.1159554051108,1814.8665265054465,932.1159554051108,1681.8392773622174,1015,9,0.5136002795753329,1.0,0.9267013594661558
total_les,1200.0,moving_end,121.65909956343168,1935.5396979209559,1935.5396979209559,2858.444880743138,1935.539697920956,2588.582373782957,0,0,0.6771303203921688,1.0,0.9055911454587774
total_les,1200.0,moving_end,207.51851327172238,632.4741348161468,690.8314021070397,1924.2396741087844,632.474134816147,1670.5523843779056,106,0,0.3590152575078776,0.9155260355668505,0.8681623224256747
total_les,1200.0,moving_end,297.6708976654277,114.26040779323031,504.15565523200837,1956.9734681449936,270.95925756120386,1687.0710586048892,421,3,0.2576200768372681,0.22663716375580195,0.8620817226531212
total_les,1200.0,moving_end,392.33090127881815,-379.3595847665742,652.8293860893211,2166.5732515316936,519.3024908641293,1930.470324687277,673,6,0.3013188617683676,0.5811006563890639,0.8910247199454254
total_les,1200.0,moving_end,491.72390507287827,-666.6680478050483,852.193618884925,2194.6588396485076,771.2887266928735,2015.6497786132143,722,6,0.3883034590567209,0.7822964559126453,0.9184342195691959
total_les,1200.0,moving_end,596.0865590566414,-280.7755121744249,613.5993815602553,1672.5292170027842,479.42500829723144,1525.7261960340704,643,6,0.3668691556012644,0.4575876713898754,0.9122269318369286
total_les,1200.0,moving_end,705.6673457395926,180.92807076749517,985.4287796887704,2342.7171916973475,956.5809521626645,2220.642971652025,495,3,0.42063497172478026,0.18360339630494452,0.9478920372984171
total_les,1200.0,moving_end,820.7271717566915,491.53050395395303,1367.538500087498,3215.69025197241,1353.3567913014763,3016.1527627893897,453,3,0.4252705929150639,0.359427178044716,0.9379487843828771
total_les,1200.0,moving_end,941.5399890746453,-276.44358549619375,984.4089547909083,4408.166398459094,882.6262331514732,4257.123333739148,697,6,0.2233148356502639,0.2808218923149793,0.9657356254127012
total_les,1200.0,moving_end,1068.3934472584967,638.6621778509463,785.118742314055,3003.626123354623,769.7876204337892,2706.1874201169453,245,2,0.2613903029439593,0.8134593449757124,0.9009734597375652
total_les,1200.0,moving_end,1201.5895783515407,1515.3993037503183,1592.7193579343439,1816.6163688536249,1586.362587925544,1757.789517656456,138,1,0.8767505265514198,0.9514540626389417,0.9676173504732364
total_les,1200.0,moving_end,1341.445515999237,1041.6682258813644,1047.2235174726388,1069.9284434978904,1044.648702040286,1064.7059948259152,42,1,0.9787790238092718,0.9946952188347703,0.9951188804225995
total_les,1200.0,moving_end,1488.294250529318,534.2889345237495,534.2889345237495,610.7547499533499,534.2889345237495,561.8452984611615,0,0,0.874801112172372,1.0,0.9199196543360094
total_les,1200.0,moving_end,1642.4854217859033,273.17499128288193,277.90686295398217,524.1041510107727,273.17499128288193,485.5835561736197,66,0,0.5302512151793087,0.982973174462828,0.9265020229989339
total_les,1200.0,moving_end,1804.3861516053175,158.85322252974387,279.3946381442042,494.3141969136769,253.9563455016925,424.1063814407703,257,3,0.5652166979800409,0.5685621727921452,0.8579692513157433
total_les,1200.0,moving_end,1974.3819179157026,157.8740916235037,200.8965534409777,392.1774489856509,159.39333811525623,353.42408890911935,229,2,0.5122593202658324,0.7858476858832038,0.901184119135954
total_les,1200.0,moving_symmetric,39.88822936505957,-930.2058755184803,930.2058755184803,1833.4473069028832,930.2058755184803,1700.5691560593987,1015,9,0.5073534821624153,1.0,0.9275255141812903
total_les,1200.0,moving_symmetric,121.65909956343168,1810.8436718870796,1810.9672023440908,2827.4159152368347,1810.8436718870798,2538.4040254445017,5,0,0.6405025849167993,0.9999317875791173,0.897782321930474
total_les,1200.0,moving_symmetric,207.51851327172238,894.0711327445872,908.8704913509846,2126.8210182873063,894.0711327445873,1873.9171143299266,32,0,0.4273375538120659,0.9837167575059027,0.881088299493561
total_les,1200.0,moving_symmetric,297.6708976654277,448.1978742260258,654.4803676438673,2099.250171398895,563.3454889810994,1819.0116158851843,265,2,0.3117686384218493,0.6848148491291502,0.8665054030568611
total_les,1200.0,moving_symmetric,392.33090127881815,10.585851209253974,638.1187951787101,2180.21240337375,549.0309624629358,1910.8070485564922,369,4,0.29268652640965576,0.016589154385100544,0.8764316016180951
total_les,1200.0,moving_symmetric,491.72390507287827,-266.4849120855738,758.3959654768025,2136.508113308134,698.5478356103888,1930.2688116840438,514,5,0.35496985045496254,0.3513796541863657,0.9034689827108812
total_les,1200.0,moving_symmetric,596.0865590566414,-14.629644736883677,624.0744707477227,1639.4505576062788,582.8445823307668,1483.0707795351782,422,4,0.3806607450601733,0.023442145805700806,0.9046145201844776
total_les,1200.0,moving_symmetric,705.6673457395926,482.2957806368489,677.6010711722477,2039.486880850005,560.5233823379332,1916.2588408738277,250,2,0.33224095606334136,0.7117695073924231,0.9395789003924266
total_les,1200.0,moving_symmetric,820.7271717566915,942.5230554716574,1230.1726706538714,2953.0059466727653,1091.4241602633158,2765.047569245905,298,3,0.41658320127663184,0.7661713497266037,0.9363501527524392
total_les,1200.0,moving_symmetric,941.5399890746453,524.4473657422036,949.5535545810428,3898.3173647109393,889.1045963328768,3733.7385072692514,355,2,0.24358036192147028,0.5523094123675811,0.9577820782547058
total_les,1200.0,moving_symmetric,1068.3934472584967,866.8628356840194,946.5063280464834,2649.206944389187,910.2241166444782,2403.542833759992,209,1,0.3572791208520383,0.9158552985833258,0.9072688107097513
total_les,1200.0,moving_symmetric,1201.5895783515407,1062.7941771230567,1179.0046717912064,1395.493641255966,1178.026200922756,1339.394845759836,190,2,0.8448656711399157,0.9014333891556201,0.9598000350287228
total_les,1200.0,moving_symmetric,1341.445515999237,685.0289497501192,690.6295487185988,727.4524761439038,688.0832927471813,722.234502894777,42,1,0.9493809855174364,0.9918905888419182,0.992827059608366
total_les,1200.0,moving_symmetric,1488.294250529318,384.7525369501934,384.7525369501934,451.6179629856213,384.7525369501934,423.7518058973401,0,0,0.8519425011499006,1.0,0.9382970577519556
total_les,1200.0,moving_symmetric,1642.4854217859033,240.7621715493584,240.79175331391212,388.008478518381,240.7621715493584,362.5557740408557,5,0,0.6205837414516837,0.9998771479332386,0.9344016796367001
total_les,1200.0,moving_symmetric,1804.3861516053175,168.1551290710974,191.10183547093646,360.54818327509236,172.91497844825,321.29401649880117,256,3,0.5300313365471291,0.8799241967336893,0.8911264330339423
total_les,1200.0,moving_symmetric,1974.3819179157026,137.2733636812947,159.2906493001078,313.22132288297905,141.88912552741982,288.9072192928577,348,3,0.5085562114161031,0.8617791708706521,0.9223740473147634
total_les,1200.0,fixed_initial,39.88822936505957,-66.0362008249781,477.2683335558019,1300.3081930150122,411.3547028759144,1198.9809756737845,574,5,0.3670424720228551,0.13836283738539126,0.9220744605890075
total_les,1200.0,fixed_initial,121.65909956343168,3260.9749065428255,3260.9749065428255,6080.924121602235,3260.9749065428255,5769.32824334947,0,0,0.5362630484005457,1.0,0.9487584663084623
total_les,1200.0,fixed_initial,207.51851327172238,1814.0146223505735,1824.2649561280884,3153.771338894577,1814.0146223505733,2931.4184607900015,45,0,0.578439195521229,0.994381115669036,0.9294961954399293
total_les,1200.0,fixed_initial,297.6708976654277,1148.0005485859394,1365.6055416896902,1876.2797721137313,1363.1596612188066,1722.6684909605463,108,1,0.7278261813542131,0.840653112146496,0.918129863447745
total_les,1200.0,fixed_initial,392.33090127881815,728.6842871287095,1236.5495016882219,1747.410907905763,1222.2279139745426,1632.2917851821796,255,3,0.7076466651854667,0.5892884078913622,0.9341201761973941
total_les,1200.0,fixed_initial,491.72390507287827,420.8942485980167,1222.4886705262122,1807.3566074168607,1221.5649385834304,1746.4384450982811,306,3,0.6763959395226585,0.3442929646266951,0.9662943316949243
total_les,1200.0,fixed_initial,596.0865590566414,516.9830185619637,1116.75289531592,1633.353387691525,973.9137594444348,1385.8349836401499,216,2,0.6837178676283063,0.46293411974160464,0.8484599806039516
total_les,1200.0,fixed_initial,705.6673457395926,455.62525325569237,1303.3910736579546,1984.412636040141,1150.0099127835583,1690.1647149549926,238,3,0.6568145404772505,0.349569106666493,0.8517203953748679
total_les,1200.0,fixed_initial,820.7271717566915,809.0889119395142,1248.1696462791137,2157.9814584720225,987.0718594309536,1901.5246913924311,209,2,0.5783968353291095,0.6482203075130598,0.8811589571018938
total_les,1200.0,fixed_initial,941.5399890746453,1252.525616861783,1278.0538077318342,2298.774711155486,1252.525616861783,2109.8960540275825,99,0,0.555971753791139,0.9800257307512301,0.917835072653569
total_les,1200.0,fixed_initial,1068.3934472584967,696.1794523406518,708.4177095722862,1579.8485889975,701.7368426043303,1452.9378475709723,123,1,0.44840860985407205,0.9827245182238268,0.9196690478376416
total_les,1200.0,fixed_initial,1201.5895783515407,233.46191631540228,428.8566813402013,987.7907261177739,428.2989368587026,844.2185030634153,545,4,0.43415742829019927,0.544382136208816,0.8546531980325146
total_les,1200.0,fixed_initial,1341.445515999237,112.84553963397273,136.2969408231142,624.4055154307705,120.38831223357988,460.01454328260536,403,2,0.21828273046096405,0.8279389027551497,0.7367240229536511
total_les,1200.0,fixed_initial,1488.294250529318,68.72866557093778,82.33988067194628,380.55670232564,73.27703881151626,316.53264577996794,339,2,0.21636691764658122,0.8346947434228439,0.8317621102074637
total_les,1200.0,fixed_initial,1642.4854217859033,35.449121198835364,44.552384321200584,256.94134578702926,40.294935706568985,179.67151529625937,333,3,0.17339515438721442,0.7956728183898035,0.6992705465362649
total_les,1200.0,fixed_initial,1804.3861516053175,56.06439086060471,60.62086729841285,209.86756609060424,59.33670819700332,132.91376326153812,293,3,0.2888529582138554,0.9248365020022168,0.6333220789540984
total_les,1200.0,fixed_initial,1974.3819179157026,70.88848989958238,85.26662328228417,228.3195682617557,72.7535453468489,191.2320442375541,197,2,0.3734529805370459,0.8313744249599112,0.8375630949788639
total_les,2400.0,moving_end,39.88822936505957,-159.92052319982957,159.92052319982957,4074.738289481582,159.92052319982955,3844.842267889426,1015,9,0.039246820737578174,1.0,0.9435801749070355
total_les,2400.0,moving_end,121.65909956343168,4600.871390948626,4600.871390948626,12824.391545890676,4600.871390948627,11937.546427702282,0,0,0.3587594292083888,1.0,0.9308470023692808
total_les,2400.0,moving_end,207.51851327172238,-135.31686767747365,886.1859113069731,8309.40461048716,561.9183682810307,7675.443704972612,447,4,0.10664854497379185,0.15269580113037945,0.923705616078144
total_les,2400.0,moving_end,297.6708976654277,-2529.1627095255462,2533.037195540144,9655.187724538642,2529.1627095255462,9052.56898795705,995,9,0.26234986494384094,0.9984704188231348,0.9375860155416721
total_les,2400.0,moving_end,392.33090127881815,-3594.3745584567123,3594.3745584567123,10443.575971841929,3594.3745584567123,9852.466876439636,1015,9,0.34417086332764757,1.0,0.9433997419087057
total_les,2400.0,moving_end,491.72390507287827,-4591.751159206156,4591.751159206156,11524.814162771752,4591.751159206156,11009.171593143637,1015,9,0.3984230109357205,1.0,0.9552580577573407
total_les,2400.0,moving_end,596.0865590566414,-2641.632418331051,7284.739023842118,12985.052323436561,7284.739023842119,12536.749158884191,584,5,0.561009601069838,0.36262553945793946,0.9654754441194485
total_les,2400.0,moving_end,705.6673457395926,-2418.608974551012,6199.3862989533045,14038.02388909008,6103.837586501339,13205.663096512968,628,5,0.4416138872488511,0.39013683902217333,0.9407066978120762
total_les,2400.0,moving_end,820.7271717566915,-771.6682961694218,2106.4387795570183,14190.951899255755,1548.7362464747544,13178.305423088404,717,7,0.1484353406671395,0.36633787018092345,0.9286413988746971
total_les,2400.0,moving_end,941.5399890746453,2936.9486633787365,3404.4215655300804,15567.133672456537,3117.3167895414745,14734.56291346318,211,3,0.21869289730283745,0.8626865406785905,0.9465174015646532
total_les,2400.0,moving_end,1068.3934472584967,5265.218686336922,5375.149740499366,11979.218930670817,5337.726314264204,11250.222228024397,97,2,0.44870619458645844,0.9795482806117637,0.9391448885886922
total_les,2400.0,moving_end,1201.5895783515407,5243.895919648063,5243.895919648063,7252.2275297505985,5243.895919648063,7021.100732356992,0,0,0.7230738277496375,1.0,0.9681302335805845
total_les,2400.0,moving_end,1341.445515999237,2942.3180232701015,2951.5397089092853,4578.63890905904,2942.3180232701006,4349.630313189862,19,0,0.6446325573020255,0.996875635583913,0.9499832591261839
total_les,2400.0,moving_end,1488.294250529318,404.7081676089918,1391.7758295351582,4319.43119314184,1237.3055593253412,3905.5669465797328,417,4,0.3222127561019944,0.2907854548272771,0.9041854753423973
total_les,2400.0,moving_end,1642.4854217859033,-1959.2587012142694,2456.625847640161,5400.623880992467,2286.9632077634315,5076.633996659669,858,7,0.4548781588524008,0.797540538416274,0.9400088042655437
total_les,2400.0,moving_end,1804.3861516053175,-3404.0129499923555,3412.690418831943,6172.032229176333,3404.0129499923555,5953.112989670594,1002,9,0.5529281591725214,0.9974572938723936,0.9645304445315649
total_les,2400.0,moving_end,1974.3819179157026,-4088.992280400913,4088.992280400913,6465.153390509366,4088.992280400912,6262.652462522045,1015,9,0.6324663984621649,1.0,0.9686780938121925
total_les,2400.0,moving_symmetric,39.88822936505957,-239.14839099749514,239.14839099749514,4171.817677393622,239.14839099749514,3939.461478773346,1015,9,0.05732474654714659,1.0,0.944303366880251
total_les,2400.0,moving_symmetric,121.65909956343168,5260.857831111999,5260.857831111999,14164.92349670691,5260.857831111999,13227.806290955656,0,0,0.37140037024097267,1.0,0.9338424096699769
total_les,2400.0,moving_symmetric,207.51851327172238,252.7208604303621,1331.5101376091525,8964.044802826227,712.6939298746674,8139.086338970073,383,3,0.14853898735416265,0.18980017747678993,0.9079702877437585
total_les,2400.0,moving_symmetric,297.6708976654277,-1509.9801669040933,1816.5496749408298,9603.596509097977,1509.980166904093,8913.437290540476,816,9,0.18915306085797332,0.8312352740660822,0.9281353378493487
total_les,2400.0,moving_symmetric,392.33090127881815,-2701.733078663952,2701.733078663952,10105.796491461748,2701.733078663952,9467.120194184474,1015,9,0.2673448927006011,1.0,0.9368009935865141
total_les,2400.0,moving_symmetric,491.72390507287827,-3834.4879799549044,3834.4879799549044,10846.782950089944,3834.487979954905,10292.500506685752,1015,9,0.35351384807816294,1.0,0.948898908924918
total_les,2400.0,moving_symmetric,596.0865590566414,-2612.0769306688135,6100.11000828,12039.73951691178,6100.110008279999,11583.58846789026,584,5,0.5066646167644574,0.42820161064690704,0.9621128805668278
total_les,2400.0,moving_symmetric,705.6673457395926,-2195.9958394456444,6459.44519782295,13297.451989260559,6381.590130942774,12589.949690828387,624,5,0.48576563412598156,0.3399666336956878,0.9467941452991466
total_les,2400.0,moving_symmetric,820.7271717566915,-1113.5317849516834,2681.246902828877,13513.109492554995,2633.662437633217,12577.39753645459,686,6,0.19841820302766744,0.4153037095453016,0.9307552449999807
total_les,2400.0,moving_symmetric,941.5399890746453,2076.551552909124,2565.379154256547,14581.207473376864,2393.9115613830368,13706.36380267284,251,2,0.17593736039628755,0.8094521035861905,0.9400019736156036
total_les,2400.0,moving_symmetric,1068.3934472584967,4670.112818823235,4814.0205634300655,11334.146826245265,4801.477352194448,10576.9872690706,118,2,0.4247360332656672,0.9701065372050895,0.9331965988457647
total_les,2400.0,moving_symmetric,1201.5895783515407,5031.514041606351,5031.514041606351,6646.9745386900195,5031.5140416063505,6425.252411714815,0,0,0.7569630381942095,1.0,0.9666431508523724
total_les,2400.0,moving_symmetric,1341.445515999237,2995.8670051834983,2995.8670051834983,4085.3848984613273,2995.867005183499,3904.1563678396997,0,0,0.7333132812802602,1.0,0.9556397903438955
total_les,2400.0,moving_symmetric,1488.294250529318,911.2742602912241,1180.7431350738586,3601.0590247592436,989.6672461144759,3282.9963643716733,249,2,0.3278877482861586,0.7717802739833177,0.9116752438100247
total_les,2400.0,moving_symmetric,1642.4854217859033,-963.4764892408937,1537.1310469402113,4286.2579962317395,1317.8373876067194,4013.5816816569118,773,6,0.35861841454517646,0.6268017884088508,0.9363835973442217
total_les,2400.0,moving_symmetric,1804.3861516053175,-2131.6453459687496,2151.8816376220784,4857.238173945381,2131.6453459687496,4622.140774321046,993,9,0.4430257608459362,0.9905960015181454,0.9515985440274646
total_les,2400.0,moving_symmetric,1974.3819179157026,-2821.1418201240167,2821.1418201240167,5333.440336336373,2821.1418201240167,5131.301232779045,1015,9,0.528953478846246,1.0,0.962099678479542
total_les,2400.0,fixed_initial,39.88822936505957,-362.2573591411965,683.4428232481544,3950.9621242257926,619.8311275328732,3715.5301447854495,780,7,0.1729813654900774,0.5300477915906988,0.9404114815485666
total_les,2400.0,fixed_initial,121.65909956343168,1654.3430717182905,3558.61042422438,24268.945628385503,3208.7803009575237,22704.072173530338,323,4,0.14663226325177264,0.46488456855427335,0.9355195121033666
total_les,2400.0,fixed_initial,207.51851327172238,2832.91496880699,5479.999183841849,17477.29309860669,4575.468319565773,15851.83019525686,376,3,0.3135496528509167,0.516955363270862,0.9069957290194205
total_les,2400.0,fixed_initial,297.6708976654277,8771.198403954715,9751.085416404767,17022.414980434252,9702.404236745882,15658.480989960528,237,2,0.5728379567536551,0.8995099549839307,0.9198742368787599
total_les,2400.0,fixed_initial,392.33090127881815,9708.034546743409,10679.707033824878,18157.028598424426,10657.281093824193,17406.28353238237,183,2,0.5881858353602862,0.9090169342657081,0.9586526472670093
total_les,2400.0,fixed_initial,491.72390507287827,7546.128864398239,9391.891736163681,16368.184361104095,9388.83760086925,15674.82585238647,197,2,0.5737894643025736,0.8034727269418691,0.9576398644210496
total_les,2400.0,fixed_initial,596.0865590566414,1751.5107216344002,6469.325220857778,12555.685228491082,6449.17108202383,11746.687323619419,289,3,0.5152506695674186,0.27074086737629877,0.9355672040076393
total_les,2400.0,fixed_initial,705.6673457395926,1021.2048184692485,6094.349274603759,11940.468290534525,5645.969032239148,11160.56168110293,389,3,0.5103944942791637,0.16756585034021454,0.9346837502135621
total_les,2400.0,fixed_initial,820.7271717566915,4556.615099502578,6978.984480782321,12931.98268289779,6520.457077524705,12201.208744020361,404,3,0.5396685606462995,0.652905177257508,0.943490959058903
total_les,2400.0,fixed_initial,941.5399890746453,6705.559186597402,6705.559186597402,12468.902077564919,6705.559186597402,11956.259228467869,0,0,0.5377826487756768,1.0,0.9588862879900677
total_les,2400.0,fixed_initial,1068.3934472584967,4127.211073981985,4127.211073981985,7686.770396544591,4127.211073981985,7175.978585933186,0,0,0.5369239434857163,1.0,0.9335492301368831
total_les,2400.0,fixed_initial,1201.5895783515407,2045.7622232150597,2045.7622232150597,3811.8381111083677,2045.7622232150595,3562.0979404277905,0,0,0.5366865442824942,1.0,0.9344830070425104
total_les,2400.0,fixed_initial,1341.445515999237,878.2191761081098,878.2191761081098,1766.6588525684124,878.2191761081098,1568.9877244554634,0,0,0.4971073927664829,1.0,0.8881101873032421
total_les,2400.0,fixed_initial,1488.294250529318,366.27668055281555,393.07528793780466,1222.438236794329,388.8079897882084,1125.274278975614,142,1,0.3215502232395715,0.931823220112404,0.9205162642216479
total_les,2400.0,fixed_initial,1642.4854217859033,87.46278307401667,363.68130158778274,1117.536827181692,334.58162827215597,986.531419151074,211,2,0.32543115604068995,0.24049293348920095,0.8827730730261485
total_les,2400.0,fixed_initial,1804.3861516053175,119.77694280723188,315.8058959022343,1258.1291464728665,314.20865724497787,1105.8231356199724,319,3,0.25101230409261893,0.3792739285789391,0.8789424668525642
total_les,2400.0,fixed_initial,1974.3819179157026,473.9955417696943,637.9900153348199,2049.906080644161,630.9150810560432,1865.809191673421,175,2,0.3112289003671516,0.7429513477901992,0.9101925250580799
total_les,4200.0,moving_end,39.88822936505957,-263.7762664128444,263.7762664128444,6852.033180806948,263.7762664128443,6488.783039442864,1015,9,0.038496057951339355,1.0,0.9469865174643967
total_les,4200.0,moving_end,121.65909956343168,-5667.450852903773,6427.207480065882,52544.98034805809,6371.7019625475505,50347.778855940865,933,8,0.1223182012342957,0.8817905553043822,0.958184369323902
total_les,4200.0,moving_end,207.51851327172238,-6574.377407474372,13089.331853683812,41615.65592680809,12934.37082214949,38605.235158609175,559,4,0.314529029091955,0.5022699004780832,0.927661340398106
total_les,4200.0,moving_end,297.6708976654277,-349.1200068118278,12505.59621642023,45503.37448833777,11869.600346665224,43509.46082681598,390,3,0.2748278859983304,0.027917102133317127,0.9561809715445868
total_les,4200.0,moving_end,392.33090127881815,1504.9083117447126,12470.226036558357,52125.211703710724,12356.104239755101,50332.90528173017,312,3,0.2392359786937924,0.12068011496606765,0.9656153641702532
total_les,4200.0,moving_end,491.72390507287827,5676.955000418136,12196.227879069345,55251.840395994426,12135.701310607858,53331.00349153403,297,3,0.22073885307092017,0.4654680985553482,0.9652348792240475
total_les,4200.0,moving_end,596.0865590566414,4224.032689160194,8595.375111407577,56285.236525310786,7402.961983382979,53954.677471065734,368,4,0.15271100633187074,0.4914308723483352,0.9585937770165178
total_les,4200.0,moving_end,705.6673457395926,6546.127384239739,7786.703431311678,54220.01145894385,7658.0812123714195,51016.032007581234,216,1,0.14361309084576418,0.8406801982359609,0.9409078057132334
total_les,4200.0,moving_end,820.7271717566915,9227.630114009515,9810.365946536907,51554.98505523171,9545.45483790923,48381.512469062356,212,2,0.1902893762073037,0.9405999902854694,0.9384448936844894
total_les,4200.0,moving_end,941.5399890746453,13004.854435732479,15099.922697065997,47722.13112929035,15099.922697065995,45586.846006850305,316,3,0.3164134195129885,0.8612530472264867,0.9552558724451123
total_les,4200.0,moving_end,1068.3934472584967,14010.36714585949,14717.712351151993,37472.07994609386,14716.013162741641,35980.413439979355,162,2,0.39276475638193625,0.9519391880738085,0.9601925885016159
total_les,4200.0,moving_end,1201.5895783515407,11830.910217488425,12513.963725930716,25666.876042307627,12513.963725930718,24842.880193909557,69,1,0.487553051072655,0.9454166942303894,0.9678965275306645
total_les,4200.0,moving_end,1341.445515999237,2927.562194590095,9757.702140771617,23588.875608617956,9757.702140771617,22488.068220422076,270,3,0.41365694163085664,0.3000257798767559,0.9533336218961741
total_les,4200.0,moving_end,1488.294250529318,-5711.50212890605,11198.597995633856,29064.381600905515,11198.597995633856,27347.491059407337,584,5,0.3853031572942518,0.5100193909213339,0.940928020933888
total_les,4200.0,moving_end,1642.4854217859033,-9284.703588565191,12168.816359180162,36811.63724229667,12088.727288676282,35449.91931330806,745,6,0.3305698216866638,0.7629915116239555,0.9630084932102941
total_les,4200.0,moving_end,1804.3861516053175,-8009.34905718078,8966.72938557389,40841.41452675972,8966.729385573888,40051.0302863621,912,8,0.2195499222902477,0.8932297064821215,0.9806474812501963
total_les,4200.0,moving_end,1974.3819179157026,-6371.196246179451,6371.196246179451,40306.24627785626,6371.19624617945,39128.940082272056,1015,9,0.15806969972492094,1.0,0.97079097399772
total_les,4200.0,moving_symmetric,39.88822936505957,-234.68620340061602,234.68620340061602,6961.302295797681,234.68620340061602,6589.160547331009,1015,9,0.03371297401382622,1.0,0.946541360703252
total_les,4200.0,moving_symmetric,121.65909956343168,-5704.026870550672,6479.315296245579,55671.60383042721,6415.8900359737,53150.15096373366,944,8,0.11638456323229404,0.8803440810876814,0.9547084564983297
total_les,4200.0,moving_symmetric,207.51851327172238,-6614.482232798792,13336.585735571238,44904.80055772247,13274.410823741086,41264.00556626995,567,4,0.2969968816235548,0.49596518658870065,0.9189219204576471
total_les,4200.0,moving_symmetric,297.6708976654277,521.3446241231477,13826.872707530536,49223.90070142895,12683.591852959167,46755.13207299988,379,3,0.2808975418546858,0.03770517275675848,0.9498461399188259
total_les,4200.0,moving_symmetric,392.33090127881815,3107.5625548561957,14206.557823076986,55607.64818497391,13981.520858132417,53695.769200026196,319,3,0.2554784869847423,0.2187414146027902,0.9656184167582845
total_les,4200.0,moving_symmetric,491.72390507287827,7589.4780125306515,14153.956991215997,58716.478408336654,14133.825782979271,56788.62003894121,283,3,0.24105595864901866,0.5362089214514861,0.9671666553980233
total_les,4200.0,moving_symmetric,596.0865590566414,7642.419963169065,9917.819316833045,58340.16548302166,9732.844926400672,55957.90156526596,233,2,0.16999984889860076,0.770574631279877,0.9591659725674074
total_les,4200.0,moving_symmetric,705.6673457395926,9476.246939185894,9533.852826418595,55231.60563531122,9476.246939185896,52003.49584833762,36,0,0.17261589115061535,0.9939577536719391,0.9415532148696076
total_les,4200.0,moving_symmetric,820.7271717566915,11700.368114439083,11742.653933890568,51480.573261108635,11700.368114439083,48219.05180276701,24,0,0.2280987407489038,0.9963989554925532,0.9366455878065063
total_les,4200.0,moving_symmetric,941.5399890746453,14017.963819318617,15810.846266075889,47212.466981686506,15807.08458314425,45085.52635351215,303,3,0.334887102430145,0.8866042704744956,0.954949597761977
total_les,4200.0,moving_symmetric,1068.3934472584967,13954.543366050597,14647.933092920579,36361.301601504616,14647.933092920579,34874.58292371732,154,2,0.4028440250421193,0.9526629646332082,0.9591126111468523
total_les,4200.0,moving_symmetric,1201.5895783515407,11469.586779622083,12176.664833491232,24060.493248251547,12163.319506562517,23276.262424897886,82,1,0.5060854201056788,0.9419317141813438,0.9674058708912524
total_les,4200.0,moving_symmetric,1341.445515999237,2611.0027821833514,9427.07082721217,21697.85487433952,9414.822368884772,20619.7670092569,287,3,0.43447017605232874,0.2769686183587838,0.9503136198796501
total_les,4200.0,moving_symmetric,1488.294250529318,-5996.135819872514,10998.484912084461,26542.71606195713,10990.79259432183,24811.833662476216,600,5,0.4143692335935529,0.5451783466361196,0.9347887987257741
total_les,4200.0,moving_symmetric,1642.4854217859033,-9760.009923268075,12313.371715060126,34055.03339139096,12190.937981851142,32707.02945011655,811,7,0.3615727394404176,0.7926350433594798,0.9604168956235649
total_les,4200.0,moving_symmetric,1804.3861516053175,-8961.47266007738,9455.8200519458,38068.7748798907,9455.56545905525,37251.62214817534,914,8,0.24838782129920095,0.9477203046216287,0.9785348298101653
total_les,4200.0,moving_symmetric,1974.3819179157026,-7911.562373228923,7911.562373228923,38329.6956946876,7911.562373228922,37125.18772166472,1015,9,0.2064081707365458,1.0,0.9685750708114851
total_les,4200.0,fixed_initial,39.88822936505957,-145.5730602425584,145.68861032661366,7612.852429821568,145.57306024255837,7217.56123501113,983,9,0.019137190910980043,0.9992068694745855,0.9480758101573101
total_les,4200.0,fixed_initial,121.65909956343168,-1017.0934282758108,5693.5104711910135,72916.69820217213,5383.589753359005,69075.44672189496,458,5,0.07808239554957534,0.17864082861044553,0.9473200024824664
total_les,4200.0,fixed_initial,207.51851327172238,-6322.903966603237,14906.51457880432,70052.0794513635,14857.297033775376,64090.74651521201,552,4,0.21279189276820498,0.42417051505747827,0.9149014135934339
total_les,4200.0,fixed_initial,297.6708976654277,7668.395465346117,22600.12509731099,75954.22765379798,20925.91758653523,72160.00120938482,388,3,0.2975492713891207,0.33930765570224736,0.9500458820843077
total_les,4200.0,fixed_initial,392.33090127881815,18738.787662629493,30794.8243641961,79847.25337712442,30636.50674390751,77664.63550538132,304,3,0.3856716801359452,0.6085044500015504,0.9726650851540949
total_les,4200.0,fixed_initial,491.72390507287827,27602.937256382167,34957.95316573177,81928.79722739794,34954.49900416014,80113.82340929749,266,3,0.42668700565326284,0.7896039314864834,0.9778469368583199
total_les,4200.0,fixed_initial,596.0865590566414,30617.621954071732,32543.604402084926,72522.94427953719,32312.84372989346,70180.71903245614,159,2,0.44873528957465825,0.9408184040029136,0.9677036657798528
total_les,4200.0,fixed_initial,705.6673457395926,23202.342202012296,23202.342202012296,59444.08133177995,23202.3422020123,56675.15792219843,0,0,0.3903221596194116,1.0,0.9534196954928598
total_les,4200.0,fixed_initial,820.7271717566915,22367.348008571855,22367.348008571855,49193.50643087204,22367.348008571855,46424.18085687603,0,0,0.4546809046840973,1.0,0.9437054649095296
total_les,4200.0,fixed_initial,941.5399890746453,15384.952471824698,15384.952471824698,41007.12877013237,15384.952471824696,39088.795564310254,0,0,0.37517751018526224,1.0,0.9532195190603217
total_les,4200.0,fixed_initial,1068.3934472584967,9347.242520733771,10261.285861803848,27737.31727861892,9974.921914264594,26436.577250828886,217,2,0.3699451449731108,0.9109231188585759,0.9531050528526528
total_les,4200.0,fixed_initial,1201.5895783515407,5788.437985678431,6589.445548356214,14189.682750826445,6492.849931117006,13551.97501326133,102,1,0.46438286634508635,0.8784408252864916,0.9550583512849874
total_les,4200.0,fixed_initial,1341.445515999237,-233.22266570336296,6032.248680769751,11258.111007872481,5960.658754811066,10519.08324341589,297,3,0.5358135726812046,0.03866264108886213,0.934355971091437
total_les,4200.0,fixed_initial,1488.294250529318,-3026.646246844901,8028.924988152043,14940.048763304578,7334.636415509321,13944.384979492712,422,4,0.5374095570472643,0.3769678071860429,0.9333560552856164
total_les,4200.0,fixed_initial,1642.4854217859033,-2478.0118397678552,8842.538431815148,20251.191229710712,8762.499157101722,19557.807610232656,497,4,0.4366428785108788,0.2802376103735161,0.9657608477638201
total_les,4200.0,fixed_initial,1804.3861516053175,-4338.222093388609,6530.755719898433,23197.50895767077,6438.9767806361215,22573.13235371066,620,5,0.28152831977844306,0.6642756641732234,0.9730843253428879
total_les,4200.0,fixed_initial,1974.3819179157026,-9877.159413953468,9877.159413953468,27121.853416581915,9877.159413953468,26400.242268513786,1015,9,0.3641771549401087,1.0,0.9733937376260965
total_les,6000.0,moving_end,39.88822936505957,42.56441364565435,211.7491339981258,9666.303779573429,205.59104519548544,9228.991762780084,373,4,0.021905905176039298,0.20101340129226258,0.9547591275046144
total_les,6000.0,moving_end,121.65909956343168,-9764.568815422706,11262.497784640644,100157.36079814436,11241.599304017729,95602.17862215902,691,6,0.11244802873089789,0.8669985115326057,0.9545197463303192
total_les,6000.0,moving_end,207.51851327172238,-4155.472357938608,21974.31822896423,110465.4129255585,21974.318228964232,103687.17748559074,524,4,0.198924872926266,0.18910586051590456,0.9386392965865656
total_les,6000.0,moving_end,297.6708976654277,10576.56298431386,29756.647298583466,122937.61212417539,29677.55537526255,118554.33780885731,307,3,0.2420467323582568,0.35543530419226177,0.9643455388503018
total_les,6000.0,moving_end,392.33090127881815,25978.84370417854,33309.60523358939,137849.71795181668,33309.60523358939,135040.44722869596,270,3,0.2416370938476078,0.779920492062196,0.9796207727889392
total_les,6000.0,moving_end,491.72390507287827,39657.90690611719,39657.90690611719,136841.3608466532,39657.90690611718,134048.66696924318,0,0,0.2898093577902848,1.0,0.9795917414140629
total_les,6000.0,moving_end,596.0865590566414,36377.00394319973,36377.00394319973,131969.53471311132,36377.00394319973,128126.33638813348,0,0,0.27564698187562553,1.0,0.9708781399181821
total_les,6000.0,moving_end,705.6673457395926,27699.330850711292,27699.330850711292,111604.40132965849,27699.330850711296,106916.15149395546,0,0,0.24819210103455203,1.0,0.9579922495900962
total_les,6000.0,moving_end,820.7271717566915,6782.756364640135,6782.756364640135,105523.84596949097,6782.756364640133,100718.12589035658,0,0,0.06427700111121011,1.0,0.9544584445820538
total_les,6000.0,moving_end,941.5399890746453,4792.232353341133,5310.878934041344,86033.67901568467,5284.183927988962,82939.29543877466,187,2,0.06173023163490574,0.9023426089840191,0.9640328809332229
total_les,6000.0,moving_end,1068.3934472584967,7653.500749928549,7653.500749928549,62302.04083347755,7653.500749928551,60305.76470424764,0,0,0.12284510503251438,1.0,0.9679580941085765
total_les,6000.0,moving_end,1201.5895783515407,8707.475495627874,8707.475495627874,46720.73423588112,8707.475495627874,45374.865445781434,0,0,0.18637283077928615,1.0,0.9711933296402249
total_les,6000.0,moving_end,1341.445515999237,8801.734280045437,8801.734280045437,50086.11239028609,8801.734280045433,48677.22717311839,0,0,0.17573203149527097,1.0,0.971870741210872
total_les,6000.0,moving_end,1488.294250529318,8554.696381562819,8554.696381562819,66488.52262638956,8554.696381562819,63930.88494694614,0,0,0.12866425728291675,1.0,0.9615326438547113
total_les,6000.0,moving_end,1642.4854217859033,2480.200303900271,5302.819895000683,81836.29762384715,5302.819895000682,79901.70401325941,270,3,0.06479789590891069,0.4677134718904029,0.9763602011972742
total_les,6000.0,moving_end,1804.3861516053175,-5094.801005032409,5152.4268201624645,89438.81741642569,5152.4268201624645,88012.25644526954,964,8,0.05760839609688541,0.9888157916373399,0.9840498676931951
total_les,6000.0,moving_end,1974.3819179157026,-9871.82086196459,9871.82086196459,88499.9473270897,9871.82086196459,86765.68162073515,1015,9,0.11154606482960969,1.0,0.9804037656661555
total_les,6000.0,moving_symmetric,39.88822936505957,32.20699193321688,182.66523725802267,9862.604442298321,182.66523725802278,9424.466855067185,270,3,0.018520993955168243,0.17631702899070548,0.9555758735134838
total_les,6000.0,moving_symmetric,121.65909956343168,-11982.430035154091,13002.30268607803,104629.75754362476,12924.183419193565,99871.01593405553,749,6,0.12426964365904028,0.9215621512937129,0.9545182773879114
total_les,6000.0,moving_symmetric,207.51851327172238,-8349.878442960005,24030.519342166364,117389.38554825203,24030.519342166364,110050.46829980427,524,4,0.2047077700418561,0.3474697456208726,0.9374822756404058
total_les,6000.0,moving_symmetric,297.6708976654277,5813.526510845393,29205.77183679853,130164.5886338331,29205.77183679853,125525.31388198657,524,4,0.2243757088109231,0.1990540275165917,0.9643583957776926
total_les,6000.0,moving_symmetric,392.33090127881815,22460.424151219442,29736.994951298235,143491.6822321268,29736.99495129824,140548.1926075579,270,3,0.2072384579281232,0.75530241667001,0.9794866881565496
total_les,6000.0,moving_symmetric,491.72390507287827,39424.18452283093,39424.18452283093,141217.1350929584,39424.18452283094,138388.75456743062,0,0,0.27917422695821825,1.0,0.9799714069849529
total_les,6000.0,moving_symmetric,596.0865590566414,38951.74407436527,38951.74407436527,135392.51236990443,38951.74407436527,131500.48034584575,0,0,0.28769496475510864,1.0,0.9712537129569964
total_les,6000.0,moving_symmetric,705.6673457395926,28961.135209914006,28961.135209914006,114092.45758633576,28961.13520991401,109286.93548688399,0,0,0.25383917414521995,1.0,0.9578804576471205
total_les,6000.0,moving_symmetric,820.7271717566915,7375.84371434561,7375.84371434561,106161.0882352536,7375.8437143456085,101366.58279122502,0,0,0.06947784576209974,1.0,0.9548374501078595
total_les,6000.0,moving_symmetric,941.5399890746453,5485.476675900748,5889.476127491622,85220.07546957646,5887.625261332046,82093.7895512949,164,2,0.0691090226691264,0.9314031600017809,0.9633151472695228
total_les,6000.0,moving_symmetric,1068.3934472584967,8574.207327646152,8574.207327646152,61001.18016812823,8574.207327646152,59018.458073341404,0,0,0.14055805648373318,1.0,0.9674969879382308
total_les,6000.0,moving_symmetric,1201.5895783515407,9517.226439943475,9517.226439943475,45711.86471579585,9517.226439943473,44362.23162764441,0,0,0.20820035452753635,1.0,0.9704752125833741
total_les,6000.0,moving_symmetric,1341.445515999237,9491.945145497633,9491.945145497633,49134.68217047096,9491.945145497633,47711.02147686053,0,0,0.19318218264983747,1.0,0.9710253403355477
total_les,6000.0,moving_symmetric,1488.294250529318,8561.49759492478,8718.337814289582,65650.05427233202,8718.337814289582,63069.04780244484,69,1,0.13280016156763322,0.98201030715881,0.9606853871105642
total_les,6000.0,moving_symmetric,1642.4854217859033,1572.1092308014631,5661.069304565681,80406.93176204513,5661.069304565682,78463.66783647636,270,3,0.0704052397039468,0.27770534968253247,0.9758321343324027
total_les,6000.0,moving_symmetric,1804.3861516053175,-6460.477752984273,6636.639013195057,87441.39235577596,6494.985105448004,85986.67203213312,817,7,0.07589813970702025,0.9734562540074069,0.983363481705278
total_les,6000.0,moving_symmetric,1974.3819179157026,-11054.210128827694,11054.210128827694,86654.31802342736,11054.210128827694,84913.38589164792,1015,9,0.12756675467504275,1.0,0.9799094589688102
total_les,6000.0,fixed_initial,39.88822936505957,-187.84086626556447,193.7473881949248,10873.775673108252,193.01786027004206,10412.264735311124,939,8,0.017817857754236936,0.9695143145701767,0.9575574343566345
total_les,6000.0,fixed_initial,121.65909956343168,-23884.621547396757,23884.621547396757,129218.11550543558,23884.62154739676,123849.31880330881,1015,9,0.18483957496185624,1.0,0.9584516715699902
total_les,6000.0,fixed_initial,207.51851327172238,-35398.580978355,35398.580978355,160548.28009243315,35398.58097835499,151902.82059137363,1015,9,0.2204855820191585,1.0,0.9461504072414726
total_les,6000.0,fixed_initial,297.6708976654277,-27682.125072696464,27682.125072696464,178921.78329720665,27682.12507269646,173767.61556239126,1015,9,0.15471634902449935,1.0,0.9711931792773728
total_les,6000.0,fixed_initial,392.33090127881815,-4791.786233554977,9211.183437549505,180899.57680196932,9211.107971445206,177694.6502326832,583,5,0.05091876719884748,0.520213962303823,0.9822833937704866
total_les,6000.0,fixed_initial,491.72390507287827,27101.830691895862,27101.830691895862,166818.58150420085,27101.830691895862,163781.85364054528,0,0,0.1624629010001106,1.0,0.9817962253588692
total_les,6000.0,fixed_initial,596.0865590566414,49999.01249553713,49999.01249553713,156927.38808797847,49999.012495537136,153002.84278444538,0,0,0.3186124047862576,1.0,0.9749913297395043
total_les,6000.0,fixed_initial,705.6673457395926,39883.51804694397,39883.51804694397,134513.83184832477,39883.51804694398,129661.95379599312,0,0,0.29650124079370416,1.0,0.9639302666078048
total_les,6000.0,fixed_initial,820.7271717566915,11833.511768715107,11833.511768715107,104786.40014609863,11833.511768715107,100058.20202557753,0,0,0.11292984349320342,1.0,0.9548777502239908
total_les,6000.0,fixed_initial,941.5399890746453,6668.416135481926,7898.417463794143,78523.61279643307,7743.9873760989,75530.62397688889,224,2,0.10058652655565192,0.8442724338197535,0.9618842191163149
total_les,6000.0,fixed_initial,1068.3934472584967,13052.137172979143,13052.137172979143,53320.63842160986,13052.137172979139,51499.744151274856,0,0,0.24478583826725817,1.0,0.9658501037452502
total_les,6000.0,fixed_initial,1201.5895783515407,15434.043742080277,15434.043742080277,37589.724930464625,15434.043742080275,36367.70954160273,0,0,0.41059209054152307,1.0,0.9674907068055847
total_les,6000.0,fixed_initial,1341.445515999237,14193.804395784427,14193.804395784427,40704.495532026034,14193.804395784426,39431.22537865275,0,0,0.3487036065737956,1.0,0.9687191761811301
total_les,6000.0,fixed_initial,1488.294250529318,6052.793613718254,7141.4881126735545,55092.05462130834,7122.630771615796,52777.143169801646,298,3,0.12962827692237477,0.8475535516157673,0.9579810288903013
total_les,6000.0,fixed_initial,1642.4854217859033,-10001.895003481664,11648.490053806585,64607.101957275045,11521.301553106881,62753.49539549049,816,7,0.1802973620687983,0.8586430479213197,0.9713095541259481
total_les,6000.0,fixed_initial,1804.3861516053175,-21341.424482507427,21341.424482507427,66231.87799535126,21341.42448250743,64924.50939908946,1015,9,0.3222228499093044,1.0,0.980260734923543
total_les,6000.0,fixed_initial,1974.3819179157026,-18352.750960576726,18352.750960576726,67018.36836079173,18352.750960576726,65449.94165408739,1015,9,0.2738465798178664,1.0,0.9765970621925506
total_muscl,1200.0,moving_end,39.88822936505957,8974.829833451411,8974.829833451411,43050.31785293403,8974.829833451413,41064.713293333254,0,0,0.2084730213632963,1.0,0.9538771219672784
total_muscl,1200.0,moving_end,121.65909956343168,2474.124450355299,3845.6224278200234,40417.84108733516,3180.4195384968116,38107.052796520205,308,3,0.0951466561390643,0.6433612495228272,0.9428275180304216
total_muscl,1200.0,moving_end,207.51851327172238,-544.8759840317159,4028.149210449864,38613.05221559333,2460.28704479979,36600.51636881015,587,5,0.10432092205399793,0.1352670806280446,0.9478793897061978
total_muscl,1200.0,moving_end,297.6708976654277,-3546.0882606634586,5157.179018258663,35915.82021067205,3546.0882606634614,34171.80604623203,783,9,0.14359073489086727,0.6876023205920834,0.9514416166967613
total_muscl,1200.0,moving_end,392.33090127881815,-5584.562232758823,6359.159161718962,32158.293374140754,5584.56223275882,30670.642237769673,871,9,0.19774554226912155,0.8781919261239631,0.9537397361525616
total_muscl,1200.0,moving_end,491.72390507287827,-6940.744105434394,7233.303938486856,27876.337477497156,6940.744105434394,26583.856056774297,926,9,0.25947827415727964,0.959553775765482,0.9536351781590319
total_muscl,1200.0,moving_end,596.0865590566414,-8162.882600591371,8227.342189856645,23131.577168566935,8162.882600591362,21920.860934508466,973,9,0.3556757989263536,0.992165198945445,0.9476595899520553
total_muscl,1200.0,moving_end,705.6673457395926,-9409.204345251605,9411.494540197262,18773.801652254922,9409.2043452516,17595.330801746903,1007,9,0.5013100018059926,0.9997566598019182,0.9372279055496214
total_muscl,1200.0,moving_end,820.7271717566915,-11034.902133268579,11034.902133268579,15379.442792301019,11034.90213326858,14508.144440421063,1015,9,0.71750987875794,1.0,0.9433465591928903
total_muscl,1200.0,moving_end,941.5399890746453,-12625.732000796124,12625.732000796124,13540.638360698835,12625.732000796124,13265.891348287607,1015,9,0.9324325533603948,1.0,0.9797094490604911
total_muscl,1200.0,moving_end,1068.3934472584967,-17188.192008420527,17188.192008420527,17436.520783134994,17188.192008420523,17298.70651353091,1015,9,0.9857581235498164,1.0,0.9920962288682394
total_muscl,1200.0,moving_end,1201.5895783515407,-22575.116799212807,22575.116799212807,22767.634490682965,22575.11679921281,22641.97169898702,1015,9,0.9915442383112334,1.0,0.9944806390954946
total_muscl,1200.0,moving_end,1341.445515999237,-27308.013070819416,27308.013070819416,27352.35370739298,27308.013070819416,27341.730714773148,1015,9,0.9983789096526059,1.0,0.9996116241865883
total_muscl,1200.0,moving_end,1488.294250529318,-31993.671522910896,31993.671522910896,31993.671522910896,31993.671522910896,31993.671522910896,1015,9,1.0,1.0,1.0
total_muscl,1200.0,moving_end,1642.4854217859033,-36851.624899699804,36851.624899699804,36851.624899699804,36851.624899699804,36851.624899699804,1015,9,1.0,1.0,1.0
total_muscl,1200.0,moving_end,1804.3861516053175,-40879.1821309673,40879.1821309673,40882.99756487838,40879.1821309673,40879.1821309673,1015,9,0.9999066743111236,1.0,0.9999066743111236
total_muscl,1200.0,moving_end,1974.3819179157026,-44213.42608032189,44213.42608032189,44308.83195817446,44213.4260803219,44305.728295274566,1015,9,0.9978467977232479,1.0,0.999929953854283
total_muscl,1200.0,moving_symmetric,39.88822936505957,2115.604239809969,4249.639075845209,44624.574319076666,2174.8208753153503,42569.65635735405,287,1,0.09523091571606367,0.4978315104063743,0.953950978959946
total_muscl,1200.0,moving_symmetric,121.65909956343168,-4329.616914395841,4894.712994906018,43318.7855624482,4357.570443095405,41141.94841730992,829,8,0.1129928489765674,0.884549700646743,0.9497484263034067
total_muscl,1200.0,moving_symmetric,207.51851327172238,-7941.679984482401,7992.9572536977075,42817.12135121564,7941.679984482397,40874.197510764774,979,9,0.1866766611452915,0.9935846936762255,0.9546227355054148
total_muscl,1200.0,moving_symmetric,297.6708976654277,-10721.278599648582,10721.278599648582,40702.012173675364,10721.278599648585,38973.96329981567,1015,9,0.26340905589386876,1.0,0.9575438957050546
total_muscl,1200.0,moving_symmetric,392.33090127881815,-12554.138950035442,12554.138950035442,37509.15619859561,12554.138950035442,36028.58804170674,1015,9,0.3346953176863383,1.0,0.9605278202194187
total_muscl,1200.0,moving_symmetric,491.72390507287827,-13610.652645915829,13610.652645915829,33624.11907674519,13610.652645915829,32362.230651611742,1015,9,0.4047883786888295,1.0,0.962470736489683
total_muscl,1200.0,moving_symmetric,596.0865590566414,-14322.142771137565,14322.142771137565,29148.947895075693,14322.142771137558,28024.138601886232,1015,9,0.4913433864814411,1.0,0.9614116675072351
total_muscl,1200.0,moving_symmetric,705.6673457395926,-15072.53506287625,15072.53506287625,24626.085486286986,15072.53506287625,23588.13371318735,1015,9,0.6120556623288496,1.0,0.9578515321211885
total_muscl,1200.0,moving_symmetric,820.7271717566915,-16284.69682771453,16284.69682771453,20696.311711025613,16284.696827714528,19858.55142634843,1015,9,0.7868405276791,1.0,0.9595212762363411
total_muscl,1200.0,moving_symmetric,941.5399890746453,-17575.9475570967,17575.9475570967,18422.23340163334,17575.9475570967,18190.030637432534,1015,9,0.9540617130352063,1.0,0.9873955150204415
total_muscl,1200.0,moving_symmetric,1068.3934472584967,-20938.06796932737,20938.06796932737,21176.438505087233,20938.067969327374,21048.58247443776,1015,9,0.9887435965352437,1.0,0.9939623449609453
total_muscl,1200.0,moving_symmetric,1201.5895783515407,-25129.609902120363,25129.609902120363,25321.19756038132,25129.609902120366,25196.464801894577,1015,9,0.9924337046933072,1.0,0.9950739787014693
total_muscl,1200.0,moving_symmetric,1341.445515999237,-29887.36979257955,29887.36979257955,29913.897939582996,29887.369792579553,29904.22861455642,1015,9,0.9991131832081187,1.0,0.9996767614489391
total_muscl,1200.0,moving_symmetric,1488.294250529318,-35064.54125512183,35064.54125512183,35064.54125512183,35064.54125512184,35064.54125512184,1015,9,1.0,1.0,1.0000000000000002
total_muscl,1200.0,moving_symmetric,1642.4854217859033,-40793.76166584814,40793.76166584814,40793.76166584814,40793.76166584815,40793.76166584815,1015,9,1.0,1.0,1.0000000000000002
total_muscl,1200.0,moving_symmetric,1804.3861516053175,-45869.5528325927,45869.5528325927,45871.46054954824,45869.5528325927,45869.5528325927,1015,9,0.9999584116805377,1.0,0.9999584116805377
total_muscl,1200.0,moving_symmetric,1974.3819179157026,-50215.23482497338,50215.23482497338,50263.222753625705,50215.23482497339,50261.38593244972,1015,9,0.9990452675729221,1.0,0.9999634559609321
total_muscl,1200.0,fixed_initial,39.88822936505957,-12894.199786599529,15354.156652608719,29494.179861664863,14839.348618580267,27733.418722517607,690,5,0.5205825937396321,0.8397856084403544,0.9403014036190981
total_muscl,1200.0,fixed_initial,121.65909956343168,-19448.706668399114,19449.513793325314,33720.22402381315,19448.706668399114,32210.681850925997,1011,9,0.5767907644857314,0.9999585015371193,0.9552333290602958
total_muscl,1200.0,fixed_initial,207.51851327172238,-21255.073207784673,24095.982459755534,38339.62212050767,23502.903588635952,36599.02328072005,780,7,0.6284877400204399,0.8821002938263393,0.9546005217704902
total_muscl,1200.0,fixed_initial,297.6708976654277,-24175.844384532436,25920.897357637943,38367.57198055786,25443.706860794715,36838.735895942445,779,7,0.6755938939991546,0.932677756135194,0.9601529102391434
total_muscl,1200.0,fixed_initial,392.33090127881815,-28538.004005332456,28538.004005332456,38605.07389774619,28538.00400533246,37287.405829336,1015,9,0.7392293583201388,1.0,0.9658680081302184
total_muscl,1200.0,fixed_initial,491.72390507287827,-33896.55386907574,33896.55386907574,41086.91318484911,33896.55386907573,39854.63059006372,1015,9,0.8249963611667758,1.0,0.9700079052120227
total_muscl,1200.0,fixed_initial,596.0865590566414,-40562.244653927184,40562.244653927184,46863.07446719111,40562.24465392718,45506.894708772204,1015,9,0.8655480912231838,1.0,0.9710608026929951
total_muscl,1200.0,fixed_initial,705.6673457395926,-46356.35242394281,46356.35242394281,52572.91110917447,46356.35242394281,51442.95450595621,1015,9,0.8817535770023811,1.0,0.9785068663808294
total_muscl,1200.0,fixed_initial,820.7271717566915,-51183.9447628012,51183.9447628012,58795.70063666688,51183.944762801206,58119.89578739705,1015,9,0.8705389035007307,1.0,0.9885058798185598
total_muscl,1200.0,fixed_initial,941.5399890746453,-55568.82386245598,55568.82386245598,67008.68830953338,55568.82386245599,66054.15094399522,1015,9,0.8292778931258405,1.0,0.9857550208843239
total_muscl,1200.0,fixed_initial,1068.3934472584967,-58452.7437663208,58452.7437663208,74759.23362624526,58452.7437663208,74532.45508238996,1015,9,0.781879922131788,1.0,0.9969665480388809
total_muscl,1200.0,fixed_initial,1201.5895783515407,-60489.72660156625,60489.72660156625,81669.7147169782,60489.72660156625,81512.3796905843,1015,9,0.7406628860060305,1.0,0.9980735205585188
total_muscl,1200.0,fixed_initial,1341.445515999237,-61948.72988774965,61948.72988774965,88076.67451368536,61948.72988774965,87431.09746434944,1015,9,0.7033500098612835,1.0,0.9926702835580423
total_muscl,1200.0,fixed_initial,1488.294250529318,-62521.41195398099,62521.41195398099,92720.59641560775,62521.411953981005,91526.21490010116,1015,9,0.6742990702274722,1.0,0.987118487567175
total_muscl,1200.0,fixed_initial,1642.4854217859033,-61591.585759541405,61727.97194682788,96253.96154959174,61591.58575954141,94497.13419578403,991,9,0.6413031832983263,0.9977905286212229,0.9817479995054276
total_muscl,1200.0,fixed_initial,1804.3861516053175,-59166.275391489304,59853.794831446874,97760.47780454264,59166.2753914893,95426.86084987485,968,9,0.6122494097370875,0.9885133525469241,0.9761292394730977
total_muscl,1200.0,fixed_initial,1974.3819179157026,-54975.12328666836,57078.50654115314,97348.52199632878,56856.70247974121,95107.24372349893,939,8,0.5863315166028478,0.9631492941573679,0.9769767611580752
total_muscl,2400.0,moving_end,39.88822936505957,-2185.2502629351006,4844.764451033323,92182.23825544724,4456.923573823026,87904.88224006952,632,6,0.0525563768326816,0.4510539748674502,0.9535989134531027
total_muscl,2400.0,moving_end,121.65909956343168,-18452.00775241452,18452.00775241452,91914.81636410966,18452.007752414516,86977.52851808863,1015,9,0.2007511789972911,1.0,0.946284091713108
total_muscl,2400.0,moving_end,207.51851327172238,-27120.56757872559,27120.56757872559,94788.37994880433,27120.567578725597,90464.28942280918,1015,9,0.28611700709911425,1.0,0.9543816390961569
total_muscl,2400.0,moving_end,297.6708976654277,-33294.49642437851,33294.49642437851,93203.54925752878,33294.49642437851,89686.07373896221,1015,9,0.35722348225584394,1.0,0.9622602835773184
total_muscl,2400.0,moving_end,392.33090127881815,-38816.721958958326,38816.721958958326,90386.37632475859,38816.72195895833,87523.45962137806,1015,9,0.42945323772566896,1.0,0.9683257939991525
total_muscl,2400.0,moving_end,491.72390507287827,-43322.68796392517,43322.68796392517,87740.00211229497,43322.68796392517,85346.78242432723,1015,9,0.49376210304255713,1.0,0.9727237334128993
total_muscl,2400.0,moving_end,596.0865590566414,-50390.52753389786,50390.52753389786,85136.77315844737,50390.52753389787,82586.20746760028,1015,9,0.5918773482301996,1.0,0.9700415508337361
total_muscl,2400.0,moving_end,705.6673457395926,-57267.21638866606,57267.21638866606,84564.25319814979,57267.21638866605,82199.49754635227,1015,9,0.6772035963526847,1.0,0.9720359896485286
total_muscl,2400.0,moving_end,820.7271717566915,-70376.1961022957,70376.1961022957,85861.74395821696,70376.1961022957,83817.64338114775,1015,9,0.8196455471081857,1.0,0.9761931160160928
total_muscl,2400.0,moving_end,941.5399890746453,-88275.5697335504,88275.5697335504,97344.85409849367,88275.56973355038,96280.11177792045,1015,9,0.9068334484762085,1.0,0.9890621612160833
total_muscl,2400.0,moving_end,1068.3934472584967,-106883.90885402559,106883.90885402559,119047.15278504457,106883.90885402559,117717.62469267522,1015,9,0.8978283508133846,1.0,0.9888319202831336
total_muscl,2400.0,moving_end,1201.5895783515407,-122014.80095071082,122014.80095071082,141526.22314484583,122014.8009507108,140363.83494943703,1015,9,0.8621356398795018,1.0,0.9917867645332473
total_muscl,2400.0,moving_end,1341.445515999237,-133197.21011103588,133197.21011103588,159862.95088387627,133197.21011103588,158651.0395626423,1015,9,0.8331962432483166,1.0,0.9924190607358782
total_muscl,2400.0,moving_end,1488.294250529318,-140566.4514243084,140566.4514243084,177051.51535321516,140566.4514243084,175597.731775414,1015,9,0.7939296715076424,1.0,0.9917889232695869
total_muscl,2400.0,moving_end,1642.4854217859033,-142802.54716153364,142802.54716153364,194683.61580395125,142802.54716153364,193170.2992227362,1015,9,0.7335108636226354,1.0,0.9922267902464943
total_muscl,2400.0,moving_end,1804.3861516053175,-139496.2372003618,139496.2372003618,210431.0122861306,139496.23720036176,208373.8917459336,1015,9,0.6629072192585557,1.0,0.990224252034677
total_muscl,2400.0,moving_end,1974.3819179157026,-132028.55202920362,132028.55202920362,223782.88005696327,132028.55202920362,221725.06323840644,1015,9,0.5899850426252273,1.0,0.9908044046173996
total_muscl,2400.0,moving_symmetric,39.88822936505957,-3258.314805089287,4606.689979943551,95333.71731828013,4419.731338185713,90599.81535142376,728,7,0.04832172823560111,0.7073006473791867,0.9503438856679446
total_muscl,2400.0,moving_symmetric,121.65909956343168,-20889.788886338873,20889.788886338873,96044.35977560314,20889.788886338873,90831.35877763212,1015,9,0.2175014642728164,1.0,0.9457229866475177
total_muscl,2400.0,moving_symmetric,207.51851327172238,-30367.838353353458,30367.838353353458,99740.28026260814,30367.838353353458,94846.63104108613,1015,9,0.3044691500103808,1.0,0.9509360790982598
total_muscl,2400.0,moving_symmetric,297.6708976654277,-38216.869744571646,38216.869744571646,97851.9361858046,38216.869744571646,93908.49636571574,1015,9,0.390558135426203,1.0,0.9596999305910419
total_muscl,2400.0,moving_symmetric,392.33090127881815,-45188.25712941635,45188.25712941635,95324.43504106873,45188.25712941634,92208.7992554543,1015,9,0.47404694410145565,1.0,0.9673154550113817
total_muscl,2400.0,moving_symmetric,491.72390507287827,-51458.2231307653,51458.2231307653,93814.52245540435,51458.22313076529,91239.06843609066,1015,9,0.5485102069908896,1.0,0.9725473844357311
total_muscl,2400.0,moving_symmetric,596.0865590566414,-60707.08036357627,60707.08036357627,93487.58937037681,60707.08036357627,90871.01880979931,1015,9,0.6493597789014376,1.0,0.9720115731061238
total_muscl,2400.0,moving_symmetric,705.6673457395926,-71063.67762464074,71063.67762464074,96150.11808458631,71063.67762464074,93787.10305761806,1015,9,0.7390909032698615,1.0,0.9754236908488305
total_muscl,2400.0,moving_symmetric,820.7271717566915,-85793.96496079372,85793.96496079372,100603.4128438514,85793.96496079373,98583.03759009889,1015,9,0.8527937823934092,1.0,0.9799174282796114
total_muscl,2400.0,moving_symmetric,941.5399890746453,-105087.93180453629,105087.93180453629,113938.16095724775,105087.93180453627,112655.79410672377,1015,9,0.9223242759198802,1.0,0.9887450627625528
total_muscl,2400.0,moving_symmetric,1068.3934472584967,-125303.12145394454,125303.12145394454,135964.2834633747,125303.12145394456,134524.92099776526,1015,9,0.9215885103215211,1.0,0.9894136722605009
total_muscl,2400.0,moving_symmetric,1201.5895783515407,-141679.4126980815,141679.4126980815,158176.47233883064,141679.4126980815,156374.04477335012,1015,9,0.8957047189330996,1.0,0.9886049578750274
total_muscl,2400.0,moving_symmetric,1341.445515999237,-152384.27821253613,152384.27821253613,175826.99493718552,152384.27821253613,173505.60237090854,1015,9,0.8666716863754378,1.0,0.9867972914676367
total_muscl,2400.0,moving_symmetric,1488.294250529318,-158621.4532573499,158621.4532573499,191677.40433957084,158621.45325734993,188382.9576987752,1015,9,0.8275438297168306,1.0,0.9828125456302649
total_muscl,2400.0,moving_symmetric,1642.4854217859033,-159402.30982010666,159402.30982010666,207381.02933578112,159402.30982010666,204162.69891365056,1015,9,0.7686446071304348,1.0,0.9844810760538776
total_muscl,2400.0,moving_symmetric,1804.3861516053175,-155126.76356033274,155126.76356033274,220250.1817233922,155126.76356033274,216414.84664483802,1015,9,0.7043207063281943,1.0,0.9825864612299349
total_muscl,2400.0,moving_symmetric,1974.3819179157026,-146639.58134215302,146639.58134215302,230570.25634758678,146639.58134215302,226548.9731494762,1015,9,0.6359865477231916,1.0,0.9825594017987799
total_muscl,2400.0,fixed_initial,39.88822936505957,-19814.73705838013,20344.645402174712,89467.1067913897,20291.070636717035,84513.42206095303,858,7,0.2273980475261404,0.9739534244358008,0.944631218018627
total_muscl,2400.0,fixed_initial,121.65909956343168,-32921.67179089273,32921.67179089273,103627.33797324233,32921.67179089273,98276.46262104512,1015,9,0.31769292191403636,1.0,0.9483642496579535
total_muscl,2400.0,fixed_initial,207.51851327172238,-46463.53665795836,46463.53665795836,117258.89813151515,46463.53665795835,112243.96131952197,1015,9,0.3962474268336192,1.0,0.9572319295856889
total_muscl,2400.0,fixed_initial,297.6708976654277,-63376.20499231873,63376.20499231873,120613.5789569768,63376.20499231874,116316.51621620587,1015,9,0.5254483412263655,1.0,0.9643733087275049
total_muscl,2400.0,fixed_initial,392.33090127881815,-76681.89074363987,76681.89074363987,122604.35818059495,76681.89074363987,118177.83259571639,1015,9,0.6254418022456285,1.0,0.9638958545147446
total_muscl,2400.0,fixed_initial,491.72390507287827,-87025.62956932379,87025.62956932379,129442.6669771035,87025.62956932379,125369.92166573252,1015,9,0.6723102327976397,1.0,0.968536299456103
total_muscl,2400.0,fixed_initial,596.0865590566414,-94367.35375307829,94367.35375307829,143014.39362553,94367.3537530783,137625.73180672925,1015,9,0.659845148175578,1.0,0.9623208428033442
total_muscl,2400.0,fixed_initial,705.6673457395926,-103370.56828408777,103370.56828408777,161116.24675860352,103370.56828408777,155642.56992847423,1015,9,0.6415899722326907,1.0,0.9660265371106219
total_muscl,2400.0,fixed_initial,820.7271717566915,-113711.5977316234,113711.5977316234,179157.57087633765,113711.59773162342,173554.85007805083,1015,9,0.634701604712603,1.0,0.9687274125738506
total_muscl,2400.0,fixed_initial,941.5399890746453,-122130.31370728387,122130.31370728387,199279.53885478358,122130.31370728387,193807.6674130288,1015,9,0.6128592750120779,1.0,0.9725417297069211
total_muscl,2400.0,fixed_initial,1068.3934472584967,-123939.4899313909,123939.4899313909,218146.45489996817,123939.48993139093,214460.93192284793,1015,9,0.5681480819306635,1.0,0.983105281363338
total_muscl,2400.0,fixed_initial,1201.5895783515407,-123402.03154203664,123402.03154203664,233008.51360664956,123402.03154203662,229011.94699985135,1015,9,0.5296031017577163,1.0,0.9828479803379847
total_muscl,2400.0,fixed_initial,1341.445515999237,-122656.6838350917,122656.6838350917,243837.8558936813,122656.68383509171,238842.16605094212,1015,9,0.50302560029306,1.0,0.9795122466754408
total_muscl,2400.0,fixed_initial,1488.294250529318,-120870.45026681462,120870.45026681462,251137.65263819206,120870.45026681463,243357.38456802315,1015,9,0.48129163029547684,1.0,0.9690199060617256
total_muscl,2400.0,fixed_initial,1642.4854217859033,-117354.47422982819,117354.47422982819,257429.6208906268,117354.47422982819,251586.60390711256,1015,9,0.4558701280133111,1.0,0.9773024682890057
total_muscl,2400.0,fixed_initial,1804.3861516053175,-113998.97717157705,113998.97717157705,259569.42750671023,113998.97717157705,252383.11346589477,1015,9,0.43918491583000474,1.0,0.9723144820642267
total_muscl,2400.0,fixed_initial,1974.3819179157026,-111846.67050352143,111846.67050352143,259264.87582745496,111846.67050352144,251083.57854417356,1015,9,0.43139924043531924,1.0,0.9684442512424005
total_muscl,4200.0,moving_end,39.88822936505957,-7221.716344969787,7221.716344969787,142187.8246170393,7221.71634496979,134943.0982397299,1015,9,0.05078997702103083,1.0,0.9490481945495549
total_muscl,4200.0,moving_end,121.65909956343168,-19311.645153246507,19311.645153246507,174054.60306314612,19311.645153246507,166496.02459255586,1015,9,0.11095164858260222,1.0,0.9565735215411221
total_muscl,4200.0,moving_end,207.51851327172238,-35179.57630055389,35179.57630055389,194512.44038486952,35179.57630055389,187169.3207465515,1015,9,0.18086028960896422,1.0,0.9622485861377882
total_muscl,4200.0,moving_end,297.6708976654277,-56472.15975086334,56472.15975086334,204882.78526079393,56472.15975086334,198642.89462665826,1015,9,0.27563155039590226,1.0,0.9695440950483324
total_muscl,4200.0,moving_end,392.33090127881815,-75441.05126517908,75441.05126517908,217765.2427378425,75441.05126517908,212736.0825944863,1015,9,0.3464329307868431,1.0,0.9769055884211487
total_muscl,4200.0,moving_end,491.72390507287827,-93985.41657106005,93985.41657106005,234815.263199911,93985.41657106004,228853.47021118968,1015,9,0.4002525870349627,1.0,0.9746107092551062
total_muscl,4200.0,moving_end,596.0865590566414,-107953.88088309139,107953.88088309139,265271.2692497967,107953.88088309142,257677.84085865374,1015,9,0.40695655126313357,1.0,0.9713748555860662
total_muscl,4200.0,moving_end,705.6673457395926,-126812.64474330022,126812.64474330022,296685.1812991042,126812.64474330022,287608.09423736995,1015,9,0.42743167753785993,1.0,0.969404986720307
total_muscl,4200.0,moving_end,820.7271717566915,-126959.02373610873,126959.02373610873,345222.7993439058,126959.02373610875,335637.8590746735,1015,9,0.36775967281823135,1.0,0.9722354946213041
total_muscl,4200.0,moving_end,941.5399890746453,-115718.40801589565,115718.40801589565,397924.5132204922,115718.40801589565,388658.0206180658,1015,9,0.29080492448017503,1.0,0.976712938523363
total_muscl,4200.0,moving_end,1068.3934472584967,-97293.60968680444,97293.60968680444,450546.5721669639,97293.60968680443,441664.1151038638,1015,9,0.21594573279929272,1.0,0.9802851522754269
total_muscl,4200.0,moving_end,1201.5895783515407,-70330.09704779834,70330.09704779834,502684.98995065154,70330.09704779832,491781.5723358109,1015,9,0.1399088861887494,1.0,0.978309641559198
total_muscl,4200.0,moving_end,1341.445515999237,-33548.323606931684,35884.029804857055,543491.7462748315,33548.32360693169,531209.8242186621,814,9,0.06602497655357459,0.9349095904047761,0.9774018241484781
total_muscl,4200.0,moving_end,1488.294250529318,3200.4566761369697,30872.433986543703,579859.1499762763,30706.76952523775,564783.843278382,472,5,0.05324126382727044,0.1036671315754354,0.9740017783654683
total_muscl,4200.0,moving_end,1642.4854217859033,33191.09015242161,38270.12167432064,612518.1791204715,37873.86022483403,598433.6276754369,178,2,0.062479976887010215,0.8672846779761593,0.9770054964486786
total_muscl,4200.0,moving_end,1804.3861516053175,52416.07042002557,52416.07042002557,635016.9150022806,52416.07042002558,621103.7054405843,0,0,0.08254279402909658,1.0,0.978090017394818
total_muscl,4200.0,moving_end,1974.3819179157026,64536.69462761482,64536.69462761482,646793.3201176364,64536.694627614816,631324.887080316,0,0,0.09977946991765024,1.0,0.9760844267307723
total_muscl,4200.0,moving_symmetric,39.88822936505957,-7328.454167824546,7328.454167824546,143532.73663204093,7328.454167824547,136254.36359119334,1015,9,0.05105771923384765,1.0,0.9492911985681263
total_muscl,4200.0,moving_symmetric,121.65909956343168,-20876.808293433627,20876.808293433627,178172.07724424763,20876.808293433627,170548.57067706448,1015,9,0.11717216646026192,1.0,0.9572126750437306
total_muscl,4200.0,moving_symmetric,207.51851327172238,-37984.84952780044,37984.84952780044,201441.7970424044,37984.849527800434,193957.80363892665,1015,9,0.18856488616314548,1.0,0.9628478621946451
total_muscl,4200.0,moving_symmetric,297.6708976654277,-61045.28402947256,61045.28402947256,213197.62642847112,61045.28402947256,206648.88339527138,1015,9,0.28633191209543585,1.0,0.9692832272905398
total_muscl,4200.0,moving_symmetric,392.33090127881815,-81255.79897747032,81255.79897747032,226399.9462399145,81255.79897747032,220803.59744099336,1015,9,0.3589037909548092,1.0,0.9752811390114433
total_muscl,4200.0,moving_symmetric,491.72390507287827,-100781.15480032757,100781.15480032757,244836.01907048508,100781.15480032757,238347.3812991032,1015,9,0.41162715838519653,1.0,0.9734980261645494
total_muscl,4200.0,moving_symmetric,596.0865590566414,-116220.72847848055,116220.72847848055,274949.5477019923,116220.72847848055,266800.92118676845,1015,9,0.4226983803022943,1.0,0.9703631935992276
total_muscl,4200.0,moving_symmetric,705.6673457395926,-134664.24760586082,134664.24760586082,307889.77777666936,134664.24760586082,297947.40179294,1015,9,0.43737810517223713,1.0,0.9677080023392619
total_muscl,4200.0,moving_symmetric,820.7271717566915,-136121.62480022706,136121.62480022706,355982.81326950237,136121.62480022706,345475.27033380314,1015,9,0.3823825750182328,1.0,0.9704830049541062
total_muscl,4200.0,moving_symmetric,941.5399890746453,-124554.72041081004,124554.72041081004,408052.4507715549,124554.72041081004,398005.2405213808,1015,9,0.3052419368522334,1.0,0.9753776500271556
total_muscl,4200.0,moving_symmetric,1068.3934472584967,-104936.42630754664,104936.42630754664,460091.73750429996,104936.42630754664,449949.5870283577,1015,9,0.22807718060045779,1.0,0.9779562429637254
total_muscl,4200.0,moving_symmetric,1201.5895783515407,-78673.64326871242,78673.64326871242,510146.9456144179,78673.64326871242,498003.035500807,1015,9,0.15421761111194807,1.0,0.9761952703666884
total_muscl,4200.0,moving_symmetric,1341.445515999237,-43762.02403678317,43762.02403678317,548141.9043015803,43762.02403678317,534710.994694289,1015,9,0.07983703433975356,1.0,0.9754973858012108
total_muscl,4200.0,moving_symmetric,1488.294250529318,-9024.31010965087,27195.885608457582,583905.6110772737,23687.770831421767,567471.8437449328,588,5,0.04657582508632289,0.33182630047702594,0.9718554385836068
total_muscl,4200.0,moving_symmetric,1642.4854217859033,19859.401605586503,28568.32292762035,618055.492967814,26207.18898100519,602110.4078676028,261,2,0.04622290919289359,0.6951546177877348,0.9742012080118483
total_muscl,4200.0,moving_symmetric,1804.3861516053175,38950.25790736041,39013.6689158975,642308.0602278744,38950.257907360414,625488.4409044966,15,0,0.06073980902879601,0.9983746463662828,0.9738137813226092
total_muscl,4200.0,moving_symmetric,1974.3819179157026,52301.800162753716,52301.800162753716,655670.117934544,52301.800162753716,637114.5901146055,0,0,0.07976846699604365,1.0,0.9716999031793746
total_muscl,4200.0,fixed_initial,39.88822936505957,-6337.7543721603315,6337.7543721603315,151534.62454755962,6337.754372160333,144209.84529135862,1015,9,0.041823803576793814,1.0,0.9516626693201586
total_muscl,4200.0,fixed_initial,121.65909956343168,-29728.393028043192,29728.393028043192,201404.52118551172,29728.39302804319,193307.5384368355,1015,9,0.14760539064890535,1.0,0.9597974131811163
total_muscl,4200.0,fixed_initial,207.51851327172238,-46411.971418245026,46411.971418245026,242962.22559730106,46411.971418245026,234867.2828658397,1015,9,0.1910254621027829,1.0,0.9666822992275418
total_muscl,4200.0,fixed_initial,297.6708976654277,-80543.63890508584,80543.63890508584,256013.59131342385,80543.63890508586,248809.41248817736,1015,9,0.3146068866573593,1.0,0.9718601704374874
total_muscl,4200.0,fixed_initial,392.33090127881815,-112730.20782006008,112730.20782006008,267326.6966989604,112730.20782006008,259998.06971870476,1015,9,0.42169453785233746,1.0,0.9725855027920819
total_muscl,4200.0,fixed_initial,491.72390507287827,-141193.20124809013,141193.20124809013,292156.4349231888,141193.20124809013,283390.70034679014,1015,9,0.4832794502206032,1.0,0.9699964350307626
total_muscl,4200.0,fixed_initial,596.0865590566414,-163314.45702858263,163314.45702858263,315790.0920463007,163314.45702858263,305126.4137329062,1015,9,0.5171614345792638,1.0,0.9662317514640991
total_muscl,4200.0,fixed_initial,705.6673457395926,-172400.15504065857,172400.15504065857,343607.14416069083,172400.15504065854,331283.390672596,1015,9,0.5017362356122438,1.0,0.9641341756202498
total_muscl,4200.0,fixed_initial,820.7271717566915,-174879.36250254605,174879.36250254605,381006.6392826615,174879.36250254602,368696.06940598926,1015,9,0.458992953067168,1.0,0.9676893560179164
total_muscl,4200.0,fixed_initial,941.5399890746453,-166512.23949856212,166512.23949856212,420724.8738710552,166512.23949856212,408715.73276895285,1015,9,0.39577464951500635,1.0,0.9714560705869201
total_muscl,4200.0,fixed_initial,1068.3934472584967,-157251.21350961475,157251.21350961475,457186.87497852487,157251.21350961478,445344.79296995513,1015,9,0.3439539105688483,1.0,0.9740979396901409
total_muscl,4200.0,fixed_initial,1201.5895783515407,-147940.96158936707,147940.96158936707,490694.5050535995,147940.96158936707,476665.8607009721,1015,9,0.3014930064749904,1.0,0.9714106349100139
total_muscl,4200.0,fixed_initial,1341.445515999237,-137851.71630051263,137851.71630051263,513871.38539322786,137851.71630051266,498645.7993363212,1015,9,0.2682611256803585,1.0,0.9703708233427794
total_muscl,4200.0,fixed_initial,1488.294250529318,-131039.62054950863,139658.2860230222,540288.9659831462,139650.83270167274,520201.7575027078,807,7,0.2584881328621816,0.9382874749580358,0.9628213608917844
total_muscl,4200.0,fixed_initial,1642.4854217859033,-125592.71565770746,144883.14335044546,567414.039222846,144539.10839758362,547276.5029415867,769,6,0.2553393700812963,0.8668552652389793,0.9645099787998891
total_muscl,4200.0,fixed_initial,1804.3861516053175,-119413.1727515799,139806.7151618399,596108.6213192679,139655.26931154792,572548.2046152621,792,7,0.2345322818053344,0.8541304515548306,0.9604763027049275
total_muscl,4200.0,fixed_initial,1974.3819179157026,-106623.41726916855,125262.59487412464,613331.333085371,125221.35848776714,590081.8767247447,820,7,0.2042331577028514,0.8511991738340847,0.9620931540482864
total_muscl,6000.0,moving_end,39.88822936505957,-5053.518308990351,5054.693926047095,174361.88580112008,5053.518308990352,165939.6469676423,1000,9,0.028989672271683038,0.9997674207234021,0.951696789726831
total_muscl,6000.0,moving_end,121.65909956343168,-9142.973528718661,16730.855045405286,254128.03923502454,16730.855045405282,245481.41889561297,745,6,0.06583632052475774,0.5464737757816838,0.9659753391816204
total_muscl,6000.0,moving_end,207.51851327172238,-24608.007035698894,30104.295021262104,309478.33278631023,30104.295021262104,300608.6332622551,811,7,0.09727432208331248,0.8174251221733881,0.9713398368015007
total_muscl,6000.0,moving_end,297.6708976654277,-50872.41154814264,50872.41154814264,333129.4132734891,50872.41154814264,324759.53125626175,1015,9,0.15271065694333613,1.0,0.974874983463691
total_muscl,6000.0,moving_end,392.33090127881815,-78423.53442950387,78423.53442950387,358637.89965694875,78423.53442950385,350654.2372148217,1015,9,0.21867051559391537,1.0,0.9777389326399587
total_muscl,6000.0,moving_end,491.72390507287827,-100958.52099008576,100958.52099008576,387808.8276125671,100958.52099008576,377088.61930300423,1015,9,0.26033064180515875,1.0,0.9723569770818299
total_muscl,6000.0,moving_end,596.0865590566414,-107786.86272503351,107786.86272503351,429532.05111375067,107786.86272503351,416640.52986319317,1015,9,0.2509402091079087,1.0,0.9699870563392637
total_muscl,6000.0,moving_end,705.6673457395926,-110353.5962376162,110353.5962376162,488981.92698168056,110353.59623761619,474539.03423752554,1015,9,0.22568031689594642,1.0,0.9704633403665732
total_muscl,6000.0,moving_end,820.7271717566915,-87772.01418824086,87772.01418824086,569655.4314087254,87772.01418824088,553995.2942661691,1015,9,0.1540791316097622,1.0,0.9725094569820396
total_muscl,6000.0,moving_end,941.5399890746453,-63605.54491570585,63605.54491570585,629525.1601067383,63605.54491570583,613926.5487504088,1015,9,0.10103733567205049,1.0,0.975221623622343
total_muscl,6000.0,moving_end,1068.3934472584967,-32667.269688238848,32667.269688238848,684669.6321448595,32667.269688238855,669523.528988224,1015,9,0.04771245598538135,1.0,0.9778782314191627
total_muscl,6000.0,moving_end,1201.5895783515407,-8161.223909868371,15476.174933759052,735282.6272287433,15207.740331675552,717349.9657534191,714,7,0.02104792682521041,0.5273411514666867,0.9756111992705284
total_muscl,6000.0,moving_end,1341.445515999237,7456.354441776817,13282.511718900936,778076.2111685616,12436.191594693366,759146.8337586491,225,2,0.01707096493665121,0.5613662987525521,0.9756715638671394
total_muscl,6000.0,moving_end,1488.294250529318,11711.772137787642,12406.562606093754,833646.7756747757,11925.862286557225,807829.4786351185,69,1,0.01488227744424676,0.9439981491759167,0.9690308919880845
total_muscl,6000.0,moving_end,1642.4854217859033,13335.313267917345,13658.780993624856,884355.1494259486,13335.313267917338,859324.4737611872,70,0,0.015444904688451269,0.9763179652811999,0.9716961271939115
total_muscl,6000.0,moving_end,1804.3861516053175,15099.042423072873,16563.20120671785,928676.4485395186,16466.046610865844,898396.9585445755,221,1,0.017835276465518145,0.9116017027522958,0.9673950060405191
total_muscl,6000.0,moving_end,1974.3819179157026,21444.861927745456,23086.915299225995,948550.8883460023,22099.806064750526,917842.4188903704,169,1,0.0243391425624859,0.9288751506990807,0.9676259125019865
total_muscl,6000.0,moving_symmetric,39.88822936505957,-4053.033880745602,4091.7908524168506,176056.36343745084,4091.790852416852,167555.72112203296,946,8,0.023241368687423665,0.9905281151776473,0.9517163586169495
total_muscl,6000.0,moving_symmetric,121.65909956343168,-5657.703722424586,13632.166177059877,259476.07987268132,13632.166177059873,250741.50362859663,745,6,0.05253727504958782,0.41502602366638797,0.9663376437305106
total_muscl,6000.0,moving_symmetric,207.51851327172238,-19751.83450967967,25725.006639773215,317960.45083638036,25694.633374709258,308985.03182169993,766,6,0.08090630948630488,0.7678067798490487,0.9717719012189378
total_muscl,6000.0,moving_symmetric,297.6708976654277,-45370.63302476878,45380.43374207562,342892.91326889396,45370.63302476878,334387.01647983067,1001,9,0.13234579072938915,0.9997840320927177,0.9751937224132916
total_muscl,6000.0,moving_symmetric,392.33090127881815,-72967.44715350853,72967.44715350853,367924.34189794876,72967.44715350852,359516.86543433263,1015,9,0.1983218799199416,1.0,0.977148898547332
total_muscl,6000.0,moving_symmetric,491.72390507287827,-98162.49879667173,98162.49879667173,396394.3453923707,98162.49879667172,384994.17359453964,1015,9,0.24763849418564646,1.0,0.9712403268857264
total_muscl,6000.0,moving_symmetric,596.0865590566414,-108042.42776970961,108042.42776970961,438402.30062965024,108042.4277697096,425086.3645169934,1015,9,0.24644585034005279,1.0,0.9696262175323168
total_muscl,6000.0,moving_symmetric,705.6673457395926,-109279.6970398288,109279.6970398288,499460.902481884,109279.69703982878,484617.9001809844,1015,9,0.21879529808400267,1.0,0.9702819535480298
total_muscl,6000.0,moving_symmetric,820.7271717566915,-85426.16775820445,85426.16775820445,579517.9673092917,85426.16775820445,563434.1741839211,1015,9,0.14740900641068833,1.0,0.9722462563153169
total_muscl,6000.0,moving_symmetric,941.5399890746453,-62367.99907297007,62367.99907297007,637670.1348777745,62367.99907297007,621412.0932191957,1015,9,0.09780605310130208,1.0,0.9745039938844007
total_muscl,6000.0,moving_symmetric,1068.3934472584967,-33905.55974951323,33905.55974951323,692723.5014275659,33905.55974951324,676961.3410153078,1015,9,0.04894530022388527,1.0,0.9772461012514005
total_muscl,6000.0,moving_symmetric,1201.5895783515407,-11895.968567618525,14585.512046240474,744676.8986568186,14312.614774756099,726287.362373557,748,7,0.019586362988496774,0.8156017101014155,0.9753053487808861
total_muscl,6000.0,moving_symmetric,1341.445515999237,3115.9150707699323,10988.70766996848,788073.2357355526,10305.62386549736,768730.9908486442,255,3,0.01394376457882383,0.28355609816480537,0.9754562850128323
total_muscl,6000.0,moving_symmetric,1488.294250529318,8644.6638677527,10709.692771165723,844208.0270163307,10056.369261555112,817795.2030503253,239,2,0.012686082610487367,0.8071813125234731,0.9687128964417031
total_muscl,6000.0,moving_symmetric,1642.4854217859033,11816.870765751806,12024.990299400648,895631.0648356925,11816.870765751806,870042.1971823128,66,0,0.01342627647870464,0.9826927483127188,0.9714292316802633
total_muscl,6000.0,moving_symmetric,1804.3861516053175,16971.438126699104,16971.438126699104,940993.2200686391,16971.43812669911,910275.2149882414,0,0,0.0180356646198377,1.0,0.9673557636492248
total_muscl,6000.0,moving_symmetric,1974.3819179157026,24093.35368879979,24093.35368879979,960436.3245396677,24093.353688799783,929205.8556529256,0,0,0.025085841792112158,1.0,0.9674830406880844
total_muscl,6000.0,fixed_initial,39.88822936505957,194.49144878572017,591.4743566260481,187299.18358629002,583.1435985409272,178677.51891060008,430,3,0.003157912091771355,0.3288248198876436,0.9539684876858106
total_muscl,6000.0,fixed_initial,121.65909956343168,8891.225957776885,8891.225957776885,287131.8856501259,8891.225957776885,278046.31408251124,0,0,0.030965651681788362,1.0,0.968357496949379
total_muscl,6000.0,fixed_initial,207.51851327172238,3818.304145879822,5706.722643873816,365989.19081390824,5287.585160512841,356345.2041437048,428,3,0.015592598872067428,0.669088789513677,0.9736495314280824
total_muscl,6000.0,fixed_initial,297.6708976654277,-18014.7753299331,18225.523831086866,399787.05709531764,18218.959076916166,390731.3682703569,956,8,0.045588078722472294,0.9884366285925733,0.9773487193638646
total_muscl,6000.0,fixed_initial,392.33090127881815,-53380.77249897287,53380.77249897287,415752.615619821,53380.77249897287,406389.965896009,1015,9,0.12839551813616526,1.0,0.9774802385551952
total_muscl,6000.0,fixed_initial,491.72390507287827,-95697.33795780607,95697.33795780607,437148.80368558376,95697.33795780608,424305.64797286264,1015,9,0.21891250107740365,1.0,0.9706206316832141
total_muscl,6000.0,fixed_initial,596.0865590566414,-128614.02240125285,128614.02240125285,482911.50930893887,128614.02240125286,468481.01607392094,1015,9,0.2663304144175471,1.0,0.9701177276647053
total_muscl,6000.0,fixed_initial,705.6673457395926,-131401.66452938033,131401.66452938033,548428.6800665614,131401.6645293803,532718.8635139135,1015,9,0.23959663180531046,1.0,0.9713548595767433
total_muscl,6000.0,fixed_initial,820.7271717566915,-101610.9307852422,101610.9307852422,609629.6683377414,101610.93078524219,592545.5492789507,1015,9,0.1666764858447615,1.0,0.9719762341859551
total_muscl,6000.0,fixed_initial,941.5399890746453,-76743.57576046683,76743.57576046683,659889.4469374985,76743.57576046683,642637.041509086,1015,9,0.11629762548352376,1.0,0.9738556124689072
total_muscl,6000.0,fixed_initial,1068.3934472584967,-57421.33172136927,57421.33172136927,710854.2020260735,57421.33172136927,693706.0360322355,1015,9,0.08077793105492975,1.0,0.975876676335369
total_muscl,6000.0,fixed_initial,1201.5895783515407,-45802.53427039375,45802.53427039375,759207.2378815762,45802.53427039374,740004.1293285459,1015,9,0.06032942256740997,1.0,0.9747063679126493
total_muscl,6000.0,fixed_initial,1341.445515999237,-38951.613075255154,44140.83367747797,805660.8109808846,44068.25464361423,785430.6564462677,783,7,0.05478835891711912,0.8824394518658465,0.974889985638017
total_muscl,6000.0,fixed_initial,1488.294250529318,-30541.736027304498,44334.43941227589,865482.1065904715,43022.926520152505,837696.0213963154,622,6,0.0512251369204263,0.6888941516388659,0.9678952516954763
total_muscl,6000.0,fixed_initial,1642.4854217859033,-15962.667678547656,40335.246839559164,932600.1659227732,40271.85069455197,905621.4811609068,449,4,0.0432503105976278,0.395749844845182,0.9710715419665705
total_muscl,6000.0,fixed_initial,1804.3861516053175,3893.6621889357357,38771.84875091014,982768.3416380626,38666.289098578316,950326.7178502983,295,3,0.039451666387915835,0.10042498138148068,0.9669895514402802
total_muscl,6000.0,fixed_initial,1974.3819179157026,14872.125727564953,36158.41341534902,1001519.6342542559,35324.46902632479,968269.5738022238,204,2,0.036103549225246126,0.41130470954933623,0.9668003908113189
total_flux_x,1200.0,moving_end,39.88822936505957,-15547.752632824366,15547.874687032223,22255.910381730144,15547.752632824364,21552.249857526556,1014,9,0.6985953133508058,0.9999921497818631,0.9683832064321565
total_flux_x,1200.0,moving_end,121.65909956343168,-7535.814434641841,8528.247060836366,20794.493903092844,7535.81443464184,19948.096855444543,878,9,0.4101204434491155,0.8836299395274324,0.9592970595200486
total_flux_x,1200.0,moving_end,207.51851327172238,460.2548871802735,4666.489883171907,20534.386216136376,3381.977324688257,19980.377544099185,561,6,0.22725246491686596,0.09862978356387841,0.9730204416043446
total_flux_x,1200.0,moving_end,297.6708976654277,9074.454336847753,9075.966759623629,19889.656935449388,9074.454336847753,19384.849418848757,6,0,0.456315902736739,0.9998333595950788,0.9746195965954088
total_flux_x,1200.0,moving_end,392.33090127881815,16300.338552935724,16300.338552935724,20576.290790856845,16300.338552935724,20210.710963560654,0,0,0.7921903281119473,1.0,0.9822329577759157
total_flux_x,1200.0,moving_end,491.72390507287827,21791.83137019647,21791.83137019647,22478.239048563126,21791.83137019647,22408.86632324821,0,0,0.9694634585527938,1.0,0.9969137829184467
total_flux_x,1200.0,moving_end,596.0865590566414,25382.02972589122,25382.02972589122,25455.581242218177,25382.029725891225,25454.1044169321,0,0,0.997110593719032,1.0,0.9999419842245194
total_flux_x,1200.0,moving_end,705.6673457395926,27225.677117134663,27225.677117134663,27289.400496556093,27225.67711713466,27288.693401706158,0,0,0.9976649036526298,1.0,0.9999740890295474
total_flux_x,1200.0,moving_end,820.7271717566915,26625.10956585756,26625.10956585756,26856.610843389477,26625.109565857565,26846.29155422448,0,0,0.9913801008294798,1.0,0.9996157635367631
total_flux_x,1200.0,moving_end,941.5399890746453,22994.112621365013,22994.112621365013,23918.19262417257,22994.11262136502,23818.46502864865,0,0,0.9613649736279133,1.0,0.9958304710940771
total_flux_x,1200.0,moving_end,1068.3934472584967,16019.269795364959,16019.269795364959,19760.474631572557,16019.269795364957,19566.57889953372,0,0,0.8106723190631242,1.0,0.9901876986431775
total_flux_x,1200.0,moving_end,1201.5895783515407,5777.055406337316,6325.921353268216,15876.245542588174,6325.921353268217,15579.057747622217,69,1,0.39845197255855447,0.9132354140559564,0.9812809776613275
total_flux_x,1200.0,moving_end,1341.445515999237,-7288.101612774157,7817.199522324775,16731.101161067156,7802.209279069934,16449.713787704408,888,8,0.46722564444922476,0.9323161820240622,0.9831817780160502
total_flux_x,1200.0,moving_end,1488.294250529318,-22638.768916689114,22638.768916689114,25004.894958917546,22638.768916689118,24764.214484710395,1015,9,0.9053734860267991,1.0,0.9903746656563611
total_flux_x,1200.0,moving_end,1642.4854217859033,-38861.45030315666,38861.45030315666,39108.6731330731,38861.45030315665,39036.37979962728,1015,9,0.9936785676907209,1.0,0.9981514756790691
total_flux_x,1200.0,moving_end,1804.3861516053175,-54563.04564935717,54563.04564935717,54643.06759123764,54563.04564935716,54598.6835508282,1015,9,0.9985355518017568,1.0,0.9991877461795986
total_flux_x,1200.0,moving_end,1974.3819179157026,-67086.58773835028,67086.58773835028,67475.24284379568,67086.58773835028,67399.7290918378,1015,9,0.994240033987797,1.0,0.9988808672814605
total_flux_x,1200.0,moving_symmetric,39.88822936505957,-21158.143668081575,21158.143668081575,26473.854256758088,21158.143668081575,25615.54073904412,1015,9,0.7992090408475543,1.0,0.9675788228873073
total_flux_x,1200.0,moving_symmetric,121.65909956343168,-12760.985654964046,12761.16584914375,23112.37009805954,12760.985654964044,21963.4685680742,1014,9,0.5521357521968354,0.9999858794892383,0.9502906225060062
total_flux_x,1200.0,moving_symmetric,207.51851327172238,-4390.930805753495,5522.663329183382,21095.71327486125,4933.240945723559,20260.428711468187,822,7,0.2617907845649607,0.795074865880475,0.9604050096571785
total_flux_x,1200.0,moving_symmetric,297.6708976654277,4720.883691045417,5101.247719130875,18773.9012269487,4720.8836910454165,18157.332673577348,132,0,0.27172017459047726,0.9254370599061473,0.967158208306417
total_flux_x,1200.0,moving_symmetric,392.33090127881815,12211.482828744065,12211.482828744065,18156.04702012357,12211.482828744065,17618.58552960214,0,0,0.672584886743753,1.0,0.9703976592522742
total_flux_x,1200.0,moving_symmetric,491.72390507287827,17873.493052545153,17873.493052545153,19096.241420975704,17873.493052545153,18954.225349237517,0,0,0.9359691605549425,1.0,0.9925631401170811
total_flux_x,1200.0,moving_symmetric,596.0865590566414,21566.814286567438,21566.814286567438,21684.240131774626,21566.814286567438,21679.555584507845,0,0,0.9945847378329333,1.0,0.9997839653481831
total_flux_x,1200.0,moving_symmetric,705.6673457395926,23358.93595012943,23358.93595012943,23512.808512886324,23358.935950129428,23509.210887280096,0,0,0.9934557982440693,1.0,0.9998469929441115
total_flux_x,1200.0,moving_symmetric,820.7271717566915,22805.05842564955,22805.05842564955,23293.960963564474,22805.05842564955,23280.32236751851,0,0,0.9790116185615814,1.0,0.9994145007769484
total_flux_x,1200.0,moving_symmetric,941.5399890746453,19572.564118711256,19572.564118711256,20931.42838661901,19572.56411871126,20807.397831039805,0,0,0.9350801941077063,1.0,0.9940744342293193
total_flux_x,1200.0,moving_symmetric,1068.3934472584967,13417.28279624875,13417.28279624875,17696.569409966763,13417.28279624875,17464.815957001487,0,0,0.7581855265513832,1.0,0.9869040463382268
total_flux_x,1200.0,moving_symmetric,1201.5895783515407,4432.454423635519,5025.7103857674465,15021.971615425417,5008.888068099169,14667.650699945963,91,1,0.3345573080837645,0.8819557999577536,0.9764131550404731
total_flux_x,1200.0,moving_symmetric,1341.445515999237,-7168.541855582815,7580.737118310059,16289.031122695096,7580.737118310059,15928.729826748542,912,8,0.4653890744765052,0.9456259653521486,0.9778807411421447
total_flux_x,1200.0,moving_symmetric,1488.294250529318,-21221.086121968547,21221.086121968547,23997.435144328287,21221.086121968547,23851.087618570626,1015,9,0.8843064266801063,1.0,0.9939015346899583
total_flux_x,1200.0,moving_symmetric,1642.4854217859033,-36769.105166146575,36769.105166146575,37313.77802165326,36769.10516614656,37234.86407780384,1015,9,0.9854029025098822,1.0,0.9978851258694944
total_flux_x,1200.0,moving_symmetric,1804.3861516053175,-52748.87775903419,52748.87775903419,52926.6946754503,52748.8777590342,52854.85723135728,1015,9,0.9966403169986999,1.0,0.9986426992175965
total_flux_x,1200.0,moving_symmetric,1974.3819179157026,-66868.7273913136,66868.7273913136,67257.29927814772,66868.7273913136,67181.86874480112,1015,9,0.9942226064530609,1.0,0.9988784781108344
total_flux_x,1200.0,fixed_initial,39.88822936505957,-12801.568182322013,21582.1457633813,38752.20113558526,21317.817788150453,37163.480509019995,657,6,0.5569269649450418,0.59315548707129,0.9590030867922396
total_flux_x,1200.0,fixed_initial,121.65909956343168,-6396.619087663213,17490.409561057844,33706.5286233239,17210.830974211374,32127.11758011605,630,5,0.5189027252410385,0.3657215152871661,0.9531422811035205
total_flux_x,1200.0,fixed_initial,207.51851327172238,1509.9102667778216,14371.881801046928,29827.05308992791,14199.816284622799,28237.34515721013,530,4,0.48184048748349423,0.10506002538010237,0.9467024808677932
total_flux_x,1200.0,fixed_initial,297.6708976654277,5096.867020778903,8442.04366896717,23758.013628400928,8107.443375653129,22491.36254225459,374,3,0.3553345747253608,0.603748004705888,0.9466853119137808
total_flux_x,1200.0,fixed_initial,392.33090127881815,6043.329945885664,6473.40411761501,19897.81453572073,6353.511485095878,18861.51579378526,70,1,0.3253324180901324,0.9335629038577931,0.9479189666747021
total_flux_x,1200.0,fixed_initial,491.72390507287827,5969.948900229821,8450.917488380803,17175.547085061786,8450.917488380803,16602.600315084088,154,2,0.4920319246034894,0.7064261257358063,0.966641716439064
total_flux_x,1200.0,fixed_initial,596.0865590566414,5272.54706734316,9917.415501131358,17901.02113028821,9303.055261757723,17461.418089598912,224,2,0.5540139542291957,0.5316452725754688,0.9754425718237103
total_flux_x,1200.0,fixed_initial,705.6673457395926,4501.3192187919285,9333.71122696923,21112.976760463534,9236.438588385536,20743.640016097877,286,3,0.4420840951451087,0.4822646757900139,0.9825066475203401
total_flux_x,1200.0,fixed_initial,820.7271717566915,2112.613779205292,7689.604623248026,23929.41213808646,7572.752448753288,23245.798719627208,398,3,0.32134532093285817,0.27473633336338443,0.9714320847284333
total_flux_x,1200.0,fixed_initial,941.5399890746453,-3409.8292723095324,8594.925738762404,25673.918316698022,8367.06445359797,25099.784970435347,673,6,0.3347726526485193,0.39672585615620676,0.9776374864490682
total_flux_x,1200.0,fixed_initial,1068.3934472584967,-12563.579432035818,13919.990473481332,28788.563462265032,13894.397828473906,28064.766982343757,836,7,0.48352501130273945,0.9025566113691254,0.974858193918915
total_flux_x,1200.0,fixed_initial,1201.5895783515407,-24538.731081242262,24538.731081242262,34982.13315574128,24538.73108124226,34410.30017016479,1015,9,0.7014646869016036,1.0,0.9836535701516349
total_flux_x,1200.0,fixed_initial,1341.445515999237,-38391.72827688369,38391.72827688369,44904.58730486307,38391.72827688369,44149.26875713333,1015,9,0.8549622784914438,1.0,0.9831794791342412
total_flux_x,1200.0,fixed_initial,1488.294250529318,-53355.80679626408,53355.80679626408,58028.769539122804,53355.80679626408,57595.40026898755,1015,9,0.9194716210601669,1.0,0.992531820447389
total_flux_x,1200.0,fixed_initial,1642.4854217859033,-68161.82855570028,68161.82855570028,73493.17866023708,68161.82855570028,73366.95688196213,1015,9,0.9274578919877188,1.0,0.9982825375010859
total_flux_x,1200.0,fixed_initial,1804.3861516053175,-80475.83124914013,80475.83124914013,89434.47562440737,80475.83124914013,89236.38946220669,1015,9,0.8998300788066302,1.0,0.9977851252459671
total_flux_x,1200.0,fixed_initial,1974.3819179157026,-86431.54266514514,86431.54266514514,103495.97491426824,86431.54266514514,102467.56054072139,1015,9,0.8351198463200278,1.0,0.9900632428034158
total_flux_x,2400.0,moving_end,39.88822936505957,-25664.95420610928,25664.95420610928,81057.34235695701,25664.95420610928,78563.77135209227,1015,9,0.3166271365410305,1.0,0.9692369508750527
total_flux_x,2400.0,moving_end,121.65909956343168,-1568.2296534941652,3719.554081469687,80632.23551753054,3400.0659133279723,77703.63973553714,660,6,0.046129864285618195,0.4216176507035809,0.963679590883268
total_flux_x,2400.0,moving_end,207.51851327172238,22519.903183987542,22519.903183987542,84232.08324231459,22519.903183987546,81353.08948670239,0,0,0.26735541039871263,1.0,0.9658206986602711
total_flux_x,2400.0,moving_end,297.6708976654277,45970.111608055275,45970.111608055275,85394.40954710986,45970.11160805528,82743.24256283286,0,0,0.5383269449587887,1.0,0.9689538577719843
total_flux_x,2400.0,moving_end,392.33090127881815,64993.18957314758,64993.18957314758,87735.67183953433,64993.18957314759,85879.66463094424,0,0,0.7407840871386725,1.0,0.9788454665055205
total_flux_x,2400.0,moving_end,491.72390507287827,80507.4164831574,80507.4164831574,91921.426485854,80507.4164831574,90955.27782176403,0,0,0.8758286240863209,1.0,0.98948940740994
total_flux_x,2400.0,moving_end,596.0865590566414,93422.205666968,93422.205666968,101968.01606312243,93422.20566696802,101403.1195118207,0,0,0.9161912653977281,1.0,0.9944600613691255
total_flux_x,2400.0,moving_end,705.6673457395926,100466.52125451635,100466.52125451635,114933.1392739689,100466.52125451634,114264.99812213395,0,0,0.8741301411338976,1.0,0.9941866971001089
total_flux_x,2400.0,moving_end,820.7271717566915,95432.51316768746,95432.51316768746,122291.36247096496,95432.51316768746,120879.04745979015,0,0,0.7803700215568825,1.0,0.9884512284217118
total_flux_x,2400.0,moving_end,941.5399890746453,75723.10114294046,75723.10114294046,121785.34038319031,75723.10114294046,120368.18662649434,0,0,0.6217751734706513,1.0,0.9883635111398713
total_flux_x,2400.0,moving_end,1068.3934472584967,42842.53598505068,51505.01894918503,118976.71398539611,51505.01894918505,117467.81808778428,270,3,0.43289999550254055,0.8318128380327211,0.9873177208626132
total_flux_x,2400.0,moving_end,1201.5895783515407,-2748.5012978370287,51397.993450312206,124750.35170588538,51382.76580763027,122430.56212937743,536,4,0.4120068019646905,0.053474875444195644,0.9814045447985819
total_flux_x,2400.0,moving_end,1341.445515999237,-60111.41063140167,77730.82079052353,144659.7552111925,77730.82079052353,142425.2476831283,699,6,0.5373354923561311,0.7733278771543615,0.984553357464196
total_flux_x,2400.0,moving_end,1488.294250529318,-124728.20516755086,124728.20516755086,181051.14747653576,124728.20516755087,178993.22631637813,1015,9,0.6889114314158966,1.0,0.9886334818152736
total_flux_x,2400.0,moving_end,1642.4854217859033,-186869.16345290607,186869.16345290607,233672.68408763446,186869.16345290604,230730.33661301938,1015,9,0.7997047844189797,1.0,0.9874082523333724
total_flux_x,2400.0,moving_end,1804.3861516053175,-233993.2803243913,233993.2803243913,295727.182037769,233993.2803243913,292079.79559458105,1015,9,0.7912471174006138,1.0,0.9876663808241946
total_flux_x,2400.0,moving_end,1974.3819179157026,-254790.3187370824,254790.3187370824,363611.42200636567,254790.3187370824,360069.7911711101,1015,9,0.7007214386478262,1.0,0.9902598471310026
total_flux_x,2400.0,moving_symmetric,39.88822936505957,-28295.412084548065,28295.412084548065,90145.86601243795,28295.412084548065,87100.6075412936,1015,9,0.3138847440951311,1.0,0.9662185454990895
total_flux_x,2400.0,moving_symmetric,121.65909956343168,-3568.122060857186,4829.735920576041,88256.62680693323,4467.549426387514,84889.88565190048,735,5,0.054723776506226375,0.7387820202872742,0.9618528231041766
total_flux_x,2400.0,moving_symmetric,207.51851327172238,21674.643604453933,21674.643604453933,90679.04211286697,21674.643604453937,87492.0094736111,0,0,0.23902594358546267,1.0,0.9648537019690944
total_flux_x,2400.0,moving_symmetric,297.6708976654277,44924.899744210794,44924.899744210794,88896.42710485039,44924.89974421079,86053.40964193043,0,0,0.5053622649110899,1.0,0.968018765708472
total_flux_x,2400.0,moving_symmetric,392.33090127881815,63257.08504456861,63257.08504456861,88306.23116817285,63257.085044568616,86267.62535261386,0,0,0.7163377284678819,1.0,0.9769143605316299
total_flux_x,2400.0,moving_symmetric,491.72390507287827,77468.32124250726,77468.32124250726,90273.39242032812,77468.32124250726,89102.9139388234,0,0,0.8581523211380127,1.0,0.9870340700607021
total_flux_x,2400.0,moving_symmetric,596.0865590566414,88642.05648926058,88642.05648926058,100121.68667270112,88642.05648926058,99444.85699071616,0,0,0.8853432201859764,1.0,0.9932399292852754
total_flux_x,2400.0,moving_symmetric,705.6673457395926,93788.00436433581,93788.00436433581,114618.26635753238,93788.00436433581,114091.84266032933,0,0,0.8182640284558128,1.0,0.9954071570445765
total_flux_x,2400.0,moving_symmetric,820.7271717566915,87776.61920213226,87776.61920213226,123726.86299939037,87776.61920213225,122453.80099236358,0,0,0.7094386544219161,1.0,0.9897107065016829
total_flux_x,2400.0,moving_symmetric,941.5399890746453,67749.97752310688,67749.97752310688,125017.53949329059,67749.97752310689,123005.37792396435,0,0,0.5419237796368794,1.0,0.98390496583534
total_flux_x,2400.0,moving_symmetric,1068.3934472584967,34358.93926334463,42446.70512961269,123363.8653236322,42446.70512961269,120859.51392566129,270,3,0.34407729539163023,0.8094606909636038,0.9796994736554258
total_flux_x,2400.0,moving_symmetric,1201.5895783515407,-11817.836627378332,47412.11880412603,129242.21376173219,47412.11880412603,126335.47353777566,584,5,0.3668470031899474,0.24925771987118803,0.9775093590603816
total_flux_x,2400.0,moving_symmetric,1341.445515999237,-68836.33561654743,78792.9161804636,148935.67482297297,78792.91618046358,146367.51109908937,861,7,0.5290399111839252,0.8736360951394148,0.98275655764184
total_flux_x,2400.0,moving_symmetric,1488.294250529318,-131437.13539901434,131437.13539901434,184527.5619966017,131437.13539901434,182149.08780732492,1015,9,0.7122899905946566,1.0,0.9871104665149124
total_flux_x,2400.0,moving_symmetric,1642.4854217859033,-189875.4533765721,189875.4533765721,234399.48925941958,189875.45337657214,231324.89474335837,1015,9,0.8100506275695384,1.0,0.9868831006169198
total_flux_x,2400.0,moving_symmetric,1804.3861516053175,-232528.77928862488,232528.77928862488,291362.3788501062,232528.7792886249,287512.18472727825,1015,9,0.7980741378016111,1.0,0.9867855481616289
total_flux_x,2400.0,moving_symmetric,1974.3819179157026,-248832.27684243393,248832.27684243393,351867.55573101284,248832.27684243393,347749.3414070505,1015,9,0.7071759609250681,1.0,0.988296123763367
total_flux_x,2400.0,fixed_initial,39.88822936505957,-22823.64526379275,26363.613417998306,128883.77337835514,26339.5172394587,124713.66500672157,873,7,0.20455339510121634,0.8657252290086747,0.9676444267394959
total_flux_x,2400.0,fixed_initial,121.65909956343168,-1152.1918342924387,7947.0082429591275,120458.6034700218,7384.454456554002,116353.32734118872,692,6,0.06597294019714314,0.14498435122591638,0.9659196104672195
total_flux_x,2400.0,fixed_initial,207.51851327172238,19065.42506690728,19065.42506690728,112096.04145956556,19065.425066907286,108756.95505702964,0,0,0.1700811627124622,1.0,0.9702122719138091
total_flux_x,2400.0,fixed_initial,297.6708976654277,31224.574437450403,31224.574437450403,94907.29547997692,31224.5744374504,91879.56732113662,0,0,0.32900078207410316,1.0,0.9680980461667557
total_flux_x,2400.0,fixed_initial,392.33090127881815,36140.27158300257,36140.27158300257,83883.4955047535,36140.27158300257,81317.30859881836,0,0,0.43083888392508124,1.0,0.9694077256736431
total_flux_x,2400.0,fixed_initial,491.72390507287827,36324.9354941021,36743.211510694906,81607.3840705665,36483.19104947714,79823.92223031819,178,1,0.45024371175680356,0.9886162368667459,0.9781458276042013
total_flux_x,2400.0,fixed_initial,596.0865590566414,35115.106483803116,37493.390123535886,96816.4576410316,37492.51514287306,95576.17326544035,319,3,0.3872625691651611,0.9365679221885076,0.9871893229125375
total_flux_x,2400.0,fixed_initial,705.6673457395926,29477.729304756966,36206.21579958896,116932.36779476271,35986.15734170363,115506.19117595021,391,4,0.3096338206640728,0.8141621170222275,0.9878034059712559
total_flux_x,2400.0,fixed_initial,820.7271717566915,16990.11805038864,32292.889691379256,130849.59828103866,32231.565995802473,128131.5353188637,449,4,0.24679395363538384,0.5261256645893859,0.9792275788547924
total_flux_x,2400.0,fixed_initial,941.5399890746453,-3067.7390866446804,25958.73143316888,139527.32441781796,25917.24141632799,135927.4516802123,505,5,0.18604765440376989,0.11817754247901589,0.9741995143057016
total_flux_x,2400.0,fixed_initial,1068.3934472584967,-30729.338172611086,30729.338172611086,149256.28556538816,30729.33817261108,145253.21449484656,1015,9,0.2058830424206743,1.0,0.9731798828077637
total_flux_x,2400.0,fixed_initial,1201.5895783515407,-64983.76623577728,64983.76623577728,166806.39137254667,64983.76623577728,162072.15542536837,1015,9,0.3895759970650168,1.0,0.9716183779996486
total_flux_x,2400.0,fixed_initial,1341.445515999237,-101774.81912279554,101774.81912279554,195416.7785129571,101774.81912279554,189749.73698666896,1015,9,0.520809010860075,1.0,0.9710002305359241
total_flux_x,2400.0,fixed_initial,1488.294250529318,-131263.36144322655,131263.36144322655,232068.90917454514,131263.36144322655,227265.51107881343,1015,9,0.5656223485951749,1.0,0.9793018456767125
total_flux_x,2400.0,fixed_initial,1642.4854217859033,-147180.71619513162,147180.71619513162,273793.9749036074,147180.71619513162,268309.8359133959,1015,9,0.5375600987821169,1.0,0.9799698331851815
total_flux_x,2400.0,fixed_initial,1804.3861516053175,-146317.12562601396,146317.12562601396,314443.7975013843,146317.12562601396,309709.0417610658,1015,9,0.46532043814720125,1.0,0.9849424419309856
total_flux_x,2400.0,fixed_initial,1974.3819179157026,-125788.61473166232,125788.61473166232,357607.9756170861,125788.61473166232,350594.43729912635,1015,9,0.35175002602948735,1.0,0.9803876345155411
total_flux_x,4200.0,moving_end,39.88822936505957,-44017.0175619565,44017.0175619565,241189.3612494868,44017.01756195648,235345.8461564429,1015,9,0.18249983056435562,1.0,0.9757720860374128
total_flux_x,4200.0,moving_end,121.65909956343168,-24769.685499687093,27900.684077821865,261663.93357779866,27662.630066265356,255541.6274094482,761,7,0.10662793185261948,0.8877805802394791,0.9766024071998056
total_flux_x,4200.0,moving_end,207.51851327172238,-12174.266869228608,26416.121448831756,283016.0551089205,26407.5686302897,276886.9607623234,592,5,0.09333789010190728,0.46086504004042617,0.9783436514079095
total_flux_x,4200.0,moving_end,297.6708976654277,-7273.570683381116,26633.659433713306,288988.3315301019,26587.878860279227,282437.3252790518,567,5,0.09216171217950737,0.2730969321539839,0.9773312430423589
total_flux_x,4200.0,moving_end,392.33090127881815,-7045.507375233294,26175.44909889387,301221.1594095082,26083.821892235577,295633.81198839424,597,5,0.08689777687001236,0.2691647180002357,0.9814510128303503
total_flux_x,4200.0,moving_end,491.72390507287827,-10239.331421754603,26496.812570239003,323726.0101964566,26226.370942625206,319934.2101596217,656,6,0.08184950154038943,0.3864363456778697,0.9882870084040086
total_flux_x,4200.0,moving_end,596.0865590566414,-10592.10955059214,24573.384527856986,363581.4590686966,24491.436199392858,360307.46136690676,675,6,0.06758701224974728,0.431039913878557,0.9909951466992402
total_flux_x,4200.0,moving_end,705.6673457395926,13224.81666786522,15834.104804372379,403809.3875598416,13916.95056467702,399638.7418139878,204,1,0.039211829373396824,0.8352108838014867,0.9896717464369602
total_flux_x,4200.0,moving_end,820.7271717566915,62051.08227797955,62051.08227797955,436997.89679886913,62051.08227797955,428846.3363234937,0,0,0.1419940066817734,1.0,0.9813464537585012
total_flux_x,4200.0,moving_end,941.5399890746453,94095.15854158696,96804.791341491,485748.88426194945,96804.79134149099,474437.7193298805,69,1,0.1992897863030132,0.9720093110851769,0.9767139662106373
total_flux_x,4200.0,moving_end,1068.3934472584967,93929.8097964311,103974.60552062998,551301.9094375595,103974.60552062995,540159.7237914645,69,1,0.1885983047414171,0.9033918361709403,0.979789321503598
total_flux_x,4200.0,moving_end,1201.5895783515407,87110.0203802353,104210.95974458766,663108.1278854872,104210.95974458767,648573.1579860975,204,2,0.15715530448540055,0.8359007593225768,0.9780805432957991
total_flux_x,4200.0,moving_end,1341.445515999237,77731.0487639585,103269.67270868071,807783.6100281954,103269.67270868071,792811.5646875344,204,2,0.12784323849437365,0.7526996718894853,0.9814652771425525
total_flux_x,4200.0,moving_end,1488.294250529318,61782.92708955331,91344.28829116675,963383.6675167113,91050.35919384426,949159.6802729983,241,2,0.09481610636665921,0.6763742785166338,0.9852353867692424
total_flux_x,4200.0,moving_end,1642.4854217859033,43292.79343019397,72035.55970996688,1126928.073456972,64409.675432708114,1110224.122056153,365,4,0.0639220562577611,0.6009919768028672,0.9851774467295168
total_flux_x,4200.0,moving_end,1804.3861516053175,33776.72226682756,59723.457413617914,1294547.4727396169,55157.058465825256,1275457.426599945,312,2,0.046134621303015426,0.5655520247748738,0.9852534985841251
total_flux_x,4200.0,moving_end,1974.3819179157026,26929.44530485483,65920.84902706856,1472727.845932687,57470.72312508642,1450839.1548005012,416,4,0.04476105290541343,0.4085118092729207,0.9851373142752499
total_flux_x,4200.0,moving_symmetric,39.88822936505957,-44035.440853268345,44035.440853268345,248201.42078608443,44035.44085326835,241948.26610328213,1015,9,0.17741816591461357,1.0,0.9748061285749381
total_flux_x,4200.0,moving_symmetric,121.65909956343168,-23615.102039177153,27244.780037280332,266086.12169431115,27221.569578571776,259623.22261463891,719,6,0.10239083445539511,0.8667752871142098,0.9757112507840712
total_flux_x,4200.0,moving_symmetric,207.51851327172238,-10218.531014931163,24832.15186978144,284654.1942379026,24587.349927128085,278239.48753666604,626,5,0.0872362057979294,0.4115040479986039,0.9774649141622154
total_flux_x,4200.0,moving_symmetric,297.6708976654277,-3764.2611596180923,23957.25582991445,287991.1503656725,23834.67579756336,280722.91955775954,578,5,0.08318747225216845,0.1571240540378507,0.974762311971447
total_flux_x,4200.0,moving_symmetric,392.33090127881815,-2023.1542845488148,22347.130175008293,298926.52618123154,22042.82000030447,292635.6668681677,570,5,0.07475793620757429,0.09053306928920075,0.9789551653597651
total_flux_x,4200.0,moving_symmetric,491.72390507287827,-3605.1350272877853,20859.815614221952,321869.571249823,20262.752381783233,317771.60188462655,622,6,0.06480828719913803,0.17282679262178383,0.987268229956364
total_flux_x,4200.0,moving_symmetric,596.0865590566414,-2736.9497148067285,17888.84450923754,365101.29782374715,17261.197139153286,361520.99613860814,613,6,0.04899693486675413,0.15299756859049266,0.9901936758196148
total_flux_x,4200.0,moving_symmetric,705.6673457395926,19869.563573180647,20359.87960235499,409037.6108413533,19869.563573180654,404275.89717828855,83,0,0.04977507951035741,0.975917537885753,0.9883587388131122
total_flux_x,4200.0,moving_symmetric,820.7271717566915,62780.10029058682,62780.10029058682,443871.3157077845,62780.10029058683,435081.30115382065,0,0,0.14143761506751,1.0,0.9801969304100051
total_flux_x,4200.0,moving_symmetric,941.5399890746453,88847.49410748469,93973.37759977291,489492.69402722653,93973.3775997729,476696.2656064128,69,1,0.19198116488036066,0.9454538761592771,0.9738577744326824
total_flux_x,4200.0,moving_symmetric,1068.3934472584967,83835.40420769526,104318.0108302302,552236.0324786601,104318.01083023021,539955.7863307723,204,2,0.1889011304858332,0.8036522508479494,0.9777626858342273
total_flux_x,4200.0,moving_symmetric,1201.5895783515407,67590.28714023293,102415.83422278747,657333.2993900308,102398.20873223507,640684.2088179474,213,2,0.1558050296825427,0.659959347625898,0.9746717675986706
total_flux_x,4200.0,moving_symmetric,1341.445515999237,47559.6131829947,95976.85251795614,793208.3423837186,95653.91369885986,777072.1123782974,316,3,0.12099828933912907,0.4955321198316735,0.9796570092077836
total_flux_x,4200.0,moving_symmetric,1488.294250529318,23234.470221108902,87988.33921325931,942440.4523730526,83782.14830738194,926746.1029182901,414,4,0.0933622267504603,0.2640630614108421,0.9833471182022754
total_flux_x,4200.0,moving_symmetric,1642.4854217859033,369.54680088575697,75743.44267611977,1103871.0751260803,75715.25964747589,1085910.0428783963,576,5,0.06861620381480565,0.004878927968272386,0.9837290489329721
total_flux_x,4200.0,moving_symmetric,1804.3861516053175,-8360.467145763076,56237.89297166146,1268491.258441126,52230.98676329247,1248149.0640394809,535,5,0.044334474201086195,0.14866252457175014,0.9839634729318955
total_flux_x,4200.0,moving_symmetric,1974.3819179157026,-7492.100416179244,70849.18753874039,1443961.8826308898,64440.73993824049,1421531.1155245039,534,5,0.04906582950074388,0.1057471606443272,0.9844658177087631
total_flux_x,4200.0,fixed_initial,39.88822936505957,-47117.074924507935,47117.074924507935,282809.2549005606,47117.074924507935,275902.2526030163,1015,9,0.16660372356298916,1.0,0.9755771702026765
total_flux_x,4200.0,fixed_initial,121.65909956343168,-18092.787817065648,18092.787817065648,280826.2680292989,18092.787817065648,273978.4546019092,1015,9,0.06442697808873779,1.0,0.9756154811462463
total_flux_x,4200.0,fixed_initial,207.51851327172238,6883.055137205065,16010.623025696716,281952.1546483288,15983.781305021635,274264.1896288359,254,3,0.05678489332938891,0.4299055149920091,0.972733086473193
total_flux_x,4200.0,fixed_initial,297.6708976654277,28618.329325555518,32752.78403292886,268300.18497996987,32239.252152040524,259066.05744396086,149,2,0.12207514517880053,0.8737678389960175,0.9655828506540225
total_flux_x,4200.0,fixed_initial,392.33090127881815,47843.81371920079,49520.1521602214,267035.6519381345,49436.591822738475,259239.0870766361,89,1,0.18544397274598368,0.9661483584380588,0.9708032811165428
total_flux_x,4200.0,fixed_initial,491.72390507287827,64275.45597427893,65318.833629119435,286149.64601322426,65296.5305540637,281339.60310629423,60,1,0.22826809167571277,0.9840263887630816,0.9831904635426048
total_flux_x,4200.0,fixed_initial,596.0865590566414,81491.61235554397,81610.82067265752,341782.7437510847,81491.61235554396,337780.96709920466,25,0,0.2387798160228167,0.9985393074578715,0.9882914608035492
total_flux_x,4200.0,fixed_initial,705.6673457395926,110311.44528354924,110311.44528354924,394852.4135229273,110311.44528354926,389223.9028158077,0,0,0.2793738660461397,1.0,0.9857452797188163
total_flux_x,4200.0,fixed_initial,820.7271717566915,127283.9036410347,127283.9036410347,431792.76939643617,127283.90364103469,422790.515672498,0,0,0.29478007197515904,1.0,0.9791514486532009
total_flux_x,4200.0,fixed_initial,941.5399890746453,104606.6100991953,117107.1925280132,468906.3575256765,116527.46040255373,456979.4478187697,171,2,0.24974537164726032,0.8932552120927361,0.974564410323113
total_flux_x,4200.0,fixed_initial,1068.3934472584967,49648.159124961094,102192.87850226797,506654.8758686589,97543.57366291282,493234.51848665084,368,3,0.2017011645788634,0.48582797404869316,0.9735118361211883
total_flux_x,4200.0,fixed_initial,1201.5895783515407,-20473.824601489985,102245.29148963357,572562.5865871734,102211.67748670814,555078.4160383516,577,5,0.17857487353317766,0.2002422243919739,0.9694633024259615
total_flux_x,4200.0,fixed_initial,1341.445515999237,-104988.62406987572,135068.05097228262,651812.7989195182,132697.91474556513,635577.6635223562,756,6,0.2072190837556106,0.7773016884016523,0.9750923341424496
total_flux_x,4200.0,fixed_initial,1488.294250529318,-185014.82085424295,191730.1566482704,743763.1324540705,191480.0177778553,726580.3745283512,891,8,0.25778389420251385,0.9649750675041341,0.9768975401227213
total_flux_x,4200.0,fixed_initial,1642.4854217859033,-237025.46757564307,237093.30353918322,866783.4131839466,237025.4675756431,847332.2815561533,1002,9,0.27353234952693756,0.9997138849451775,0.9775594094996076
total_flux_x,4200.0,fixed_initial,1804.3861516053175,-253775.68161824407,256744.47861166904,1010700.2339567011,256625.34302316234,986713.1769749126,957,8,0.2540263373706393,0.9884367640173664,0.9762668928175828
total_flux_x,4200.0,fixed_initial,1974.3819179157026,-251395.521156153,273865.2222797964,1160762.0215298608,268645.2090298634,1136772.98707639,875,7,0.2359357191225533,0.9179534336759012,0.9793333741038033
total_flux_x,6000.0,moving_end,39.88822936505957,-28560.41250750482,28560.41250750482,394101.9631161903,28560.412507504825,386288.35879318503,1015,9,0.07246960223612121,1.0,0.9801736478011361
total_flux_x,6000.0,moving_end,121.65909956343168,-19454.65496435258,20467.955850048143,410865.95360536914,20467.95585004814,402605.6636396248,861,7,0.04981662673784677,0.950493303135927,0.9798954138368976
total_flux_x,6000.0,moving_end,207.51851327172238,-11955.07252931392,20457.70424432366,442301.38149818394,20457.704244323657,432852.6508322719,699,6,0.04625286083219629,0.5843799669081178,0.9786373476069488
total_flux_x,6000.0,moving_end,297.6708976654277,-3906.222997779807,21357.28230660886,467641.44227283506,21357.282306608875,457154.1593990425,524,4,0.04567020878818611,0.18289887925352066,0.9775740943257248
total_flux_x,6000.0,moving_end,392.33090127881815,2871.1540005712814,23833.8781305273,511816.8259856256,23694.905246849037,502176.8770793331,465,4,0.0465672031876433,0.12046524635425582,0.9811652364344833
total_flux_x,6000.0,moving_end,491.72390507287827,8208.679525887466,29413.942216026702,577076.6833252326,29413.94221602671,570401.3636797473,270,3,0.05097059553080124,0.27907444250756785,0.9884325258005215
total_flux_x,6000.0,moving_end,596.0865590566414,10828.898173064561,34667.710323611886,670697.6850382809,34667.71032361188,664854.0263649896,270,3,0.05168902636309708,0.3123626588540256,0.9912871942103725
total_flux_x,6000.0,moving_end,705.6673457395926,30490.978447069378,47158.85736416077,784736.3605116631,47158.85736416078,777588.1966566634,270,3,0.060095160282126206,0.6465588894917024,0.9908909995576872
total_flux_x,6000.0,moving_end,820.7271717566915,59159.63642875282,59230.28523507829,903141.8638670549,59159.63642875282,890696.7145511947,26,0,0.06558248222651006,0.9988072181985098,0.986220161179803
total_flux_x,6000.0,moving_end,941.5399890746453,90026.13324353695,90026.13324353695,1041077.6206788031,90026.13324353697,1022003.2429590991,0,0,0.0864739875830182,1.0,0.981678236722381
total_flux_x,6000.0,moving_end,1068.3934472584967,130909.87034242254,130909.87034242254,1176596.8770892483,130909.87034242258,1155769.9365483706,0,0,0.11126144637259024,1.0,0.9822990006633361
total_flux_x,6000.0,moving_end,1201.5895783515407,185261.02915829088,185261.02915829088,1382959.8573384832,185261.02915829082,1357623.5823507693,0,0,0.13395980235813001,1.0,0.9816796743207906
total_flux_x,6000.0,moving_end,1341.445515999237,235634.29780020774,235634.29780020774,1638668.4273344525,235634.29780020769,1614576.1071140473,0,0,0.1437962029838479,1.0,0.9852976234737157
total_flux_x,6000.0,moving_end,1488.294250529318,258020.3480270678,258020.3480270678,1957315.5440653088,258020.3480270678,1932858.815094545,0,0,0.13182358297281196,1.0,0.987504963599294
total_flux_x,6000.0,moving_end,1642.4854217859033,248855.90239431744,251183.56860414485,2256664.8019979196,250846.16495193704,2228944.346725199,74,1,0.1113074340423804,0.9907332067031195,0.9877161839684039
total_flux_x,6000.0,moving_end,1804.3861516053175,200443.81763784913,208225.69691969332,2513845.6571943993,208225.6969196933,2481331.3431732315,103,1,0.08283153594723294,0.9626276708544507,0.9870659067997613
total_flux_x,6000.0,moving_end,1974.3819179157026,113974.56173200789,139535.93590701077,2717192.536344964,139535.9359070108,2682163.113538797,172,2,0.0513529807110054,0.8168115331090233,0.9871082294178215
total_flux_x,6000.0,moving_symmetric,39.88822936505957,-30437.060726259213,30437.060726259213,398892.0683573112,30437.06072625922,390995.63882146,1015,9,0.07630400085818437,1.0,0.980204094886194
total_flux_x,6000.0,moving_symmetric,121.65909956343168,-22831.38712720033,23708.149117106834,413133.3322857203,23683.778497250885,404783.06306204584,889,8,0.05738619294148465,0.9630185390864668,0.9797879556764996
total_flux_x,6000.0,moving_symmetric,207.51851327172238,-16397.29381445089,22750.27700310365,443249.3353128369,22750.277003103656,433530.0683654271,699,6,0.05132613901619714,0.7207513918276218,0.9780726869211205
total_flux_x,6000.0,moving_symmetric,297.6708976654277,-8837.277488305885,23901.27773638566,469287.6210761763,23901.27773638566,458463.7716109582,584,5,0.05093097849368996,0.36974079736551585,0.976935574306442
total_flux_x,6000.0,moving_symmetric,392.33090127881815,-2324.6667457427793,26512.123331404935,515730.42577756173,26512.123331404928,505471.24818387255,524,4,0.05140694053765175,0.08768315976371065,0.9801074804182408
total_flux_x,6000.0,moving_symmetric,491.72390507287827,2442.289555711932,29944.436810168005,584032.4821443106,29934.918870867223,576967.5316478645,510,4,0.051271868818366394,0.08156071096593882,0.9879031548544925
total_flux_x,6000.0,moving_symmetric,596.0865590566414,3794.7424639549026,34795.857271725596,681230.0794586282,34795.85727172558,674984.9439722798,524,4,0.051077981317821104,0.10905730628566616,0.9908325605773142
total_flux_x,6000.0,moving_symmetric,705.6673457395926,21444.483252481587,40696.3346000244,796374.9503055394,40696.334600024406,788784.1071718467,270,3,0.051101977258841115,0.5269389359814417,0.9904682547702179
total_flux_x,6000.0,moving_symmetric,820.7271717566915,52891.16355184153,52896.503028849635,914388.6957236598,52891.16355184152,901517.5476063242,8,0,0.057849034306998524,0.9998990580340407,0.9859237672364822
total_flux_x,6000.0,moving_symmetric,941.5399890746453,88222.10600084317,88222.10600084317,1049317.9369320218,88222.10600084321,1029659.3834932729,0,0,0.08407566753198319,1.0,0.9812653984585205
total_flux_x,6000.0,moving_symmetric,1068.3934472584967,131654.64530262584,131654.64530262584,1182644.5157670486,131654.64530262587,1161492.1385806797,0,0,0.11132224734263133,1.0,0.9821143404426564
total_flux_x,6000.0,moving_symmetric,1201.5895783515407,188595.25408688176,188595.25408688176,1386527.9920921172,188595.25408688176,1360872.6465228337,0,0,0.13601979560637098,1.0,0.9814966984326279
total_flux_x,6000.0,moving_symmetric,1341.445515999237,248772.1064279423,248772.1064279423,1635187.6538419556,248772.10642794232,1610126.1235481948,0,0,0.15213673234594188,1.0,0.9846736059712305
total_flux_x,6000.0,moving_symmetric,1488.294250529318,279793.93044959416,279793.93044959416,1947570.1960303406,279793.9304495941,1922318.0545701198,0,0,0.14366307875314976,1.0,0.9870340275735934
total_flux_x,6000.0,moving_symmetric,1642.4854217859033,272993.9238670466,274988.0804135965,2240465.6286609676,274478.459118111,2211901.714597869,69,1,0.12273702256166515,0.9927482073275665,0.9872509028044453
total_flux_x,6000.0,moving_symmetric,1804.3861516053175,220220.51556000474,225716.90736342603,2493898.605335676,225716.90736342606,2460305.5775422095,103,1,0.0905076521076304,0.9756491799058209,0.9865299143591505
total_flux_x,6000.0,moving_symmetric,1974.3819179157026,117512.43183811489,139443.32442232565,2692449.2540897923,139232.7951263653,2656976.097362042,197,2,0.05179051163564669,0.8427254034923202,0.9868249488179333
total_flux_x,6000.0,fixed_initial,39.88822936505957,-33698.55179212901,33698.55179212901,418699.25884494896,33698.551792129016,410341.81311205623,1015,9,0.08048390600234648,1.0,0.9800395019662845
total_flux_x,6000.0,fixed_initial,121.65909956343168,-34303.053633330754,34441.280785729745,425047.5284971222,34303.053633330754,416452.75056388654,964,9,0.08102924608809466,0.9959865850152627,0.979779254419794
total_flux_x,6000.0,fixed_initial,207.51851327172238,-32744.511139509606,36117.00925855155,455111.81405260705,36097.68401302611,445001.83505873714,849,7,0.07935854034845322,0.9066229959712562,0.9777857249983379
total_flux_x,6000.0,fixed_initial,297.6708976654277,-21521.715830823217,37938.042384376924,483201.1673202305,37898.796592526574,471539.5150802559,714,6,0.07851397088872171,0.5672858818800299,0.9758658442307816
total_flux_x,6000.0,fixed_initial,392.33090127881815,-6977.345549744321,41973.6822921543,537521.6306747987,41890.331702499876,526007.9018496737,605,5,0.07808742922486858,0.16623143762272494,0.9785799711712609
total_flux_x,6000.0,fixed_initial,491.72390507287827,-735.1251786477005,45474.27586502282,610364.0029049071,45474.08857949787,602656.2745005484,583,5,0.07450353501942607,0.0161657368845126,0.9873719151724621
total_flux_x,6000.0,fixed_initial,596.0865590566414,-1718.1110218824178,50603.625457626214,715208.9219484883,50530.50103140461,708289.3653446313,602,5,0.07075362723351325,0.03395233061554269,0.990325125440262
total_flux_x,6000.0,fixed_initial,705.6673457395926,8438.229476133914,49169.50136528911,823386.9160366433,49117.33594560678,814960.8248943863,569,5,0.05971615580432773,0.1716151118443277,0.9897665471989574
total_flux_x,6000.0,fixed_initial,820.7271717566915,50080.413328395254,50730.76701928551,923107.4202506953,50080.41332839523,909266.4571244715,145,0,0.05495651525096415,0.9871802905987402,0.9850061186568462
total_flux_x,6000.0,fixed_initial,941.5399890746453,101779.99395888169,101779.99395888169,1050406.7597807609,101779.99395888166,1029881.0675574625,0,0,0.09689579109346654,1.0,0.9804592915723596
total_flux_x,6000.0,fixed_initial,1068.3934472584967,161984.22832655153,161984.22832655153,1165702.8480581911,161984.22832655153,1143648.0921011977,0,0,0.13895842203386757,1.0,0.9810802933236957
total_flux_x,6000.0,fixed_initial,1201.5895783515407,242107.00642024685,242107.00642024685,1337238.920431698,242107.00642024682,1310930.1832034183,0,0,0.18104992512638501,1.0,0.9803260757473418
total_flux_x,6000.0,fixed_initial,1341.445515999237,307858.5766972058,307858.5766972058,1561906.4739100765,307858.5766972057,1535852.0294575293,0,0,0.19710436049766325,1.0,0.9833188190920789
total_flux_x,6000.0,fixed_initial,1488.294250529318,309528.3603808772,313192.1457986613,1830445.6084068974,313060.09687245666,1802088.2763102362,89,1,0.1711015855156951,0.9883017966225137,0.9845079624510986
total_flux_x,6000.0,fixed_initial,1642.4854217859033,242670.801348759,266350.7632887702,2062769.383572524,266336.84746426693,2031676.9355914607,157,2,0.12912289924890952,0.9110948223026564,0.984926842414534
total_flux_x,6000.0,fixed_initial,1804.3861516053175,87117.82857875372,149256.0872942215,2220404.3990600803,143154.86675619762,2184654.319235595,225,2,0.06722022680075897,0.5836802381602195,0.9838992933721359
total_flux_x,6000.0,fixed_initial,1974.3819179157026,-139661.79942045134,139661.79942045134,2333972.2870791387,139661.79942045134,2296010.573316715,1015,9,0.0598386708332479,1.0,0.9837351480252875
total_flux_y,1200.0,moving_end,39.88822936505957,25018.40304143744,25018.40304143744,67197.2642769792,25018.403041437443,64712.87000657583,0,0,0.37231282122311604,1.0,0.9630283420443578
total_flux_y,1200.0,moving_end,121.65909956343168,27367.74965175626,27367.74965175626,65947.92296992114,27367.749651756254,64059.66362296759,0,0,0.41499031992620444,1.0,0.971367417472499
total_flux_y,1200.0,moving_end,207.51851327172238,33444.32606326294,33444.32606326294,69723.07529541248,33444.32606326294,67624.97264249853,0,0,0.47967370804516785,1.0,0.9699080592182084
total_flux_y,1200.0,moving_end,297.6708976654277,41450.2952334046,41450.2952334046,71645.97493421289,41450.2952334046,69957.92782187402,0,0,0.5785432506357165,1.0,0.976439051685892
total_flux_y,1200.0,moving_end,392.33090127881815,52639.80605060911,52639.80605060911,74960.27053149807,52639.80605060911,73476.46929230585,0,0,0.7022360735543242,1.0,0.9802054978100868
total_flux_y,1200.0,moving_end,491.72390507287827,65622.29542289292,65622.29542289292,80165.70813364825,65622.29542289292,78700.46166433893,0,0,0.8185831192745247,1.0,0.9817222787221372
total_flux_y,1200.0,moving_end,596.0865590566414,79492.32947094238,79492.32947094238,87761.60275807147,79492.32947094236,86322.11337985742,0,0,0.9057757262031252,1.0,0.9835977314340734
total_flux_y,1200.0,moving_end,705.6673457395926,95455.03060481387,95455.03060481387,99448.73316786383,95455.0306048139,98263.26457890049,0,0,0.959841594399108,1.0,0.9880796009038915
total_flux_y,1200.0,moving_end,820.7271717566915,110980.18805160916,110980.18805160916,112415.31162494814,110980.18805160915,111848.89377755232,0,0,0.987233735755437,1.0,0.9949613816907295
total_flux_y,1200.0,moving_end,941.5399890746453,126560.09666549914,126560.09666549914,126952.47976692676,126560.09666549912,126849.56380363405,0,0,0.9969092127845947,1.0,0.9991893347535893
total_flux_y,1200.0,moving_end,1068.3934472584967,142695.75296013226,142695.75296013226,142763.6899967037,142695.7529601323,142762.28327714527,0,0,0.9995241294437471,1.0,0.9999901465172379
total_flux_y,1200.0,moving_end,1201.5895783515407,157991.20958240738,157991.20958240738,157995.5011216201,157991.20958240738,157991.20958240738,0,0,0.999972837585993,1.0,0.999972837585993
total_flux_y,1200.0,moving_end,1341.445515999237,171740.88508233888,171740.88508233888,171740.88508233888,171740.88508233885,171740.88508233885,0,0,1.0,1.0,0.9999999999999998
total_flux_y,1200.0,moving_end,1488.294250529318,182260.18305530277,182260.18305530277,182297.33140559046,182260.1830553028,182260.1830553028,0,0,0.9997962210965938,1.0,0.999796221096594
total_flux_y,1200.0,moving_end,1642.4854217859033,187078.6253994509,187078.6253994509,188263.5608598261,187078.62539945092,187793.18507652642,0,0,0.9937059755219574,1.0,0.9975015038430624
total_flux_y,1200.0,moving_end,1804.3861516053175,183654.29983086447,183654.29983086447,189844.06033170718,183654.2998308645,189732.28124314648,0,0,0.967395553539955,1.0,0.9994112057634809
total_flux_y,1200.0,moving_end,1974.3819179157026,169943.88058196785,169943.88058196785,184996.98327920344,169943.88058196785,184308.44039985904,0,0,0.9186305504532636,1.0,0.9962780859063781
total_flux_y,1200.0,moving_symmetric,39.88822936505957,13971.13229040755,14904.185807503454,72190.59588210551,13971.132290407546,69585.48978792892,100,0,0.2064560574045335,0.9373965455646586,0.9639134978407576
total_flux_y,1200.0,moving_symmetric,121.65909956343168,15748.087861674197,16394.54989653457,71103.74907220615,15748.087861674194,68784.72352981358,76,0,0.23057222875668393,0.960568479223878,0.9673853267562925
total_flux_y,1200.0,moving_symmetric,207.51851327172238,20604.16027861473,20963.00392277345,74639.1895846584,20604.16027861473,72106.92632878662,42,0,0.28085787157424147,0.9828820504217488,0.9660732750454157
total_flux_y,1200.0,moving_symmetric,297.6708976654277,28673.796270447194,28674.6352519961,74632.04968898001,28673.796270447183,72513.01121731011,2,0,0.3842134226715487,0.9999707413349278,0.9716068568329459
total_flux_y,1200.0,moving_symmetric,392.33090127881815,39761.7211273961,39761.7211273961,76090.05344743046,39761.7211273961,74107.18578824669,0,0,0.522561351003215,1.0,0.9739405143071203
total_flux_y,1200.0,moving_symmetric,491.72390507287827,52703.72173410874,52703.72173410874,79453.66976755703,52703.72173410873,77613.7040129574,0,0,0.663326462934869,1.0,0.9768422810427451
total_flux_y,1200.0,moving_symmetric,596.0865590566414,66557.40154888367,66557.40154888367,85092.6143482602,66557.40154888367,83435.11809648649,0,0,0.7821760097354971,1.0,0.9805212677449296
total_flux_y,1200.0,moving_symmetric,705.6673457395926,82071.23781756051,82071.23781756051,94197.38445301708,82071.23781756053,92655.09234007006,0,0,0.8712687543728485,1.0,0.9836270176512568
total_flux_y,1200.0,moving_symmetric,820.7271717566915,97345.61347565593,97345.61347565593,104691.84071784845,97345.61347565593,103713.31997071099,0,0,0.9298299925589131,1.0,0.9906533236933465
total_flux_y,1200.0,moving_symmetric,941.5399890746453,112412.96070454527,112412.96070454527,116733.48204521008,112412.96070454526,116280.25315024258,0,0,0.9629881567398846,1.0,0.9961174044753333
total_flux_y,1200.0,moving_symmetric,1068.3934472584967,127352.35184458215,127352.35184458215,129791.2319828836,127352.35184458217,129436.71112984963,0,0,0.9812092072704643,1.0,0.9972685300261213
total_flux_y,1200.0,moving_symmetric,1201.5895783515407,141239.88895521127,141239.88895521127,142627.41799227288,141239.88895521127,142216.8431097646,0,0,0.9902716528379082,1.0,0.9971213467348156
total_flux_y,1200.0,moving_symmetric,1341.445515999237,153660.17268420858,153660.17268420858,154483.091926973,153660.17268420858,154069.34177956308,0,0,0.9946730788949161,1.0,0.997321712413644
total_flux_y,1200.0,moving_symmetric,1488.294250529318,163941.85481783305,163941.85481783305,164660.72356431547,163941.85481783308,164398.51139986012,0,0,0.9956342427573408,1.0,0.9984075609606262
total_flux_y,1200.0,moving_symmetric,1642.4854217859033,170055.38102669007,170055.38102669007,171570.69795368065,170055.38102669007,171161.30237932122,0,0,0.9911679736396499,1.0,0.9976138374486886
total_flux_y,1200.0,moving_symmetric,1804.3861516053175,169198.13131622056,169198.13131622056,174024.31722969218,169198.13131622056,173874.270842372,0,0,0.9722671751264417,1.0,0.9991377849388592
total_flux_y,1200.0,moving_symmetric,1974.3819179157026,159028.97238474037,159028.97238474037,169745.9465557651,159028.97238474034,169375.72289433022,0,0,0.9368646239366665,1.0,0.9978189543317709
total_flux_y,1200.0,fixed_initial,39.88822936505957,-18450.871904815802,30755.149376278634,56637.95466621344,30026.213340425656,53451.12166335087,610,5,0.5430130653115759,0.5999278910687689,0.9437332611736484
total_flux_y,1200.0,fixed_initial,121.65909956343168,-15336.734447143275,30123.149985911376,59417.61305188337,28783.39808537558,55839.14078201522,590,5,0.5069734113958413,0.5091344847506413,0.9397742170029041
total_flux_y,1200.0,fixed_initial,207.51851327172238,-14551.230571336884,31769.223852864096,65662.17728484032,30003.756194387974,62372.29252651804,588,4,0.4838283646162123,0.4580291491768706,0.9498968067407989
total_flux_y,1200.0,fixed_initial,297.6708976654277,-10730.83360417423,29087.691925893392,62782.30941062987,27480.87746180457,60227.685216604186,576,4,0.46331032099574954,0.3689132032721309,0.9593098084793747
total_flux_y,1200.0,fixed_initial,392.33090127881815,-4713.528963009894,28213.3894820864,62410.71580364776,26691.9633803028,60413.25264874587,546,4,0.4520600207638925,0.16706709294899386,0.9679948686827087
total_flux_y,1200.0,fixed_initial,491.72390507287827,4338.406428706292,29115.95631872407,65469.32324807709,28218.23389695517,63643.109200684805,488,3,0.44472670365626915,0.14900442840396497,0.9721058053330967
total_flux_y,1200.0,fixed_initial,596.0865590566414,16255.908640354226,31840.00035594451,73034.9795291925,31041.341873001962,70997.95649227599,405,3,0.4359554909331888,0.5105498887759672,0.9721089394417877
total_flux_y,1200.0,fixed_initial,705.6673457395926,29614.36399421973,35516.58658801457,81717.92579877476,33166.56045823115,78756.39973901774,293,2,0.43462418117992774,0.8338178535494003,0.9637591626218024
total_flux_y,1200.0,fixed_initial,820.7271717566915,42184.967361859875,42184.967361859875,87916.42724019097,42184.967361859875,85128.16061675262,0,0,0.4798303193851243,1.0,0.9682850326046496
total_flux_y,1200.0,fixed_initial,941.5399890746453,52306.70067638974,52306.70067638974,91595.48387717514,52306.700676389744,88762.53832912729,0,0,0.5710620050496196,1.0,0.9690711219796962
total_flux_y,1200.0,fixed_initial,1068.3934472584967,57935.26954056229,57935.26954056229,92538.4076292437,57935.26954056228,90225.24592251125,0,0,0.6260672841127836,1.0,0.9750032255147489
total_flux_y,1200.0,fixed_initial,1201.5895783515407,58840.76405773453,58840.76405773453,90262.26691960188,58840.76405773453,88217.21738365106,0,0,0.6518866195787547,1.0,0.977343250887191
total_flux_y,1200.0,fixed_initial,1341.445515999237,56931.408429979914,56931.408429979914,86087.1759950481,56931.408429979936,83842.40751445948,0,0,0.6613227553573684,1.0,0.9739244730165414
total_flux_y,1200.0,fixed_initial,1488.294250529318,53094.13118023623,57588.894765631005,84018.20526424068,56591.35666560112,82451.47411871403,223,3,0.6854335269899134,0.9219508621638413,0.9813524802083166
total_flux_y,1200.0,fixed_initial,1642.4854217859033,48059.1616784647,61355.368578826485,89301.6302724892,61296.01496822169,87474.86584477937,329,3,0.6870576538368974,0.7832918747235713,0.9795438848973332
total_flux_y,1200.0,fixed_initial,1804.3861516053175,42246.73907424131,63167.06857017662,97017.51778233658,62227.78417093404,94704.03163142654,379,4,0.6510893085503893,0.6688095558416886,0.9761539338070836
total_flux_y,1200.0,fixed_initial,1974.3819179157026,35169.86771964544,60972.32170256873,101933.91777660057,60960.28417450656,99596.71221217982,425,4,0.5981553837280766,0.5768169349235023,0.9770713652982219
total_flux_y,2400.0,moving_end,39.88822936505957,-11850.527053091468,14942.676400117325,171529.14030804354,12392.67300637251,164309.43544971672,748,8,0.08711450645226965,0.7930658963476196,0.9579097473154637
total_flux_y,2400.0,moving_end,121.65909956343168,1057.6799815455397,13431.635966602462,167424.2388183017,13355.75259885729,161261.098326715,521,5,0.08022515772748555,0.07874543236396842,0.9631884813388623
total_flux_y,2400.0,moving_end,207.51851327172238,14177.719618934478,17799.799229126955,185584.16745692244,17799.799229126937,179555.7526442493,316,3,0.09591227243702576,0.7965100862337011,0.9675165457523608
total_flux_y,2400.0,moving_end,297.6708976654277,37071.02757561739,37071.02757561739,195632.71751852258,37071.02757561737,190307.37149622638,0,0,0.18949298484343494,1.0,0.9727788578012674
total_flux_y,2400.0,moving_end,392.33090127881815,62717.999974245206,62717.999974245206,209612.29143731104,62717.99997424521,204704.06244147968,0,0,0.2992095527613768,1.0,0.9765842500829716
total_flux_y,2400.0,moving_end,491.72390507287827,89401.83307146112,89401.83307146112,230190.35143939254,89401.83307146111,225837.25957164133,0,0,0.38838219114062206,1.0,0.981089164508716
total_flux_y,2400.0,moving_end,596.0865590566414,112671.02107187832,112671.02107187832,261878.06352776173,112671.02107187835,257319.2576216225,0,0,0.4302423026735649,1.0,0.9825918756052817
total_flux_y,2400.0,moving_end,705.6673457395926,143999.31818047282,143999.31818047282,287816.8628285158,143999.3181804728,282564.6524880422,0,0,0.5003157798515407,1.0,0.9817515544820494
total_flux_y,2400.0,moving_end,820.7271717566915,194044.448453119,194044.448453119,314123.5534964823,194044.44845311897,308842.4414672485,0,0,0.6177328834250947,1.0,0.9831877871924909
total_flux_y,2400.0,moving_end,941.5399890746453,234443.41642692965,234443.41642692965,372834.1152333736,234443.41642692965,366836.6901279835,0,0,0.6288142818695145,1.0,0.9839139583521319
total_flux_y,2400.0,moving_end,1068.3934472584967,270854.62202722626,270854.62202722626,444551.77713457646,270854.62202722626,438832.3463481603,0,0,0.609275760346881,1.0,0.9871343877573011
total_flux_y,2400.0,moving_end,1201.5895783515407,298163.7917667822,298163.7917667822,523225.75211299234,298163.7917667822,517331.45552849106,0,0,0.5698568745186546,1.0,0.9887346970964296
total_flux_y,2400.0,moving_end,1341.445515999237,312058.2083887887,312058.2083887887,601183.8463759238,312058.20838878874,596712.8017802141,0,0,0.5190728431409929,1.0,0.9925629329153431
total_flux_y,2400.0,moving_end,1488.294250529318,303063.99854783417,303063.99854783417,675330.005501993,303063.9985478341,672489.6134837143,0,0,0.44876430201343953,1.0,0.9957940680924323
total_flux_y,2400.0,moving_end,1642.4854217859033,259469.69731056,273985.661358595,748754.4985176093,265161.4997668412,744765.8239415053,149,1,0.3659218901536274,0.9470192564966515,0.9946729207183385
total_flux_y,2400.0,moving_end,1804.3861516053175,176568.33956656433,259671.28881095134,817565.7851804991,259671.2888109513,812850.6831219059,316,3,0.31761516139477647,0.6799686649035408,0.9942327551567581
total_flux_y,2400.0,moving_end,1974.3819179157026,62705.00689128107,260423.0881833143,865569.0775771088,259541.84258707368,858557.9467050309,404,4,0.30086921417327855,0.24078128912726207,0.9918999753414212
total_flux_y,2400.0,moving_symmetric,39.88822936505957,-16378.994121491714,16852.39349025284,177343.2098263849,16646.94832724883,169184.3989163498,880,8,0.09502700163570381,0.971909072201825,0.9539942300693531
total_flux_y,2400.0,moving_symmetric,121.65909956343168,-2522.78573015411,11819.212034149507,173888.3251596521,10114.979558775178,166747.39408867538,618,5,0.06797012981347617,0.21344787815507243,0.958933809590607
total_flux_y,2400.0,moving_symmetric,207.51851327172238,12241.069567844354,14938.722980658067,192459.5408509436,14908.497652933554,185574.65692406194,343,3,0.07762006972794264,0.8194187403898912,0.9642268505035358
total_flux_y,2400.0,moving_symmetric,297.6708976654277,37481.75673546075,37481.75673546075,200529.98967249063,37481.75673546075,194835.14668881637,0,0,0.1869134726265965,1.0,0.9716010408569054
total_flux_y,2400.0,moving_symmetric,392.33090127881815,65937.60786395927,65937.60786395927,212578.66727645087,65937.60786395929,207602.70765202015,0,0,0.31017979700761694,1.0,0.9765923848889331
total_flux_y,2400.0,moving_symmetric,491.72390507287827,96486.190876168,96486.190876168,231104.2062600471,96486.190876168,226706.34066950541,0,0,0.4175007994774363,1.0,0.9809702053384826
total_flux_y,2400.0,moving_symmetric,596.0865590566414,126467.68137675106,126467.68137675106,260276.78313908886,126467.68137675106,255747.2360595224,0,0,0.4858968973393536,1.0,0.9825971912479573
total_flux_y,2400.0,moving_symmetric,705.6673457395926,163251.76775099218,163251.76775099218,287990.793251168,163251.76775099212,282554.6824955714,0,0,0.5668645372583628,1.0,0.9811240120066771
total_flux_y,2400.0,moving_symmetric,820.7271717566915,215549.99037055267,215549.99037055267,316515.42924326775,215549.99037055267,310987.08614116086,0,0,0.6810094246776357,1.0,0.9825337326672379
total_flux_y,2400.0,moving_symmetric,941.5399890746453,264498.44500767125,264498.44500767125,370153.4317128347,264498.4450076713,363930.23428034916,0,0,0.7145643464218085,1.0,0.9831875192843991
total_flux_y,2400.0,moving_symmetric,1068.3934472584967,311041.9080625478,311041.9080625478,434484.763550286,311041.9080625478,429280.30666572764,0,0,0.71588680238392,1.0,0.9880215433976753
total_flux_y,2400.0,moving_symmetric,1201.5895783515407,348253.90103434795,348253.90103434795,503500.0714034138,348253.90103434795,498021.5783897693,0,0,0.6916660410070138,1.0,0.9891191812577619
total_flux_y,2400.0,moving_symmetric,1341.445515999237,370288.93647101615,370288.93647101615,570393.5276578818,370288.9364710162,565714.0336030477,0,0,0.6491815185762643,1.0,0.991796025326499
total_flux_y,2400.0,moving_symmetric,1488.294250529318,368592.33543088206,368592.33543088206,632005.7129214737,368592.33543088206,628212.3875613804,0,0,0.5832104487268763,1.0,0.9939979571663071
total_flux_y,2400.0,moving_symmetric,1642.4854217859033,333268.6796292304,333268.6796292304,693836.556317631,333268.67962923046,688460.1839920509,0,0,0.4803273574946425,1.0,0.9922512409059074
total_flux_y,2400.0,moving_symmetric,1804.3861516053175,259979.04335108335,276209.5071300032,751476.5775829777,275195.97215716727,745977.2256473418,167,2,0.36755571014387906,0.9412385766602861,0.9926819383335621
total_flux_y,2400.0,moving_symmetric,1974.3819179157026,154622.67191710387,247893.01303059986,790677.1283165182,247391.9740455005,783555.9841410164,296,3,0.31351989851838125,0.6237475999293989,0.9909936130432103
total_flux_y,2400.0,fixed_initial,39.88822936505957,-46195.9726886867,46268.085934824834,175175.15426912974,46195.97268868669,166619.78456809284,981,9,0.26412470494383594,0.998441404162694,0.951161055135177
total_flux_y,2400.0,fixed_initial,121.65909956343168,-33228.44838523783,37919.702537619356,177554.6305535741,37909.044497144845,169308.89882525022,799,7,0.2135663959841235,0.876284521279474,0.9535594667251673
total_flux_y,2400.0,fixed_initial,207.51851327172238,-15177.23095687112,32714.471843030886,199533.10456321808,31951.311990568873,192252.65339257388,568,5,0.16395510867554292,0.46393018446679596,0.9635125650624178
total_flux_y,2400.0,fixed_initial,297.6708976654277,14529.292282527207,37237.530746475735,205884.15546784832,36739.898177414856,199916.95911978142,381,4,0.18086642297391795,0.3901787253684188,0.9710167286331135
total_flux_y,2400.0,fixed_initial,392.33090127881815,52480.00456249524,56119.09802611528,222340.4993349439,55760.97831982715,217072.7516964133,196,2,0.2524016011206978,0.9351540991994103,0.9763077457580276
total_flux_y,2400.0,fixed_initial,491.72390507287827,99898.37571693618,99898.37571693618,248782.9322305288,99898.37571693618,243642.54213210667,0,0,0.4015483490819528,1.0,0.9793378506622837
total_flux_y,2400.0,fixed_initial,596.0865590566414,157181.95839747702,157181.95839747702,284130.08530685067,157181.95839747702,278479.61412476865,0,0,0.5532042065440762,1.0,0.9801130838503789
total_flux_y,2400.0,fixed_initial,705.6673457395926,208142.06168098288,208142.06168098288,320734.2397230456,208142.06168098288,314334.93006257043,0,0,0.6489549162593735,1.0,0.9800479373016083
total_flux_y,2400.0,fixed_initial,820.7271717566915,247008.684223463,247008.684223463,351647.9005302852,247008.684223463,345639.5178938655,0,0,0.70243184688711,1.0,0.982913639958154
total_flux_y,2400.0,fixed_initial,941.5399890746453,275552.86671351496,275552.86671351496,376812.43240161036,275552.8667135149,369291.779379146,0,0,0.7312732888277635,1.0,0.9800413882988638
total_flux_y,2400.0,fixed_initial,1068.3934472584967,295382.7946398391,295382.7946398391,398708.2679337717,295382.79463983903,392467.04791972635,0,0,0.7408494340250408,1.0,0.9843463993200109
total_flux_y,2400.0,fixed_initial,1201.5895783515407,306580.2283156092,306580.2283156092,420768.0867420473,306580.2283156092,415071.213818605,0,0,0.7286204395618978,1.0,0.9864607770813789
total_flux_y,2400.0,fixed_initial,1341.445515999237,309421.59546474274,309421.59546474274,452267.4751153195,309421.59546474274,444984.4042411034,0,0,0.6841561962549843,1.0,0.9838965407088824
total_flux_y,2400.0,fixed_initial,1488.294250529318,308971.10970872047,308971.10970872047,494029.85696123005,308971.1097087204,489012.74483360216,0,0,0.6254097912405476,1.0,0.9898445163648851
total_flux_y,2400.0,fixed_initial,1642.4854217859033,305836.3755398338,305836.3755398338,538643.9356329691,305836.37553983374,530416.8350820671,0,0,0.5677895086304844,1.0,0.984726272762666
total_flux_y,2400.0,fixed_initial,1804.3861516053175,297056.05144862155,297056.05144862155,564982.017076166,297056.05144862155,556941.7725930437,0,0,0.5257796575294803,1.0,0.9857690258448734
total_flux_y,2400.0,fixed_initial,1974.3819179157026,277284.5945189337,277284.5945189337,558923.5494202923,277284.5945189337,552016.4826302688,0,0,0.496104690536889,1.0,0.9876421975828583
total_flux_y,4200.0,moving_end,39.88822936505957,-18797.37425153674,19080.174731128787,311169.90522524295,18797.374251536738,299841.74400784896,967,9,0.061317545208356326,0.9851783076634689,0.9635949330987069
total_flux_y,4200.0,moving_end,121.65909956343168,-22388.265174944318,22388.265174944318,312562.6376771074,22388.265174944325,301333.4838474761,1015,9,0.07162809138458992,1.0,0.9640739087912625
total_flux_y,4200.0,moving_end,207.51851327172238,-23567.449188223363,24889.874627093955,379338.2970124164,24889.874627093952,369458.0489441383,946,8,0.06561392515103548,0.946868939330411,0.9739539926601328
total_flux_y,4200.0,moving_end,297.6708976654277,-22971.239101813364,26679.174571170806,446992.2182630892,26648.36663817367,438233.52714241337,927,8,0.059685993359884545,0.8610176090918422,0.98040527158457
total_flux_y,4200.0,moving_end,392.33090127881815,-18061.910864413992,25133.804994875223,534062.4005332672,24511.736609443018,525837.1892926682,831,6,0.04706155117787517,0.7186301822623679,0.9845987824037304
total_flux_y,4200.0,moving_end,491.72390507287827,-15820.416000857596,23073.044921414432,648837.1427216362,21433.065731396408,640858.5195877949,808,8,0.03556061051719602,0.6856665886423354,0.9877031960587616
total_flux_y,4200.0,moving_end,596.0865590566414,-12445.313778183423,20560.664073821317,782667.1168575573,17725.92500682741,773953.0434931479,689,6,0.026269998612402784,0.6052972673207238,0.9888661818329653
total_flux_y,4200.0,moving_end,705.6673457395926,5325.0898982506,23591.628238489873,895429.7504742447,12213.65540966075,885480.3612581603,393,3,0.026346710309764765,0.2257194732139211,0.9888886992968293
total_flux_y,4200.0,moving_end,820.7271717566915,36568.84835708111,48223.224638143765,1032921.9479996992,43250.25798983665,1019965.9099995181,226,1,0.04668622322483345,0.7583244096902586,0.9874569051173023
total_flux_y,4200.0,moving_end,941.5399890746453,29380.858382058956,66151.51390018685,1218012.326847038,60821.409090385576,1202632.9373472868,416,4,0.05431103810864336,0.44414491294017033,0.9873733712206654
total_flux_y,4200.0,moving_end,1068.3934472584967,-17316.88186230677,79721.49356115916,1414055.2144606137,78066.5339569668,1399741.4828400933,644,6,0.05637792127626971,0.21721722823747583,0.989877529905379
total_flux_y,4200.0,moving_end,1201.5895783515407,-97239.76141505342,124315.98883359501,1615263.308497035,121717.7710774528,1599997.383542847,782,7,0.07696329643571743,0.7821983505694922,0.9905489557808426
total_flux_y,4200.0,moving_end,1341.445515999237,-204320.45971043338,206579.9127842449,1821771.6487611416,206579.91278424492,1804219.5475943468,912,8,0.11339506404368808,0.9890625712666878,0.9903653670432676
total_flux_y,4200.0,moving_end,1488.294250529318,-319296.20599271846,319296.20599271846,2013706.0336851026,319296.20599271834,1999397.218220784,1015,9,0.1585614785135262,1.0,0.9928942878329995
total_flux_y,4200.0,moving_end,1642.4854217859033,-417265.4211825109,417265.4211825109,2177156.0060553504,417265.42118251085,2158705.491317223,1015,9,0.19165618817483246,1.0,0.9915254053054485
total_flux_y,4200.0,moving_end,1804.3861516053175,-480712.2320977341,480712.2320977341,2317510.02233861,480712.2320977342,2297904.744612944,1015,9,0.20742617182412232,1.0,0.9915403698207602
total_flux_y,4200.0,moving_end,1974.3819179157026,-509199.4819173458,509199.4819173458,2414114.7026709374,509199.4819173458,2396853.2033869294,1015,9,0.2109259685772079,1.0,0.9928497600942863
total_flux_y,4200.0,moving_symmetric,39.88822936505957,-26532.653448968926,26532.653448968926,311032.6849431077,26532.653448968922,299719.1235491944,1015,9,0.08530503298655613,1.0,0.9636258118789583
total_flux_y,4200.0,moving_symmetric,121.65909956343168,-24098.465177993112,24098.465177993112,313294.3558044819,24098.465177993123,301952.6903118996,1015,9,0.0769195637633264,1.0,0.9637986919251736
total_flux_y,4200.0,moving_symmetric,207.51851327172238,-19479.868700197272,21007.95368835268,379397.9817749514,21007.953688352678,369353.478379361,811,7,0.055371811916527354,0.9272615976394399,0.9735251533268605
total_flux_y,4200.0,moving_symmetric,297.6708976654277,-12327.384283076324,20378.363864221785,445504.53723363334,20300.3897067744,436596.45402648725,768,7,0.045742213964332486,0.6049251237838316,0.9800045062111803
total_flux_y,4200.0,moving_symmetric,392.33090127881815,-284.2833581842433,19306.27135959491,530597.6313717987,17347.131012354992,522052.81900080084,600,5,0.03638589812336852,0.0147249229480533,0.9838958716251593
total_flux_y,4200.0,moving_symmetric,491.72390507287827,8632.721415029087,18103.659191383846,642936.6636986464,13528.374874081637,634317.9802702585,392,4,0.028157764541281924,0.47684953211766695,0.9865948173202523
total_flux_y,4200.0,moving_symmetric,596.0865590566414,15752.820218087843,20732.48323217283,775662.5797499198,15752.820218087825,766174.7810950852,205,0,0.026728739755445156,0.7598134792479896,0.987768136684003
total_flux_y,4200.0,moving_symmetric,705.6673457395926,39840.19261100763,40564.93420192682,882648.1137988616,39840.192611007646,871726.4633020997,56,0,0.045958217740179504,0.9821337910395337,0.987626268808579
total_flux_y,4200.0,moving_symmetric,820.7271717566915,68486.23747577988,69755.57991468438,1017634.660814704,68486.23747577988,1004479.7296685011,68,0,0.06854678068732352,0.9818029978324747,0.9870730315576405
total_flux_y,4200.0,moving_symmetric,941.5399890746453,55669.88941707702,68926.49388680117,1202132.0925059658,62623.459792250826,1186929.9678803906,287,3,0.057336871976453874,0.8076704076737803,0.9873540314576538
total_flux_y,4200.0,moving_symmetric,1068.3934472584967,5632.22972691289,61155.97210081694,1395521.686536035,59357.51262858915,1381490.8669083335,605,5,0.043823018080513206,0.09209615240238578,0.9899458247313025
total_flux_y,4200.0,moving_symmetric,1201.5895783515407,-77055.66779961645,99478.55813784528,1594807.3813722124,97212.78290080294,1579816.0597649964,796,7,0.06237653480901965,0.7745957444703017,0.9905999170919831
total_flux_y,4200.0,moving_symmetric,1341.445515999237,-185574.71992419445,185574.71992419445,1798354.6493066163,185574.71992419442,1781369.1179913385,1015,9,0.10319139219605303,1.0,0.9905549601565927
total_flux_y,4200.0,moving_symmetric,1488.294250529318,-301975.8672517757,301975.8672517757,1984312.7914113272,301975.86725177563,1969913.886719491,1015,9,0.15218158576551719,1.0,0.992743631571515
total_flux_y,4200.0,moving_symmetric,1642.4854217859033,-404056.9738925098,404056.9738925098,2138874.2926264224,404056.9738925097,2120707.174279842,1015,9,0.18891104319943441,1.0,0.9915062243680193
total_flux_y,4200.0,moving_symmetric,1804.3861516053175,-479168.3678224714,479168.3678224714,2265335.274132054,479168.3678224714,2245718.659122323,1015,9,0.21152205295794954,1.0,0.9913405246306216
total_flux_y,4200.0,moving_symmetric,1974.3819179157026,-523912.037307207,523912.037307207,2350128.602888435,523912.03730720707,2332967.8635965865,1015,9,0.22292909275828174,1.0,0.9926979573497564
total_flux_y,4200.0,fixed_initial,39.88822936505957,-57394.27467873125,57394.27467873125,325754.9320304268,57394.27467873125,314282.86351837456,1015,9,0.176188505638252,1.0,0.9647831317839243
total_flux_y,4200.0,fixed_initial,121.65909956343168,-24441.427461119463,24441.427461119463,331280.7765517356,24441.42746111947,320059.4328418109,1015,9,0.07377858659813448,1.0,0.9661273925196434
total_flux_y,4200.0,fixed_initial,207.51851327172238,9278.684972499255,11710.776220219985,378373.37664960127,11684.292898151145,367813.13786316867,171,2,0.03095031770976037,0.7923202354834987,0.972090428560432
total_flux_y,4200.0,fixed_initial,297.6708976654277,49244.44244851109,49244.44244851109,420972.25974769914,49244.44244851108,411163.62620570994,0,0,0.11697787991547165,1.0,0.9767000477706825
total_flux_y,4200.0,fixed_initial,392.33090127881815,94469.7345540422,94469.7345540422,483372.9788421731,94469.7345540422,474058.71924023743,0,0,0.19543859232745334,1.0,0.9807306986330799
total_flux_y,4200.0,fixed_initial,491.72390507287827,138387.52863774818,138387.52863774818,566991.6041194131,138387.52863774815,556906.2088235073,0,0,0.24407332953840818,1.0,0.9822124433190342
total_flux_y,4200.0,fixed_initial,596.0865590566414,175870.06219029083,175870.06219029083,671056.206818562,175870.0621902908,659674.4591872615,0,0,0.26207948068028525,1.0,0.9830390546788016
total_flux_y,4200.0,fixed_initial,705.6673457395926,239754.1549494725,239754.1549494725,742559.6898369493,239754.15494947252,729806.5141438806,0,0,0.322875262730889,1.0,0.9828253864738212
total_flux_y,4200.0,fixed_initial,820.7271717566915,282307.29224684555,282778.0288639396,849588.9310765046,282307.29224684543,835891.7506603264,23,0,0.3328409993591073,0.9983353140306367,0.9838778732688729
total_flux_y,4200.0,fixed_initial,941.5399890746453,294136.29414788244,295117.29637978104,996216.5957227251,294411.26065705717,981066.2796284722,38,1,0.2962380848169693,0.9966758904207493,0.9847921464475686
total_flux_y,4200.0,fixed_initial,1068.3934472584967,294858.3741744729,296092.07496052945,1145997.401712849,295828.58045335434,1132413.047362343,47,1,0.25837063375360153,0.995833388022219,0.9881462607766802
total_flux_y,4200.0,fixed_initial,1201.5895783515407,286898.4576954149,296474.36910193425,1290695.5218137084,294524.5165709454,1276755.1936717078,145,2,0.22970124563950078,0.9677007107375716,0.9891993673903731
total_flux_y,4200.0,fixed_initial,1341.445515999237,269329.31197312876,311851.9761039848,1426556.2818109915,311595.6080149226,1409634.9703064703,253,3,0.21860474772722846,0.863644718041879,0.9881383498707532
total_flux_y,4200.0,fixed_initial,1488.294250529318,229291.24481576,321146.16505003267,1542340.8169504544,318400.01608836395,1528452.294868693,320,3,0.2082199741591544,0.7139778386581007,0.9909951666135491
total_flux_y,4200.0,fixed_initial,1642.4854217859033,151350.57726889465,308949.47905695986,1630032.262709322,290315.4702745523,1613232.7177262437,401,3,0.18953580620756938,0.4898877891973746,0.989693734677892
total_flux_y,4200.0,fixed_initial,1804.3861516053175,28063.66269071598,292194.91895155923,1694561.6048090728,292112.07466293673,1678606.398844392,516,4,0.17243098045082933,0.09604432134348113,0.990584463899453
total_flux_y,4200.0,fixed_initial,1974.3819179157026,-125261.4865092209,305166.9552171889,1712162.754376711,301861.338527626,1698526.1119296863,651,6,0.17823478196632112,0.4104687102182202,0.9920354286342428
total_flux_y,6000.0,moving_end,39.88822936505957,-19697.929052476946,19697.929052476946,441099.4277456512,19697.929052476946,428908.82186897384,1015,9,0.044656437559096665,1.0,0.9723631337746673
total_flux_y,6000.0,moving_end,121.65909956343168,-15743.237161437004,15743.237161437004,464927.9186622433,15743.237161437008,452829.9811744712,1015,9,0.03386167302392957,1.0,0.9739788965081254
total_flux_y,6000.0,moving_end,207.51851327172238,-16697.93312290127,18371.754028117783,568084.630720287,18093.632268741036,556692.6965590148,774,6,0.03233981881330574,0.908891611402224,0.9799467657718041
total_flux_y,6000.0,moving_end,297.6708976654277,-16747.12207740214,30978.77629729686,685873.3875486322,30978.776297296863,674903.6215909077,584,5,0.04516690231708442,0.5405998583250513,0.9840061355975169
total_flux_y,6000.0,moving_end,392.33090127881815,-15158.645742989025,46328.942691108416,832368.1259150521,46328.942691108416,821875.4492747174,584,5,0.055659198434799925,0.32719602180557245,0.9873941873629534
total_flux_y,6000.0,moving_end,491.72390507287827,-14634.85216118352,63714.88505290505,1014461.750792254,63714.88505290505,1002888.4350964132,584,5,0.06280659177455067,0.22969282843454258,0.9885916687476857
total_flux_y,6000.0,moving_end,596.0865590566414,-10012.325437028387,76487.46549853822,1208495.7462586882,76487.46549853824,1195254.8485827658,584,5,0.06329146439723211,0.13090151924591795,0.9890434883888387
total_flux_y,6000.0,moving_end,705.6673457395926,-5860.125188846421,70210.33283397765,1370725.462440995,70210.33283397768,1355538.8242693103,584,5,0.05122129467774438,0.08346528142379732,0.9889207295057901
total_flux_y,6000.0,moving_end,820.7271717566915,48434.8957923852,55718.1825340323,1597948.1130560383,55186.533780504884,1580412.3463558059,311,3,0.0348685805745423,0.8692834832292221,0.989026072525787
total_flux_y,6000.0,moving_end,941.5399890746453,57045.32953393437,57336.20517479549,1901518.941813852,57171.70540708739,1881689.6549273338,54,1,0.030152844609637543,0.9949268417752037,0.9895718699138474
total_flux_y,6000.0,moving_end,1068.3934472584967,11200.741923610094,40611.19056324341,2182410.844713125,40567.13307091721,2164332.1849338976,681,6,0.018608407606488825,0.2758043231007298,0.9917161977896954
total_flux_y,6000.0,moving_end,1201.5895783515407,-39531.86688210473,60688.69785176102,2428527.8392319717,60688.69785176101,2409053.876539472,699,6,0.024989912354043256,0.6513876270449198,0.9919811655530956
total_flux_y,6000.0,moving_end,1341.445515999237,-56343.3224322236,71603.07500928652,2664521.182861721,70213.00466361092,2640068.663258952,783,7,0.02687277379134368,0.7868841167075042,0.9908229216716128
total_flux_y,6000.0,moving_end,1488.294250529318,-40882.55902230882,72478.85417640608,2884804.3572519524,72478.85417640608,2863068.822509782,584,5,0.025124356871621272,0.5640618837986163,0.9924655082111441
total_flux_y,6000.0,moving_end,1642.4854217859033,-14340.287176920232,74396.96529556764,3079178.8225571113,74396.96529556763,3054036.336176232,524,4,0.02416130065280993,0.19275365762499166,0.9918346780652383
total_flux_y,6000.0,moving_end,1804.3861516053175,7221.539521468891,73899.87183274288,3237840.0872365525,73526.20564789485,3212700.3812980377,332,3,0.022823817681439387,0.09772059602232269,0.9922356554798322
total_flux_y,6000.0,moving_end,1974.3819179157026,22517.97663650859,85290.75211401153,3357207.1379370983,85290.7521140115,3334253.577815527,270,3,0.025405269502202985,0.2640142814828027,0.9931629002386563
total_flux_y,6000.0,moving_symmetric,39.88822936505957,-22041.86979779895,22041.86979779895,442688.8405538132,22041.86979779895,430450.4519463722,1015,9,0.049790886461524755,1.0,0.9723544225959468
total_flux_y,6000.0,moving_symmetric,121.65909956343168,-21076.81202653203,21076.81202653203,465354.4755171323,21076.81202653203,453226.1904035971,1015,9,0.04529195083620953,1.0,0.9739375341774515
total_flux_y,6000.0,moving_symmetric,207.51851327172238,-26261.326846227523,26455.577048823576,567511.802527546,26261.326846227526,555993.7320444136,966,9,0.04661678740600196,0.9926574951573512,0.9797042626570338
total_flux_y,6000.0,moving_symmetric,297.6708976654277,-31275.483489873648,38598.48770604908,684650.9613468732,38426.57897314397,673502.4923106107,652,6,0.05637688382138042,0.8102774318013556,0.9837165655703882
total_flux_y,6000.0,moving_symmetric,392.33090127881815,-35316.23648781515,54544.98296588191,831320.9531385789,54317.33418669499,820730.904018183,646,6,0.06561242413047828,0.64746993339251,0.9872611786333375
total_flux_y,6000.0,moving_symmetric,491.72390507287827,-39739.38366287771,70879.52868268003,1011215.6635604836,70625.69898790245,999467.745842976,649,6,0.07009338486027172,0.5606609468410354,0.9883823815820423
total_flux_y,6000.0,moving_symmetric,596.0865590566414,-35778.13272982625,78539.2536782468,1207039.6597879254,78306.66578322282,1193649.5756445206,650,6,0.0650676662041461,0.45554459781855305,0.9889066742465136
total_flux_y,6000.0,moving_symmetric,705.6673457395926,-25861.127281654513,68902.02457906379,1373289.270451205,68902.0245790638,1357721.1684185502,699,6,0.05017298690204248,0.37533189249002913,0.9886636396514334
total_flux_y,6000.0,moving_symmetric,820.7271717566915,31699.02198193111,41190.76036703758,1600951.748730774,40232.41989233499,1583069.9565631538,314,3,0.02572892056221769,0.7695663226284571,0.9888305239793787
total_flux_y,6000.0,moving_symmetric,941.5399890746453,39745.67349512677,41083.67126032288,1903117.933835097,40866.12694157417,1882947.6259537016,117,2,0.021587559304605205,0.9674323709602773,0.9894014409076852
total_flux_y,6000.0,moving_symmetric,1068.3934472584967,-7216.184219280731,41832.03369874171,2178487.3462622026,41832.033698741696,2159775.8934712983,699,6,0.019202330355747133,0.17250378672117464,0.9914108049225032
total_flux_y,6000.0,moving_symmetric,1201.5895783515407,-55255.66598675418,69546.52473050427,2420016.468129369,69546.52473050426,2400118.172321849,861,7,0.028738037797016537,0.7945136899488828,0.9917776196692988
total_flux_y,6000.0,moving_symmetric,1341.445515999237,-74758.86363568228,87066.67877891086,2654465.4852308007,87066.67877891088,2629814.286739202,861,7,0.03280007943721317,0.8586392025532303,0.9907133098438252
total_flux_y,6000.0,moving_symmetric,1488.294250529318,-64752.66607542931,90843.64444519705,2871496.8716399157,90755.51419276644,2849370.8670992944,618,5,0.03163633759883434,0.7127924740458035,0.9922946095609064
total_flux_y,6000.0,moving_symmetric,1642.4854217859033,-42050.648706269334,94085.62307374176,3062439.218724862,94068.55716293954,3037070.766254802,556,5,0.03072244585246564,0.44694021607649,0.9917162592762826
total_flux_y,6000.0,moving_symmetric,1804.3861516053175,-21651.035840756267,91755.45282211713,3217606.1206222074,91755.45282211713,3192275.0893717944,524,4,0.02851668270831541,0.23596456858787804,0.9921273672721898
total_flux_y,6000.0,moving_symmetric,1974.3819179157026,-8348.266490061913,93308.63464384343,3328108.734789636,93308.63464384344,3304987.7933030506,524,4,0.028036534284010196,0.08946938857188323,0.9930528286997069
total_flux_y,6000.0,fixed_initial,39.88822936505957,-53942.289798973376,53942.289798973376,471454.34355964616,53942.28979897336,459161.37280264404,1015,9,0.11441678401282743,1.0,0.9739254268733938
total_flux_y,6000.0,fixed_initial,121.65909956343168,-65206.68987106706,65206.68987106706,483541.99965886446,65206.68987106706,471373.08547015983,1015,9,0.13485217399330343,1.0,0.9748338009991072
total_flux_y,6000.0,fixed_initial,207.51851327172238,-88557.20595026421,88557.20595026421,580911.3220102909,88557.20595026421,569124.4257901132,1015,9,0.15244530893941743,1.0,0.979709646251362
total_flux_y,6000.0,fixed_initial,297.6708976654277,-120736.54711241495,120736.54711241495,703927.9837461191,120736.54711241498,692513.6030213308,1015,9,0.1715183227549598,1.0,0.9837847322618942
total_flux_y,6000.0,fixed_initial,392.33090127881815,-148340.44153718435,148340.44153718435,854650.9523713659,148340.44153718435,844030.3521007475,1015,9,0.17356845051841346,1.0,0.9875731721340159
total_flux_y,6000.0,fixed_initial,491.72390507287827,-164726.8489966201,164726.8489966201,1020842.8399051925,164726.84899662013,1008947.1988203599,1015,9,0.16136357386012384,1.0,0.9883472356176418
total_flux_y,6000.0,fixed_initial,596.0865590566414,-164556.5515298195,164556.5515298195,1218361.2621149453,164556.55152981947,1205284.058379391,1015,9,0.135063840789034,1.0,0.9892665630940582
total_flux_y,6000.0,fixed_initial,705.6673457395926,-128272.9988338862,128272.9988338862,1389723.98975197,128272.99883388626,1373576.0335630544,1015,9,0.09230106105945515,1.0,0.9883804580564249
total_flux_y,6000.0,fixed_initial,820.7271717566915,-35494.79611244275,50577.176830506956,1590535.4575234188,50465.88967490095,1572456.9085747376,847,7,0.03179883641780571,0.7017947291006787,0.9886336712186028
total_flux_y,6000.0,fixed_initial,941.5399890746453,-13307.041675176626,42008.064002812505,1884255.458405335,39494.8669036246,1864021.7596841217,789,7,0.022294250928355738,0.3167735050652584,0.9892617008851139
total_flux_y,6000.0,fixed_initial,1068.3934472584967,-55475.566242959554,83317.62849406907,2126322.865190425,81909.88636973043,2107351.6694976147,811,7,0.03918390281083088,0.6658322763820451,0.9910779327056188
total_flux_y,6000.0,fixed_initial,1201.5895783515407,-113537.32002436914,134845.63604626874,2333272.260856575,134803.55841766106,2313131.244425989,854,7,0.057792499533151416,0.8419799361205266,0.991367909879839
total_flux_y,6000.0,fixed_initial,1341.445515999237,-179580.24671289767,187592.84504099586,2531266.44044757,187377.73347830982,2506956.331736731,927,8,0.07411027225084466,0.9572872924532535,0.9903960688126768
total_flux_y,6000.0,fixed_initial,1488.294250529318,-235129.30241895962,235129.30241895962,2695086.2933249148,235129.3024189596,2673229.9313039235,1015,9,0.0872437008793814,1.0,0.9918902923163817
total_flux_y,6000.0,fixed_initial,1642.4854217859033,-272637.6806721346,272637.6806721346,2822312.843393001,272637.6806721346,2797086.6662782114,1015,9,0.0966008007618206,1.0,0.9910618777879838
total_flux_y,6000.0,fixed_initial,1804.3861516053175,-305375.69750780443,305375.69750780443,2911070.969414403,305375.6975078045,2885615.0091327573,1015,9,0.104901495262836,1.0,0.9912554655832501
total_flux_y,6000.0,fixed_initial,1974.3819179157026,-328844.42554375244,328844.42554375244,2950939.912241296,328844.42554375244,2927650.463452559,1015,9,0.11143718114341025,1.0,0.992107786169374
total_flux_z,1200.0,moving_end,39.88822936505957,-495.8205751616674,6779.186035638182,35601.28965514514,4944.542805277726,34092.68602792614,483,3,0.1904196758405477,0.07313865891201961,0.9576250287045155
total_flux_z,1200.0,moving_end,121.65909956343168,-17357.810766759114,17357.810766759114,41849.03995753314,17357.810766759107,40524.25178939485,1015,9,0.41477201829177396,1.0,0.9683436425427528
total_flux_z,1200.0,moving_end,207.51851327172238,-34449.456934474925,34449.456934474925,51677.15373085142,34449.456934474925,50432.41304720815,1015,9,0.6666283734181067,1.0,0.9759131338748606
total_flux_z,1200.0,moving_end,297.6708976654277,-54070.837830915814,54070.837830915814,62243.66315405381,54070.837830915814,61370.32208024582,1015,9,0.8686962670736432,1.0,0.9859689962069479
total_flux_z,1200.0,moving_end,392.33090127881815,-74524.70683630367,74524.70683630367,77207.27745184342,74524.70683630367,76286.70212174197,1015,9,0.9652549512937695,1.0,0.9880765730837272
total_flux_z,1200.0,moving_end,491.72390507287827,-94354.87089852378,94354.87089852378,94896.85029923925,94354.87089852378,94379.56000313335,1015,9,0.9942887524822327,1.0,0.9945489202805496
total_flux_z,1200.0,moving_end,596.0865590566414,-113037.24179742498,113037.24179742498,113040.61862697585,113037.241797425,113037.241797425,1015,9,0.999970127290598,1.0,0.9999701272905982
total_flux_z,1200.0,moving_end,705.6673457395926,-132089.91206720017,132089.91206720017,132089.91206720017,132089.91206720014,132089.91206720014,1015,9,1.0,1.0,0.9999999999999998
total_flux_z,1200.0,moving_end,820.7271717566915,-148640.1997507353,148640.1997507353,148640.1997507353,148640.1997507353,148640.1997507353,1015,9,1.0,1.0,1.0
total_flux_z,1200.0,moving_end,941.5399890746453,-162179.94128766027,162179.94128766027,162179.94128766027,162179.94128766024,162179.94128766024,1015,9,1.0,1.0,0.9999999999999998
total_flux_z,1200.0,moving_end,1068.3934472584967,-175903.2147639178,175903.2147639178,175903.2147639178,175903.21476391776,175903.21476391776,1015,9,1.0,1.0,0.9999999999999999
total_flux_z,1200.0,moving_end,1201.5895783515407,-186343.3817879575,186343.3817879575,186343.3817879575,186343.38178795745,186343.38178795745,1015,9,1.0,1.0,0.9999999999999997
total_flux_z,1200.0,moving_end,1341.445515999237,-191760.79654038418,191760.79654038418,191760.79654038418,191760.79654038415,191760.79654038415,1015,9,1.0,1.0,0.9999999999999999
total_flux_z,1200.0,moving_end,1488.294250529318,-191615.08566152456,191615.08566152456,191652.22169521975,191615.08566152456,191615.08566152456,1015,9,0.9998062321773955,1.0,0.9998062321773955
total_flux_z,1200.0,moving_end,1642.4854217859033,-185068.79999599405,185068.79999599405,186375.016099047,185068.79999599408,185923.2601659772,1015,9,0.9929914634998138,1.0,0.997576091782443
total_flux_z,1200.0,moving_end,1804.3861516053175,-169970.4363124746,169970.4363124746,177361.81938479506,169970.43631247457,176517.97005256172,1015,9,0.9583259627243421,1.0,0.9952422154037416
total_flux_z,1200.0,moving_end,1974.3819179157026,-147070.71892393948,147070.71892393948,166115.84345283353,147070.71892393945,164150.80975615638,1015,9,0.8853503426703445,1.0,0.9881707027106351
total_flux_z,1200.0,moving_symmetric,39.88822936505957,9302.615617483987,11419.92459163665,43294.27368774054,11086.69474939618,41597.935018738426,192,2,0.2637744814476558,0.814595187808572,0.960818405657133
total_flux_z,1200.0,moving_symmetric,121.65909956343168,-7316.719121105986,9828.710846089329,45981.349271257146,7316.71912110598,44163.91437406424,796,9,0.21375429390092382,0.7444230719247561,0.9604745200826679
total_flux_z,1200.0,moving_symmetric,207.51851327172238,-24154.909457343623,24154.909457343623,52574.91768809337,24154.909457343627,50738.860078634505,1015,9,0.45943789395249934,1.0,0.9650773089108483
total_flux_z,1200.0,moving_symmetric,297.6708976654277,-44115.95856114119,44115.95856114119,59239.66931154422,44115.9585611412,57794.107876529124,1015,9,0.7447029849058285,1.0,0.9755980839897532
total_flux_z,1200.0,moving_symmetric,392.33090127881815,-64527.34290617562,64527.34290617562,71413.08924484704,64527.34290617562,69980.99684259755,1015,9,0.9035786518762277,1.0,0.9799463597305053
total_flux_z,1200.0,moving_symmetric,491.72390507287827,-84187.86743256972,84187.86743256972,87312.72372039325,84187.86743256974,86286.09247271596,1015,9,0.9642107569816464,1.0,0.9882419056016976
total_flux_z,1200.0,moving_symmetric,596.0865590566414,-102446.35860658868,102446.35860658868,103871.77236137408,102446.3586065887,103387.3072865836,1015,9,0.9862771788486834,1.0,0.995335931372144
total_flux_z,1200.0,moving_symmetric,705.6673457395926,-120502.70883056619,120502.70883056619,121143.27260132857,120502.70883056617,120866.31446714798,1015,9,0.9947123454979591,1.0,0.9977137968272326
total_flux_z,1200.0,moving_symmetric,820.7271717566915,-136435.36872902003,136435.36872902003,136784.31373289597,136435.36872902003,136503.6843927182,1015,9,0.9974489399087286,1.0,0.9979483806840178
total_flux_z,1200.0,moving_symmetric,941.5399890746453,-149561.47238035325,149561.47238035325,149675.85856435884,149561.47238035325,149561.47238035325,1015,9,0.9992357739911917,1.0,0.9992357739911917
total_flux_z,1200.0,moving_symmetric,1068.3934472584967,-161707.70261015827,161707.70261015827,161707.70261015827,161707.70261015827,161707.70261015827,1015,9,1.0,1.0,1.0
total_flux_z,1200.0,moving_symmetric,1201.5895783515407,-170801.95328096714,170801.95328096714,170801.95328096714,170801.9532809671,170801.9532809671,1015,9,1.0,1.0,0.9999999999999998
total_flux_z,1200.0,moving_symmetric,1341.445515999237,-176379.0006212053,176379.0006212053,176379.0006212053,176379.0006212053,176379.0006212053,1015,9,1.0,1.0,1.0
total_flux_z,1200.0,moving_symmetric,1488.294250529318,-177785.30995098635,177785.30995098635,177803.87796783395,177785.30995098638,177785.30995098638,1015,9,0.9998955702369385,1.0,0.9998955702369386
total_flux_z,1200.0,moving_symmetric,1642.4854217859033,-174080.03752639165,174080.03752639165,174761.81183773288,174080.03752639168,174507.26761138323,1015,9,0.9960988370160967,1.0,0.998543479129262
total_flux_z,1200.0,moving_symmetric,1804.3861516053175,-162318.80638977906,162318.80638977906,166579.54721252833,162318.8063897791,166083.43440919925,1015,9,0.9744221851118777,1.0,0.9970217664075163
total_flux_z,1200.0,moving_symmetric,1974.3819179157026,-142375.47981840014,142375.47981840014,153817.83012334252,142375.4798184001,152813.84975924413,1015,9,0.9256110276957681,1.0,0.9934729259716294
total_flux_z,1200.0,fixed_initial,39.88822936505957,18358.240300538302,30368.26762999948,56838.626645746015,29374.9101892753,53475.34843844978,326,4,0.5342892575373711,0.6045204989698854,0.940827595496663
total_flux_z,1200.0,fixed_initial,121.65909956343168,2284.64686640738,25744.2188068978,54900.48200407615,25149.89323670063,52143.07139775918,452,5,0.4689251873050293,0.08874407429272009,0.9497743825616642
total_flux_z,1200.0,fixed_initial,207.51851327172238,-8213.7529032256,21048.197112367467,53667.16572525575,20820.12493580274,50882.367954012225,570,5,0.3921987835191787,0.39023546099344425,0.9481098408382502
total_flux_z,1200.0,fixed_initial,297.6708976654277,-18541.877801137103,20588.962130999913,48464.763525448194,19852.077796954854,45682.44411570475,796,7,0.42482332798733097,0.900573699789335,0.942590880314881
total_flux_z,1200.0,fixed_initial,392.33090127881815,-29867.804988208234,29867.804988208234,50382.48188394129,29867.804988208238,47864.59280582342,1015,9,0.5928212321300547,1.0,0.9500245128074881
total_flux_z,1200.0,fixed_initial,491.72390507287827,-44204.90919801184,44204.90919801184,58752.80242251281,44204.90919801184,56714.06593454973,1015,9,0.7523880968284411,1.0,0.9652997575621708
total_flux_z,1200.0,fixed_initial,596.0865590566414,-62090.70036162456,62090.70036162456,72787.41254138999,62090.700361624564,70829.06019472229,1015,9,0.8530417306195239,1.0,0.9730949036613425
total_flux_z,1200.0,fixed_initial,705.6673457395926,-80472.03563695448,80472.03563695448,87930.91398174185,80472.03563695446,86594.85616785914,1015,9,0.915173424145959,1.0,0.9848055961961213
total_flux_z,1200.0,fixed_initial,820.7271717566915,-95481.5259038664,95481.5259038664,100851.01229419585,95481.5259038664,99239.31739771836,1015,9,0.9467582301041664,1.0,0.984019050876991
total_flux_z,1200.0,fixed_initial,941.5399890746453,-104465.69526653619,104465.69526653619,111365.93715752767,104465.69526653618,110593.57241230749,1015,9,0.9380399243510962,1.0,0.9930646231250434
total_flux_z,1200.0,fixed_initial,1068.3934472584967,-103824.43387484727,103824.43387484727,116462.25893270066,103824.43387484727,115790.67438122383,1015,9,0.8914856609027622,1.0,0.994233457622826
total_flux_z,1200.0,fixed_initial,1201.5895783515407,-94791.75957805851,94791.75957805851,117137.57740091172,94791.7595780585,116507.38264948357,1015,9,0.8092344205961077,1.0,0.9946200462275973
total_flux_z,1200.0,fixed_initial,1341.445515999237,-80488.41004084589,85465.76913065994,117091.35641607142,85359.73927510923,116268.80905536417,897,8,0.7299067304931255,0.9417619575598194,0.9929751658373107
total_flux_z,1200.0,fixed_initial,1488.294250529318,-62259.73633795316,80046.33662166054,114109.74543320067,78429.98730804578,113035.10374552128,799,7,0.7014855419909712,0.7777961986221076,0.9905823846718816
total_flux_z,1200.0,fixed_initial,1642.4854217859033,-41488.91888230582,74866.3687634876,108230.78920834813,74776.74265823545,105104.75412082465,714,6,0.6917289369420301,0.5541729827096945,0.9711169519284781
total_flux_z,1200.0,fixed_initial,1804.3861516053175,-20937.18321659048,66311.2889942532,99059.10061728358,65195.02792669667,96238.46350961147,640,5,0.6694113774608951,0.3157408570116165,0.9715257145472208
total_flux_z,1200.0,fixed_initial,1974.3819179157026,-3713.4483411686597,54009.803394204355,85702.01574040638,53948.88017086673,83556.32386611681,570,5,0.6302045865268963,0.0687550797781119,0.9749633441436323
total_flux_z,2400.0,moving_end,39.88822936505957,35330.23099626564,35330.23099626564,125660.55638055468,35330.23099626565,120769.70022642148,0,0,0.28115609236418126,1.0,0.9610788277960384
total_flux_z,2400.0,moving_end,121.65909956343168,-17941.4580804659,18705.416550998987,138465.55124115097,18498.00172502795,133733.09464185723,910,8,0.1350907600000936,0.9591584358225754,0.9658221372978777
total_flux_z,2400.0,moving_end,207.51851327172238,-63818.19038164761,63818.19038164761,164413.24169458373,63818.190381647604,159625.3511075269,1015,9,0.388157241618027,1.0,0.9708789235118246
total_flux_z,2400.0,moving_end,297.6708976654277,-116335.63560805119,116335.63560805119,191449.07195734722,116335.63560805119,186562.4058316481,1015,9,0.6076583940504529,1.0,0.9744753731332382
total_flux_z,2400.0,moving_end,392.33090127881815,-166527.91150635114,166527.91150635114,228713.2065662116,166527.91150635114,223985.13910192362,1015,9,0.7281079829473772,1.0,0.979327527538646
total_flux_z,2400.0,moving_end,491.72390507287827,-213231.93751854365,213231.93751854365,273219.6348713821,213231.93751854365,269293.927021092,1015,9,0.7804414848110107,1.0,0.9856316774153581
total_flux_z,2400.0,moving_end,596.0865590566414,-256483.75427274412,256483.75427274412,326252.9694346143,256483.7542727441,321204.38318742777,1015,9,0.786149945906154,1.0,0.9845255469829576
total_flux_z,2400.0,moving_end,705.6673457395926,-301733.0558236552,301733.0558236552,369464.5186915983,301733.05582365516,363908.4180711196,1015,9,0.8166766781616712,1.0,0.9849617477744418
total_flux_z,2400.0,moving_end,820.7271717566915,-359853.15772310214,359853.15772310214,415611.7785713967,359853.1577231021,410206.6556835133,1015,9,0.8658396519945694,1.0,0.9869947793432066
total_flux_z,2400.0,moving_end,941.5399890746453,-398442.0873034205,398442.0873034205,482291.40301143075,398442.0873034205,477532.6618236198,1015,9,0.8261438723882397,1.0,0.9901330582338865
total_flux_z,2400.0,moving_end,1068.3934472584967,-420581.0668663025,420581.0668663025,549675.8155257774,420581.0668663025,543403.6685195658,1015,9,0.7651438447660411,1.0,0.9885893706270993
total_flux_z,2400.0,moving_end,1201.5895783515407,-417430.09141965595,417430.09141965595,612488.7638235777,417430.09141965595,605628.1843610734,1015,9,0.6815310191386519,1.0,0.9887988484561321
total_flux_z,2400.0,moving_end,1341.445515999237,-385144.0078684229,385144.0078684229,666759.3341382402,385144.00786842295,662738.915535214,1015,9,0.577635719740176,1.0,0.993970210243517
total_flux_z,2400.0,moving_end,1488.294250529318,-318902.2448045917,318902.2448045917,715125.388473589,318902.24480459176,710232.2536517987,1015,9,0.4459389219634305,1.0,0.9931576547264886
total_flux_z,2400.0,moving_end,1642.4854217859033,-215403.08101918764,227889.9631662661,771731.0089930403,215403.08101918764,765092.6391109562,923,9,0.2952971443555423,0.9452065287405037,0.9913980780806697
total_flux_z,2400.0,moving_end,1804.3861516053175,-82071.29644253475,196923.96691818867,838389.6599349234,192102.59764794647,829497.0068243683,646,6,0.2348835825736139,0.4167664186687391,0.9893931741581291
total_flux_z,2400.0,moving_end,1974.3819179157026,60056.75981659768,255198.75729239103,903950.576693038,253011.0827752318,895475.1780059434,534,5,0.2823149449453264,0.23533327690850916,0.990624046374194
total_flux_z,2400.0,moving_symmetric,39.88822936505957,41416.091400950485,41416.091400950485,135643.45030697004,41416.09140095049,129780.89125041809,0,0,0.30533056559106353,1.0,0.9567796377688373
total_flux_z,2400.0,moving_symmetric,121.65909956343168,-14798.881095327582,16037.645588556115,146901.2005349315,16032.379471540702,141377.18191430334,869,7,0.10917300559938269,0.9227589557090305,0.9623963684400618
total_flux_z,2400.0,moving_symmetric,207.51851327172238,-64283.55152565175,64283.55152565175,171912.33064432125,64283.55152565174,166736.47038439696,1015,9,0.37393217394423833,1.0,0.9698924431974987
total_flux_z,2400.0,moving_symmetric,297.6708976654277,-120623.52622424319,120623.52622424319,196756.81515048014,120623.5262242432,191424.87247474602,1015,9,0.6130589485908785,1.0,0.9729008488389272
total_flux_z,2400.0,moving_symmetric,392.33090127881815,-174382.95003794425,174382.95003794425,231386.81348926073,174382.95003794428,226223.18472446396,1015,9,0.7536425581401501,1.0,0.9776839972558055
total_flux_z,2400.0,moving_symmetric,491.72390507287827,-225412.7352494405,225412.7352494405,273512.57759590365,225412.73524944056,269300.88886400865,1015,9,0.8241402908442207,1.0,0.9846014806013145
total_flux_z,2400.0,moving_symmetric,596.0865590566414,-275816.81822958787,275816.81822958787,326139.2225981629,275816.81822958787,321403.54061109264,1015,9,0.8457026911155135,1.0,0.985479569279206
total_flux_z,2400.0,moving_symmetric,705.6673457395926,-328103.44973996864,328103.44973996864,374629.27030561893,328103.44973996864,369907.0140296247,1015,9,0.8758083677559552,1.0,0.9873948549931993
total_flux_z,2400.0,moving_symmetric,820.7271717566915,-389120.5745334786,389120.5745334786,426030.61722974945,389120.5745334787,421093.2179524956,1015,9,0.9133629340156882,1.0,0.9884106937915422
total_flux_z,2400.0,moving_symmetric,941.5399890746453,-437336.3543353145,437336.3543353145,490631.07017775095,437336.35433531454,486187.8677114792,1015,9,0.8913751715252597,1.0,0.990943903196628
total_flux_z,2400.0,moving_symmetric,1068.3934472584967,-470703.968779837,470703.968779837,550753.260808591,470703.96877983696,545653.7056998735,1015,9,0.8546548922629541,1.0,0.990740762748766
total_flux_z,2400.0,moving_symmetric,1201.5895783515407,-478115.47710505105,478115.47710505105,602006.2594309201,478115.47710505105,594969.2178527,1015,9,0.7942034980782696,1.0,0.9883106837047305
total_flux_z,2400.0,moving_symmetric,1341.445515999237,-453836.8790670049,453836.8790670049,640941.4561194985,453836.8790670049,635791.1224125081,1015,9,0.7080785222018633,1.0,0.9919644241173408
total_flux_z,2400.0,moving_symmetric,1488.294250529318,-395776.65328921756,395776.65328921756,672426.3210681643,395776.6532892175,666482.0026162547,1015,9,0.5885799542476526,1.0,0.9911598962359669
total_flux_z,2400.0,moving_symmetric,1642.4854217859033,-302795.536072765,302795.536072765,711290.8997032278,302795.53607276507,702763.7515344449,1015,9,0.4256985942025977,1.0,0.9880117288547615
total_flux_z,2400.0,moving_symmetric,1804.3861516053175,-182577.02762279112,203551.95403715526,759482.7053057658,190596.2581552673,750611.2383568861,850,7,0.2680139424046605,0.8969554160578803,0.9883190665344932
total_flux_z,2400.0,moving_symmetric,1974.3819179157026,-52429.976416823,210100.31292244425,807199.4346153467,206107.58122199716,798638.2721482152,633,5,0.26028302785242036,0.24954735044196166,0.9893939934791813
total_flux_z,2400.0,fixed_initial,39.88822936505957,49204.88089409931,49204.88089409931,179061.62498961692,49204.88089409931,171506.3846688989,0,0,0.2747929987620324,1.0,0.9578064796342818
total_flux_z,2400.0,fixed_initial,121.65909956343168,1458.9684286375523,20130.460681555644,174221.67555034618,19874.2294565964,167856.5856865011,481,4,0.11554509861052502,0.07247566023038506,0.9634655685422695
total_flux_z,2400.0,fixed_initial,207.51851327172238,-50351.73076799451,50351.73076799451,193404.231200648,50351.73076799451,187882.94905412648,1015,9,0.26034451498507755,1.0,0.9714521129540674
total_flux_z,2400.0,fixed_initial,297.6708976654277,-109130.07171229638,109130.07171229638,207919.80206599738,109130.0717122964,201524.70310932887,1015,9,0.5248661773814914,1.0,0.9692424728519191
total_flux_z,2400.0,fixed_initial,392.33090127881815,-165302.16688913773,165302.16688913773,235759.78342039982,165302.16688913773,229710.7167873187,1015,9,0.7011465844213804,1.0,0.9743422455462024
total_flux_z,2400.0,fixed_initial,491.72390507287827,-223248.94078036209,223248.94078036209,276893.6531816358,223248.94078036206,271801.12235500733,1015,9,0.8062623979102763,1.0,0.9816083511914668
total_flux_z,2400.0,fixed_initial,596.0865590566414,-286664.41863435844,286664.41863435844,334751.892798734,286664.41863435844,329480.90022127825,1015,9,0.8563489103457059,1.0,0.9842540320432933
total_flux_z,2400.0,fixed_initial,705.6673457395926,-340990.3592698276,340990.3592698276,395401.2978926208,340990.3592698276,391417.4337512475,1015,9,0.8623905917537742,1.0,0.9899245041364149
total_flux_z,2400.0,fixed_initial,820.7271717566915,-377710.40000547504,377710.40000547504,448765.38251015794,377710.4000054751,441774.141624303,1015,9,0.8416656335940205,1.0,0.9844211671436206
total_flux_z,2400.0,fixed_initial,941.5399890746453,-394615.4413341542,394615.4413341542,490671.84774265985,394615.44133415417,485562.02793307055,1015,9,0.8042349345078305,1.0,0.9895860750253004
total_flux_z,2400.0,fixed_initial,1068.3934472584967,-388592.94639861886,388592.94639861886,516338.42511726916,388592.9463986188,511953.6364642525,1015,9,0.7525935074662763,1.0,0.9915079172114282
total_flux_z,2400.0,fixed_initial,1201.5895783515407,-364998.4936218686,364998.4936218686,527684.0340517368,364998.49362186855,521469.59245024587,1015,9,0.6916989525327998,1.0,0.9882231767488314
total_flux_z,2400.0,fixed_initial,1341.445515999237,-330303.4601770389,331165.4018373022,529559.30071923,330303.46017703885,524238.5458915738,979,9,0.6253603730262584,0.9973972472502223,0.989952485358241
total_flux_z,2400.0,fixed_initial,1488.294250529318,-298578.19853230857,299732.54014192696,532144.8210613041,298578.1985323085,526849.575101309,973,9,0.5632537013968181,0.9961487611285988,0.9900492389469575
total_flux_z,2400.0,fixed_initial,1642.4854217859033,-276010.1335745303,276057.46426088933,530453.8358004182,276010.1335745303,523048.6691416595,1006,9,0.5204175097430255,0.9998285477029728,0.9860399413502501
total_flux_z,2400.0,fixed_initial,1804.3861516053175,-264737.90299418464,264737.90299418464,515719.5909895277,264737.90299418464,506687.8948597751,1015,9,0.5133369133529009,1.0,0.9824871959732552
total_flux_z,2400.0,fixed_initial,1974.3819179157026,-263342.6502907928,263342.6502907928,485883.5472212132,263342.65029079275,479093.30683506,1015,9,0.5419871732575833,1.0,0.9860249633374358
total_flux_z,4200.0,moving_end,39.88822936505957,55592.67546852345,55592.67546852345,336838.6231115092,55592.67546852345,327100.7270140945,0,0,0.1650424614463517,1.0,0.9710903221030237
total_flux_z,4200.0,moving_end,121.65909956343168,27846.30552138488,27891.35345089302,392916.20416099054,27846.305521384882,383836.650685306,44,0,0.07098550061189389,0.998384878324838,0.9768918833595258
total_flux_z,4200.0,moving_end,207.51851327172238,562.1397568981083,17383.344662137504,488715.4496011736,15070.530564444542,479400.64582125534,572,4,0.035569460053541474,0.032337836464952543,0.9809402305830115
total_flux_z,4200.0,moving_end,297.6708976654277,-26227.349965668873,28254.781016169254,597690.7573957858,26227.349965668865,586549.4336209496,911,9,0.047273244008789614,0.9282446730222347,0.9813593842016559
total_flux_z,4200.0,moving_end,392.33090127881815,-50333.633025531846,50405.01470591643,729622.3512172676,50333.633025531846,719571.445846941,997,9,0.06908370422290802,0.9985838377232691,0.9862245100447401
total_flux_z,4200.0,moving_end,491.72390507287827,-67925.66914844787,68553.86388001259,891192.133210138,67925.66914844787,882103.1681669998,979,9,0.07692377583392333,0.9908364795795576,0.9898013405814086
total_flux_z,4200.0,moving_end,596.0865590566414,-84916.45755431577,86046.17404181766,1082583.632469573,84916.4575543158,1071813.8128105686,973,9,0.07948224179736624,0.986870810932827,0.9900517434995424
total_flux_z,4200.0,moving_end,705.6673457395926,-145362.55130941607,145362.55130941607,1223935.6765642227,145362.55130941607,1211905.1984052148,1015,9,0.11876649573404977,1.0,0.9901706614249702
total_flux_z,4200.0,moving_end,820.7271717566915,-225578.95437116956,225578.95437116956,1384117.926364796,225578.95437116956,1365149.3441000578,1015,9,0.1629766872275277,1.0,0.9862955446906488
total_flux_z,4200.0,moving_end,941.5399890746453,-239194.42493954152,239194.42493954152,1575269.1986034163,239194.4249395415,1555260.0767850368,1015,9,0.15184352309535648,1.0,0.9872979666992036
total_flux_z,4200.0,moving_end,1068.3934472584967,-173906.53762092878,176059.22049559132,1741583.7884115763,175212.01082342776,1720433.9863187629,934,8,0.10109144427450566,0.9877729614580655,0.9878559950812914
total_flux_z,4200.0,moving_end,1201.5895783515407,-60200.35601298021,165020.87083134966,1895087.640560294,165020.87083134966,1866752.628715829,491,5,0.08707822651545565,0.36480449842313956,0.9850481786498868
total_flux_z,4200.0,moving_end,1341.445515999237,93041.08733954316,208019.71369659447,2036489.9113692213,208019.71369659447,2016715.6794473168,316,3,0.10214620388506306,0.4472705287694392,0.990290041796176
total_flux_z,4200.0,moving_end,1488.294250529318,260713.73557930207,288466.592474626,2166792.4369682116,288466.592474626,2145728.7244704566,154,2,0.1331306993475804,0.9037917817198706,0.9902788508311264
total_flux_z,4200.0,moving_end,1642.4854217859033,407163.7179047385,407163.7179047385,2293181.095718378,407163.7179047386,2269389.1965696043,0,0,0.1775541053713368,1.0,0.9896249366466539
total_flux_z,4200.0,moving_end,1804.3861516053175,499351.58025093214,499351.58025093214,2422517.4168780064,499351.5802509321,2397247.420303382,0,0,0.20612920128948595,1.0,0.9895687038621209
total_flux_z,4200.0,moving_end,1974.3819179157026,546806.7312401058,546806.7312401058,2528389.670485517,546806.7312401057,2506911.1348592923,0,0,0.21626679527412584,1.0,0.9915050532451747
total_flux_z,4200.0,moving_symmetric,39.88822936505957,63239.64013441272,63239.64013441272,345281.48823110666,63239.640134412715,335210.5671705378,0,0,0.18315386804659695,1.0,0.9708327222749106
total_flux_z,4200.0,moving_symmetric,121.65909956343168,26836.758923736605,26898.52289067301,395782.81591906276,26836.758923736605,386072.3811751995,37,0,0.06796283670934752,0.9977038156635053,0.975465244186223
total_flux_z,4200.0,moving_symmetric,207.51851327172238,-8286.449812671988,16367.60355078413,488920.820414465,13168.360886726288,479205.5181243323,690,6,0.03347700254799762,0.5062714151745816,0.9801290886285087
total_flux_z,4200.0,moving_symmetric,297.6708976654277,-44953.638586778136,44953.638586778136,596247.0985603565,44953.63858677813,584215.4755299905,1015,9,0.0753943100022106,1.0,0.979821079113984
total_flux_z,4200.0,moving_symmetric,392.33090127881815,-78948.36133473733,78948.36133473733,726304.0893190578,78948.36133473735,715540.4447567434,1015,9,0.10869877024753491,1.0,0.9851802506407396
total_flux_z,4200.0,moving_symmetric,491.72390507287827,-105808.74118806887,105808.74118806887,886905.9745979843,105808.74118806887,876914.2353083758,1015,9,0.11930096787997141,1.0,0.9887341617084747
total_flux_z,4200.0,moving_symmetric,596.0865590566414,-129236.5989817616,129236.5989817616,1078333.8309760042,129236.59898176162,1066367.0053125543,1015,9,0.11984841360749023,1.0,0.9889024851862259
total_flux_z,4200.0,moving_symmetric,705.6673457395926,-194374.00379004914,194374.00379004914,1219100.610573745,194374.00379004912,1206137.3527121174,1015,9,0.15944049416772169,1.0,0.9893665397677663
total_flux_z,4200.0,moving_symmetric,820.7271717566915,-267387.9625665939,267387.9625665939,1381258.6993286053,267387.96256659384,1361746.3912694526,1015,9,0.19358282608215563,1.0,0.9858735310998316
total_flux_z,4200.0,moving_symmetric,941.5399890746453,-269072.1039353718,269072.1039353718,1572385.8459522284,269072.10393537174,1551578.117293506,1015,9,0.17112345842341461,1.0,0.9867667794693729
total_flux_z,4200.0,moving_symmetric,1068.3934472584967,-194404.0602421548,194413.36036466458,1740002.6697288237,194404.0602421548,1718235.4374644859,1011,9,0.11173164486866193,0.9999521631512756,0.9874901155940581
total_flux_z,4200.0,moving_symmetric,1201.5895783515407,-69208.26260932894,152110.6702260675,1892318.531463005,149226.10268402426,1864714.5248206502,545,5,0.080383227082,0.4549862445972484,0.9854126003717707
total_flux_z,4200.0,moving_symmetric,1341.445515999237,94253.08270441653,193510.02022985913,2025578.082949805,193510.0202298592,2005780.4431065922,316,3,0.09553323165308676,0.48707081210812164,0.9902261778946669
total_flux_z,4200.0,moving_symmetric,1488.294250529318,269717.08692101587,289395.80036171665,2140787.1183582777,289272.64870564366,2118730.4552380946,137,2,0.13518196082179712,0.9320006944948603,0.9896969376679088
total_flux_z,4200.0,moving_symmetric,1642.4854217859033,423546.8286972105,423546.8286972105,2250210.939580111,423546.8286972105,2225686.422612961,0,0,0.1882253886723368,1.0,0.9891012364504254
total_flux_z,4200.0,moving_symmetric,1804.3861516053175,526479.092875595,526479.092875595,2361489.3672382664,526479.0928755949,2335521.467882768,0,0,0.22294366435844087,1.0,0.9890035925142159
total_flux_z,4200.0,moving_symmetric,1974.3819179157026,583705.9378861401,583705.9378861401,2454644.5926420446,583705.93788614,2432455.716341579,0,0,0.23779651833745555,1.0,0.9909604525368038
total_flux_z,4200.0,fixed_initial,39.88822936505957,98173.59523107883,98173.59523107883,388626.41106153437,98173.59523107883,377887.80461948196,0,0,0.25261688973458424,1.0,0.9723677904115681
total_flux_z,4200.0,fixed_initial,121.65909956343168,12805.82225014194,15630.660073751398,399276.9028943239,15362.94059647739,388436.6447561046,324,2,0.03914741864717465,0.8192758456596971,0.9728502749354165
total_flux_z,4200.0,fixed_initial,207.51851327172238,-62573.71152794935,62814.469698631874,473048.38903285237,62573.71152794934,460807.02469377534,986,9,0.1327865629709808,0.9961671542904427,0.9741223844687338
total_flux_z,4200.0,fixed_initial,297.6708976654277,-158406.4106791524,158406.4106791524,549452.1913543748,158406.4106791524,534143.1125033878,1015,9,0.288298805922837,1.0,0.9721375597515578
total_flux_z,4200.0,fixed_initial,392.33090127881815,-255043.7560933031,255043.7560933031,647739.8006297341,255043.7560933031,634180.9300931968,1015,9,0.3937441482603802,1.0,0.9790674117549125
total_flux_z,4200.0,fixed_initial,491.72390507287827,-343856.1858601172,343856.1858601172,775614.305394425,343856.18586011726,763112.4054596548,1015,9,0.4433339914807981,1.0,0.98388129274071
total_flux_z,4200.0,fixed_initial,596.0865590566414,-420676.13157441735,420676.13157441735,935221.3860927575,420676.13157441735,920482.7715706591,1015,9,0.44981449080409897,1.0,0.984240507390796
total_flux_z,4200.0,fixed_initial,705.6673457395926,-522465.7552736803,522465.7552736803,1066931.7605736938,522465.7552736803,1051061.1781893552,1015,9,0.4896899451120925,1.0,0.9851250258256395
total_flux_z,4200.0,fixed_initial,820.7271717566915,-584470.5583904262,584470.5583904262,1220064.1066298045,584470.5583904262,1199299.6821975429,1015,9,0.4790490558770024,1.0,0.9829808742676486
total_flux_z,4200.0,fixed_initial,941.5399890746453,-565255.14374564,565255.14374564,1393626.471662558,565255.14374564,1374134.2338108576,1015,9,0.4056001771201333,1.0,0.9860132982201131
total_flux_z,4200.0,fixed_initial,1068.3934472584967,-501757.74680904875,501795.37226267334,1545540.1912538419,501757.7468090487,1523059.3513199482,1008,9,0.324673130535405,0.9999250183327619,0.9854543802476882
total_flux_z,4200.0,fixed_initial,1201.5895783515407,-414365.594683292,446944.00686909835,1666955.0793864275,446874.47739925067,1641435.4947119341,802,7,0.2681200065892654,0.9271085154177983,0.9846908983990819
total_flux_z,4200.0,fixed_initial,1341.445515999237,-302192.40420376573,437217.62527739955,1733871.9067545114,426257.19535829045,1715145.652497057,654,6,0.2521625868520993,0.6911715967809738,0.9891997475796777
total_flux_z,4200.0,fixed_initial,1488.294250529318,-175316.0445110256,439631.5910881456,1766809.9246159482,432647.0301306278,1746225.273789075,551,5,0.24882789312138848,0.3987794509423117,0.988349255604647
total_flux_z,4200.0,fixed_initial,1642.4854217859033,-39917.82535095903,426059.5551929065,1784125.5017874727,424893.5017619792,1760653.8798605534,454,4,0.23880582098403258,0.09369071732914305,0.9868441867439237
total_flux_z,4200.0,fixed_initial,1804.3861516053175,106298.84617594829,402296.6940898629,1804903.5130658825,399752.60836710926,1780506.871442601,349,3,0.22289096961560312,0.2642299768742415,0.9864831325072662
total_flux_z,4200.0,fixed_initial,1974.3819179157026,270033.5903962053,411167.4539433439,1830566.8760503386,395587.9688274843,1810553.7390509038,235,3,0.22461209110834868,0.6567484556630645,0.9890672461840807
total_flux_z,6000.0,moving_end,39.88822936505957,43204.82325099148,43204.82325099148,545956.7656724909,43204.82325099148,533919.3423602048,0,0,0.0791359791974979,1.0,0.9779516912892199
total_flux_z,6000.0,moving_end,121.65909956343168,26054.918597070882,30118.208801286648,621673.8998997072,29867.65084456938,608815.9867069012,363,3,0.048446957168614496,0.865088583752624,0.9793172703649288
total_flux_z,6000.0,moving_end,207.51851327172238,4044.9986165163136,52434.08949023762,786421.5881508734,52434.08949023762,772572.9143594087,745,6,0.06667427532543554,0.07714444278219854,0.9823902675102963
total_flux_z,6000.0,moving_end,297.6708976654277,-30219.066472960723,83988.25777405268,973769.3528070103,83988.2577740527,955118.1768457892,745,6,0.08625066863312772,0.35980108736457916,0.9808464130572021
total_flux_z,6000.0,moving_end,392.33090127881815,-66136.04268708614,110367.97426075432,1192677.1257213186,110367.97426075432,1177051.4931419578,745,6,0.09253801542811087,0.5992321878703125,0.9868986901464127
total_flux_z,6000.0,moving_end,491.72390507287827,-94532.34835478972,132411.76061360099,1458465.5590931214,132411.76061360096,1443763.7543732675,745,6,0.09078840414711956,0.7139271309189102,0.989919676451602
total_flux_z,6000.0,moving_end,596.0865590566414,-108603.43546106972,133927.43287570338,1736232.0167141706,133927.4328757034,1717990.3663323543,745,6,0.07713682940207602,0.810912545168124,0.9894935410669717
total_flux_z,6000.0,moving_end,705.6673457395926,-134984.4494958393,136251.67257222216,1949125.9500122636,136251.67257222216,1929456.0464190994,946,8,0.06990398571799061,0.9906993943453344,0.989908346562704
total_flux_z,6000.0,moving_end,820.7271717566915,-195366.54640937873,195366.54640937873,2201188.4749606624,195366.5464093787,2171696.0809079646,1015,9,0.08875502876366374,1.0,0.986601604365921
total_flux_z,6000.0,moving_end,941.5399890746453,-210677.0076931772,210677.0076931772,2520292.1309814965,210677.00769317718,2488005.6949251583,1015,9,0.08359229674344602,1.0,0.9871894072677342
total_flux_z,6000.0,moving_end,1068.3934472584967,-174777.88195427155,174777.88195427155,2767404.302406428,174777.88195427152,2734086.0940457936,1015,9,0.06315589008887912,1.0,0.9879604840060189
total_flux_z,6000.0,moving_end,1201.5895783515407,-153890.38618605447,153890.38618605447,2965467.201750096,153890.38618605447,2927847.9929186003,1015,9,0.051894145413321296,1.0,0.9873142387785323
total_flux_z,6000.0,moving_end,1341.445515999237,-171834.62092620734,171834.62092620734,3103539.6004762514,171834.6209262073,3072030.275775945,1015,9,0.05536730412585635,1.0,0.9898472941361949
total_flux_z,6000.0,moving_end,1488.294250529318,-205426.01686697127,205426.01686697127,3323749.4094343185,205426.01686697124,3291261.7511681993,1015,9,0.06180550684232645,1.0,0.9902255993866732
total_flux_z,6000.0,moving_end,1642.4854217859033,-221180.3019494799,221180.3019494799,3566753.1884119282,221180.30194947985,3533384.7609209097,1015,9,0.06201166446505901,1.0,0.990644593071528
total_flux_z,6000.0,moving_end,1804.3861516053175,-192566.3147362451,204322.0829734016,3781020.152841316,204322.08297340156,3747078.6733086887,946,8,0.05403887699986472,0.9424645243133762,0.9910231952857692
total_flux_z,6000.0,moving_end,1974.3819179157026,-115047.67644077103,165911.4533092099,3930699.6402306226,165911.45330920993,3901359.220469812,811,7,0.042209140482551734,0.6934281759702037,0.9925355731940156
total_flux_z,6000.0,moving_symmetric,39.88822936505957,48425.89664331262,48425.89664331262,548968.0905325772,48425.896643312626,536833.1976759973,0,0,0.08821258918042504,1.0,0.9778950852228817
total_flux_z,6000.0,moving_symmetric,121.65909956343168,38250.49543130775,39665.02900245422,621363.0807526978,39468.528195303756,608296.9537426272,199,2,0.06383550975446654,0.9643380174748152,0.9789718323878485
total_flux_z,6000.0,moving_symmetric,207.51851327172238,22906.786150998756,57025.10123828771,787568.7927694322,57025.1012382877,772977.2383434013,491,5,0.07240650183428779,0.40169654509300046,0.9814726604710674
total_flux_z,6000.0,moving_symmetric,297.6708976654277,-5257.872046589284,77657.08642759299,976498.8899256634,77657.086427593,957483.7416784759,491,5,0.07952603656672327,0.06770627496425188,0.9805272198019241
total_flux_z,6000.0,moving_symmetric,392.33090127881815,-35326.54391995062,91614.03297538485,1195695.4397547322,91584.65736377059,1179499.9428576748,512,5,0.07661987319628587,0.3856018862245948,0.9864551654555281
total_flux_z,6000.0,moving_symmetric,491.72390507287827,-60865.40468950598,108996.57868843016,1457380.6674673697,108996.57868843013,1440894.9943790191,745,6,0.07478936774826579,0.5584157358139789,0.9886881489123913
total_flux_z,6000.0,moving_symmetric,596.0865590566414,-76059.03750383825,111963.13244552484,1733677.3234744386,111963.13244552483,1714170.4244220636,745,6,0.06458129833592163,0.6793221647388655,0.9887482527525471
total_flux_z,6000.0,moving_symmetric,705.6673457395926,-104863.053010656,107013.81285850109,1945374.2747669658,106906.3991199277,1924659.6458027132,922,8,0.05500936978891641,0.9799020351635455,0.9893518541738021
total_flux_z,6000.0,moving_symmetric,820.7271717566915,-170016.35329197696,170016.35329197696,2195881.128282761,170016.35329197696,2165031.819846643,1015,9,0.07742511700755604,1.0,0.9859512848674814
total_flux_z,6000.0,moving_symmetric,941.5399890746453,-190335.77856894,190335.77856894,2512595.689648577,190335.77856893995,2478606.1061286447,1015,9,0.07575264868641131,1.0,0.9864723227616911
total_flux_z,6000.0,moving_symmetric,1068.3934472584967,-158344.02083285834,158344.02083285834,2757592.438141766,158344.02083285834,2723860.7000367413,1015,9,0.05742111076412735,1.0,0.9877676854496471
total_flux_z,6000.0,moving_symmetric,1201.5895783515407,-145235.55666774604,145235.55666774604,2955606.639373066,145235.55666774604,2917555.6355359606,1015,9,0.04913900068195576,1.0,0.9871258227227502
total_flux_z,6000.0,moving_symmetric,1341.445515999237,-170897.32772149015,170897.32772149015,3099005.543406883,170897.32772149015,3066699.0905363294,1015,9,0.0551458606084372,1.0,0.9895752193992408
total_flux_z,6000.0,moving_symmetric,1488.294250529318,-206396.6005064121,206396.6005064121,3318963.887564216,206396.60050641207,3285824.958918309,1015,9,0.0621870582201141,1.0,0.990015278933864
total_flux_z,6000.0,moving_symmetric,1642.4854217859033,-219126.4043950255,219126.4043950255,3550513.3584048557,219126.40439502557,3516595.9013015977,1015,9,0.06171682297048806,1.0,0.9904471681473982
total_flux_z,6000.0,moving_symmetric,1804.3861516053175,-181598.0415925494,195917.21675628994,3753945.2417200794,195917.2167562899,3719826.5651905183,946,8,0.052189684223129355,0.926912114204068,0.9909112482115142
total_flux_z,6000.0,moving_symmetric,1974.3819179157026,-85070.8116592532,171875.90267431593,3878673.72154135,171875.90267431593,3849328.468742881,811,7,0.044313060343218046,0.49495485018893026,0.9924342043427135
total_flux_z,6000.0,fixed_initial,39.88822936505957,87835.33303988812,87835.33303988812,574791.5410589913,87835.33303988815,562457.2496750598,0,0,0.1528125011687907,1.0,0.9785412788761524
total_flux_z,6000.0,fixed_initial,121.65909956343168,108400.96946217472,108400.96946217472,635388.1168633073,108400.9694621747,622005.8162932554,0,0,0.17060591248906737,1.0,0.9789383839343492
total_flux_z,6000.0,fixed_initial,207.51851327172238,125120.02123565364,125120.02123565364,812724.598577306,125120.02123565364,796785.8085625756,0,0,0.15395131567898798,1.0,0.980388448876001
total_flux_z,6000.0,fixed_initial,297.6708976654277,124243.48761330506,124243.48761330506,1019278.1941598891,124243.48761330507,999518.6604357196,0,0,0.12189359914219414,1.0,0.9806141896909158
total_flux_z,6000.0,fixed_initial,392.33090127881815,101937.01458795581,104003.89396008772,1234848.7718369751,103746.69842108528,1217690.5391908023,77,1,0.08422399271237914,0.9801269039702967,0.9861049927428376
total_flux_z,6000.0,fixed_initial,491.72390507287827,69764.63621746168,93389.02467044134,1474313.4479622047,91305.08203839322,1454690.7177603696,219,2,0.06334407706822698,0.7470324962023397,0.9866902589615814
total_flux_z,6000.0,fixed_initial,596.0865590566414,37660.64015044903,89579.19718441032,1740488.5743526125,89261.69922321782,1717334.4349911755,291,3,0.0514678455833759,0.42041725461012724,0.9866967587707094
total_flux_z,6000.0,fixed_initial,705.6673457395926,-11566.895171628094,79287.03752722837,1930228.8949884614,78507.52663869916,1907700.1967595895,352,3,0.04107649498620853,0.14588633315572985,0.9883284835869134
total_flux_z,6000.0,fixed_initial,820.7271717566915,-116196.54800119474,116196.54800119474,2141727.689569748,116196.5480011947,2109763.022557541,1015,9,0.054253651650989054,1.0,0.9850752889044319
total_flux_z,6000.0,fixed_initial,941.5399890746453,-165216.52804417186,165216.52804417186,2443438.6201450657,165216.52804417186,2407023.4042023215,1015,9,0.0676164020172371,1.0,0.9850967339050317
total_flux_z,6000.0,fixed_initial,1068.3934472584967,-163929.99380496124,163929.99380496124,2653962.5717947027,163929.9938049612,2619228.4526848416,1015,9,0.06176801268682023,1.0,0.9869123553289704
total_flux_z,6000.0,fixed_initial,1201.5895783515407,-174372.22066627146,174372.22066627146,2842410.280189405,174372.22066627146,2803963.544240085,1015,9,0.06134660498577007,1.0,0.9864738963909325
total_flux_z,6000.0,fixed_initial,1341.445515999237,-167229.9430595633,167229.9430595633,3009941.0958736427,167229.94305956326,2977437.7004790595,1015,9,0.05555920788244675,1.0,0.9892013184446891
total_flux_z,6000.0,fixed_initial,1488.294250529318,-104940.79398922196,107779.77687290362,3203952.481396337,107270.78548721773,3170620.6656673364,873,8,0.03363963026877707,0.9736594102710989,0.98959665727799
total_flux_z,6000.0,fixed_initial,1642.4854217859033,14004.21164482797,98199.94785498371,3316882.8136072885,97983.66313909912,3282495.4149067313,566,5,0.029606095051692823,0.14260915561287896,0.9896326157320104
total_flux_z,6000.0,fixed_initial,1804.3861516053175,222151.53111798642,222151.53111798642,3331277.743881114,222151.5311179864,3296655.2630656976,0,0,0.0666865834066325,1.0,0.9896068465383858
total_flux_z,6000.0,fixed_initial,1974.3819179157026,483378.3506917687,483378.3506917687,3272888.9176856815,483378.3506917687,3243001.487832623,0,0,0.14769164577500363,1.0,0.9908681808015066
total_roundoff,1200.0,moving_end,39.88822936505957,6.656393169404869e-12,2.899528283895362e-10,8.536627591745677e-10,2.6813881315508083e-11,7.243305788333116e-11,500,4,0.33965734743998954,0.022956814066536223,0.08484973381452048
total_roundoff,1200.0,moving_end,121.65909956343168,-4.113540969441151e-12,2.7679190929834514e-10,8.266504810587692e-10,1.789162283496841e-11,6.12766835970252e-11,513,4,0.33483547840416383,0.014861492808329513,0.07412647182947547
total_roundoff,1200.0,moving_end,207.51851327172238,-2.895810320864817e-12,2.6601137725266967e-10,7.975626755912595e-10,2.2270865673282205e-11,6.64462396847529e-11,516,6,0.333530373716983,0.01088603935204713,0.08331162141645371
total_roundoff,1200.0,moving_end,297.6708976654277,-1.1242390482099623e-12,2.363312507931009e-10,7.558382793346891e-10,1.7483378026567076e-11,5.3345946637948366e-11,531,3,0.3126743607126204,0.004757047764259459,0.07057851936912354
total_roundoff,1200.0,moving_end,392.33090127881815,1.1725898572435833e-11,2.1117938940520137e-10,7.191839734421029e-10,1.7399192438379008e-11,7.577899896124562e-11,490,2,0.29363750751350987,0.05552577174061582,0.10536803065640912
total_roundoff,1200.0,moving_end,491.72390507287827,-4.267080260097685e-12,2.2934368637604445e-10,7.399254447267457e-10,2.5762003614355697e-11,6.37593879874044e-11,520,4,0.30995512860182967,0.018605614689131432,0.0861700167791239
total_roundoff,1200.0,moving_end,596.0865590566414,3.193823786169782e-12,2.4615939169837786e-10,7.854207478082305e-10,1.8697250778881847e-11,6.21625065875056e-11,510,5,0.3134108595746958,0.012974616829095896,0.07914548572974965
total_roundoff,1200.0,moving_end,705.6673457395926,-3.8125427294366505e-12,2.646739273061416e-10,8.347211858078084e-10,2.5856953297237473e-11,6.747452531603859e-11,527,3,0.31708063938739156,0.01440467811937811,0.08083480623621593
total_roundoff,1200.0,moving_end,820.7271717566915,4.465899899235364e-12,3.1555433518460664e-10,9.33276720472111e-10,1.7520679324685082e-11,8.534142427571619e-11,509,4,0.3381144394397613,0.014152554413878384,0.09144278690734409
total_roundoff,1200.0,moving_end,941.5399890746453,1.6957433585573428e-11,3.287490539397118e-10,1.0133265666183774e-09,2.2895172492902113e-11,8.361652638192753e-11,476,3,0.3244255749030608,0.05158169546758056,0.0825168599506558
total_roundoff,1200.0,moving_end,1068.3934472584967,2.305025727987421e-11,3.5570193082076545e-10,1.1086308542531038e-09,4.2377887596388e-11,9.05027980251734e-11,492,5,0.3208479445219893,0.06480217081388012,0.08163474584707106
total_roundoff,1200.0,moving_end,1201.5895783515407,4.563052778340416e-12,3.8864715031280685e-10,1.1739423841012868e-09,3.1001929907616035e-11,1.1643625154773445e-10,498,5,0.3310615202042783,0.011740862565614577,0.0991839575132747
total_roundoff,1200.0,moving_end,1341.445515999237,2.5780712200468292e-11,3.91494356464378e-10,1.2475930282352526e-09,2.643461621473775e-11,1.0860410877902571e-10,502,1,0.3137997308450459,0.06585206599986856,0.08705091028975095
total_roundoff,1200.0,moving_end,1488.294250529318,4.454955894743658e-12,4.26868000379132e-10,1.2793236451078644e-09,4.306629007675301e-11,1.150190975584631e-10,513,4,0.33366693565891314,0.010436378203067207,0.08990617659440307
total_roundoff,1200.0,moving_end,1642.4854217859033,9.481169105027276e-12,4.494669447827754e-10,1.3265431640522088e-09,3.374231232963765e-11,1.368471498229204e-10,501,3,0.3388257215918876,0.021094252236078154,0.103160721438488
total_roundoff,1200.0,moving_end,1804.3861516053175,-1.6160032703270086e-11,4.834809493676952e-10,1.3828270539544777e-09,4.501263660308501e-11,1.334245315956755e-10,516,5,0.3496322609433206,0.033424342209149,0.0964867813470388
total_roundoff,1200.0,moving_end,1974.3819179157026,-4.5334829640308915e-12,5.214826129511935e-10,1.4793894950217157e-09,4.032610833801242e-11,1.2864706045237484e-10,508,4,0.3524985236856361,0.008693449889680576,0.08695956060610424
total_roundoff,1200.0,moving_symmetric,39.88822936505957,7.386381240535087e-12,2.8634592865784715e-10,9.390140159781422e-10,2.5787198101152008e-11,7.743763821095508e-11,494,4,0.3049431891169051,0.025795307358328204,0.08246696736500857
total_roundoff,1200.0,moving_symmetric,121.65909956343168,-7.085252388050119e-12,2.7447676089983365e-10,9.044237770814909e-10,2.0361245648510204e-11,6.540239338059979e-11,524,5,0.30348246900977105,0.025813669488163993,0.07231388099022398
total_roundoff,1200.0,moving_symmetric,207.51851327172238,-8.006488894318984e-12,2.624137385557094e-10,8.545053654429363e-10,2.6756274350655434e-11,6.902059414116784e-11,525,6,0.30709431346833754,0.030510936425758965,0.08077256964371515
total_roundoff,1200.0,moving_symmetric,297.6708976654277,-2.220217011541376e-12,2.2572160205411654e-10,7.852456843939447e-10,1.1777708528500769e-11,5.4745348066018856e-11,544,4,0.28745347671452565,0.009836085653020844,0.06971747715910276
total_roundoff,1200.0,moving_symmetric,392.33090127881815,1.1997060246279888e-11,1.8832954808275723e-10,7.120863550506493e-10,1.4307793231443934e-11,7.446729593640206e-11,479,2,0.2644757152654073,0.06370248518309005,0.10457621524162662
total_roundoff,1200.0,moving_symmetric,491.72390507287827,-1.872316185555155e-12,1.928960063782379e-10,6.894578149770157e-10,2.2114335509288915e-11,6.046221669490058e-11,512,5,0.27977927320276796,0.009706350176497928,0.087695309823874
total_roundoff,1200.0,moving_symmetric,596.0865590566414,-8.164001701234372e-13,2.031544935532023e-10,7.141183132298393e-10,1.418275490539661e-11,5.6354621896749155e-11,512,4,0.28448296282218005,0.004018617338186701,0.0789149652833667
total_roundoff,1200.0,moving_symmetric,705.6673457395926,-3.4184345621118142e-12,2.1402379177183802e-10,7.416004740639845e-10,1.9812965965137e-11,5.917881134675887e-11,527,3,0.2885971614864047,0.015972217545589824,0.07979877766590125
total_roundoff,1200.0,moving_symmetric,820.7271717566915,7.515592559100352e-12,2.531794211942367e-10,8.078817115612057e-10,2.1225674619622034e-11,7.434857173275675e-11,499,4,0.31338674656339915,0.029684847700692334,0.0920290318109572
total_roundoff,1200.0,moving_symmetric,941.5399890746453,1.4164643985731598e-11,2.680208553468462e-10,8.649440803073626e-10,1.9995664873222532e-11,7.748354163687222e-11,483,3,0.30987073204964133,0.05284903656993823,0.08958213993364522
total_roundoff,1200.0,moving_symmetric,1068.3934472584967,2.4291119805316995e-11,2.8580080781444414e-10,9.383237826360617e-10,3.604578768239973e-11,8.077682022006034e-11,482,3,0.3045865543464487,0.08499318105877425,0.08608629741125345
total_roundoff,1200.0,moving_symmetric,1201.5895783515407,-1.4395654646161561e-12,3.18904917770138e-10,9.989118557002542e-10,2.7089928569512783e-11,1.0002666667517066e-10,523,5,0.319252310351828,0.004514089888239898,0.10013562868872976
total_roundoff,1200.0,moving_symmetric,1341.445515999237,1.7863650418918284e-11,3.2115927552458547e-10,1.069372131942475e-09,2.1431857346763603e-11,9.334717447260187e-11,501,2,0.3003250841605639,0.05562240227917933,0.0872915720209018
total_roundoff,1200.0,moving_symmetric,1488.294250529318,3.2015583828243368e-12,3.479496298223572e-10,1.107535447528792e-09,3.481686120643647e-11,9.906110000080506e-11,511,3,0.31416568255104244,0.009201212211258468,0.08944282570985596
total_roundoff,1200.0,moving_symmetric,1642.4854217859033,6.888397780646779e-12,3.699228426122601e-10,1.1559133733904825e-09,2.5911740150595533e-11,1.2271295709515907e-10,491,4,0.3200264406728127,0.0186211744373595,0.1061610324095671
total_roundoff,1200.0,moving_symmetric,1804.3861516053175,-9.238141461119686e-12,3.8651347645743146e-10,1.2188298943927771e-09,2.7711385229144302e-11,1.1837728368347625e-10,496,6,0.31711847423137995,0.023901214378839714,0.09712371203567499
total_roundoff,1200.0,moving_symmetric,1974.3819179157026,2.920027501046181e-14,4.270938258003204e-10,1.305275459657744e-09,2.8605308226292703e-11,1.1597952416161905e-10,515,4,0.3272058956140251,6.836969594618734e-05,0.08885444317786378
total_roundoff,1200.0,fixed_initial,39.88822936505957,-1.8791550956899665e-11,3.4752285176366336e-10,1.3027671287937654e-09,2.7876430615356336e-11,1.0589181000965602e-10,520,6,0.26675746116302107,0.054072849775297825,0.08128222432792072
total_roundoff,1200.0,fixed_initial,121.65909956343168,-2.289578845526138e-12,3.2891950475138e-10,1.2280314826552778e-09,1.785878980505376e-11,9.561744503268875e-11,499,6,0.26784289278983525,0.006960909318092155,0.07786237273489317
total_roundoff,1200.0,fixed_initial,207.51851327172238,-3.2974233695089156e-12,3.142218134451723e-10,1.124961436870897e-09,3.01690923219973e-11,8.944872125708336e-11,502,6,0.27931785316942653,0.010493935266159599,0.07951270001386607
total_roundoff,1200.0,fixed_initial,297.6708976654277,-1.3731882655704936e-11,2.6710622645989557e-10,1.0043893044738364e-09,2.3647624386013283e-11,8.213531580130579e-11,526,7,0.2659389394830553,0.051409818624227006,0.08177637439531829
total_roundoff,1200.0,fixed_initial,392.33090127881815,7.942537822097985e-12,2.2391983896968316e-10,8.513973177187197e-10,1.7053584699987592e-11,6.810811476972746e-11,498,3,0.2630027536023559,0.035470451652000946,0.0799956886782543
total_roundoff,1200.0,fixed_initial,491.72390507287827,-7.026254171581604e-12,1.9454339059295743e-10,7.23729700436793e-10,8.287021378361804e-12,6.4678391630121e-11,522,7,0.26880669741140173,0.03611664292560118,0.08936815995127133
total_roundoff,1200.0,fixed_initial,596.0865590566414,-1.0232630986029697e-11,1.8408976735573637e-10,6.971781184588084e-10,1.26788350326458e-11,6.437472625277219e-11,517,6,0.2640498353027599,0.055585006885559736,0.09233612551564276
total_roundoff,1200.0,fixed_initial,705.6673457395926,3.631331888832848e-13,1.8544903975089774e-10,6.747772079865409e-10,1.0314686116948829e-11,5.6786667653341977e-11,486,6,0.27483002916511773,0.001958129248720075,0.08415617329872031
total_roundoff,1200.0,fixed_initial,820.7271717566915,1.4188627893039693e-11,1.9728251218526123e-10,6.736672478809425e-10,2.7825115665345776e-11,6.715520270406637e-11,501,3,0.29284860263850476,0.07192035287808805,0.09968601400069065
total_roundoff,1200.0,fixed_initial,941.5399890746453,1.600223453095475e-12,2.0013826818152287e-10,6.588203595137791e-10,2.8550564825724836e-11,5.7292441868169244e-11,508,4,0.3037827615546496,0.007995589587315168,0.0869621605356156
total_roundoff,1200.0,fixed_initial,1068.3934472584967,1.8957146236901054e-12,2.128548456470456e-10,6.68148949863512e-10,2.6170055299245057e-11,6.549832799339263e-11,496,5,0.31857394326598454,0.008906137973638458,0.09802953070086018
total_roundoff,1200.0,fixed_initial,1201.5895783515407,-1.2470349498206357e-11,2.4261185756252235e-10,7.034390784684249e-10,1.883182985111298e-11,5.243258874511092e-11,516,6,0.34489391475201137,0.05140041226135323,0.07453749777346845
total_roundoff,1200.0,fixed_initial,1341.445515999237,7.507097157452569e-13,2.6385180661430557e-10,7.655675531991098e-10,1.949511515761393e-11,6.329580821062483e-11,514,5,0.34464862769031523,0.0028451945255869807,0.08267827959286929
total_roundoff,1200.0,fixed_initial,1488.294250529318,1.1023627282812261e-11,2.7841087284717885e-10,8.117032121722793e-10,2.5078038400788184e-11,5.7767498263757745e-11,507,3,0.34299589883609793,0.03959481600010351,0.07116825139715836
total_roundoff,1200.0,fixed_initial,1642.4854217859033,-8.533916066486794e-12,2.93396980396586e-10,9.008818629033613e-10,1.9626678517267133e-11,8.622601280037926e-11,502,6,0.32567753051551784,0.029086584514099165,0.09571289683032372
total_roundoff,1200.0,fixed_initial,1804.3861516053175,6.9533002402741295e-12,3.1743884864460226e-10,9.687902132534017e-10,2.6948097074132316e-11,8.557578880545244e-11,504,4,0.32766520997211124,0.021904377079123342,0.08833263139402586
total_roundoff,1200.0,fixed_initial,1974.3819179157026,4.959696390562095e-12,3.519935726356213e-10,1.0365664462842414e-09,3.2311043489212377e-11,1.0103790362963466e-10,505,5,0.33957646796054947,0.014090303846815696,0.09747363904342378
total_roundoff,2400.0,moving_end,39.88822936505957,6.111267497914054e-12,5.066287009868314e-10,4.573686535500553e-09,5.6941562874340476e-11,4.218090964404689e-10,505,5,0.11077031559868038,0.012062616046051649,0.09222518709282408
total_roundoff,2400.0,moving_end,121.65909956343168,4.9932592240641005e-12,5.280595581570909e-10,4.582924453344975e-09,5.564544186759459e-11,3.672623301667361e-10,517,4,0.11522327359589615,0.009455863731527554,0.0801371119915973
total_roundoff,2400.0,moving_end,207.51851327172238,-6.1253568745520985e-12,4.834163053378201e-10,4.494472351561851e-09,3.1996084960390994e-11,3.7924045973486463e-10,503,6,0.1075579662137271,0.012670976975573027,0.08437930641693163
total_roundoff,2400.0,moving_end,297.6708976654277,1.3370536367527178e-11,5.201060427879965e-10,4.438987643852173e-09,4.8495564253800757e-11,3.7405497603959677e-10,497,2,0.11716771582104385,0.025707327482401933,0.08426582952030706
total_roundoff,2400.0,moving_end,392.33090127881815,3.5453427303308576e-11,5.299728998752265e-10,4.466698072611713e-09,7.368025460585681e-11,4.027754285694865e-10,487,3,0.11864981497738601,0.0668966796446677,0.09017296938854445
total_roundoff,2400.0,moving_end,491.72390507287827,-2.0930935106064797e-11,6.277463021037264e-10,4.5539460299853286e-09,5.720239294851369e-11,3.7821848365200304e-10,518,6,0.13784667142964555,0.03334298431694505,0.08305291304763696
total_roundoff,2400.0,moving_end,596.0865590566414,-6.89850967691176e-11,6.62814737177695e-10,4.8684760528007985e-09,6.949068192619104e-11,4.21901120810364e-10,531,8,0.1361441917325202,0.10407900262275441,0.0866597917366046
total_roundoff,2400.0,moving_end,705.6673457395926,-3.783042401474952e-11,7.353380925001485e-10,5.195506551429431e-09,7.570027775200688e-11,4.273607021650777e-10,519,7,0.1415334742091387,0.05144629987292802,0.08225582971260015
total_roundoff,2400.0,moving_end,820.7271717566915,-2.981798767859137e-11,7.760379395571702e-10,5.5081558637934316e-09,8.980626911071246e-11,4.945720204630865e-10,518,6,0.14088888527252347,0.03842336329021025,0.08978903878048178
total_roundoff,2400.0,moving_end,941.5399890746453,5.372158711533081e-11,7.772833575105066e-10,5.778612922438292e-09,7.092697299436716e-11,5.079327675014357e-10,497,2,0.13451036917394546,0.06911454696185831,0.08789873527073222
total_roundoff,2400.0,moving_end,1068.3934472584967,-2.857854079931333e-11,8.87040602205551e-10,6.116487880044382e-09,1.0020082755467534e-10,5.046819422942672e-10,514,5,0.14502450092308766,0.03221784969961377,0.08251172113670652
total_roundoff,2400.0,moving_end,1201.5895783515407,-1.4518505213161067e-11,8.921495419050678e-10,6.39629324714013e-09,8.316339966934344e-11,5.741169705982853e-10,513,3,0.13947914947519954,0.016273622897523113,0.08975776256896614
total_roundoff,2400.0,moving_end,1341.445515999237,-2.7504792876869616e-12,9.310463146706537e-10,6.6677894508657045e-09,5.260572861110097e-11,5.707237112106186e-10,535,4,0.13963343046918983,0.002954180951416912,0.08559414111921596
total_roundoff,2400.0,moving_end,1488.294250529318,-4.449780184622755e-11,1.0382113442878541e-09,6.939689566000298e-09,1.1570389625245071e-10,6.163261775124582e-10,509,5,0.14960486840425471,0.042860061288147615,0.08881177920868857
total_roundoff,2400.0,moving_end,1642.4854217859033,4.135476547794878e-11,1.1137367680121198e-09,7.234048139364408e-09,9.32200971688439e-11,6.784565168379457e-10,488,3,0.15395761080876275,0.037131543705575816,0.09378656372855651
total_roundoff,2400.0,moving_end,1804.3861516053175,-5.308877930364567e-11,1.1006294793202039e-09,7.3344764994504735e-09,9.228433040528797e-11,6.019333387849782e-10,526,5,0.15006244541143013,0.04823492401496967,0.08206902548942345
total_roundoff,2400.0,moving_end,1974.3819179157026,-1.3476378216484286e-11,1.0447874499146942e-09,7.459599620949706e-09,1.3686371372161055e-10,6.88019059042963e-10,522,4,0.14005945399274378,0.012898679264940078,0.09223270604372853
total_roundoff,2400.0,moving_symmetric,39.88822936505957,7.93671362355266e-12,4.699884524530379e-10,4.595984960407214e-09,5.612440444032266e-11,4.142282078055306e-10,501,5,0.10226065935851016,0.016887039632842278,0.09012827748000923
total_roundoff,2400.0,moving_symmetric,121.65909956343168,3.916242940289923e-12,4.867773207222837e-10,4.574116170262565e-09,4.31653665041538e-11,3.7144271321655053e-10,524,5,0.10641997330258919,0.00804524527658555,0.08120535189538679
total_roundoff,2400.0,moving_symmetric,207.51851327172238,1.5630301516782502e-12,4.148044250918998e-10,4.3987682731004595e-09,3.041708908468995e-11,3.8204107363215014e-10,516,6,0.09430013115910879,0.0037681134942857985,0.08685182985619508
total_roundoff,2400.0,moving_symmetric,297.6708976654277,9.758964063287867e-12,4.4780175864601e-10,4.2396199537300195e-09,4.7677631292855974e-11,3.5884514150842477e-10,489,3,0.10562308969511143,0.02179304541544328,0.08464087475404786
total_roundoff,2400.0,moving_symmetric,392.33090127881815,2.603836031067185e-11,4.531992650217776e-10,4.17334601833443e-09,6.296686906419584e-11,3.863941688174921e-10,483,3,0.10859374301358507,0.05745455105585979,0.09258618075759288
total_roundoff,2400.0,moving_symmetric,491.72390507287827,-1.1916491912293064e-11,5.19730095091764e-10,4.180519859272631e-09,4.1063712844701056e-11,3.6086476951370495e-10,514,5,0.12432188162890151,0.022928231450959322,0.08632054903728931
total_roundoff,2400.0,moving_symmetric,596.0865590566414,-4.924443827974273e-11,5.614018263125093e-10,4.440321511357554e-09,5.5101406835726674e-11,3.824416369528627e-10,534,8,0.12643269746943844,0.08771691856294457,0.08612926698542997
total_roundoff,2400.0,moving_symmetric,705.6673457395926,-3.821541675230918e-11,6.218916759326547e-10,4.722008892297895e-09,6.830011206669477e-11,3.9922661327512245e-10,523,7,0.13170065752036744,0.061450278611620404,0.08454592576610859
total_roundoff,2400.0,moving_symmetric,820.7271717566915,-4.177648929104636e-11,6.833125587574337e-10,5.022262749922765e-09,1.00518922815907e-10,4.681926223261803e-10,523,6,0.13605671243861983,0.06113818450375712,0.09322344242809287
total_roundoff,2400.0,moving_symmetric,941.5399890746453,4.135629115369339e-11,6.988003122524898e-10,5.2893205979264715e-09,6.051882526201829e-11,4.711713776707786e-10,491,2,0.13211532545908347,0.0591818441242347,0.08907975399628602
total_roundoff,2400.0,moving_symmetric,1068.3934472584967,-1.3740411345747541e-11,7.856703317412597e-10,5.615441176070197e-09,8.141099819224096e-11,4.736162921097325e-10,514,5,0.1399124854320152,0.01748877460511337,0.08434177783359474
total_roundoff,2400.0,moving_symmetric,1201.5895783515407,-1.0837405395292507e-11,8.055010546509931e-10,5.912527696830328e-09,8.82544271631246e-11,5.284191510870678e-10,513,2,0.13623632665311952,0.013454241099644656,0.08937279928013703
total_roundoff,2400.0,moving_symmetric,1341.445515999237,1.1143931033497609e-11,8.404015246161805e-10,6.200793801968102e-09,5.080951427009848e-11,5.298592670172205e-10,517,5,0.1355312805836958,0.013260246093184028,0.0854502316863118
total_roundoff,2400.0,moving_symmetric,1488.294250529318,-3.8316047315761596e-11,9.238493443966848e-10,6.45958327009455e-09,1.16839760319642e-10,5.777406070233857e-10,515,5,0.14301996054045177,0.04147434595062001,0.08943930016323318
total_roundoff,2400.0,moving_symmetric,1642.4854217859033,4.665570399909214e-11,1.0102064967014305e-09,6.759322835741275e-09,8.385076182384262e-11,6.336341262065063e-10,477,3,0.14945380199326494,0.046184323850058724,0.09374224927622021
total_roundoff,2400.0,moving_symmetric,1804.3861516053175,-4.4210818274555154e-11,9.96926186622258e-10,6.904619301843383e-09,8.924519245357211e-11,5.741263909599115e-10,547,5,0.1443853952029043,0.04434713308549786,0.08315105668557747
total_roundoff,2400.0,moving_symmetric,1974.3819179157026,2.4249726575734105e-11,9.433028251744358e-10,7.0480436753766335e-09,1.2594490879890008e-10,6.406164417297952e-10,488,4,0.13383895852830785,0.02570725532519193,0.0908928024904105
total_roundoff,2400.0,fixed_initial,39.88822936505957,1.1272485223902392e-11,4.733982615092412e-10,4.962372530511387e-09,4.7656763789167417e-11,4.3066687911187673e-10,497,3,0.0953975661034171,0.02381184330496816,0.08678648700070392
total_roundoff,2400.0,fixed_initial,121.65909956343168,-8.763072868256738e-12,4.374080179276544e-10,4.633408140806506e-09,2.968929830172822e-11,3.879707996925011e-10,521,5,0.09440308400103897,0.020034092904319182,0.08373335305293647
total_roundoff,2400.0,fixed_initial,207.51851327172238,-4.744726543625715e-12,3.715653629096866e-10,4.087159170601114e-09,3.2495924692983215e-11,3.5963244076050245e-10,507,6,0.0909104214933325,0.012769560936655383,0.08799080871313605
total_roundoff,2400.0,fixed_initial,297.6708976654277,3.403127084332987e-11,3.4033080817212884e-10,3.6088103178396258e-09,4.320065728486821e-11,3.034271290036075e-10,467,2,0.09430554066245968,0.09999468172190247,0.08407954485822097
total_roundoff,2400.0,fixed_initial,392.33090127881815,3.505043952019108e-11,3.2168947478147976e-10,3.3120909965665083e-09,3.95965588605423e-11,3.0477961056622413e-10,474,2,0.09712579609526441,0.10895737121645174,0.09202030103707147
total_roundoff,2400.0,fixed_initial,491.72390507287827,1.3115525917921367e-13,3.48086665692476e-10,3.0953034345436014e-09,2.8277825637719814e-11,2.798649871826311e-10,501,3,0.11245639500406555,0.00037678909336643577,0.09041601028814704
total_roundoff,2400.0,fixed_initial,596.0865590566414,-9.444841555985435e-12,3.985335092536804e-10,3.185220782199764e-09,3.667898097877917e-11,2.8698452305981476e-10,514,4,0.12511958715101903,0.023698989762924717,0.09009878519680468
total_roundoff,2400.0,fixed_initial,705.6673457395926,-3.369637739409487e-11,4.3136175783674985e-10,3.320344562853959e-09,4.1745862951365904e-11,2.8733195835649317e-10,539,8,0.12991475724012766,0.07811628356458841,0.08653678945582706
total_roundoff,2400.0,fixed_initial,820.7271717566915,-1.1461010363412325e-11,5.120554493116304e-10,3.593210706189995e-09,4.401124240440215e-11,3.371444765617841e-10,509,5,0.1425063797203756,0.022382361868855536,0.09382819548572202
total_roundoff,2400.0,fixed_initial,941.5399890746453,2.400598335839267e-11,5.548285819629651e-10,3.8270967866554885e-09,4.2909437193206813e-11,3.449167394162537e-10,509,3,0.1449737524009241,0.04326738769199723,0.09012490633080579
total_roundoff,2400.0,fixed_initial,1068.3934472584967,3.043096577135495e-11,6.076602782967896e-10,4.08212085858397e-09,6.176586951861344e-11,3.849605824949231e-10,498,3,0.14885896310957789,0.05007891227751446,0.09430406296898826
total_roundoff,2400.0,fixed_initial,1201.5895783515407,3.725132995038155e-11,6.696406816097782e-10,4.44236395398351e-09,5.163072931430729e-11,3.728064691265083e-10,485,1,0.15073971618406118,0.05562883345263832,0.0839207397206186
total_roundoff,2400.0,fixed_initial,1341.445515999237,-9.83100319901236e-13,6.936822616971858e-10,4.788230887633159e-09,3.9507744406704064e-11,3.92757111826892e-10,501,4,0.14487235013850294,0.001417219920682346,0.0820255165308107
total_roundoff,2400.0,fixed_initial,1488.294250529318,1.6571674452603085e-11,7.045097395275233e-10,5.017083428392188e-09,6.73155318108281e-11,4.3397179364077117e-10,508,4,0.14042216949007277,0.023522278717845426,0.08649881945053582
total_roundoff,2400.0,fixed_initial,1642.4854217859033,-4.143841438606147e-11,7.419383345002271e-10,5.333034913947653e-09,6.419163296614641e-11,4.910346248669173e-10,519,7,0.13912122205684657,0.05585156132143322,0.09207414404557883
total_roundoff,2400.0,fixed_initial,1804.3861516053175,1.2614701763637857e-11,7.736292604253701e-10,5.599433262437441e-09,6.744057216975449e-11,5.025519104052793e-10,504,4,0.13816206465305889,0.016305874672710576,0.08975049560399936
total_roundoff,2400.0,fixed_initial,1974.3819179157026,-2.03359627314742e-11,7.736702879908297e-10,5.841977585279573e-09,9.883314869632563e-11,5.307826606622962e-10,517,5,0.13243294358751037,0.026285050682617453,0.09085667531483606
total_roundoff,4200.0,moving_end,39.88822936505957,2.2141049064972735e-12,6.742860067194612e-10,1.622655689243236e-08,8.457300742091186e-11,1.4698276015592327e-09,504,5,0.04155447216494403,0.00328362873385041,0.09058160713347153
total_roundoff,4200.0,moving_end,121.65909956343168,2.70163824986477e-11,6.720720283596862e-10,1.6158138942243185e-08,5.4553857972380355e-11,1.424508500050205e-09,498,5,0.041593405698638244,0.040198641453039016,0.0881604314173848
total_roundoff,4200.0,moving_end,207.51851327172238,-2.675669236141492e-11,7.115602002066715e-10,1.6193859592517133e-08,6.410746465743047e-11,1.3871271552858043e-09,527,5,0.04394012410330331,0.037602851246659776,0.08565760048498684
total_roundoff,4200.0,moving_end,297.6708976654277,-5.242612171208481e-13,7.789578450854723e-10,1.6601121195905294e-08,7.514334410241818e-11,1.4794377494722812e-09,514,5,0.046922002188478945,0.0006730289969200102,0.08911673687661457
total_roundoff,4200.0,moving_end,392.33090127881815,5.160907102065915e-11,8.495620507542774e-10,1.7234209444275052e-08,5.1609071020659195e-11,1.5143869211214304e-09,481,0,0.049295098420455215,0.0607478535262238,0.08787098276935976
total_roundoff,4200.0,moving_end,491.72390507287827,1.3760722094679876e-11,9.826439964863041e-10,1.811926386213129e-08,6.901517626432734e-11,1.4770104369708943e-09,515,3,0.05423200434428245,0.014003771603841137,0.0815160289186914
total_roundoff,4200.0,moving_end,596.0865590566414,-7.006274731116265e-11,1.0696697606854154e-09,1.929196057156473e-08,1.6328174875818603e-10,1.6732408376739097e-09,536,5,0.05544639989893245,0.06549941849928369,0.08673254496176885
total_roundoff,4200.0,moving_end,705.6673457395926,1.624739364857086e-11,1.1216784073016673e-09,2.056189533824462e-08,1.1733679010513497e-10,1.8969383335442572e-09,520,5,0.0545513139158613,0.014484894728120803,0.0922550330278162
total_roundoff,4200.0,moving_end,820.7271717566915,1.2424036713971296e-10,1.3095441997636051e-09,2.186582941077729e-08,1.2700127712992563e-10,1.98862296259001e-09,492,1,0.05988998519846466,0.09487298493791997,0.09094660555660661
total_roundoff,4200.0,moving_end,941.5399890746453,-2.5443415888168512e-11,1.3338426117602683e-09,2.2978547502069285e-08,1.27089099538776e-10,2.1631312819653465e-09,513,4,0.05804729875289776,0.019075275946230947,0.09413698937108841
total_roundoff,4200.0,moving_end,1068.3934472584967,-5.073936062971482e-12,1.4333852626970817e-09,2.4323153546821122e-08,1.1966517457929343e-10,2.122484552005634e-09,504,5,0.05893089725959551,0.003539827145581418,0.08726189833567156
total_roundoff,4200.0,moving_end,1201.5895783515407,-9.936247381521802e-12,1.4050921782690368e-09,2.4934428137234922e-08,1.8128397342846188e-10,2.190871401749611e-09,515,4,0.056351490017563045,0.00707159824472333,0.087865315767076
total_roundoff,4200.0,moving_end,1341.445515999237,5.179598611994295e-11,1.401075180759671e-09,2.571353138145502e-08,2.1135955941171958e-10,2.2325746598119388e-09,521,3,0.05448785543980735,0.036968741457441896,0.08682489490424893
total_roundoff,4200.0,moving_end,1488.294250529318,1.3296498911673564e-11,1.5365040233791382e-09,2.703847003064641e-08,2.089774662724416e-10,2.4116579765913037e-09,509,5,0.056826588991078536,0.008653735173716887,0.0891935813623271
total_roundoff,4200.0,moving_end,1642.4854217859033,-1.152536623267879e-11,1.6289036678334258e-09,2.7718705632786287e-08,1.824138669298146e-10,2.570330776832056e-09,501,4,0.05876550259643882,0.007075535809928197,0.09272910542373282
total_roundoff,4200.0,moving_end,1804.3861516053175,3.3380703800059406e-11,1.5297938615746812e-09,2.7735164620686092e-08,1.527114047196465e-10,2.4686800292796768e-09,511,5,0.05515719421523441,0.02182039334744045,0.08900902745817589
total_roundoff,4200.0,moving_end,1974.3819179157026,-1.040225035015688e-11,1.4019195228526585e-09,2.7425983855386242e-08,1.2478825752674364e-10,2.563149603044927e-09,512,5,0.051116471527322536,0.007420005343095685,0.0934569792121257
total_roundoff,4200.0,moving_symmetric,39.88822936505957,1.282383813701815e-11,6.178504181714818e-10,1.5929828365139303e-08,7.984202809496514e-11,1.447971956900057e-09,493,4,0.038785754875023025,0.02075557086287987,0.09089689629480166
total_roundoff,4200.0,moving_symmetric,121.65909956343168,2.8832938844098287e-11,6.039414289309673e-10,1.5719531096724734e-08,4.093382432329445e-11,1.390235602216649e-09,507,4,0.03841981196607082,0.04774128328161768,0.0884400173047346
total_roundoff,4200.0,moving_symmetric,207.51851327172238,-2.1650587797639644e-11,6.406590140610044e-10,1.5560296522771665e-08,6.310058349578233e-11,1.3400457900091956e-09,533,5,0.04117267387054187,0.03379424517950831,0.08611955357329533
total_roundoff,4200.0,moving_symmetric,297.6708976654277,-5.767989438940758e-12,7.174956307798123e-10,1.58299734160771e-08,5.933891886970161e-11,1.416820441079835e-09,523,6,0.04532513175613521,0.008039058624889186,0.0895023891601041
total_roundoff,4200.0,moving_symmetric,392.33090127881815,6.332757702834454e-11,7.708254739661807e-10,1.6381300140219418e-08,6.43263874377251e-11,1.4498472633236743e-09,475,1,0.04705520730150396,0.08215553217578664,0.08850623887685233
total_roundoff,4200.0,moving_symmetric,491.72390507287827,1.352087641474193e-11,8.880480076276539e-10,1.7242409103183454e-08,6.757057021252115e-11,1.4346765225817433e-09,511,4,0.051503708229709864,0.015225389053978987,0.08320626856701016
total_roundoff,4200.0,moving_symmetric,596.0865590566414,-6.372818990048454e-11,9.873570045259672e-10,1.8432345295976628e-08,1.416308593638776e-10,1.6247156294692407e-09,548,5,0.053566542329341306,0.06454422220975747,0.08814481301106485
total_roundoff,4200.0,moving_symmetric,705.6673457395926,1.73693863654046e-12,1.045221487892779e-09,1.9753487239074783e-08,1.1985143712439465e-10,1.8159848035319715e-09,506,5,0.052913264136228294,0.0016617900193022428,0.0919323652352246
total_roundoff,4200.0,moving_symmetric,820.7271717566915,8.430266525144426e-11,1.2224206545892826e-09,2.113849557481613e-08,9.404552281383355e-11,1.9352950984114197e-09,500,1,0.05782912271418425,0.06896371141550194,0.09155311415430537
total_roundoff,4200.0,moving_symmetric,941.5399890746453,1.449956843637248e-11,1.2393785750493941e-09,2.2289800010107683e-08,1.3750664984505916e-10,2.0966197899116557e-09,489,4,0.05560294728922544,0.011699063327599167,0.094061848422189
total_roundoff,4200.0,moving_symmetric,1068.3934472584967,1.1874603676655818e-11,1.3335485751146507e-09,2.3614197520611664e-08,1.1361601763570929e-10,2.064514362484543e-09,495,4,0.05647232237939325,0.008904515289692322,0.08742682704684462
total_roundoff,4200.0,moving_symmetric,1201.5895783515407,2.1900462400612616e-11,1.3068034691475147e-09,2.429373617608043e-08,1.34096131822279e-10,2.1239980719592265e-09,510,3,0.053791786478449996,0.016758803383724753,0.08742986490692656
total_roundoff,4200.0,moving_symmetric,1341.445515999237,3.078418003501926e-11,1.322792833012836e-09,2.5107630741430726e-08,1.9884302487031694e-10,2.1684428163604402e-09,529,3,0.05268489275772495,0.023272109786763973,0.08636588767343303
total_roundoff,4200.0,moving_symmetric,1488.294250529318,2.5197090152074165e-11,1.4634101946701375e-09,2.635791460707686e-08,1.9558324965891793e-10,2.3687677661142633e-09,499,4,0.05552071233576366,0.017218063837360215,0.08986931634865646
total_roundoff,4200.0,moving_symmetric,1642.4854217859033,-1.3247423177962362e-11,1.5214861902106917e-09,2.6993220414214662e-08,1.4685816446388322e-10,2.5032901685377975e-09,498,4,0.056365493515159654,0.008706896758706624,0.09273773673998387
total_roundoff,4200.0,moving_symmetric,1804.3861516053175,5.183471653204938e-12,1.4136128018474824e-09,2.703342498586083e-08,1.3665001340765556e-10,2.4066409265834435e-09,514,4,0.05229129503889492,0.0036668256303497974,0.08902463997226315
total_roundoff,4200.0,moving_symmetric,1974.3819179157026,-8.363858108699492e-12,1.3121261401623924e-09,2.6762554769955288e-08,9.934305168855098e-11,2.50705614308986e-09,513,5,0.049028433624559546,0.006374279006181797,0.09367775851894308
total_roundoff,4200.0,fixed_initial,39.88822936505957,2.065761705574361e-11,6.054710240664153e-10,1.4313910913691763e-08,5.646858713048362e-11,1.3241937087864544e-09,501,4,0.04229948249064907,0.03411825873516556,0.09251096480695686
total_roundoff,4200.0,fixed_initial,121.65909956343168,-2.0574845843170904e-11,5.740033656923666e-10,1.3482951032404566e-08,4.9097907847911533e-11,1.2057424654047491e-09,531,6,0.042572532104642534,0.035844468992535246,0.0894271930905111
total_roundoff,4200.0,fixed_initial,207.51851327172238,-3.7909644804020476e-12,6.070522108775377e-10,1.2501476313529398e-08,4.3101216718003405e-11,1.0803432115882286e-09,521,5,0.04855844187142692,0.006244873855120197,0.08641725061055831
total_roundoff,4200.0,fixed_initial,297.6708976654277,-2.402159129569854e-11,6.297127964945549e-10,1.2086719559070605e-08,5.214819715778459e-11,1.0577707629680984e-09,512,5,0.05209956211997824,0.03814690034793704,0.08751512416570328
total_roundoff,4200.0,fixed_initial,392.33090127881815,1.5734565343358807e-11,7.288035897435458e-10,1.2279276746510117e-08,6.725996712711457e-11,1.0754497756205149e-09,507,4,0.059352322191995426,0.021589582659568878,0.08758250162625968
total_roundoff,4200.0,fixed_initial,491.72390507287827,-2.2037192322430922e-11,8.040409245181428e-10,1.2986423534738789e-08,6.509922250108557e-11,1.1071761513991598e-09,525,5,0.06191396132794582,0.02740804808615642,0.08525643326181798
total_roundoff,4200.0,fixed_initial,596.0865590566414,-6.801565841302922e-11,9.116978341299235e-10,1.4270936563620423e-08,7.947384307452952e-11,1.2600798232804706e-09,538,8,0.06388493355467856,0.07460329054959289,0.08829692554955891
total_roundoff,4200.0,fixed_initial,705.6673457395926,-1.5615792350615755e-11,1.0156844319048584e-09,1.5761462620488996e-08,1.0788148125480052e-10,1.4303412458355896e-09,520,6,0.06444100121676062,0.01537464970426811,0.09074927119874193
total_roundoff,4200.0,fixed_initial,820.7271717566915,1.9053049340068245e-11,1.142094772433374e-09,1.7270426597818813e-08,1.3481045300261021e-10,1.5870258273232955e-09,516,5,0.06613008462556542,0.016682546667710747,0.09189268246122714
total_roundoff,4200.0,fixed_initial,941.5399890746453,7.672989644374498e-11,1.1617380255219464e-09,1.8557491968888146e-08,9.753262447350676e-11,1.6648305638537666e-09,501,2,0.06260210310044126,0.06604750361792773,0.08971204549865222
total_roundoff,4200.0,fixed_initial,1068.3934472584967,4.002992344743397e-11,1.2158383598621036e-09,1.9783895773550222e-08,9.707331221812208e-11,1.7193799947237448e-09,511,3,0.06145596265663713,0.03292372141636824,0.08690805968672984
total_roundoff,4200.0,fixed_initial,1201.5895783515407,-1.877152608158704e-11,1.285933204809176e-09,2.0468147630182162e-08,1.642015767333669e-10,1.8135238466913373e-09,516,5,0.06282606653241789,0.014597590303590154,0.08860224576537302
total_roundoff,4200.0,fixed_initial,1341.445515999237,6.42874059650529e-11,1.363057571272721e-09,2.1201227358186737e-08,7.515498233511342e-11,1.835498155647753e-09,497,1,0.06429144635092948,0.04716411641001058,0.08657508948126938
total_roundoff,4200.0,fixed_initial,1488.294250529318,-7.676932413337378e-11,1.3841102214557678e-09,2.17842113478425e-08,1.9021245760116393e-10,1.940424052313634e-09,527,7,0.06353731146630881,0.05546474763594332,0.08907479005457836
total_roundoff,4200.0,fixed_initial,1642.4854217859033,-1.369219475755474e-11,1.510197441954202e-09,2.220368971183348e-08,9.317657526076127e-11,2.010399965195176e-09,492,5,0.06801560738571034,0.009066493146642455,0.09054350836670767
total_roundoff,4200.0,fixed_initial,1804.3861516053175,-1.0204148114044234e-10,1.4632797689604357e-09,2.271682381186366e-08,1.8627801327809025e-10,2.0229821927320556e-09,524,5,0.06441392428268299,0.06973477205451704,0.0890521584129015
total_roundoff,4200.0,fixed_initial,1974.3819179157026,3.6329520934543634e-11,1.456662423332273e-09,2.2877465270495015e-08,8.014538333120034e-11,2.077950063807208e-09,508,4,0.06367236956145335,0.02494024720664924,0.09082955822414177
total_roundoff,6000.0,moving_end,39.88822936505957,-6.389390766145009e-11,7.066107037868603e-10,3.2093731280741764e-08,7.690382957726594e-11,2.9234141505279443e-09,548,8,0.022017094167260963,0.09042306791990351,0.09108988060488232
total_roundoff,6000.0,moving_end,121.65909956343168,3.7914142548970474e-11,7.656772041552307e-10,3.187473396341125e-08,5.7731039085795906e-11,2.946745312054622e-09,473,2,0.02402144610945288,0.04951713639013327,0.09244768334183329
total_roundoff,6000.0,moving_end,207.51851327172238,-1.4466481804793396e-11,7.815569643288695e-10,3.224994605942868e-08,3.78835980326727e-11,2.7411944825031336e-09,496,5,0.024234365009127554,0.018509823934863025,0.0849984206935351
total_roundoff,6000.0,moving_end,297.6708976654277,3.1172102151323755e-11,8.413708933461606e-10,3.363747507818842e-08,6.587712604019586e-11,2.99444691810683e-09,484,2,0.025012902763671806,0.037049180566909375,0.0890211560512912
total_roundoff,6000.0,moving_end,392.33090127881815,8.477844052389512e-12,9.212291903182404e-10,3.6204425772500855e-08,9.741398526961775e-11,3.179551240012151e-09,503,5,0.02544520927101575,0.009202752302563084,0.08782217013996077
total_roundoff,6000.0,moving_end,491.72390507287827,6.427496703211535e-13,1.0618979667272095e-09,4.020007207067505e-08,7.985262441360785e-11,3.487932235109138e-09,513,4,0.026415324949176835,0.0006052838318375546,0.08676432790909092
total_roundoff,6000.0,moving_end,596.0865590566414,5.567404244327839e-12,1.2337880086891236e-09,4.425132944908892e-08,1.4546749628431208e-10,3.8996836420051185e-09,505,4,0.027881377216216627,0.004512448009802835,0.08812579623153917
total_roundoff,6000.0,moving_end,705.6673457395926,1.509922443729327e-10,1.4271242962711906e-09,4.791841214417801e-08,1.6548063858125834e-10,4.407710967097885e-09,471,2,0.029782378681021952,0.1058017474493618,0.09198366076563354
total_roundoff,6000.0,moving_end,820.7271717566915,-1.7375206091616024e-10,1.6184999965007966e-09,5.157923218123171e-08,2.1547870502876615e-10,4.6364866424121595e-09,556,5,0.03137890829421313,0.10735376045215501,0.08989057119193124
total_roundoff,6000.0,moving_end,941.5399890746453,4.765772978789211e-11,1.7002597951950687e-09,5.423669341845742e-08,1.6770247541625645e-10,4.892295977537272e-09,492,4,0.03134888371746588,0.028029675184094088,0.09020269616717384
total_roundoff,6000.0,moving_end,1068.3934472584967,5.391499573859478e-11,1.6742523825460259e-09,5.604253660922517e-08,1.2365723831860406e-10,4.970546075055212e-09,488,2,0.029874671701966234,0.03220243035079727,0.08869238217595257
total_roundoff,6000.0,moving_end,1201.5895783515407,-3.8540657075264054e-11,1.6564473893281115e-09,5.5049106126898604e-08,1.2113805035571422e-10,4.730968707012294e-09,522,6,0.030090359423996585,0.023267057754787445,0.08594088151234493
total_roundoff,6000.0,moving_end,1341.445515999237,6.596014221469697e-11,1.6545390850843198e-09,5.425243174831166e-08,2.2075038533784545e-10,4.807073434378055e-09,483,4,0.030497049289146552,0.03986617349165581,0.0886056768234661
total_roundoff,6000.0,moving_end,1488.294250529318,-9.009083863848518e-11,1.5502772476801195e-09,5.532110279514945e-08,1.2269621659009947e-10,4.988603342467499e-09,536,6,0.0280232527796978,0.058112727109489455,0.09017541390922705
total_roundoff,6000.0,moving_end,1642.4854217859033,2.651994478918483e-11,1.4759962371587083e-09,5.621121135746622e-08,1.0253168705910568e-10,5.017136264443966e-09,500,4,0.02625804001576031,0.017967488074519557,0.08925508174051416
total_roundoff,6000.0,moving_end,1804.3861516053175,-4.7182923055264815e-11,1.5537501634013988e-09,5.670093006769107e-08,9.25133616767751e-11,5.035025384296575e-09,513,6,0.02740255162563455,0.0303671234711082,0.08879969655322457
total_roundoff,6000.0,moving_end,1974.3819179157026,1.6946888533599844e-11,1.6731817057956421e-09,5.6952197237298576e-08,9.679866822242522e-11,5.1122690507767626e-09,504,5,0.02937870331541587,0.010128540417874789,0.08976421101851159
total_roundoff,6000.0,moving_symmetric,39.88822936505957,-6.022606818672247e-11,6.44547287729854e-10,3.159917703590035e-08,6.775749865257386e-11,2.8849087116850227e-09,544,8,0.02039759728544744,0.09343933227745538,0.09129695714566964
total_roundoff,6000.0,moving_symmetric,121.65909956343168,2.076849396500076e-11,6.975564399225239e-10,3.134253604524527e-08,5.3405205698213007e-11,2.9133115410898456e-09,493,2,0.022255902933813316,0.029773209415581446,0.09295072794633671
total_roundoff,6000.0,moving_symmetric,207.51851327172238,-4.3494052557138186e-12,7.332159171805595e-10,3.166303976377079e-08,4.076368505034422e-11,2.699165611783343e-09,497,4,0.02315683909854775,0.005931956949923589,0.08524657240495774
total_roundoff,6000.0,moving_symmetric,297.6708976654277,3.831511168316806e-11,7.950972649031578e-10,3.2978607040545294e-08,6.801048321112807e-11,2.9405710634219148e-09,484,3,0.0241094860048404,0.04818921328805578,0.08916601783109433
total_roundoff,6000.0,moving_symmetric,392.33090127881815,9.777351327451911e-12,8.676613239280234e-10,3.549331610200375e-08,1.0872438114714043e-10,3.1186827671728025e-09,508,5,0.02444576667433563,0.011268626430400842,0.08786676224363098
total_roundoff,6000.0,moving_symmetric,491.72390507287827,2.3007408874157705e-11,1.0108541746900184e-09,3.939117607263431e-08,9.624563425429218e-11,3.4154060592146157e-09,505,3,0.025661944513311327,0.02276036390828875,0.08670485118080427
total_roundoff,6000.0,moving_symmetric,596.0865590566414,-7.85100185140017e-13,1.170539700985038e-09,4.333455957328521e-08,1.407255113322267e-10,3.828439992953223e-09,504,5,0.02701169026549077,0.0006707164092591955,0.08834611521731885
total_roundoff,6000.0,moving_symmetric,705.6673457395926,1.255177611373797e-10,1.3286184130265418e-09,4.697188689985097e-08,1.4723856581700065e-10,4.31995323721747e-09,474,3,0.028285395812590982,0.0944723932069066,0.09196890996582842
total_roundoff,6000.0,moving_symmetric,820.7271717566915,-1.2219587854802433e-10,1.5144065124852806e-09,5.0678356666247363e-08,1.8942459879912128e-10,4.57525329903465e-09,536,6,0.029882707571966333,0.0806889547427326,0.090280222169908
total_roundoff,6000.0,moving_symmetric,941.5399890746453,4.95914179573992e-12,1.5788420044158207e-09,5.339032593958881e-08,1.2615540770947935e-10,4.8073677664264126e-09,491,4,0.02957168694198049,0.003140999404544489,0.09004192579505793
total_roundoff,6000.0,moving_symmetric,1068.3934472584967,3.305149173961481e-11,1.5771301841601662e-09,5.526880632030027e-08,1.2956063884906425e-10,4.899194945907936e-09,504,4,0.028535629574125348,0.020956730187251457,0.08864303885116581
total_roundoff,6000.0,moving_symmetric,1201.5895783515407,-5.734448814642642e-11,1.570799685900778e-09,5.442464559875086e-08,1.0641279778324895e-10,4.706196251502041e-09,524,6,0.028861918504377557,0.03650655692201907,0.08647178497401288
total_roundoff,6000.0,moving_symmetric,1341.445515999237,6.617236157624701e-11,1.5654861389554015e-09,5.375088362988593e-08,2.125092592538845e-10,4.760718543626971e-09,482,4,0.029124844713901196,0.042269528889218845,0.0885700517299026
total_roundoff,6000.0,moving_symmetric,1488.294250529318,-6.5071286168639e-11,1.4701303651006026e-09,5.4767299367675776e-08,1.1359135677966971e-10,4.942383176711248e-09,532,6,0.026843214510743042,0.044262255724638475,0.09024332464398077
total_roundoff,6000.0,moving_symmetric,1642.4854217859033,6.922014587088185e-11,1.397374468232722e-09,5.559082284212598e-08,1.393215138186812e-10,4.976517762026627e-09,491,2,0.02513678331765599,0.04953585988902852,0.08952049110982917
total_roundoff,6000.0,moving_symmetric,1804.3861516053175,-2.210491006546505e-11,1.4471102274652998e-09,5.597432781662755e-08,6.942889968183148e-11,4.971167234978026e-09,512,4,0.025853105948963732,0.015275208236336718,0.08881155752800854
total_roundoff,6000.0,moving_symmetric,1974.3819179157026,2.2295505438201353e-11,1.511593560028459e-09,5.612303852574923e-08,9.283263067156175e-11,5.049069865562607e-09,498,5,0.026933565960348713,0.014749669506253778,0.08996429983465873
total_roundoff,6000.0,fixed_initial,39.88822936505957,-3.902105384417844e-11,6.952176840804977e-10,2.9371294662864625e-08,6.623922246075167e-11,2.7046421808920337e-09,514,6,0.023669970699639976,0.05612782116696025,0.09208454077142292
total_roundoff,6000.0,fixed_initial,121.65909956343168,-1.663789853773804e-11,6.924560036291163e-10,2.8570974302954022e-08,5.078186914757916e-11,2.6476567403557727e-09,528,5,0.024236345470288058,0.024027372786920628,0.09266945930093903
total_roundoff,6000.0,fixed_initial,207.51851327172238,-1.5448380693162255e-11,7.549439223178585e-10,2.8549342757547592e-08,6.088251241044909e-11,2.4365397923559705e-09,513,6,0.026443478181937267,0.02046295126892608,0.08534486461030079
total_roundoff,6000.0,fixed_initial,297.6708976654277,1.614538809653513e-11,8.388243319042176e-10,2.9518644862584227e-08,7.208201092286895e-11,2.6682756450412115e-09,508,5,0.028416762890340293,0.019247639204603706,0.09039289091564401
total_roundoff,6000.0,fixed_initial,392.33090127881815,1.1567831361280626e-11,9.712104785888982e-10,3.185595949785005e-08,1.1258655617446206e-10,2.793317821170916e-09,503,7,0.03048756006405787,0.01191073574297498,0.08768587935200749
total_roundoff,6000.0,fixed_initial,491.72390507287827,7.284468641895019e-11,1.040618301571079e-09,3.5070948448405644e-08,1.3774105757347575e-10,2.9844647027554806e-09,488,3,0.029671803803708832,0.07000135045575552,0.08509791821416102
total_roundoff,6000.0,fixed_initial,596.0865590566414,7.029249110676559e-12,1.2583683063049629e-09,3.8793901644642215e-08,1.3146004924690985e-10,3.3989248950975722e-09,526,5,0.032437271142041854,0.005586002981366439,0.08761492788820828
total_roundoff,6000.0,fixed_initial,705.6673457395926,8.106470283250295e-11,1.3542737719317614e-09,4.2578269314289956e-08,1.9212679009373798e-10,3.91218403218325e-09,474,2,0.03180668903978315,0.05985843077863846,0.09188217593593588
total_roundoff,6000.0,fixed_initial,820.7271717566915,2.1682161681314407e-11,1.595076878197453e-09,4.6363454143388155e-08,1.4880031004561e-10,4.209166623239538e-09,481,4,0.034403754156546715,0.013593176590846672,0.09078630358777535
total_roundoff,6000.0,fixed_initial,941.5399890746453,-1.3509555819401847e-11,1.7007153182909155e-09,4.8975170036582726e-08,1.6782075912041757e-10,4.398147006705604e-09,504,4,0.0347260727634134,0.007943455129796727,0.08980360871479043
total_roundoff,6000.0,fixed_initial,1068.3934472584967,-1.1527595284582797e-11,1.6106052933397355e-09,5.0894163221561705e-08,1.6581191172697352e-10,4.431276300284896e-09,518,5,0.03164616905730735,0.007157306220370906,0.08706845775209744
total_roundoff,6000.0,fixed_initial,1201.5895783515407,-2.9384067607492423e-12,1.5583847058663666e-09,5.0253119079862556e-08,1.2152682221547135e-10,4.362507398998214e-09,503,4,0.03101070608950207,0.001885546456974286,0.08681067919516182
total_roundoff,6000.0,fixed_initial,1341.445515999237,2.0188568071926964e-11,1.5207829505082995e-09,5.0309235529901174e-08,1.2376957902784908e-10,4.42132786401456e-09,493,3,0.030228703228941448,0.013275114680355424,0.08788302619678558
total_roundoff,6000.0,fixed_initial,1488.294250529318,-1.2362184335283724e-10,1.6358557747736839e-09,5.075689816363971e-08,1.638994268673673e-10,4.597249305481163e-09,524,7,0.03222923058654416,0.07557013598582062,0.0905738820102773
total_roundoff,6000.0,fixed_initial,1642.4854217859033,3.0624606142833325e-11,1.669522285616652e-09,5.160415268878378e-08,1.468558617201128e-10,4.646981923915573e-09,505,4,0.032352479376713504,0.018343334741124387,0.09005054209378772
total_roundoff,6000.0,fixed_initial,1804.3861516053175,4.2796182450708495e-11,1.6661428381176298e-09,5.129982039089599e-08,1.1646576850718812e-10,4.593375845497413e-09,487,4,0.03247853160930978,0.025685782438112356,0.08953980365811542
total_roundoff,6000.0,fixed_initial,1974.3819179157026,-1.2957144309311975e-11,1.6725494687147568e-09,5.120168314397093e-08,1.1388667922130127e-10,4.676521722765583e-09,522,5,0.032665907954857965,0.007746942348598323,0.09133531234932166
total_other,1200.0,moving_end,39.88822936505957,-173.45415696611565,274.55146054489563,1394.61630835214,173.45415696611659,1350.9518989973108,765,9,0.19686523017166058,0.6317728436842601,0.9686907365894619
total_other,1200.0,moving_end,121.65909956343168,-30.92097485119748,180.12915974602913,1153.0230288997193,117.95619461826796,1107.776151635044,563,5,0.15622338429607838,0.171660018260198,0.9607580454764616
total_other,1200.0,moving_end,207.51851327172238,1358.4985513513684,1358.4985513513684,1360.0848969423341,1358.4985513513661,1359.4230074160218,0,0,0.9988336422273845,1.0,0.9995133469037114
total_other,1200.0,moving_end,297.6708976654277,1366.5181651109826,1366.5181651109826,1367.0540858678903,1366.518165110981,1366.8938824584075,0,0,0.9996079739913382,1.0,0.9998828112134414
total_other,1200.0,moving_end,392.33090127881815,1372.230885991164,1372.230885991164,1372.288296045947,1372.230885991163,1372.230885991163,0,0,0.9999581647275224,1.0,0.9999581647275216
total_other,1200.0,moving_end,491.72390507287827,1374.5885462478777,1374.5885462478777,1374.5885462478777,1374.5885462478786,1374.5885462478786,0,0,1.0,1.0,1.0000000000000007
total_other,1200.0,moving_end,596.0865590566414,1373.8131285866707,1373.8131285866707,1373.8131285866707,1373.8131285866714,1373.8131285866714,0,0,1.0,1.0,1.0000000000000004
total_other,1200.0,moving_end,705.6673457395926,1374.7745835963203,1374.7745835963203,1374.7745835963203,1374.7745835963171,1374.7745835963171,0,0,1.0,1.0,0.9999999999999977
total_other,1200.0,moving_end,820.7271717566915,1363.2002828497752,1363.2002828497752,1363.2002828497752,1363.2002828497807,1363.2002828497807,0,0,1.0,1.0,1.000000000000004
total_other,1200.0,moving_end,941.5399890746453,1330.1293706198903,1330.1293706198903,1330.1293706198903,1330.1293706198894,1330.1293706198894,0,0,1.0,1.0,0.9999999999999993
total_other,1200.0,moving_end,1068.3934472584967,1266.1705666084279,1266.1705666084279,1266.1705666084279,1266.170566608433,1266.170566608433,0,0,1.0,1.0,1.0000000000000042
total_other,1200.0,moving_end,1201.5895783515407,1184.5419582832026,1184.5419582832026,1184.5419582832026,1184.5419582832026,1184.5419582832026,0,0,1.0,1.0,1.0
total_other,1200.0,moving_end,1341.445515999237,1089.2039714264592,1089.2039714264592,1089.2039714264592,1089.2039714264615,1089.2039714264615,0,0,1.0,1.0,1.000000000000002
total_other,1200.0,moving_end,1488.294250529318,984.9611914128363,984.9611914128363,984.9611914128363,984.9611914128375,984.9611914128375,0,0,1.0,1.0,1.000000000000001
total_other,1200.0,moving_end,1642.4854217859033,879.3627641446781,879.3627641446781,879.3627641446781,879.3627641446728,879.3627641446728,0,0,1.0,1.0,0.999999999999994
total_other,1200.0,moving_end,1804.3861516053175,766.7466004093883,766.7466004093883,766.7466004093883,766.7466004093872,766.7466004093872,0,0,1.0,1.0,0.9999999999999986
total_other,1200.0,moving_end,1974.3819179157026,646.3157419637653,646.3157419637653,646.8329071544033,646.3157419637728,646.3157419637728,0,0,0.9992004655531316,1.0,0.9992004655531431
total_other,1200.0,moving_symmetric,39.88822936505957,-503.7113405312588,503.7113405312588,1360.3453183928568,503.7113405312585,1308.3419980258573,1015,9,0.37028196717459577,1.0,0.9617719709371754
total_other,1200.0,moving_symmetric,121.65909956343168,-288.4610760291631,293.6251313092004,1111.6065964453119,288.46107602916345,1054.6495703432117,958,9,0.26414482627950653,0.9824127612748538,0.9487615256294476
total_other,1200.0,moving_symmetric,207.51851327172238,1190.2242272029712,1190.2242272029712,1237.3531603652764,1190.2242272029691,1231.3714401396383,0,0,0.9619114940892118,1.0,0.9951657130581278
total_other,1200.0,moving_symmetric,297.6708976654277,1206.3070621107768,1206.3070621107768,1237.737554603878,1206.3070621107754,1232.3326506424505,0,0,0.9746064968488736,1.0,0.9956332390971548
total_other,1200.0,moving_symmetric,392.33090127881815,1221.8756294936538,1221.8756294936538,1240.0838969239926,1221.8756294936543,1235.5389289560758,0,0,0.985316906803238,1.0,0.9963349512245175
total_other,1200.0,moving_symmetric,491.72390507287827,1234.5884425710192,1234.5884425710192,1243.6826907512702,1234.5884425710194,1240.8097648300559,0,0,0.9926876459342234,1.0,0.9976899847987118
total_other,1200.0,moving_symmetric,596.0865590566414,1243.5470141413384,1243.5470141413384,1246.7584071181877,1243.547014141338,1245.2177329916972,0,0,0.9974242058778073,1.0,0.998764256075841
total_other,1200.0,moving_symmetric,705.6673457395926,1251.6504896295296,1251.6504896295296,1252.2981685704897,1251.6504896295278,1251.6504896295278,0,0,0.9994828077232601,1.0,0.9994828077232587
total_other,1200.0,moving_symmetric,820.7271717566915,1249.5356173019786,1249.5356173019786,1249.6777740965422,1249.5356173019816,1249.5356173019816,0,0,0.999886245240565,1.0,0.9998862452405675
total_other,1200.0,moving_symmetric,941.5399890746453,1229.9550030595074,1229.9550030595074,1229.9722391260254,1229.955003059508,1229.955003059508,0,0,0.9999859866215108,1.0,0.9999859866215114
total_other,1200.0,moving_symmetric,1068.3934472584967,1183.2510234748459,1183.2510234748459,1183.2510234748459,1183.2510234748481,1183.2510234748481,0,0,1.0,1.0,1.000000000000002
total_other,1200.0,moving_symmetric,1201.5895783515407,1120.896706508019,1120.896706508019,1120.896706508019,1120.8967065080187,1120.8967065080187,0,0,1.0,1.0,0.9999999999999998
total_other,1200.0,moving_symmetric,1341.445515999237,1045.2970264091355,1045.2970264091355,1045.2970264091355,1045.2970264091375,1045.2970264091375,0,0,1.0,1.0,1.000000000000002
total_other,1200.0,moving_symmetric,1488.294250529318,957.2174968839319,957.2174968839319,957.2174968839319,957.2174968839342,957.2174968839342,0,0,1.0,1.0,1.0000000000000024
total_other,1200.0,moving_symmetric,1642.4854217859033,866.216462535985,866.216462535985,866.216462535985,866.2164625359807,866.2164625359807,0,0,1.0,1.0,0.999999999999995
total_other,1200.0,moving_symmetric,1804.3861516053175,767.4591395689727,767.4591395689727,767.4591395689727,767.4591395689703,767.4591395689703,0,0,1.0,1.0,0.9999999999999969
total_other,1200.0,moving_symmetric,1974.3819179157026,659.7418581277263,659.7418581277263,660.0004407230454,659.7418581277352,659.7418581277352,0,0,0.9996082084505342,1.0,0.9996082084505477
total_other,1200.0,fixed_initial,39.88822936505957,-817.9284766919529,817.9284766919529,973.116052607989,817.9284766919534,962.0884251630962,1015,9,0.8405251095178964,1.0,0.9886677160289995
total_other,1200.0,fixed_initial,121.65909956343168,-424.77717587269666,502.1121677443954,772.5164423533938,502.0440142409133,737.1044938168236,705,6,0.6499695543239974,0.8459806456810129,0.954160265600702
total_other,1200.0,fixed_initial,207.51851327172238,-154.77102252082256,711.1191000817898,887.7313656888807,666.6757870201508,876.2213657582269,598,5,0.8010521285681513,0.2176443052971316,0.9870343660531561
total_other,1200.0,fixed_initial,297.6708976654277,-79.28542605457096,650.7886474994376,813.0343984209758,629.176933223822,802.1883986010271,570,5,0.8004441740267796,0.12182976202675612,0.9866598512424405
total_other,1200.0,fixed_initial,392.33090127881815,0.4102483087065707,603.6813423014421,746.5940050190995,598.2251801386492,734.8532190208522,533,5,0.8085804844977272,0.0006795775849930399,0.9842742026867105
total_other,1200.0,fixed_initial,491.72390507287827,72.84301071536399,576.0843631104719,700.4099880981153,576.0228052264602,692.8961646494328,486,5,0.8224959279560881,0.12644504065699724,0.9892722497160764
total_other,1200.0,fixed_initial,596.0865590566414,131.53437986999754,573.7976490483487,682.8387444803668,573.7130718785951,675.0752669100638,436,4,0.8403120849344933,0.229234783530656,0.9886305842586437
total_other,1200.0,fixed_initial,705.6673457395926,179.6061245436085,582.2306934572836,689.2995497841387,578.8024023395004,680.7851605617888,397,4,0.8446700620065909,0.30847931337509543,0.987647766163468
total_other,1200.0,fixed_initial,820.7271717566915,228.8447781938693,580.2369206565529,701.6000967112014,577.6941905680033,695.1583422726718,350,3,0.8270194422384678,0.39439885682373604,0.9908184812563086
total_other,1200.0,fixed_initial,941.5399890746453,282.69416790248295,562.9472467234954,695.8469009426101,562.6627961171168,688.3094405333028,306,3,0.8090102089423897,0.5021681330672442,0.9891679327750158
total_other,1200.0,fixed_initial,1068.3934472584967,351.76981189634427,521.8166842750375,664.1141700250166,515.0119080776931,657.2227665753012,266,3,0.7857333992066169,0.6741252675449806,0.9896231645690442
total_other,1200.0,fixed_initial,1201.5895783515407,432.6151006153108,488.86226132570926,614.587744422982,488.8518913823672,611.5727054811445,152,2,0.7954311906832561,0.8849427228073078,0.9950942091358032
total_other,1200.0,fixed_initial,1341.445515999237,514.7414820695553,514.7480331093874,570.3645863451904,514.7414820695561,565.8405897522066,3,0,0.9024894697754896,0.9999872733076949,0.9920682372270464
total_other,1200.0,fixed_initial,1488.294250529318,587.1683593762207,587.1683593762207,587.9073359309958,587.1683593762228,587.248981412571,0,0,0.998743039064813,1.0,0.9988801729827332
total_other,1200.0,fixed_initial,1642.4854217859033,644.8045687040179,644.8045687040179,644.8045687040179,644.8045687040146,644.8045687040146,0,0,1.0,1.0,0.9999999999999949
total_other,1200.0,fixed_initial,1804.3861516053175,684.2320683952078,684.2320683952078,684.2320683952078,684.2320683952045,684.2320683952045,0,0,1.0,1.0,0.9999999999999952
total_other,1200.0,fixed_initial,1974.3819179157026,702.2085915358489,702.2085915358489,702.2085915358489,702.2085915358524,702.2085915358524,0,0,1.0,1.0,1.000000000000005
total_other,2400.0,moving_end,39.88822936505957,1492.3926497493221,1492.3926497493221,5085.262799436761,1492.3926497493208,4994.186230881429,0,0,0.2934740462016276,1.0,0.9820900959994792
total_other,2400.0,moving_end,121.65909956343168,1409.7456186334514,1409.7456186334514,3947.863556357134,1409.7456186334496,3837.5098196066383,0,0,0.35709076529845557,1.0,0.9720472262591761
total_other,2400.0,moving_end,207.51851327172238,4259.891085937567,4259.891085937567,5039.920633469956,4259.891085937564,5021.408767035882,0,0,0.8452297954153809,1.0,0.9963269527874831
total_other,2400.0,moving_end,297.6708976654277,4409.382297918425,4409.382297918425,5001.572516994217,4409.382297918422,4982.775796030463,0,0,0.8815991936408674,1.0,0.9962418377620466
total_other,2400.0,moving_end,392.33090127881815,4556.285805744561,4556.285805744561,4968.704544478303,4556.285805744562,4951.97291512591,0,0,0.9169967272068811,1.0,0.9966325972489173
total_other,2400.0,moving_end,491.72390507287827,4697.890733198978,4697.890733198978,4956.3462046443365,4697.89073319898,4946.664685718809,0,0,0.9478536283032098,1.0,0.9980466419160842
total_other,2400.0,moving_end,596.0865590566414,4849.615105150388,4849.615105150388,4990.4052896517605,4849.615105150385,4980.910523440131,0,0,0.9717878255713381,1.0,0.998097395770376
total_other,2400.0,moving_end,705.6673457395926,4926.070108206947,4926.070108206947,4994.22656764917,4926.070108206945,4984.2770838581,0,0,0.9863529500476178,1.0,0.9980078028787243
total_other,2400.0,moving_end,820.7271717566915,4818.362933230286,4818.362933230286,4855.708565860994,4818.362933230287,4848.941990390135,0,0,0.9923089221430476,1.0,0.9986064700179017
total_other,2400.0,moving_end,941.5399890746453,4574.441224241814,4574.441224241814,4600.185206284701,4574.441224241811,4594.4446644080945,0,0,0.9944037074838387,1.0,0.9987521063567693
total_other,2400.0,moving_end,1068.3934472584967,4242.210429962883,4242.210429962883,4263.893328630371,4242.210429962882,4260.817988719067,0,0,0.9949147652165931,1.0,0.9992787483939493
total_other,2400.0,moving_end,1201.5895783515407,3851.469892399619,3851.469892399619,3873.393039000037,3851.469892399622,3872.6405746801843,0,0,0.9943400666083507,1.0,0.9998057350978131
total_other,2400.0,moving_end,1341.445515999237,3425.2276189773456,3425.2276189773456,3467.6162444895717,3425.227618977344,3462.895292694822,0,0,0.9877758602672408,1.0,0.9986385599034345
total_other,2400.0,moving_end,1488.294250529318,2970.04669792925,2970.04669792925,3083.0358486401046,2970.046697929251,3079.9290851593905,0,0,0.9633513341206549,1.0,0.9989923038092196
total_other,2400.0,moving_end,1642.4854217859033,2499.89315992021,2499.89315992021,2762.5261275340654,2499.893159920212,2756.0948475677137,0,0,0.9049301416568714,1.0,0.9976719568722804
total_other,2400.0,moving_end,1804.3861516053175,2023.8390317688406,2023.8390317688406,2529.6270099105086,2023.8390317688404,2523.55026239991,0,0,0.8000543257325666,1.0,0.9975977693601502
total_other,2400.0,moving_end,1974.3819179157026,1561.8110508550596,1561.8110508550596,2359.5954883671156,1561.8110508550662,2357.8398871727823,0,0,0.6618977950054745,1.0,0.9992559736603208
total_other,2400.0,moving_symmetric,39.88822936505957,1055.4904314946452,1055.4904314946452,4939.815867523707,1055.4904314946425,4840.425306793871,0,0,0.21366999495545058,1.0,0.9798797033340313
total_other,2400.0,moving_symmetric,121.65909956343168,1164.4191787322766,1164.4191787322766,3894.4517518027506,1164.419178732275,3773.655724889834,0,0,0.2989943778847085,1.0,0.9689825334575014
total_other,2400.0,moving_symmetric,207.51851327172238,3866.848537127754,3866.848537127754,4964.510838586215,3866.8485371277507,4938.861438795598,0,0,0.7788981961874312,1.0,0.9948334487274638
total_other,2400.0,moving_symmetric,297.6708976654277,4037.3516199529695,4037.3516199529695,4893.2451904120235,4037.351619952968,4867.195575569377,0,0,0.8250867191090039,1.0,0.9946764133353283
total_other,2400.0,moving_symmetric,392.33090127881815,4206.008927027282,4206.008927027282,4830.965169593349,4206.008927027282,4809.219183061589,0,0,0.8706353242826892,1.0,0.9954986248568648
total_other,2400.0,moving_symmetric,491.72390507287827,4363.041275661488,4363.041275661488,4789.64963462764,4363.041275661492,4776.736135037163,0,0,0.9109311971627507,1.0,0.9973038738580967
total_other,2400.0,moving_symmetric,596.0865590566414,4520.727342520303,4520.727342520303,4794.472045649813,4520.727342520304,4782.434589063737,0,0,0.9429040986112563,1.0,0.9974893050848013
total_other,2400.0,moving_symmetric,705.6673457395926,4621.948544344315,4621.948544344315,4800.139213164534,4621.948544344314,4787.330921448367,0,0,0.9628780206350005,1.0,0.9973316832809681
total_other,2400.0,moving_symmetric,820.7271717566915,4568.028458169536,4568.028458169536,4703.0769102037375,4568.02845816954,4694.030699556187,0,0,0.9712850853573749,1.0,0.9980765335502118
total_other,2400.0,moving_symmetric,941.5399890746453,4383.744133606726,4383.744133606726,4499.300280749412,4383.744133606725,4490.638695088057,0,0,0.9743168626381524,1.0,0.9980749038470683
total_other,2400.0,moving_symmetric,1068.3934472584967,4109.058310723676,4109.058310723676,4208.271466465814,4109.058310723674,4201.714272422139,0,0,0.976424250067342,1.0,0.9984418319740238
total_other,2400.0,moving_symmetric,1201.5895783515407,3778.316343632458,3778.316343632458,3856.932475393044,3778.31634363246,3853.6919220665736,0,0,0.9796169281515423,1.0,0.9991598107181952
total_other,2400.0,moving_symmetric,1341.445515999237,3415.5286338752067,3415.5286338752067,3478.7594410962893,3415.5286338752057,3474.3255766106304,0,0,0.9818237482954106,1.0,0.9987254466539769
total_other,2400.0,moving_symmetric,1488.294250529318,3029.305961417692,3029.305961417692,3113.0641670192776,3029.305961417693,3110.0811742502906,0,0,0.9730946099701557,1.0,0.9990417824339795
total_other,2400.0,moving_symmetric,1642.4854217859033,2631.6385406464537,2631.6385406464537,2798.734876775332,2631.6385406464524,2793.997750174078,0,0,0.9402957609470303,1.0,0.998307404305937
total_other,2400.0,moving_symmetric,1804.3861516053175,2228.7585489612356,2228.7585489612356,2564.276719185416,2228.7585489612347,2559.7992127575562,0,0,0.8691568005457839,1.0,0.9982538910896941
total_other,2400.0,moving_symmetric,1974.3819179157026,1829.9970781180766,1829.9970781180766,2379.6567994301136,1829.9970781180805,2378.0144899963125,0,0,0.7690172291047722,1.0,0.9993098544991049
total_other,2400.0,fixed_initial,39.88822936505957,-1355.0711962949372,1751.09042883466,3668.7366342576724,1746.1205150475607,3571.7906687678083,771,6,0.4773006632537889,0.7738442138574926,0.9735751090485458
total_other,2400.0,fixed_initial,121.65909956343168,-458.237887466339,873.9907481802787,2979.6888644353517,846.8839035203348,2855.02147119439,661,6,0.2933161104878979,0.5243051924982367,0.9581609359524234
total_other,2400.0,fixed_initial,207.51851327172238,806.8766614361418,1906.113694532531,3907.7953776600475,1891.7282035423254,3865.8964327621825,388,4,0.48777213500720573,0.42330982865847677,0.9892781118639447
total_other,2400.0,fixed_initial,297.6708976654277,1043.3154601706499,1910.141089603419,3733.9755987768203,1900.83130959525,3691.8971546324274,350,3,0.5115569288211591,0.54619811376722,0.9887309268549647
total_other,2400.0,fixed_initial,392.33090127881815,1262.8022756386529,1944.201881414649,3591.340051585886,1944.20188141465,3559.339575896437,316,3,0.5413583379708408,0.6495221960796617,0.9910895445071212
total_other,2400.0,fixed_initial,491.72390507287827,1436.8063276117673,1980.8890031926417,3506.731845119102,1974.7624277830917,3488.42005240649,288,3,0.5648818018263279,0.7253340925695663,0.9947781029398927
total_other,2400.0,fixed_initial,596.0865590566414,1557.0513801612535,2009.824888061664,3494.53597514897,1989.2015911297801,3477.260041040645,263,3,0.575133552023595,0.7747199218250904,0.9950563009706636
total_other,2400.0,fixed_initial,705.6673457395926,1667.0334447672635,2010.146317994997,3507.819639205166,1971.5406114333496,3487.0889670852894,228,2,0.5730472272657879,0.8293095034146726,0.9940901544970614
total_other,2400.0,fixed_initial,820.7271717566915,1777.3636422846519,1989.5359107911095,3510.7042511195077,1983.9453951425185,3497.7563783163664,183,2,0.5667056432214927,0.8933558990538198,0.996311887337416
total_other,2400.0,fixed_initial,941.5399890746453,1896.8715470937873,1964.9128217152213,3418.7461171819796,1964.5589605566925,3406.145210945751,111,1,0.5747466335215523,0.9653718608431497,0.9963141731487756
total_other,2400.0,fixed_initial,1068.3934472584967,2047.463987905096,2047.463987905096,3193.1185801777883,2047.4639879050965,3181.3517571954885,0,0,0.6412113852004507,1.0,0.996314943311111
total_other,2400.0,fixed_initial,1201.5895783515407,2243.4542231328855,2243.4542231328855,2918.1454728615327,2243.4542231328833,2905.5698880117952,0,0,0.7687945114446111,1.0,0.9956905558798597
total_other,2400.0,fixed_initial,1341.445515999237,2451.395025185931,2451.395025185931,2718.78258781281,2451.3950251859324,2704.4698017684605,0,0,0.9016517305114914,1.0,0.9947355900731055
total_other,2400.0,fixed_initial,1488.294250529318,2624.5093375331626,2624.5093375331626,2692.898743896285,2624.5093375331635,2688.2003942984575,0,0,0.9746037958099488,1.0,0.9982552817448199
total_other,2400.0,fixed_initial,1642.4854217859033,2728.810052169251,2728.810052169251,2744.9428123793127,2728.8100521692504,2744.3135971972447,0,0,0.9941227335821696,1.0,0.9997707729358767
total_other,2400.0,fixed_initial,1804.3861516053175,2763.989906491699,2763.989906491699,2771.7572467004525,2763.989906491698,2771.4427530085395,0,0,0.9971976838094317,1.0,0.9998865363507979
total_other,2400.0,fixed_initial,1974.3819179157026,2719.3791979304387,2719.3791979304387,2724.5847807501423,2719.3791979304474,2724.3491522724216,0,0,0.9980894032527516,1.0,0.9999135176562002
total_other,4200.0,moving_end,39.88822936505957,5438.023341036371,5438.023341036371,12242.443083110466,5438.023341036367,12090.855229587096,0,0,0.4441942922764007,1.0,0.9876178429015938
total_other,4200.0,moving_end,121.65909956343168,5540.32253160724,5540.32253160724,11189.667873110768,5540.322531607247,10998.239034793085,0,0,0.4951284161812223,1.0,0.982892357441842
total_other,4200.0,moving_end,207.51851327172238,7419.203321719943,7419.203321719943,11315.24342640636,7419.203321719946,11255.417262861085,0,0,0.6556821662718951,1.0,0.9947127815734252
total_other,4200.0,moving_end,297.6708976654277,7761.611265454066,7761.611265454066,11111.423038816993,7761.611265454064,11050.584684632078,0,0,0.6985254038424611,1.0,0.9945247018341054
total_other,4200.0,moving_end,392.33090127881815,8085.067098177275,8085.067098177275,10905.672710790397,8085.067098177275,10854.694987709257,0,0,0.7413634456660035,1.0,0.9953255773914157
total_other,4200.0,moving_end,491.72390507287827,8372.568202070517,8372.568202070517,10794.972916784536,8372.56820207052,10757.553387438587,0,0,0.7755988149865991,1.0,0.996533615263845
total_other,4200.0,moving_end,596.0865590566414,8508.064919386674,8508.064919386674,10714.591430292387,8508.06491938667,10680.298110071464,0,0,0.794063401739482,1.0,0.9967993814375443
total_other,4200.0,moving_end,705.6673457395926,8285.028753956934,8285.028753956934,10352.87181631396,8285.028753956938,10320.804103891362,0,0,0.8002638206049709,1.0,0.9969025297529458
total_other,4200.0,moving_end,820.7271717566915,7666.116096537478,7666.116096537478,9762.565468031009,7666.1160965374775,9738.560796949858,0,0,0.7852563060028975,1.0,0.9975411513336573
total_other,4200.0,moving_end,941.5399890746453,6832.39333994044,6832.39333994044,8979.548540620874,6832.393339940442,8952.354416261715,0,0,0.7608838360896066,1.0,0.9969715488216205
total_other,4200.0,moving_end,1068.3934472584967,5945.141398528109,5945.141398528109,8079.7742791697765,5945.141398528112,8054.792996027528,0,0,0.7358053818229922,1.0,0.9969081706642905
total_other,4200.0,moving_end,1201.5895783515407,5050.528080809989,5050.528080809989,7189.786803463659,5050.528080809992,7169.772841918248,0,0,0.7024586707323381,1.0,0.9972163344905067
total_other,4200.0,moving_end,1341.445515999237,4140.237639613198,4140.237639613198,6534.95834464962,4140.237639613197,6489.272438752932,0,0,0.6335522617375126,1.0,0.9930089981470055
total_other,4200.0,moving_end,1488.294250529318,3201.767051967162,3201.767051967162,6461.787446000485,3201.767051967166,6446.593220699177,0,0,0.49549247460141876,1.0,0.9976486033580829
total_other,4200.0,moving_end,1642.4854217859033,2228.7943280193113,2228.7943280193113,6850.726483551704,2228.794328019315,6835.566042972327,0,0,0.3253369308161039,1.0,0.9977870316942623
total_other,4200.0,moving_end,1804.3861516053175,1254.2889752785536,1254.2889752785536,7372.212937797581,1254.2889752785584,7360.71941274054,0,0,0.17013737745525123,1.0,0.998440966755299
total_other,4200.0,moving_end,1974.3819179157026,345.96194236630896,712.3708310779006,7774.97496561944,645.8955336447882,7769.434974763525,458,2,0.09162355303109909,0.4856486639729872,0.9992874586888817
total_other,4200.0,moving_symmetric,39.88822936505957,5284.968507637064,5284.968507637064,12219.078102087671,5284.968507637061,12063.198731153077,0,0,0.43251777781288664,1.0,0.9872429515850332
total_other,4200.0,moving_symmetric,121.65909956343168,5428.697218519088,5428.697218519088,11091.857819973768,5428.697218519093,10895.961051073677,0,0,0.4894308335564228,1.0,0.982338687343492
total_other,4200.0,moving_symmetric,207.51851327172238,7251.7421433685195,7251.7421433685195,11518.92689030668,7251.742143368522,11460.253682728084,0,0,0.6295501492826515,1.0,0.9949063651382343
total_other,4200.0,moving_symmetric,297.6708976654277,7597.64898919304,7597.64898919304,11301.930363284404,7597.648989193037,11241.875348331781,0,0,0.6722434792090791,1.0,0.9946863046380362
total_other,4200.0,moving_symmetric,392.33090127881815,7921.626901284972,7921.626901284972,11078.574696783422,7921.62690128497,11028.76623152379,0,0,0.7150402572620604,1.0,0.9955040728051332
total_other,4200.0,moving_symmetric,491.72390507287827,8206.711592420057,8206.711592420057,10943.99308250349,8206.71159242006,10908.189702983254,0,0,0.7498827466859778,1.0,0.9967284903005398
total_other,4200.0,moving_symmetric,596.0865590566414,8346.651727286617,8346.651727286617,10854.426324272692,8346.651727286611,10819.500010922353,0,0,0.7689629537234792,1.0,0.9967822976261549
total_other,4200.0,moving_symmetric,705.6673457395926,8135.749489251534,8135.749489251534,10513.39258408776,8135.749489251536,10481.645546230875,0,0,0.7738462560187434,1.0,0.9969803241339114
total_other,4200.0,moving_symmetric,820.7271717566915,7551.346904436298,7551.346904436298,9925.694589769075,7551.346904436298,9902.461931940295,0,0,0.7607877550675255,1.0,0.9976593418607976
total_other,4200.0,moving_symmetric,941.5399890746453,6779.274149126524,6779.274149126524,9114.172523749703,6779.274149126529,9088.058675909779,0,0,0.7438167460031174,1.0,0.9971348086980055
total_other,4200.0,moving_symmetric,1068.3934472584967,5974.776012769522,5974.776012769522,8147.27725009442,5974.7760127695265,8121.430445561908,0,0,0.7333463474193516,1.0,0.9968275530905477
total_other,4200.0,moving_symmetric,1201.5895783515407,5174.356411839606,5174.356411839606,7171.662919096173,5174.35641183961,7145.113833646303,0,0,0.7215002252910846,1.0,0.9962980572637934
total_other,4200.0,moving_symmetric,1341.445515999237,4367.99074815344,4367.99074815344,6493.594129320914,4367.990748153441,6445.620632564509,0,0,0.672661497032959,1.0,0.9926121812048911
total_other,4200.0,moving_symmetric,1488.294250529318,3531.6014437507365,3531.6014437507365,6437.8007060668915,3531.6014437507392,6421.574608175652,0,0,0.5485726578057326,1.0,0.9974795588381685
total_other,4200.0,moving_symmetric,1642.4854217859033,2645.1220576576598,2645.1220576576598,6816.8775328881875,2645.122057657663,6800.366858700798,0,0,0.38802546252242404,1.0,0.9975779711300763
total_other,4200.0,moving_symmetric,1804.3861516053175,1736.072436292338,1736.072436292338,7305.577942957862,1736.072436292342,7293.952530484807,0,0,0.2376365634379149,1.0,0.9984086936634134
total_other,4200.0,moving_symmetric,1974.3819179157026,869.7449223386852,938.4116494894088,7667.270168681801,894.1986567862284,7661.285607733636,136,1,0.12239188509653699,0.9268266467193953,0.999219466535481
total_other,4200.0,fixed_initial,39.88822936505957,2134.5922218319897,3462.488279822745,11449.838141592367,3451.3925351126454,11289.440893111734,288,3,0.30240499795756987,0.6164908150797455,0.9859913086545758
total_other,4200.0,fixed_initial,121.65909956343168,2967.433683019912,3154.2126006715866,10366.898657395128,3151.507436218313,10168.093893713181,117,1,0.30425807224627965,0.9407842966539712,0.9808231207565503
total_other,4200.0,fixed_initial,207.51851327172238,5040.110371565783,5040.110371565783,11741.178277707579,5040.110371565787,11678.112182638475,0,0,0.4292678513480374,1.0,0.9946286400242432
total_other,4200.0,fixed_initial,297.6708976654277,5431.940219206838,5431.940219206838,11470.804824349838,5431.940219206836,11404.80389763669,0,0,0.4735448211686157,1.0,0.9942461817000806
total_other,4200.0,fixed_initial,392.33090127881815,5798.446269936823,5798.446269936823,11123.659366862603,5798.446269936821,11069.903800062273,0,0,0.5212714699993783,1.0,0.995167456587131
total_other,4200.0,fixed_initial,491.72390507287827,6098.579160231991,6098.579160231991,10863.33786799178,6098.579160231991,10820.471048697804,0,0,0.5613909126587248,1.0,0.9960539918932024
total_other,4200.0,fixed_initial,596.0865590566414,6235.11135378505,6235.11135378505,10731.609710423407,6235.111353785045,10692.577231890113,0,0,0.5810042968417874,1.0,0.9963628496016416
total_other,4200.0,fixed_initial,705.6673457395926,6071.467959560372,6071.467959560372,10451.275313380409,6071.467959560374,10417.017947036913,0,0,0.5809308220775009,1.0,0.9967221831483438
total_other,4200.0,fixed_initial,820.7271717566915,5791.787662964582,5791.787662964582,9912.2177225796,5791.7876629645825,9895.332701477553,0,0,0.5843079545933643,1.0,0.9982965445700831
total_other,4200.0,fixed_initial,941.5399890746453,5542.781705507586,5542.781705507586,9091.177985070046,5542.781705507589,9071.661016546046,0,0,0.6096879540374415,1.0,0.9978531969612682
total_other,4200.0,fixed_initial,1068.3934472584967,5387.298988166645,5387.298988166645,7986.443628259396,5387.298988166649,7964.906506449044,0,0,0.674555439057269,1.0,0.9973032900734259
total_other,4200.0,fixed_initial,1201.5895783515407,5304.588883000065,5304.588883000065,6959.977562675848,5304.588883000066,6929.080653837142,0,0,0.7621560321468409,1.0,0.9955607746489878
total_other,4200.0,fixed_initial,1341.445515999237,5224.646429264989,5224.646429264989,6333.662121585581,5224.646429264987,6287.293822177921,0,0,0.8249013491671767,1.0,0.992679069625512
total_other,4200.0,fixed_initial,1488.294250529318,5098.3231415944465,5098.3231415944465,6203.544225246696,5098.32314159445,6184.7480848149835,0,0,0.8218403797051518,1.0,0.9969700964885173
total_other,4200.0,fixed_initial,1642.4854217859033,4904.551658778166,4904.551658778166,6251.775443307534,4904.551658778166,6231.106612818516,0,0,0.7845054102236576,1.0,0.9966939262811904
total_other,4200.0,fixed_initial,1804.3861516053175,4598.136967901873,4598.136967901873,6292.985212595723,4598.136967901873,6280.958738823829,0,0,0.7306765887036366,1.0,0.9980889079879255
total_other,4200.0,fixed_initial,1974.3819179157026,4123.776803622008,4123.776803622008,6289.905885581599,4123.776803622003,6283.512628204082,0,0,0.6556182045704331,1.0,0.9989835686743466
total_other,6000.0,moving_end,39.88822936505957,6196.464946966464,6196.464946966464,20173.433608958505,6196.4649469664655,19987.796724172826,0,0,0.30715965695670033,1.0,0.9907979529720096
total_other,6000.0,moving_end,121.65909956343168,7686.248885463543,7686.248885463543,20522.303653212402,7686.248885463543,20300.930235314314,0,0,0.3745314861014834,1.0,0.9892130327258151
total_other,6000.0,moving_end,207.51851327172238,7113.499777216993,7113.499777216993,16769.63777152085,7113.499777216995,16688.688466195308,0,0,0.42418923259615904,1.0,0.9951728650058849
total_other,6000.0,moving_end,297.6708976654277,7341.89400242424,7341.89400242424,16295.68379309085,7341.894002424236,16208.191428091723,0,0,0.4505422476065168,1.0,0.9946309485315232
total_other,6000.0,moving_end,392.33090127881815,7545.847688556456,7545.847688556456,15746.111684853866,7545.84768855645,15671.552566748525,0,0,0.47921974895013497,1.0,0.9952649187559708
total_other,6000.0,moving_end,491.72390507287827,7668.367551849737,7668.367551849737,15418.499830893172,7668.367551849737,15356.366141365,0,0,0.4973484862959926,1.0,0.9959701858021441
total_other,6000.0,moving_end,596.0865590566414,7643.069989375513,7643.069989375513,15189.848872159806,7643.069989375512,15131.715859610556,0,0,0.5031695873804151,1.0,0.9961729038229079
total_other,6000.0,moving_end,705.6673457395926,7393.467257670754,7393.467257670754,14331.43640878086,7393.467257670755,14281.073776964116,0,0,0.5158915719809344,1.0,0.9964858629393292
total_other,6000.0,moving_end,820.7271717566915,6975.575865722427,6975.575865722427,13309.255323048537,6975.5758657224305,13274.98142855566,0,0,0.5241146627972754,1.0,0.9974248074996711
total_other,6000.0,moving_end,941.5399890746453,6598.8536250508205,6598.8536250508205,12470.36310667673,6598.85362505082,12436.862746364264,0,0,0.5291629095802144,1.0,0.9973136018553839
total_other,6000.0,moving_end,1068.3934472584967,6406.294843632917,6406.294843632917,11422.138094228318,6406.294843632917,11384.240649477635,0,0,0.5608665199793076,1.0,0.9966821058861272
total_other,6000.0,moving_end,1201.5895783515407,6255.349924039697,6255.349924039697,10693.016126440605,6255.3499240396995,10641.984834279225,0,0,0.5849939670970945,1.0,0.9952276054241427
total_other,6000.0,moving_end,1341.445515999237,5833.782463722775,5833.782463722775,10650.935226974463,5833.782463722773,10583.973977976633,0,0,0.547724902968914,1.0,0.9937131108610777
total_other,6000.0,moving_end,1488.294250529318,5029.604708061048,5029.604708061048,11340.865762986177,5029.60470806105,11313.09898742619,0,0,0.44349389307441167,1.0,0.9975516176506902
total_other,6000.0,moving_end,1642.4854217859033,3876.487330315355,3876.487330315355,12238.97630676583,3876.487330315354,12201.251437750423,0,0,0.3167329712185482,1.0,0.9969176450652534
total_other,6000.0,moving_end,1804.3861516053175,2488.3506956891024,2488.3506956891024,13029.280113781493,2488.350695689108,13001.660589564473,0,0,0.1909814413351274,1.0,0.9978801956841955
total_other,6000.0,moving_end,1974.3819179157026,926.2623340782133,926.2623340782133,13540.934983320742,926.2623340782084,13521.742804214124,0,0,0.06840460686201887,1.0,0.998582654807053
total_other,6000.0,moving_symmetric,39.88822936505957,6000.976929846116,6000.976929846116,20358.455682691718,6000.976929846116,20171.652429676888,0,0,0.2947658222891634,1.0,0.9908242915903662
total_other,6000.0,moving_symmetric,121.65909956343168,7402.570706283864,7402.570706283864,20750.874375747066,7402.570706283866,20529.061530755,0,0,0.3567353631582746,1.0,0.9893106747708273
total_other,6000.0,moving_symmetric,207.51851327172238,7000.932035877848,7000.932035877848,16929.74347511342,7000.932035877849,16847.90494367009,0,0,0.41352853610387885,1.0,0.9951659910521603
total_other,6000.0,moving_symmetric,297.6708976654277,7245.134905223897,7245.134905223897,16432.70029377223,7245.134905223893,16344.629478001449,0,0,0.4408974043036435,1.0,0.9946405146934882
total_other,6000.0,moving_symmetric,392.33090127881815,7462.592019437627,7462.592019437627,15860.265862336522,7462.592019437621,15784.63439944929,0,0,0.470521243730163,1.0,0.9952313874468628
total_other,6000.0,moving_symmetric,491.72390507287827,7603.882630023965,7603.882630023965,15507.397655595523,7603.882630023965,15441.541262996516,0,0,0.4903390497167177,1.0,0.9957532273266209
total_other,6000.0,moving_symmetric,596.0865590566414,7590.731729199033,7590.731729199033,15268.145209389952,7590.731729199033,15207.310639088564,0,0,0.49716135294093955,1.0,0.996015588700062
total_other,6000.0,moving_symmetric,705.6673457395926,7324.78576384402,7324.78576384402,14432.976890250156,7324.785763844022,14381.217141692601,0,0,0.5075034637374151,1.0,0.9964137856693639
total_other,6000.0,moving_symmetric,820.7271717566915,6897.637740792288,6897.637740792288,13402.592940320974,6897.637740792292,13367.291747545944,0,0,0.5146494989071196,1.0,0.9973660922977949
total_other,6000.0,moving_symmetric,941.5399890746453,6538.864126772744,6538.864126772744,12484.049594870292,6538.864126772744,12449.68299970107,0,0,0.5237774871913012,1.0,0.9972471596729844
total_other,6000.0,moving_symmetric,1068.3934472584967,6376.77860712471,6376.77860712471,11371.686427838069,6376.778607124709,11331.7580066698,0,0,0.5607592723902635,1.0,0.9964887863008143
total_other,6000.0,moving_symmetric,1201.5895783515407,6247.332094157719,6247.332094157719,10620.24342964389,6247.332094157721,10567.3191416112,0,0,0.5882475421156331,1.0,0.9950166596101777
total_other,6000.0,moving_symmetric,1341.445515999237,5824.682536023875,5824.682536023875,10580.186338661986,5824.682536023876,10511.454708524445,0,0,0.5505274056222802,1.0,0.9935037410554497
total_other,6000.0,moving_symmetric,1488.294250529318,4999.864723627437,4999.864723627437,11262.66321136052,4999.86472362744,11233.566122071947,0,0,0.44393272086695545,1.0,0.9974165000992641
total_other,6000.0,moving_symmetric,1642.4854217859033,3827.678065033614,3827.678065033614,12149.394064689039,3827.678065033615,12110.22749925694,0,0,0.31505094366461994,1.0,0.9967762535955655
total_other,6000.0,moving_symmetric,1804.3861516053175,2428.3058522366323,2428.3058522366323,12935.311395390367,2428.3058522366377,12906.296004062024,0,0,0.1877268956278845,1.0,0.9977568849762146
total_other,6000.0,moving_symmetric,1974.3819179157026,886.5153345273349,886.5153345273349,13468.842337050337,886.5153345273301,13448.97488018413,0,0,0.06581971281144872,1.0,0.9985249321085633
total_other,6000.0,fixed_initial,39.88822936505957,3727.6931366620897,3841.935112250757,21192.852365484385,3836.6101835484283,21005.412949016976,85,1,0.18128447487832747,0.9702644703122694,0.991155536157432
total_other,6000.0,fixed_initial,121.65909956343168,4249.179019411248,4249.179019411248,21834.89699418403,4249.179019411251,21611.04409755263,0,0,0.19460494915744575,1.0,0.9897479298074533
total_other,6000.0,fixed_initial,207.51851327172238,6044.31843605859,6044.31843605859,17900.531137401784,6044.31843605859,17819.22301314239,0,0,0.3376614017574848,1.0,0.9954577814683103
total_other,6000.0,fixed_initial,297.6708976654277,6440.656627953871,6440.656627953871,17260.614498070594,6440.656627953866,17174.02995957323,0,0,0.37314179218091065,1.0,0.9949836931641661
total_other,6000.0,fixed_initial,392.33090127881815,6802.844087234249,6802.844087234249,16572.540093279593,6802.844087234244,16497.701088225665,0,0,0.41048892016214833,1.0,0.9954841560416996
total_other,6000.0,fixed_initial,491.72390507287827,7102.6378696442725,7102.6378696442725,16094.10339489113,7102.637869644276,16024.119724233908,0,0,0.4413192642902316,1.0,0.9956515955601828
total_other,6000.0,fixed_initial,596.0865590566414,7211.661724081843,7211.661724081843,15832.484660276925,7211.661724081841,15768.369794902717,0,0,0.4554977869124747,1.0,0.9959504230226688
total_other,6000.0,fixed_initial,705.6673457395926,6844.855646481385,6844.855646481385,15231.957980621484,6844.855646481387,15177.664957089744,0,0,0.4493746408169979,1.0,0.9964355847356714
total_other,6000.0,fixed_initial,820.7271717566915,6337.6665891557295,6337.6665891557295,14163.260125278017,6337.666589155732,14127.487944088058,0,0,0.4474723003812178,1.0,0.9974742975223541
total_other,6000.0,fixed_initial,941.5399890746453,6175.928630798779,6175.928630798779,12754.04122586273,6175.9286307987795,12720.243533440738,0,0,0.48423307729907517,1.0,0.9973500405225714
total_other,6000.0,fixed_initial,1068.3934472584967,6246.597282142751,6246.597282142751,11184.31802206362,6246.597282142755,11143.219919961868,0,0,0.5585139183113277,1.0,0.9963253814831913
total_other,6000.0,fixed_initial,1201.5895783515407,6156.704649473935,6156.704649473935,10174.715465817406,6156.704649473937,10119.398267618917,0,0,0.6050984590338443,1.0,0.9945632682914495
total_other,6000.0,fixed_initial,1341.445515999237,5615.992271827174,5615.992271827174,9935.856490308097,5615.992271827175,9864.180131863079,0,0,0.5652247772806781,1.0,0.9927860916152589
total_other,6000.0,fixed_initial,1488.294250529318,4678.805983655427,4678.805983655427,10463.1907803975,4678.805983655428,10431.551791985294,0,0,0.4471681805153588,1.0,0.9969761625228625
total_other,6000.0,fixed_initial,1642.4854217859033,3447.9355073141583,3447.9355073141583,11227.075276646003,3447.935507314159,11183.63723466804,0,0,0.3071089684849963,1.0,0.9961309565574642
total_other,6000.0,fixed_initial,1804.3861516053175,2118.816130172604,2118.816130172604,12026.767592784383,2118.816130172612,11995.23909889354,0,0,0.17617502906132615,1.0,0.9973784731726455
total_other,6000.0,fixed_initial,1974.3819179157026,952.4104352642134,952.4104352642134,12708.974066818664,952.4104352642121,12686.914238815363,0,0,0.07493999360269547,1.0,0.9982642321962953
les_injection,1200.0,moving_end,39.88822936505957,-932.1159554051108,932.1159554051108,1814.8665265054465,932.115955405111,1681.8392773622172,1015,9,0.5136002795753329,1.0,0.9267013594661557
les_injection,1200.0,moving_end,121.65909956343168,1935.5396979209559,1935.5396979209559,2858.444880743138,1935.539697920956,2588.582373782957,0,0,0.6771303203921688,1.0,0.9055911454587774
les_injection,1200.0,moving_end,207.51851327172238,632.474134816147,690.8314021070398,1924.2396741087844,632.4741348161471,1670.5523843779058,106,0,0.35901525750787766,0.9155260355668505,0.8681623224256748
les_injection,1200.0,moving_end,297.6708976654277,114.26040779323023,504.15565523200877,1956.9734681449936,270.959257561204,1687.071058604889,421,3,0.25762007683726834,0.22663716375580162,0.8620817226531211
les_injection,1200.0,moving_end,392.33090127881815,-379.359584766574,652.8293860893211,2166.5732515316936,519.3024908641291,1930.470324687277,673,6,0.3013188617683676,0.5811006563890637,0.8910247199454254
les_injection,1200.0,moving_end,491.72390507287827,-666.6680478050487,852.1936188849255,2194.658839648508,771.2887266928742,2015.6497786132145,722,6,0.3883034590567211,0.7822964559126452,0.9184342195691959
les_injection,1200.0,moving_end,596.0865590566414,-280.77551217442476,613.5993815602553,1672.5292170027842,479.42500829723133,1525.7261960340704,643,6,0.3668691556012644,0.4575876713898752,0.9122269318369286
les_injection,1200.0,moving_end,705.6673457395926,180.92807076749523,985.42877968877,2342.7171916973475,956.5809521626645,2220.642971652025,495,3,0.4206349717247801,0.18360339630494465,0.9478920372984171
les_injection,1200.0,moving_end,820.7271717566915,491.53050395395337,1367.5385000874985,3215.690251972411,1353.356791301477,3016.1527627893897,453,3,0.4252705929150639,0.35942717804471613,0.9379487843828769
les_injection,1200.0,moving_end,941.5399890746453,-276.4435854961939,984.4089547909084,4408.166398459094,882.6262331514733,4257.123333739149,697,6,0.22331483565026392,0.2808218923149794,0.9657356254127014
les_injection,1200.0,moving_end,1068.3934472584967,638.6621778509457,785.1187423140544,3003.626123354623,769.7876204337886,2706.1874201169453,245,2,0.26139030294395915,0.8134593449757122,0.9009734597375652
les_injection,1200.0,moving_end,1201.5895783515407,1515.3993037503183,1592.7193579343439,1816.6163688536249,1586.3625879255442,1757.789517656456,138,1,0.8767505265514198,0.9514540626389417,0.9676173504732364
les_injection,1200.0,moving_end,1341.445515999237,1041.6682258813644,1047.2235174726386,1069.9284434978904,1044.648702040286,1064.705994825915,42,1,0.9787790238092716,0.9946952188347705,0.9951188804225993
les_injection,1200.0,moving_end,1488.294250529318,534.2889345237492,534.2889345237492,610.7547499533496,534.2889345237493,561.8452984611613,0,0,0.874801112172372,1.0,0.9199196543360095
les_injection,1200.0,moving_end,1642.4854217859033,273.1749912828818,277.906862953982,524.1041510107727,273.1749912828818,485.58355617361974,66,0,0.5302512151793084,0.9829731744628282,0.926502022998934
les_injection,1200.0,moving_end,1804.3861516053175,158.85322252974385,279.3946381442042,494.3141969136768,253.95634550169257,424.1063814407702,257,3,0.5652166979800409,0.568562172792145,0.8579692513157432
les_injection,1200.0,moving_end,1974.3819179157026,157.8740916235038,200.89655344097778,392.17744898565076,159.39333811525634,353.4240889091192,229,2,0.5122593202658329,0.785847685883204,0.9011841191359539
les_injection,1200.0,moving_symmetric,39.88822936505957,-930.2058755184803,930.2058755184803,1833.4473069028832,930.2058755184804,1700.5691560593984,1015,9,0.5073534821624153,1.0,0.9275255141812901
les_injection,1200.0,moving_symmetric,121.65909956343168,1810.8436718870794,1810.9672023440903,2827.4159152368347,1810.8436718870798,2538.4040254445017,5,0,0.6405025849167992,0.9999317875791174,0.897782321930474
les_injection,1200.0,moving_symmetric,207.51851327172238,894.0711327445872,908.8704913509847,2126.821018287306,894.0711327445872,1873.9171143299263,32,0,0.42733755381206606,0.9837167575059026,0.8810882994935612
les_injection,1200.0,moving_symmetric,297.6708976654277,448.19787422602565,654.4803676438677,2099.250171398895,563.3454889810995,1819.0116158851838,265,2,0.3117686384218495,0.6848148491291497,0.8665054030568609
les_injection,1200.0,moving_symmetric,392.33090127881815,10.585851209254145,638.1187951787101,2180.2124033737505,549.0309624629358,1910.8070485564922,369,4,0.2926865264096557,0.01658915438510081,0.876431601618095
les_injection,1200.0,moving_symmetric,491.72390507287827,-266.48491208557414,758.3959654768028,2136.508113308134,698.547835610389,1930.2688116840443,514,5,0.35496985045496265,0.351379654186366,0.9034689827108814
les_injection,1200.0,moving_symmetric,596.0865590566414,-14.629644736883648,624.0744707477227,1639.4505576062788,582.844582330767,1483.0707795351782,422,4,0.3806607450601733,0.02344214580570076,0.9046145201844776
les_injection,1200.0,moving_symmetric,705.6673457395926,482.29578063684886,677.6010711722477,2039.4868808500053,560.5233823379331,1916.258840873828,250,2,0.3322409560633413,0.711769507392423,0.9395789003924266
les_injection,1200.0,moving_symmetric,820.7271717566915,942.5230554716577,1230.1726706538716,2953.0059466727653,1091.4241602633163,2765.047569245906,298,3,0.41658320127663195,0.7661713497266038,0.9363501527524395
les_injection,1200.0,moving_symmetric,941.5399890746453,524.4473657422036,949.5535545810428,3898.3173647109397,889.1045963328768,3733.738507269251,355,2,0.24358036192147026,0.5523094123675811,0.9577820782547056
les_injection,1200.0,moving_symmetric,1068.3934472584967,866.8628356840192,946.5063280464831,2649.2069443891864,910.2241166444777,2403.542833759992,209,1,0.3572791208520382,0.9158552985833259,0.9072688107097515
les_injection,1200.0,moving_symmetric,1201.5895783515407,1062.794177123057,1179.0046717912069,1395.493641255966,1178.026200922756,1339.3948457598362,190,2,0.8448656711399161,0.9014333891556199,0.9598000350287229
les_injection,1200.0,moving_symmetric,1341.445515999237,685.028949750119,690.6295487185987,727.4524761439039,688.0832927471813,722.2345028947769,42,1,0.9493809855174361,0.9918905888419179,0.9928270596083657
les_injection,1200.0,moving_symmetric,1488.294250529318,384.7525369501932,384.7525369501932,451.6179629856211,384.75253695019325,423.75180589733975,0,0,0.8519425011499004,1.0,0.9382970577519554
les_injection,1200.0,moving_symmetric,1642.4854217859033,240.76217154935833,240.79175331391207,388.00847851838097,240.76217154935836,362.5557740408557,5,0,0.6205837414516836,0.9998771479332385,0.9344016796367002
les_injection,1200.0,moving_symmetric,1804.3861516053175,168.15512907109738,191.10183547093644,360.54818327509224,172.91497844825005,321.29401649880106,256,3,0.5300313365471292,0.8799241967336892,0.8911264330339423
les_injection,1200.0,moving_symmetric,1974.3819179157026,137.27336368129485,159.29064930010784,313.2213228829789,141.88912552741994,288.90721929285746,348,3,0.5085562114161035,0.8617791708706527,0.9223740473147631
les_injection,1200.0,fixed_initial,39.88822936505957,-66.03620082497817,477.2683335558019,1300.3081930150122,411.35470287591437,1198.9809756737845,574,5,0.3670424720228551,0.1383628373853914,0.9220744605890075
les_injection,1200.0,fixed_initial,121.65909956343168,3260.9749065428255,3260.9749065428255,6080.924121602235,3260.9749065428255,5769.328243349469,0,0,0.5362630484005457,1.0,0.9487584663084622
les_injection,1200.0,fixed_initial,207.51851327172238,1814.014622350573,1824.2649561280882,3153.771338894577,1814.014622350573,2931.4184607900015,45,0,0.5784391955212289,0.9943811156690359,0.9294961954399293
les_injection,1200.0,fixed_initial,297.6708976654277,1148.0005485859392,1365.6055416896902,1876.2797721137313,1363.1596612188064,1722.668490960546,108,1,0.7278261813542131,0.8406531121464957,0.9181298634477449
les_injection,1200.0,fixed_initial,392.33090127881815,728.6842871287093,1236.5495016882219,1747.410907905763,1222.2279139745428,1632.2917851821799,255,3,0.7076466651854667,0.589288407891362,0.9341201761973942
les_injection,1200.0,fixed_initial,491.72390507287827,420.8942485980167,1222.4886705262122,1807.3566074168607,1221.5649385834304,1746.4384450982811,306,3,0.6763959395226585,0.3442929646266951,0.9662943316949243
les_injection,1200.0,fixed_initial,596.0865590566414,516.9830185619638,1116.75289531592,1633.3533876915253,973.9137594444348,1385.83498364015,216,2,0.6837178676283062,0.46293411974160475,0.8484599806039516
les_injection,1200.0,fixed_initial,705.6673457395926,455.6252532556926,1303.3910736579548,1984.4126360401413,1150.0099127835583,1690.1647149549926,238,3,0.6568145404772505,0.3495691066664931,0.8517203953748678
les_injection,1200.0,fixed_initial,820.7271717566915,809.0889119395144,1248.169646279114,2157.9814584720225,987.0718594309539,1901.5246913924311,209,2,0.5783968353291095,0.6482203075130599,0.8811589571018938
les_injection,1200.0,fixed_initial,941.5399890746453,1252.5256168617827,1278.0538077318342,2298.7747111554863,1252.5256168617827,2109.8960540275825,99,0,0.5559717537911388,0.9800257307512299,0.9178350726535689
les_injection,1200.0,fixed_initial,1068.3934472584967,696.1794523406519,708.4177095722863,1579.8485889975,701.7368426043304,1452.9378475709718,123,1,0.4484086098540721,0.9827245182238268,0.9196690478376413
les_injection,1200.0,fixed_initial,1201.5895783515407,233.46191631540228,428.85668134020125,987.7907261177739,428.29893685870246,844.2185030634151,545,4,0.4341574282901992,0.5443821362088161,0.8546531980325145
les_injection,1200.0,fixed_initial,1341.445515999237,112.8455396339727,136.29694082311428,624.4055154307707,120.38831223357991,460.0145432826055,403,2,0.2182827304609641,0.8279389027551489,0.7367240229536511
les_injection,1200.0,fixed_initial,1488.294250529318,68.72866557093784,82.33988067194636,380.5567023256399,73.2770388115163,316.5326457799679,339,2,0.2163669176465815,0.8346947434228437,0.8317621102074638
les_injection,1200.0,fixed_initial,1642.4854217859033,35.44912119883534,44.552384321200506,256.9413457870293,40.294935706568936,179.67151529625943,333,3,0.1733951543872141,0.7956728183898045,0.699270546536265
les_injection,1200.0,fixed_initial,1804.3861516053175,56.064390860604654,60.62086729841271,209.8675660906042,59.33670819700327,132.913763261538,293,3,0.2888529582138548,0.9248365020022179,0.633322078954098
les_injection,1200.0,fixed_initial,1974.3819179157026,70.88848989958232,85.26662328228409,228.31956826175565,72.75354534684881,191.2320442375541,197,2,0.3734529805370456,0.8313744249599114,0.8375630949788642
les_injection,2400.0,moving_end,39.88822936505957,-159.92052319982957,159.92052319982957,4074.738289481582,159.92052319982955,3844.8422678894253,1015,9,0.039246820737578174,1.0,0.9435801749070354
les_injection,2400.0,moving_end,121.65909956343168,4600.871390948626,4600.871390948626,12824.391545890676,4600.871390948626,11937.546427702284,0,0,0.3587594292083888,1.0,0.9308470023692809
les_injection,2400.0,moving_end,207.51851327172238,-135.31686767747343,886.1859113069731,8309.40461048716,561.9183682810311,7675.443704972612,447,4,0.10664854497379185,0.1526958011303792,0.923705616078144
les_injection,2400.0,moving_end,297.6708976654277,-2529.162709525546,2533.037195540143,9655.187724538642,2529.1627095255462,9052.568987957047,995,9,0.2623498649438408,0.998470418823135,0.9375860155416719
les_injection,2400.0,moving_end,392.33090127881815,-3594.374558456713,3594.374558456713,10443.575971841932,3594.374558456713,9852.466876439637,1015,9,0.3441708633276475,1.0,0.9433997419087056
les_injection,2400.0,moving_end,491.72390507287827,-4591.751159206157,4591.751159206157,11524.814162771752,4591.751159206156,11009.171593143637,1015,9,0.3984230109357206,1.0,0.9552580577573407
les_injection,2400.0,moving_end,596.0865590566414,-2641.632418331051,7284.739023842118,12985.052323436561,7284.739023842119,12536.749158884191,584,5,0.561009601069838,0.36262553945793946,0.9654754441194485
les_injection,2400.0,moving_end,705.6673457395926,-2418.6089745510126,6199.3862989533045,14038.02388909008,6103.837586501339,13205.663096512968,628,5,0.4416138872488511,0.3901368390221734,0.9407066978120762
les_injection,2400.0,moving_end,820.7271717566915,-771.6682961694216,2106.4387795570183,14190.951899255753,1548.7362464747534,13178.305423088404,717,7,0.1484353406671395,0.3663378701809234,0.9286413988746972
les_injection,2400.0,moving_end,941.5399890746453,2936.9486633787365,3404.42156553008,15567.13367245654,3117.3167895414745,14734.56291346318,211,3,0.2186928973028374,0.8626865406785906,0.946517401564653
les_injection,2400.0,moving_end,1068.3934472584967,5265.218686336921,5375.149740499365,11979.218930670817,5337.726314264204,11250.222228024397,97,2,0.4487061945864584,0.9795482806117637,0.9391448885886922
les_injection,2400.0,moving_end,1201.5895783515407,5243.895919648063,5243.895919648063,7252.2275297505985,5243.895919648062,7021.100732356992,0,0,0.7230738277496375,1.0,0.9681302335805845
les_injection,2400.0,moving_end,1341.445515999237,2942.318023270101,2951.539708909285,4578.63890905904,2942.3180232701015,4349.630313189862,19,0,0.6446325573020254,0.996875635583913,0.9499832591261839
les_injection,2400.0,moving_end,1488.294250529318,404.7081676089913,1391.7758295351578,4319.43119314184,1237.305559325341,3905.5669465797328,417,4,0.3222127561019943,0.2907854548272768,0.9041854753423973
les_injection,2400.0,moving_end,1642.4854217859033,-1959.2587012142694,2456.6258476401604,5400.623880992467,2286.9632077634315,5076.633996659668,858,7,0.45487815885240074,0.7975405384162741,0.9400088042655435
les_injection,2400.0,moving_end,1804.3861516053175,-3404.012949992356,3412.690418831943,6172.032229176333,3404.0129499923555,5953.112989670593,1002,9,0.5529281591725214,0.9974572938723938,0.9645304445315648
les_injection,2400.0,moving_end,1974.3819179157026,-4088.992280400913,4088.992280400913,6465.153390509366,4088.992280400912,6262.652462522045,1015,9,0.6324663984621649,1.0,0.9686780938121925
les_injection,2400.0,moving_symmetric,39.88822936505957,-239.14839099749514,239.14839099749514,4171.817677393623,239.14839099749506,3939.461478773346,1015,9,0.05732474654714658,1.0,0.9443033668802507
les_injection,2400.0,moving_symmetric,121.65909956343168,5260.857831111999,5260.857831111999,14164.923496706908,5260.857831111999,13227.806290955656,0,0,0.37140037024097267,1.0,0.933842409669977
les_injection,2400.0,moving_symmetric,207.51851327172238,252.72086043036222,1331.5101376091525,8964.044802826225,712.6939298746679,8139.086338970073,383,3,0.14853898735416268,0.18980017747679,0.9079702877437587
les_injection,2400.0,moving_symmetric,297.6708976654277,-1509.980166904093,1816.5496749408296,9603.596509097977,1509.980166904093,8913.437290540476,816,9,0.18915306085797332,0.8312352740660822,0.9281353378493487
les_injection,2400.0,moving_symmetric,392.33090127881815,-2701.7330786639527,2701.7330786639527,10105.796491461748,2701.733078663953,9467.120194184474,1015,9,0.2673448927006012,1.0,0.9368009935865141
les_injection,2400.0,moving_symmetric,491.72390507287827,-3834.487979954905,3834.487979954905,10846.782950089944,3834.4879799549053,10292.500506685752,1015,9,0.35351384807816294,1.0,0.948898908924918
les_injection,2400.0,moving_symmetric,596.0865590566414,-2612.0769306688144,6100.110008279999,12039.73951691178,6100.110008279999,11583.58846789026,584,5,0.5066646167644573,0.42820161064690726,0.9621128805668278
les_injection,2400.0,moving_symmetric,705.6673457395926,-2195.9958394456426,6459.445197822947,13297.451989260557,6381.590130942774,12589.949690828387,624,5,0.4857656341259814,0.33996663369568764,0.9467941452991467
les_injection,2400.0,moving_symmetric,820.7271717566915,-1113.5317849516834,2681.246902828877,13513.109492554995,2633.662437633217,12577.39753645459,686,6,0.19841820302766744,0.4153037095453016,0.9307552449999807
les_injection,2400.0,moving_symmetric,941.5399890746453,2076.551552909124,2565.379154256547,14581.207473376864,2393.9115613830368,13706.363802672842,251,2,0.17593736039628755,0.8094521035861905,0.9400019736156037
les_injection,2400.0,moving_symmetric,1068.3934472584967,4670.112818823234,4814.0205634300655,11334.146826245265,4801.477352194449,10576.987269070602,118,2,0.4247360332656672,0.9701065372050893,0.9331965988457648
les_injection,2400.0,moving_symmetric,1201.5895783515407,5031.514041606351,5031.514041606351,6646.9745386900195,5031.5140416063505,6425.252411714814,0,0,0.7569630381942095,1.0,0.9666431508523723
les_injection,2400.0,moving_symmetric,1341.445515999237,2995.8670051834983,2995.8670051834983,4085.384898461327,2995.8670051834983,3904.156367839699,0,0,0.7333132812802602,1.0,0.9556397903438955
les_injection,2400.0,moving_symmetric,1488.294250529318,911.2742602912236,1180.7431350738582,3601.0590247592436,989.6672461144756,3282.996364371673,249,2,0.32788774828615846,0.7717802739833176,0.9116752438100246
les_injection,2400.0,moving_symmetric,1642.4854217859033,-963.4764892408937,1537.1310469402115,4286.2579962317395,1317.8373876067194,4013.581681656912,773,6,0.3586184145451765,0.6268017884088507,0.9363835973442218
les_injection,2400.0,moving_symmetric,1804.3861516053175,-2131.64534596875,2151.8816376220793,4857.238173945381,2131.6453459687496,4622.140774321046,993,9,0.4430257608459364,0.9905960015181452,0.9515985440274646
les_injection,2400.0,moving_symmetric,1974.3819179157026,-2821.1418201240162,2821.1418201240162,5333.440336336372,2821.1418201240167,5131.301232779046,1015,9,0.528953478846246,1.0,0.9620996784795424
les_injection,2400.0,fixed_initial,39.88822936505957,-362.2573591411966,683.4428232481544,3950.9621242257926,619.8311275328732,3715.5301447854495,780,7,0.1729813654900774,0.5300477915906989,0.9404114815485666
les_injection,2400.0,fixed_initial,121.65909956343168,1654.3430717182903,3558.6104242243805,24268.945628385503,3208.7803009575246,22704.072173530338,323,4,0.14663226325177267,0.4648845685542732,0.9355195121033666
les_injection,2400.0,fixed_initial,207.51851327172238,2832.914968806992,5479.99918384185,17477.29309860669,4575.4683195657735,15851.830195256862,376,3,0.31354965285091674,0.5169553632708622,0.9069957290194205
les_injection,2400.0,fixed_initial,297.6708976654277,8771.198403954717,9751.085416404769,17022.414980434252,9702.404236745882,15658.480989960528,237,2,0.5728379567536552,0.8995099549839307,0.9198742368787599
les_injection,2400.0,fixed_initial,392.33090127881815,9708.034546743409,10679.707033824878,18157.028598424426,10657.281093824193,17406.28353238237,183,2,0.5881858353602862,0.9090169342657081,0.9586526472670093
les_injection,2400.0,fixed_initial,491.72390507287827,7546.12886439824,9391.891736163683,16368.184361104097,9388.837600869252,15674.82585238647,197,2,0.5737894643025736,0.8034727269418691,0.9576398644210495
les_injection,2400.0,fixed_initial,596.0865590566414,1751.5107216343995,6469.325220857778,12555.68522849108,6449.1710820238295,11746.687323619419,289,3,0.5152506695674187,0.27074086737629866,0.9355672040076394
les_injection,2400.0,fixed_initial,705.6673457395926,1021.204818469248,6094.34927460376,11940.468290534525,5645.969032239148,11160.56168110293,389,3,0.5103944942791637,0.16756585034021443,0.9346837502135621
les_injection,2400.0,fixed_initial,820.7271717566915,4556.615099502579,6978.984480782321,12931.982682897793,6520.457077524704,12201.208744020365,404,3,0.5396685606462994,0.6529051772575081,0.943490959058903
les_injection,2400.0,fixed_initial,941.5399890746453,6705.559186597402,6705.559186597402,12468.90207756492,6705.559186597402,11956.259228467867,0,0,0.5377826487756767,1.0,0.9588862879900675
les_injection,2400.0,fixed_initial,1068.3934472584967,4127.211073981985,4127.211073981985,7686.770396544591,4127.2110739819855,7175.978585933186,0,0,0.5369239434857163,1.0,0.9335492301368831
les_injection,2400.0,fixed_initial,1201.5895783515407,2045.7622232150595,2045.7622232150595,3811.8381111083672,2045.7622232150595,3562.09794042779,0,0,0.5366865442824942,1.0,0.9344830070425104
les_injection,2400.0,fixed_initial,1341.445515999237,878.2191761081095,878.2191761081095,1766.6588525684128,878.2191761081095,1568.9877244554634,0,0,0.49710739276648264,1.0,0.8881101873032419
les_injection,2400.0,fixed_initial,1488.294250529318,366.2766805528162,393.07528793780494,1222.4382367943276,388.80798978820894,1125.2742789756126,142,1,0.3215502232395721,0.9318232201124049,0.9205162642216478
les_injection,2400.0,fixed_initial,1642.4854217859033,87.46278307401693,363.68130158778297,1117.536827181692,334.58162827215625,986.531419151074,211,2,0.3254311560406902,0.2404929334892015,0.8827730730261485
les_injection,2400.0,fixed_initial,1804.3861516053175,119.77694280723182,315.8058959022342,1258.129146472866,314.20865724497776,1105.8231356199722,319,3,0.251012304092619,0.379273928578939,0.8789424668525644
les_injection,2400.0,fixed_initial,1974.3819179157026,473.9955417696943,637.9900153348199,2049.9060806441607,630.9150810560432,1865.8091916734213,175,2,0.3112289003671517,0.7429513477901992,0.9101925250580802
les_injection,4200.0,moving_end,39.88822936505957,-263.77626641284434,263.77626641284434,6852.033180806949,263.7762664128443,6488.783039442864,1015,9,0.03849605795133934,1.0,0.9469865174643965
les_injection,4200.0,moving_end,121.65909956343168,-5667.450852903774,6427.207480065883,52544.98034805809,6371.70196254755,50347.778855940865,933,8,0.12231820123429571,0.8817905553043822,0.958184369323902
les_injection,4200.0,moving_end,207.51851327172238,-6574.377407474369,13089.331853683809,41615.65592680809,12934.370822149493,38605.23515860918,559,4,0.31452902909195496,0.5022699004780831,0.9276613403981061
les_injection,4200.0,moving_end,297.6708976654277,-349.120006811826,12505.59621642023,45503.37448833778,11869.600346665224,43509.46082681598,390,3,0.27482788599833036,0.02791710213331698,0.9561809715445867
les_injection,4200.0,moving_end,392.33090127881815,1504.9083117447126,12470.226036558357,52125.211703710724,12356.104239755103,50332.90528173018,312,3,0.2392359786937924,0.12068011496606765,0.9656153641702533
les_injection,4200.0,moving_end,491.72390507287827,5676.9550004181365,12196.227879069344,55251.840395994426,12135.70131060786,53331.00349153404,297,3,0.22073885307092014,0.4654680985553484,0.9652348792240476
les_injection,4200.0,moving_end,596.0865590566414,4224.0326891601935,8595.375111407577,56285.236525310786,7402.961983382978,53954.677471065734,368,4,0.15271100633187074,0.4914308723483351,0.9585937770165178
les_injection,4200.0,moving_end,705.6673457395926,6546.1273842397395,7786.703431311678,54220.01145894385,7658.081212371419,51016.03200758124,216,1,0.14361309084576418,0.840680198235961,0.9409078057132336
les_injection,4200.0,moving_end,820.7271717566915,9227.630114009515,9810.365946536907,51554.98505523171,9545.45483790923,48381.512469062356,212,2,0.1902893762073037,0.9405999902854694,0.9384448936844894
les_injection,4200.0,moving_end,941.5399890746453,13004.854435732477,15099.922697065995,47722.13112929035,15099.922697065997,45586.846006850305,316,3,0.3164134195129885,0.8612530472264867,0.9552558724451123
les_injection,4200.0,moving_end,1068.3934472584967,14010.367145859493,14717.712351151993,37472.07994609386,14716.013162741641,35980.41343997935,162,2,0.39276475638193625,0.9519391880738086,0.9601925885016157
les_injection,4200.0,moving_end,1201.5895783515407,11830.910217488425,12513.963725930716,25666.87604230763,12513.963725930718,24842.880193909557,69,1,0.48755305107265495,0.9454166942303894,0.9678965275306644
les_injection,4200.0,moving_end,1341.445515999237,2927.5621945900953,9757.702140771617,23588.875608617956,9757.702140771618,22488.068220422076,270,3,0.41365694163085664,0.30002577987675594,0.9533336218961741
les_injection,4200.0,moving_end,1488.294250529318,-5711.502128906049,11198.597995633856,29064.381600905523,11198.597995633856,27347.491059407337,584,5,0.38530315729425174,0.5100193909213337,0.9409280209338878
les_injection,4200.0,moving_end,1642.4854217859033,-9284.703588565191,12168.81635918016,36811.63724229667,12088.727288676284,35449.91931330806,745,6,0.33056982168666377,0.7629915116239556,0.9630084932102941
les_injection,4200.0,moving_end,1804.3861516053175,-8009.34905718078,8966.72938557389,40841.41452675972,8966.729385573888,40051.030286362104,912,8,0.2195499222902477,0.8932297064821215,0.9806474812501965
les_injection,4200.0,moving_end,1974.3819179157026,-6371.19624617945,6371.19624617945,40306.24627785626,6371.196246179449,39128.940082272056,1015,9,0.1580696997249209,1.0,0.97079097399772
les_injection,4200.0,moving_symmetric,39.88822936505957,-234.68620340061614,234.68620340061614,6961.30229579768,234.68620340061602,6589.160547331009,1015,9,0.03371297401382624,1.0,0.9465413607032521
les_injection,4200.0,moving_symmetric,121.65909956343168,-5704.026870550673,6479.31529624558,55671.60383042721,6415.890035973699,53150.150963733664,944,8,0.11638456323229406,0.8803440810876815,0.9547084564983298
les_injection,4200.0,moving_symmetric,207.51851327172238,-6614.482232798792,13336.58573557124,44904.80055772247,13274.410823741086,41264.005566269945,567,4,0.29699688162355486,0.49596518658870054,0.9189219204576469
les_injection,4200.0,moving_symmetric,297.6708976654277,521.3446241231468,13826.872707530536,49223.90070142895,12683.591852959167,46755.13207299988,379,3,0.2808975418546858,0.037705172756758415,0.9498461399188259
les_injection,4200.0,moving_symmetric,392.33090127881815,3107.5625548561957,14206.557823076986,55607.64818497391,13981.520858132419,53695.769200026196,319,3,0.2554784869847423,0.2187414146027902,0.9656184167582845
les_injection,4200.0,moving_symmetric,491.72390507287827,7589.478012530651,14153.956991215995,58716.478408336654,14133.825782979271,56788.620038941226,283,3,0.24105595864901863,0.5362089214514861,0.9671666553980235
les_injection,4200.0,moving_symmetric,596.0865590566414,7642.419963169065,9917.819316833045,58340.16548302166,9732.84492640067,55957.90156526596,233,2,0.16999984889860076,0.770574631279877,0.9591659725674074
les_injection,4200.0,moving_symmetric,705.6673457395926,9476.246939185894,9533.852826418595,55231.605635311214,9476.246939185894,52003.49584833762,36,0,0.17261589115061537,0.9939577536719391,0.9415532148696077
les_injection,4200.0,moving_symmetric,820.7271717566915,11700.368114439081,11742.653933890566,51480.57326110864,11700.36811443908,48219.05180276702,24,0,0.22809874074890374,0.9963989554925532,0.9366455878065064
les_injection,4200.0,moving_symmetric,941.5399890746453,14017.963819318615,15810.846266075889,47212.466981686506,15807.08458314425,45085.52635351215,303,3,0.334887102430145,0.8866042704744955,0.954949597761977
les_injection,4200.0,moving_symmetric,1068.3934472584967,13954.543366050597,14647.933092920579,36361.301601504616,14647.93309292058,34874.58292371732,154,2,0.4028440250421193,0.9526629646332082,0.9591126111468523
les_injection,4200.0,moving_symmetric,1201.5895783515407,11469.586779622085,12176.664833491232,24060.493248251543,12163.319506562517,23276.26242489789,82,1,0.5060854201056788,0.9419317141813439,0.9674058708912527
les_injection,4200.0,moving_symmetric,1341.445515999237,2611.0027821833523,9427.070827212172,21697.85487433952,9414.822368884772,20619.767009256902,287,3,0.43447017605232885,0.2769686183587838,0.9503136198796502
les_injection,4200.0,moving_symmetric,1488.294250529318,-5996.135819872514,10998.484912084461,26542.71606195713,10990.79259432183,24811.833662476216,600,5,0.4143692335935529,0.5451783466361196,0.9347887987257741
les_injection,4200.0,moving_symmetric,1642.4854217859033,-9760.009923268075,12313.371715060126,34055.03339139097,12190.937981851142,32707.02945011655,811,7,0.3615727394404175,0.7926350433594798,0.9604168956235647
les_injection,4200.0,moving_symmetric,1804.3861516053175,-8961.47266007738,9455.820051945802,38068.7748798907,9455.565459055248,37251.62214817534,914,8,0.24838782129920098,0.9477203046216286,0.9785348298101653
les_injection,4200.0,moving_symmetric,1974.3819179157026,-7911.562373228922,7911.562373228922,38329.6956946876,7911.562373228922,37125.18772166472,1015,9,0.20640817073654577,1.0,0.9685750708114851
les_injection,4200.0,fixed_initial,39.88822936505957,-145.5730602425587,145.68861032661397,7612.852429821569,145.57306024255865,7217.56123501113,983,9,0.01913719091098008,0.9992068694745855,0.94807581015731
les_injection,4200.0,fixed_initial,121.65909956343168,-1017.0934282758121,5693.5104711910135,72916.69820217213,5383.589753359004,69075.44672189496,458,5,0.07808239554957534,0.17864082861044575,0.9473200024824664
les_injection,4200.0,fixed_initial,207.51851327172238,-6322.903966603239,14906.514578804323,70052.0794513635,14857.297033775376,64090.74651521202,552,4,0.21279189276820504,0.42417051505747827,0.914901413593434
les_injection,4200.0,fixed_initial,297.6708976654277,7668.395465346117,22600.12509731099,75954.22765379798,20925.91758653523,72160.00120938482,388,3,0.2975492713891207,0.33930765570224736,0.9500458820843077
les_injection,4200.0,fixed_initial,392.33090127881815,18738.787662629493,30794.8243641961,79847.25337712442,30636.506743907506,77664.63550538132,304,3,0.3856716801359452,0.6085044500015504,0.9726650851540949
les_injection,4200.0,fixed_initial,491.72390507287827,27602.937256382167,34957.953165731764,81928.79722739794,34954.49900416014,80113.82340929749,266,3,0.4266870056532628,0.7896039314864837,0.9778469368583199
les_injection,4200.0,fixed_initial,596.0865590566414,30617.62195407173,32543.604402084922,72522.94427953719,32312.84372989346,70180.71903245614,159,2,0.4487352895746582,0.9408184040029136,0.9677036657798528
les_injection,4200.0,fixed_initial,705.6673457395926,23202.342202012296,23202.342202012296,59444.08133177995,23202.3422020123,56675.15792219843,0,0,0.3903221596194116,1.0,0.9534196954928598
les_injection,4200.0,fixed_initial,820.7271717566915,22367.348008571855,22367.348008571855,49193.50643087205,22367.348008571855,46424.18085687604,0,0,0.45468090468409716,1.0,0.9437054649095296
les_injection,4200.0,fixed_initial,941.5399890746453,15384.952471824696,15384.952471824696,41007.12877013236,15384.952471824696,39088.795564310254,0,0,0.3751775101852623,1.0,0.9532195190603218
les_injection,4200.0,fixed_initial,1068.3934472584967,9347.242520733771,10261.285861803848,27737.31727861892,9974.921914264594,26436.577250828886,217,2,0.3699451449731108,0.9109231188585759,0.9531050528526528
les_injection,4200.0,fixed_initial,1201.5895783515407,5788.437985678431,6589.445548356214,14189.682750826445,6492.849931117005,13551.975013261328,102,1,0.46438286634508635,0.8784408252864916,0.9550583512849873
les_injection,4200.0,fixed_initial,1341.445515999237,-233.22266570336296,6032.248680769752,11258.111007872481,5960.658754811066,10519.08324341589,297,3,0.5358135726812047,0.038662641088862124,0.934355971091437
les_injection,4200.0,fixed_initial,1488.294250529318,-3026.6462468449013,8028.924988152043,14940.048763304578,7334.636415509321,13944.38497949271,422,4,0.5374095570472643,0.37696780718604295,0.9333560552856163
les_injection,4200.0,fixed_initial,1642.4854217859033,-2478.0118397678543,8842.538431815146,20251.191229710712,8762.49915710172,19557.80761023265,497,4,0.4366428785108787,0.280237610373516,0.9657608477638198
les_injection,4200.0,fixed_initial,1804.3861516053175,-4338.222093388609,6530.755719898433,23197.508957670765,6438.9767806361215,22573.13235371066,620,5,0.2815283197784431,0.6642756641732234,0.973084325342888
les_injection,4200.0,fixed_initial,1974.3819179157026,-9877.15941395347,9877.15941395347,27121.853416581915,9877.159413953468,26400.242268513786,1015,9,0.36417715494010877,1.0,0.9733937376260965
les_injection,6000.0,moving_end,39.88822936505957,42.5644136456546,211.74913399812584,9666.303779573429,205.59104519548518,9228.991762780086,373,4,0.0219059051760393,0.20101340129226375,0.9547591275046147
les_injection,6000.0,moving_end,121.65909956343168,-9764.568815422706,11262.497784640645,100157.36079814436,11241.59930401773,95602.178622159,691,6,0.11244802873089792,0.8669985115326054,0.9545197463303191
les_injection,6000.0,moving_end,207.51851327172238,-4155.472357938608,21974.318228964235,110465.41292555848,21974.318228964235,103687.17748559074,524,4,0.19892487292626612,0.1891058605159045,0.9386392965865658
les_injection,6000.0,moving_end,297.6708976654277,10576.562984313856,29756.647298583463,122937.61212417539,29677.555375262553,118554.33780885728,307,3,0.24204673235825677,0.3554353041922617,0.9643455388503016
les_injection,6000.0,moving_end,392.33090127881815,25978.843704178544,33309.6052335894,137849.71795181668,33309.60523358939,135040.44722869594,270,3,0.24163709384760784,0.779920492062196,0.979620772788939
les_injection,6000.0,moving_end,491.72390507287827,39657.90690611719,39657.90690611719,136841.36084665323,39657.90690611718,134048.66696924318,0,0,0.28980935779028477,1.0,0.9795917414140627
les_injection,6000.0,moving_end,596.0865590566414,36377.00394319973,36377.00394319973,131969.53471311132,36377.00394319973,128126.33638813348,0,0,0.27564698187562553,1.0,0.9708781399181821
les_injection,6000.0,moving_end,705.6673457395926,27699.330850711292,27699.330850711292,111604.40132965849,27699.330850711296,106916.15149395548,0,0,0.24819210103455203,1.0,0.9579922495900963
les_injection,6000.0,moving_end,820.7271717566915,6782.756364640135,6782.756364640135,105523.84596949097,6782.756364640135,100718.12589035658,0,0,0.06427700111121011,1.0,0.9544584445820538
les_injection,6000.0,moving_end,941.5399890746453,4792.232353341134,5310.878934041344,86033.67901568467,5284.183927988963,82939.29543877466,187,2,0.06173023163490574,0.9023426089840193,0.9640328809332229
les_injection,6000.0,moving_end,1068.3934472584967,7653.500749928549,7653.500749928549,62302.04083347755,7653.500749928551,60305.764704247646,0,0,0.12284510503251438,1.0,0.9679580941085766
les_injection,6000.0,moving_end,1201.5895783515407,8707.475495627874,8707.475495627874,46720.73423588112,8707.475495627874,45374.865445781434,0,0,0.18637283077928615,1.0,0.9711933296402249
les_injection,6000.0,moving_end,1341.445515999237,8801.734280045435,8801.734280045435,50086.11239028609,8801.734280045435,48677.22717311838,0,0,0.17573203149527092,1.0,0.9718707412108719
les_injection,6000.0,moving_end,1488.294250529318,8554.696381562819,8554.696381562819,66488.52262638955,8554.696381562819,63930.88494694614,0,0,0.12866425728291678,1.0,0.9615326438547115
les_injection,6000.0,moving_end,1642.4854217859033,2480.200303900271,5302.819895000683,81836.29762384715,5302.819895000683,79901.70401325943,270,3,0.06479789590891069,0.4677134718904029,0.9763602011972744
les_injection,6000.0,moving_end,1804.3861516053175,-5094.801005032409,5152.4268201624645,89438.81741642568,5152.426820162465,88012.25644526954,964,8,0.057608396096885416,0.9888157916373399,0.9840498676931952
les_injection,6000.0,moving_end,1974.3819179157026,-9871.820861964588,9871.820861964588,88499.9473270897,9871.820861964592,86765.68162073515,1015,9,0.11154606482960967,1.0,0.9804037656661555
les_injection,6000.0,moving_symmetric,39.88822936505957,32.20699193321674,182.6652372580224,9862.604442298323,182.66523725802244,9424.466855067187,270,3,0.01852099395516821,0.176317028990705,0.9555758735134838
les_injection,6000.0,moving_symmetric,121.65909956343168,-11982.430035154093,13002.302686078034,104629.75754362476,12924.183419193567,99871.01593405553,749,6,0.12426964365904031,0.9215621512937128,0.9545182773879114
les_injection,6000.0,moving_symmetric,207.51851327172238,-8349.878442960002,24030.519342166364,117389.38554825203,24030.519342166364,110050.46829980426,524,4,0.2047077700418561,0.34746974562087246,0.9374822756404056
les_injection,6000.0,moving_symmetric,297.6708976654277,5813.526510845393,29205.771836798533,130164.5886338331,29205.771836798533,125525.31388198657,524,4,0.22437570881092314,0.19905402751659168,0.9643583957776926
les_injection,6000.0,moving_symmetric,392.33090127881815,22460.424151219442,29736.99495129824,143491.68223212677,29736.99495129824,140548.1926075579,270,3,0.2072384579281233,0.7553024166700099,0.9794866881565498
les_injection,6000.0,moving_symmetric,491.72390507287827,39424.18452283093,39424.18452283093,141217.13509295834,39424.184522830925,138388.75456743062,0,0,0.27917422695821836,1.0,0.9799714069849533
les_injection,6000.0,moving_symmetric,596.0865590566414,38951.74407436527,38951.74407436527,135392.51236990443,38951.74407436527,131500.48034584575,0,0,0.28769496475510864,1.0,0.9712537129569964
les_injection,6000.0,moving_symmetric,705.6673457395926,28961.135209914006,28961.135209914006,114092.45758633576,28961.13520991401,109286.93548688399,0,0,0.25383917414521995,1.0,0.9578804576471205
les_injection,6000.0,moving_symmetric,820.7271717566915,7375.84371434561,7375.84371434561,106161.08823525361,7375.84371434561,101366.58279122502,0,0,0.06947784576209973,1.0,0.9548374501078594
les_injection,6000.0,moving_symmetric,941.5399890746453,5485.476675900749,5889.476127491624,85220.07546957646,5887.625261332047,82093.7895512949,164,2,0.06910902266912641,0.9314031600017808,0.9633151472695228
les_injection,6000.0,moving_symmetric,1068.3934472584967,8574.207327646152,8574.207327646152,61001.18016812823,8574.207327646154,59018.45807334141,0,0,0.14055805648373318,1.0,0.9674969879382309
les_injection,6000.0,moving_symmetric,1201.5895783515407,9517.226439943475,9517.226439943475,45711.86471579585,9517.226439943473,44362.23162764441,0,0,0.20820035452753635,1.0,0.9704752125833741
les_injection,6000.0,moving_symmetric,1341.445515999237,9491.945145497633,9491.945145497633,49134.68217047096,9491.945145497633,47711.02147686053,0,0,0.19318218264983747,1.0,0.9710253403355477
les_injection,6000.0,moving_symmetric,1488.294250529318,8561.497594924782,8718.337814289582,65650.05427233202,8718.337814289584,63069.04780244484,69,1,0.13280016156763322,0.9820103071588102,0.9606853871105642
les_injection,6000.0,moving_symmetric,1642.4854217859033,1572.1092308014627,5661.069304565681,80406.93176204513,5661.06930456568,78463.66783647636,270,3,0.0704052397039468,0.27770534968253235,0.9758321343324027
les_injection,6000.0,moving_symmetric,1804.3861516053175,-6460.477752984273,6636.639013195057,87441.39235577596,6494.985105448004,85986.67203213312,817,7,0.07589813970702025,0.9734562540074069,0.983363481705278
les_injection,6000.0,moving_symmetric,1974.3819179157026,-11054.210128827694,11054.210128827694,86654.31802342736,11054.210128827695,84913.38589164792,1015,9,0.12756675467504275,1.0,0.9799094589688102
les_injection,6000.0,fixed_initial,39.88822936505957,-187.84086626556473,193.74738819492666,10873.775673108255,193.01786027004306,10412.264735311128,939,8,0.0178178577542371,0.9695143145701688,0.9575574343566345
les_injection,6000.0,fixed_initial,121.65909956343168,-23884.62154739676,23884.62154739676,129218.11550543559,23884.62154739676,123849.31880330882,1015,9,0.18483957496185624,1.0,0.9584516715699903
les_injection,6000.0,fixed_initial,207.51851327172238,-35398.580978355,35398.580978355,160548.28009243315,35398.58097835499,151902.82059137366,1015,9,0.2204855820191585,1.0,0.9461504072414727
les_injection,6000.0,fixed_initial,297.6708976654277,-27682.12507269646,27682.12507269646,178921.78329720665,27682.125072696468,173767.61556239126,1015,9,0.15471634902449935,1.0,0.9711931792773728
les_injection,6000.0,fixed_initial,392.33090127881815,-4791.786233554983,9211.183437549498,180899.57680196932,9211.107971445197,177694.6502326832,583,5,0.050918767198847435,0.520213962303824,0.9822833937704866
les_injection,6000.0,fixed_initial,491.72390507287827,27101.830691895862,27101.830691895862,166818.58150420088,27101.830691895862,163781.85364054528,0,0,0.16246290100011057,1.0,0.9817962253588691
les_injection,6000.0,fixed_initial,596.0865590566414,49999.012495537136,49999.012495537136,156927.38808797847,49999.012495537136,153002.84278444538,0,0,0.3186124047862576,1.0,0.9749913297395043
les_injection,6000.0,fixed_initial,705.6673457395926,39883.51804694397,39883.51804694397,134513.83184832474,39883.51804694398,129661.95379599312,0,0,0.2965012407937042,1.0,0.963930266607805
les_injection,6000.0,fixed_initial,820.7271717566915,11833.511768715107,11833.511768715107,104786.40014609863,11833.511768715105,100058.20202557753,0,0,0.11292984349320342,1.0,0.9548777502239908
les_injection,6000.0,fixed_initial,941.5399890746453,6668.416135481926,7898.417463794143,78523.61279643307,7743.987376098901,75530.62397688889,224,2,0.10058652655565192,0.8442724338197535,0.9618842191163149
les_injection,6000.0,fixed_initial,1068.3934472584967,13052.13717297914,13052.13717297914,53320.63842160985,13052.137172979139,51499.744151274856,0,0,0.24478583826725817,1.0,0.9658501037452503
les_injection,6000.0,fixed_initial,1201.5895783515407,15434.043742080277,15434.043742080277,37589.724930464625,15434.043742080275,36367.70954160274,0,0,0.41059209054152307,1.0,0.9674907068055849
les_injection,6000.0,fixed_initial,1341.445515999237,14193.804395784427,14193.804395784427,40704.495532026034,14193.804395784427,39431.22537865275,0,0,0.3487036065737956,1.0,0.9687191761811301
les_injection,6000.0,fixed_initial,1488.294250529318,6052.793613718254,7141.4881126735545,55092.05462130834,7122.630771615796,52777.143169801646,298,3,0.12962827692237477,0.8475535516157673,0.9579810288903013
les_injection,6000.0,fixed_initial,1642.4854217859033,-10001.895003481666,11648.490053806585,64607.101957275045,11521.301553106881,62753.49539549049,816,7,0.1802973620687983,0.85864304792132,0.9713095541259481
les_injection,6000.0,fixed_initial,1804.3861516053175,-21341.424482507427,21341.424482507427,66231.87799535127,21341.42448250743,64924.50939908947,1015,9,0.32222284990930433,1.0,0.9802607349235429
les_injection,6000.0,fixed_initial,1974.3819179157026,-18352.750960576726,18352.750960576726,67018.36836079173,18352.750960576726,65449.94165408739,1015,9,0.2738465798178664,1.0,0.9765970621925506
les_muscl,1200.0,moving_end,39.88822936505957,335.1006939867003,392.20444138077215,1906.3840658847753,342.6325133348048,1748.4791276248511,210,2,0.2057321231326729,0.8544031087637975,0.9171704479251201
les_muscl,1200.0,moving_end,121.65909956343168,-1826.3653735299413,1826.3653735299413,2751.9646469012514,1826.365373529941,2604.5049318574934,1015,9,0.6636587339835389,1.0,0.9464165663574932
les_muscl,1200.0,moving_end,207.51851327172238,316.39122222830304,887.9955753473014,1643.0703924589047,786.2473161472055,1406.1897817775675,245,2,0.5404488933784444,0.3562981967613523,0.8558305159848701
les_muscl,1200.0,moving_end,297.6708976654277,1498.3330110883428,1723.75589317321,2595.2323715501134,1699.635703261595,2437.8503888668542,127,2,0.6642009833376205,0.8692257511764655,0.9393572674229337
les_muscl,1200.0,moving_end,392.33090127881815,2205.029339133227,2362.141866476437,3332.266987721347,2303.415816118506,3157.2394029164766,74,1,0.7088693298527391,0.9334872601967926,0.9474749215924751
les_muscl,1200.0,moving_end,491.72390507287827,2452.836426263121,2526.846953033142,3775.657615677458,2456.9804713388185,3235.1941901284636,195,1,0.6692468465734427,0.9707103247067729,0.8568558167708699
les_muscl,1200.0,moving_end,596.0865590566414,2102.060639426517,2307.114663698293,3772.3056351316727,2269.803959033725,2982.2577040276565,250,3,0.6115927199037156,0.9111210086354895,0.7905662988316058
les_muscl,1200.0,moving_end,705.6673457395926,1662.5380460543556,2212.9797986584795,4796.661507847031,1811.9726252991397,3021.1520071056993,314,3,0.4613583416378634,0.7512667070265148,0.6298447372538771
les_muscl,1200.0,moving_end,820.7271717566915,965.4885003535863,2268.599139938385,6101.700320911514,1623.655322656396,3470.3248571876175,457,4,0.3717978629929643,0.42558796896123696,0.568747181059393
les_muscl,1200.0,moving_end,941.5399890746453,813.4821875480349,2569.60526733112,6546.078436486193,2179.9582970193355,4551.2794363070425,443,4,0.39254116678602374,0.3165786581660246,0.6952680876751121
les_muscl,1200.0,moving_end,1068.3934472584967,-896.5937424566845,2765.476220670937,6693.152722124165,2460.8116859956203,5012.435643182039,682,5,0.41317990721019654,0.32420952881640047,0.7488900748691227
les_muscl,1200.0,moving_end,1201.5895783515407,-2264.379738135407,3323.96586579989,7266.239562360066,3054.0599468362807,6514.523171726997,790,6,0.45745338249214973,0.6812283367388009,0.8965467097276776
les_muscl,1200.0,moving_end,1341.445515999237,-1383.9053185675907,2189.765831972615,5602.264397155442,1960.8285470603344,4750.82249883896,729,5,0.3908715613430298,0.631987812742937,0.8480182586975362
les_muscl,1200.0,moving_end,1488.294250529318,-564.3738646784726,2050.9778920679773,4376.227335421372,1851.145140138873,3442.6270585758234,665,6,0.46866347080904003,0.27517306103647027,0.7866654985473566
les_muscl,1200.0,moving_end,1642.4854217859033,154.83484671030578,1659.6788000031966,3633.5194240563587,1539.6689218425654,3015.739322208271,492,3,0.4567689356536803,0.09329205549291078,0.8299774874580372
les_muscl,1200.0,moving_end,1804.3861516053175,788.3161020260948,1546.9959125895125,3169.2785163439794,1476.3889941903699,2735.2340618993185,371,4,0.48812242427153363,0.5095786586187772,0.8630462888615524
les_muscl,1200.0,moving_end,1974.3819179157026,916.6644252973813,1328.2873646627954,2730.2741309100497,1242.5181067843882,2439.63823619016,349,3,0.4865032963631579,0.6901100241438264,0.893550654335572
les_muscl,1200.0,moving_symmetric,39.88822936505957,499.8862918000492,519.5190671720161,2042.95601197103,499.88629180004926,1866.5157752327254,163,0,0.25429772551528784,0.9622097116110921,0.9136348332003115
les_muscl,1200.0,moving_symmetric,121.65909956343168,-1525.1923480825772,1525.232782887912,2838.4873824145025,1525.1923480825765,2587.8004126002365,1013,9,0.5373399904249365,0.9999734894202456,0.9116829014751427
les_muscl,1200.0,moving_symmetric,207.51851327172238,-140.7367183289271,720.3146806661439,1711.520308659569,591.0630635418927,1449.4226820503634,500,4,0.4208624794118166,0.19538227125785415,0.8468626838471606
les_muscl,1200.0,moving_symmetric,297.6708976654277,897.0613136829072,1238.6934465774266,2496.098321518546,1187.728185794021,2316.34798226861,190,2,0.496251864719754,0.7241996122297519,0.9279874764145581
les_muscl,1200.0,moving_symmetric,392.33090127881815,1722.4035122154064,1909.5142091718963,3200.810199261595,1871.2582629640472,2991.2398193669837,94,1,0.5965721458936891,0.9020113618124713,0.9345258335083544
les_muscl,1200.0,moving_symmetric,491.72390507287827,2197.081411240089,2208.4165975288824,3689.0326715030787,2197.0814112400894,3170.3245654906536,50,0,0.5986438164639712,0.9948672789810233,0.8593918373184046
les_muscl,1200.0,moving_symmetric,596.0865590566414,2056.1008622015265,2172.6327578365153,3728.1816201304287,2110.5835357974875,3003.6592559647743,216,2,0.5827593661492562,0.9463637399304289,0.8056633399366667
les_muscl,1200.0,moving_symmetric,705.6673457395926,1754.66955841127,2089.1245802937283,4521.882223501591,1837.3450600097688,3002.170670772426,287,2,0.4620033156626493,0.8399066168493243,0.6639205804983677
les_muscl,1200.0,moving_symmetric,820.7271717566915,1235.2907822954069,2188.175896461711,5826.718395340477,1816.4741972393242,3580.0336071486167,376,3,0.3755417282928168,0.5645299284636472,0.6144167890474175
les_muscl,1200.0,moving_symmetric,941.5399890746453,1068.9375608876608,2224.9422672664537,6018.89643367397,1835.0463985839413,4294.536454126138,414,3,0.3696595034961144,0.4804338416389334,0.7135089466067998
les_muscl,1200.0,moving_symmetric,1068.3934472584967,-85.44331260042327,2008.5530449579965,6196.767480845097,1739.8167987369309,4561.729517299523,563,4,0.3241291610773938,0.042539734170779685,0.7361466331277299
les_muscl,1200.0,moving_symmetric,1201.5895783515407,-1124.1723654084744,2541.2366959282854,6822.833885671774,2028.6417940789001,6103.745372943736,656,6,0.3724605843423779,0.44237215966922233,0.8946055957425326
les_muscl,1200.0,moving_symmetric,1341.445515999237,-741.4497473221547,2056.803168883139,5679.4241129909715,1935.4982245096596,4855.5132001643315,607,5,0.36214995181966764,0.360486486280925,0.8549305534443101
les_muscl,1200.0,moving_symmetric,1488.294250529318,-357.06671190313295,2072.04489059109,4544.017369998044,1923.6916023340084,3768.7080401440676,602,5,0.4559940514910447,0.1723257606649984,0.8293780004070912
les_muscl,1200.0,moving_symmetric,1642.4854217859033,-6.024475090833903,1724.4635826792523,3735.8301338038405,1642.2162316470371,3207.1859586752553,500,3,0.46160117588735095,0.0034935357008083865,0.8584935191926628
les_muscl,1200.0,moving_symmetric,1804.3861516053175,461.7520537842262,1647.0894848014,3258.2665901021783,1629.0821446325422,2893.074958096373,463,4,0.505510963960057,0.2803442424015612,0.8879184308874023
les_muscl,1200.0,moving_symmetric,1974.3819179157026,661.3595893459621,1477.3484385967702,2865.7278175151,1462.7763908947531,2591.403059192654,423,4,0.5155229430957589,0.44766662492576315,0.9042739660599325
les_muscl,1200.0,fixed_initial,39.88822936505957,738.7770810443105,1619.5247838967316,2972.0052037013415,1618.9001747425366,2673.691372940857,318,2,0.5449266313126814,0.45616904933479446,0.8996254009283147
les_muscl,1200.0,fixed_initial,121.65909956343168,-2605.8096891808686,3535.1856687266927,6964.811454312887,3250.541511850193,6096.825777954198,702,6,0.5075780862003904,0.7371068830224785,0.8753755672996435
les_muscl,1200.0,fixed_initial,207.51851327172238,-1899.6543982914554,2166.5239489845544,3475.33304273085,2152.6891085777656,3133.5318822458044,838,7,0.6234003827391867,0.8768213243993078,0.9016493797047822
les_muscl,1200.0,fixed_initial,297.6708976654277,-1106.2845461011777,1685.2060382686461,2507.774170678692,1663.808872963241,2251.2230106872566,681,5,0.6719927408027215,0.6564684204655218,0.8976976623369546
les_muscl,1200.0,fixed_initial,392.33090127881815,-227.67659298444264,1860.7424547884261,2539.3967014542754,1823.0653464262127,2285.0753659090124,572,4,0.7327498116866916,0.12235792890012304,0.8998497023329923
les_muscl,1200.0,fixed_initial,491.72390507287827,151.50057638120302,1791.323749212478,2588.7832904135535,1137.1061595694896,2144.6283829591507,472,3,0.6919558527150094,0.08457464846754106,0.8284310204337537
les_muscl,1200.0,fixed_initial,596.0865590566414,79.63349350580981,1407.0757137486612,2576.152513603827,1141.757643287522,2149.5931192922835,531,5,0.5461927064948019,0.05659503090537624,0.834419976278958
les_muscl,1200.0,fixed_initial,705.6673457395926,381.8898080956465,1287.2836122523554,2852.161180106576,832.109939354049,1991.107185457065,440,5,0.45133620821676484,0.29666330283460635,0.6981047212004561
les_muscl,1200.0,fixed_initial,820.7271717566915,482.4754163612367,1315.1867321592822,2987.476080219383,1289.8190384160855,2310.046966116272,325,3,0.4402333932871865,0.36684936409684227,0.7732436692670139
les_muscl,1200.0,fixed_initial,941.5399890746453,-45.4406154258225,1318.8304673311936,3292.5117367384837,924.3485738331718,2680.2703497606967,444,5,0.40055452274184106,0.034455236325997875,0.8140503554941722
les_muscl,1200.0,fixed_initial,1068.3934472584967,273.1360373155777,1471.3728541060775,3288.8596998661787,1401.4265147188753,2678.111416782624,369,5,0.4473808518393006,0.18563346235004427,0.8142978604078472
les_muscl,1200.0,fixed_initial,1201.5895783515407,545.7594369013833,1379.7630064644752,3098.1781184053953,1353.1318764621751,2673.7880781402287,322,4,0.4453465726414164,0.3955457816627837,0.8630194830490907
les_muscl,1200.0,fixed_initial,1341.445515999237,892.816711944076,1387.074266931706,2865.418993899116,1236.3908377639982,2394.1937719790494,342,4,0.4840738020809467,0.6436690040534324,0.8355475332147334
les_muscl,1200.0,fixed_initial,1488.294250529318,1115.1488974287324,1338.2857348178454,2476.795846609565,1240.9742260262167,2119.86938909369,281,2,0.5403294488925267,0.8332666697523423,0.8558918539836603
les_muscl,1200.0,fixed_initial,1642.4854217859033,1276.5560859389202,1316.9503446947322,2438.8297635001927,1284.9365904658612,2101.3738482145736,180,1,0.5399927311058619,0.9693274245923256,0.8616320333891183
les_muscl,1200.0,fixed_initial,1804.3861516053175,1301.8338010159946,1308.6117436963125,2474.0441457895818,1303.4864746906746,2149.729367423783,57,1,0.528936294820509,0.9948205090524613,0.8689130996640746
les_muscl,1200.0,fixed_initial,1974.3819179157026,1231.887631013334,1246.8110223016026,2496.1471927200428,1239.283287366681,2266.6771436608947,111,1,0.49949419086258173,0.9880307512354838,0.9080703054177285
les_muscl,2400.0,moving_end,39.88822936505957,-924.3238902796735,2031.0692972591096,7382.13917315648,1966.9073856561,6771.077290238914,714,6,0.27513289164808014,0.4550922469888307,0.9172242803089439
les_muscl,2400.0,moving_end,121.65909956343168,-2077.7307758530947,3635.9402791656266,14806.99344995308,3629.4733610715266,13620.71604185104,678,6,0.24555560799394752,0.571442492540029,0.9198839783301317
les_muscl,2400.0,moving_end,207.51851327172238,3155.751046121328,3757.5255619599393,10984.724270384942,3691.779261291864,10176.55499256802,202,2,0.3420682640246429,0.8398481910726581,0.9264278958739307
les_muscl,2400.0,moving_end,297.6708976654277,5299.258768010248,5356.903919863018,12648.538862708396,5338.249831136199,11947.478365811077,89,1,0.42351958419930563,0.9892390917001468,0.9445737958742214
les_muscl,2400.0,moving_end,392.33090127881815,6344.530542917973,6831.343075202161,15242.973302736798,6807.353630176251,14476.243740984557,190,2,0.4481634218945741,0.9287383861525969,0.9496994748646198
les_muscl,2400.0,moving_end,491.72390507287827,7194.5796243759705,7310.3620883759095,16186.962557699238,7269.368750731384,14861.102690890857,129,1,0.4516203742559951,0.9841618701508585,0.9180908794913013
les_muscl,2400.0,moving_end,596.0865590566414,5499.333901376479,6095.888432793092,15547.913424628754,6030.471933671087,12331.475746942826,205,3,0.39207115876635046,0.9021382136511189,0.7931273740828199
les_muscl,2400.0,moving_end,705.6673457395926,4549.579576749217,6249.5859456273765,18999.327887020823,5868.269818660515,13579.261388744064,313,3,0.3289372120314167,0.7279809600718274,0.7147232507114414
les_muscl,2400.0,moving_end,820.7271717566915,879.9192822089158,7628.87553543723,22781.528245035814,6687.932405896289,15964.893631353545,472,4,0.33487110493123273,0.1153406262982747,0.7007823820964407
les_muscl,2400.0,moving_end,941.5399890746453,-4726.40955672355,8468.165380775306,26302.96361455134,7960.433865046518,21660.031351213303,613,4,0.32194719594603183,0.5581385511735036,0.8234825424474422
les_muscl,2400.0,moving_end,1068.3934472584967,-7242.249143987945,7881.457996594961,25998.44303635059,7557.631944220987,21149.109797603203,909,8,0.3031511535354343,0.91889713135778,0.8134760134686863
les_muscl,2400.0,moving_end,1201.5895783515407,-4342.622355089043,5657.852594552571,25813.60460461086,4978.706070717281,22783.478706545888,769,7,0.21918103578381912,0.7675389703984435,0.8826151579960387
les_muscl,2400.0,moving_end,1341.445515999237,1628.1133496748926,3833.817505340009,23971.31161415235,3511.9729012130474,20454.440839817973,381,3,0.15993357255748047,0.42467158319537707,0.8532883460470281
les_muscl,2400.0,moving_end,1488.294250529318,4808.5716708086675,5128.686617763109,20520.255239511956,4873.065616733587,17539.273262719005,94,1,0.24993288620931828,0.9375834456631198,0.8547297807946833
les_muscl,2400.0,moving_end,1642.4854217859033,3916.7622640311583,4250.693522417761,20094.564011157825,3916.7622640311592,17647.716147221225,148,0,0.2115344985866574,0.9214407586372716,0.8782333439741241
les_muscl,2400.0,moving_end,1804.3861516053175,2340.1359815207034,3724.566282402133,20257.491342824123,2999.0403176857185,17506.2857753519,396,2,0.1838611810006523,0.6282975799296151,0.8641882392586191
les_muscl,2400.0,moving_end,1974.3819179157026,1656.2393678640842,3285.25940620996,17459.7303125747,3044.109068472224,15208.6800421052,370,2,0.1881620934227076,0.5041426453976141,0.871071876244946
les_muscl,2400.0,moving_symmetric,39.88822936505957,-735.0473367595162,2175.8370150575543,7962.482788548025,2121.8548991980633,7217.04183063893,675,6,0.273261126314387,0.3378227926415127,0.9063808390291004
les_muscl,2400.0,moving_symmetric,121.65909956343168,-2857.5921140203927,3979.9352899252,15950.18355201259,3852.513304523817,14514.620314669219,723,6,0.24952285200649071,0.7179996421685789,0.9099970710266697
les_muscl,2400.0,moving_symmetric,207.51851327172238,2584.3988835107857,3510.515774852496,11514.549932746062,3431.5736704764117,10675.388208637845,258,3,0.30487650801435073,0.7361877995319295,0.9271216218602052
les_muscl,2400.0,moving_symmetric,297.6708976654277,4449.749620420105,4501.599373834264,12513.07513244434,4484.817053288772,11702.21727547307,77,1,0.359751645873392,0.988481926287013,0.9351991538140092
les_muscl,2400.0,moving_symmetric,392.33090127881815,5335.419506745828,5783.506503397308,14733.131174523893,5775.42553599277,13929.61762604809,195,2,0.39255107654223437,0.9225233002870719,0.9454621330009458
les_muscl,2400.0,moving_symmetric,491.72390507287827,6209.152665576551,6483.888850540512,15541.489824300692,6483.495096790144,14174.790932751259,200,2,0.4171986678138344,0.9576278694319292,0.9120612690932332
les_muscl,2400.0,moving_symmetric,596.0865590566414,5503.464363550218,6104.039165521261,15169.011716699828,6089.712511005516,12366.411095849127,203,3,0.40240190195127995,0.9016102640095436,0.8152417129610844
les_muscl,2400.0,moving_symmetric,705.6673457395926,4508.58655995029,5951.99148578785,18290.201639671028,5786.100085099702,13292.510380826156,299,3,0.32541967568460906,0.7574921050737189,0.7267558139979717
les_muscl,2400.0,moving_symmetric,820.7271717566915,1891.9915711350145,7202.225044180561,22149.26254233029,5785.869163502459,15645.707535610383,425,4,0.325167712939251,0.26269542530662165,0.7063760026190165
les_muscl,2400.0,moving_symmetric,941.5399890746453,-3097.742004812938,8320.370373548507,25299.029513850488,8166.126062262847,20621.97818132151,557,4,0.3288810098028995,0.37230818650345726,0.8151292194837582
les_muscl,2400.0,moving_symmetric,1068.3934472584967,-6555.193971529808,7538.110866711733,25897.549456759145,7070.508272860037,21154.41628731727,839,7,0.29107429177027094,0.8696069993448249,0.8168501163648155
les_muscl,2400.0,moving_symmetric,1201.5895783515407,-4790.953830923222,6053.389471796726,25700.165226169243,5533.813635635086,22721.058079046546,787,7,0.23553893208565252,0.7914497907733671,0.8840821792036879
les_muscl,2400.0,moving_symmetric,1341.445515999237,501.03591310870445,4337.224806326407,23964.92567617182,4099.2124733878845,20461.72582929567,440,3,0.18098219309892888,0.1155199316341358,0.8538197074251992
les_muscl,2400.0,moving_symmetric,1488.294250529318,3756.862671022861,4869.094352578839,20649.62586361407,4781.984997816086,17747.416548766236,269,2,0.23579576621572051,0.7715731918468777,0.8594546296375418
les_muscl,2400.0,moving_symmetric,1642.4854217859033,3847.0211495329518,4181.034198008206,19763.256130997805,3847.0211495329518,17639.141015799418,141,0,0.2115559384695944,0.9201123376043243,0.8925220064386655
les_muscl,2400.0,moving_symmetric,1804.3861516053175,2997.113266688176,3307.2473601375214,19724.856479422117,3180.5123764517216,17423.542036643157,172,2,0.16766902023281108,0.9062259154886891,0.8833292173669401
les_muscl,2400.0,moving_symmetric,1974.3819179157026,2248.8938126395246,3066.265863233772,17348.091296376206,2870.685599616245,15300.751931082044,321,2,0.17674946545123818,0.7334307959414115,0.8819847480441941
les_muscl,2400.0,fixed_initial,39.88822936505957,1428.8264692840417,4659.903741293223,10761.507736987032,4659.226660898782,9656.256444314115,579,5,0.4330158798545719,0.306621455851685,0.8972958697158953
les_muscl,2400.0,fixed_initial,121.65909956343168,-1927.7030326194138,7713.297122630952,26776.573317590402,7602.847307169758,24625.570100284505,620,5,0.28806139722007806,0.24991945752530376,0.9196684657221306
les_muscl,2400.0,fixed_initial,207.51851327172238,-2199.505755408009,8388.176248774173,18436.839361581882,8112.167679927561,17121.49681602634,483,5,0.4549682342111846,0.2622150143458704,0.9286568310457588
les_muscl,2400.0,fixed_initial,297.6708976654277,-5076.785783746964,8310.94025711422,16190.20643365596,8274.53064419575,14739.661083550458,560,6,0.5133313334311514,0.6108557668190674,0.9104060003157137
les_muscl,2400.0,fixed_initial,392.33090127881815,-4863.6608231106375,6496.721489768553,18162.128936906847,6424.973865330157,17172.400520603704,673,7,0.3577070459271277,0.7486331114501734,0.9455059250079466
les_muscl,2400.0,fixed_initial,491.72390507287827,-2927.4218676114933,5027.814792755776,17505.070642388313,4944.770982948132,15877.906231577077,688,7,0.2872204800237129,0.5822453666808509,0.9070461100070584
les_muscl,2400.0,fixed_initial,596.0865590566414,2344.717881694075,3991.557381906515,15371.659201792201,3810.848199707397,13102.34827492744,324,4,0.2596699113288391,0.5874193096465399,0.8523704632613649
les_muscl,2400.0,fixed_initial,705.6673457395926,3114.9615211028354,5370.749999400321,15988.168785002923,5297.776825991705,13208.45247681924,386,4,0.33592027152216103,0.5799863187544833,0.8261391691842104
les_muscl,2400.0,fixed_initial,820.7271717566915,-195.44645686669855,6392.016122244022,17936.758482007288,5729.696686362963,14544.918399791579,521,5,0.35636406258443953,0.03057665267560118,0.810900052781659
les_muscl,2400.0,fixed_initial,941.5399890746453,-3055.4580525528354,6763.961330756949,19039.625532493785,5748.868850688221,16488.125744887147,614,6,0.3552570568792597,0.45172612662037526,0.8659900225846278
les_muscl,2400.0,fixed_initial,1068.3934472584967,-1199.2800181893863,8105.731858689869,19218.07083453499,8087.15711825064,16376.936287747585,507,4,0.4217765627194911,0.1479545633999329,0.8521633845951974
les_muscl,2400.0,fixed_initial,1201.5895783515407,1545.3449913326467,8767.97025630871,19131.6904512694,8562.314938086518,17387.797856684545,423,3,0.45829563668938367,0.17624888613425024,0.9088479609772724
les_muscl,2400.0,fixed_initial,1341.445515999237,3431.0248386827097,8444.493866449444,18490.054717989908,8353.434711989828,16522.992998929672,356,3,0.4567046444829268,0.4063031950694414,0.8936151488428868
les_muscl,2400.0,fixed_initial,1488.294250529318,3416.7785966337133,7437.56386549823,16785.4698299288,7319.045662932642,15043.968900781438,339,2,0.4430953640771448,0.45939485810449965,0.8962494975242079
les_muscl,2400.0,fixed_initial,1642.4854217859033,2940.2694632394637,6291.052050198884,15462.721876277888,6268.64527814071,14000.873860367223,320,2,0.40685282323096633,0.4673732532774881,0.9054598519195151
les_muscl,2400.0,fixed_initial,1804.3861516053175,2389.73695810114,5144.957483462061,14605.38127611005,4892.769364514582,13253.820322497377,379,3,0.3522645103334373,0.46448138119366483,0.907461439858238
les_muscl,2400.0,fixed_initial,1974.3819179157026,1450.8067309679116,3838.9158228274373,14638.05907072462,3604.018387542964,13170.08296007312,451,4,0.26225579527172943,0.3779209542290416,0.8997151122591533
les_muscl,4200.0,moving_end,39.88822936505957,-1183.4638193506148,3935.4784249252684,17982.582369679127,3935.2177621444994,16449.139915475385,697,6,0.21884945910554957,0.30071663253320663,0.9147262377182648
les_muscl,4200.0,moving_end,121.65909956343168,6254.027430803442,7958.84229801706,57372.57737030304,7940.958188686143,54310.562363854115,327,3,0.13872206309728527,0.785796124187764,0.9466292931780702
les_muscl,4200.0,moving_end,207.51851327172238,10121.070084126268,13610.57379178187,47625.323971004735,13237.824299716376,44658.012515992334,262,3,0.28578438227671193,0.7436181779667084,0.9376946714983196
les_muscl,4200.0,moving_end,297.6708976654277,6317.030222403915,10088.201172600999,48067.04018372789,9935.977423860304,44968.76896746493,442,4,0.20987772773277918,0.626180040854124,0.9355427085915763
les_muscl,4200.0,moving_end,392.33090127881815,4565.492991461038,10743.860159244949,57687.1849341531,10730.740110581308,54777.2383710689,474,5,0.186243446815935,0.42493972592639273,0.949556447131096
les_muscl,4200.0,moving_end,491.72390507287827,3469.0134247903347,10874.552862048917,60715.99412234484,10826.807061857893,54986.13715894081,459,5,0.17910524268344044,0.3190028563746137,0.9056285407785933
les_muscl,4200.0,moving_end,596.0865590566414,5356.862961015038,9294.269267856356,61125.68085718727,8866.91708486084,51318.37884818175,289,3,0.15205179128509486,0.5763619286931368,0.8395551285241454
les_muscl,4200.0,moving_end,705.6673457395926,-1641.1702938030646,9968.96921777728,64738.61338502833,9695.685263904355,53391.498063772924,476,5,0.15398799412782507,0.1646278825775115,0.8247241525892864
les_muscl,4200.0,moving_end,820.7271717566915,-7177.361260857298,11599.213035896144,72211.52768552235,11271.150019759974,57975.88812832115,534,4,0.16062827373504887,0.6187800188379574,0.8028619527453191
les_muscl,4200.0,moving_end,941.5399890746453,-11454.016211840219,13335.71420243524,77940.11873403148,13052.253367852578,66746.5778184633,679,5,0.17110205140876164,0.85889784663716,0.8563828090413124
les_muscl,4200.0,moving_end,1068.3934472584967,-11416.714871719916,13265.025280080645,75543.71889250286,13246.3734096536,64214.83331331013,656,5,0.17559401992052442,0.8606628808211746,0.8500353736183746
les_muscl,4200.0,moving_end,1201.5895783515407,-11084.662068727714,11920.584890846494,74788.83038515443,11920.584890846494,66122.84476406932,811,7,0.15938990928801486,0.9298756873280049,0.884127274401054
les_muscl,4200.0,moving_end,1341.445515999237,-5370.060413293453,9694.046037588263,73499.16267073798,9694.046037588265,63411.75424832934,745,6,0.13189328538361333,0.5539544987171782,0.8627547844647119
les_muscl,4200.0,moving_end,1488.294250529318,1242.8631898056683,11404.189574433865,70669.15318300112,11361.626052751182,62268.90798033501,471,5,0.16137436294025168,0.10898303484817047,0.8811327881499686
les_muscl,4200.0,moving_end,1642.4854217859033,4146.443033997315,13947.12529911767,71144.90662524344,13815.894549400306,63106.30059661014,367,3,0.19603828243930801,0.2972973243640128,0.8870108007734588
les_muscl,4200.0,moving_end,1804.3861516053175,3764.62933803105,9707.286049427341,74379.86095154501,8992.81770322728,65575.29684603143,293,3,0.1305096019976588,0.3878148144458085,0.8816270426849905
les_muscl,4200.0,moving_end,1974.3819179157026,3645.026533740843,4579.3311116321265,71135.0236801793,4054.2339379843493,63217.16782158928,145,2,0.06437519627772455,0.7959735701316679,0.888692581390168
les_muscl,4200.0,moving_symmetric,39.88822936505957,-1350.5550493793912,4262.932230558146,18853.777792785586,4259.467319632893,17201.688116130543,690,6,0.22610493649656574,0.3168136335121994,0.9123735468396569
les_muscl,4200.0,moving_symmetric,121.65909956343168,5808.344479190684,7574.755399273989,60325.55152181709,7565.369736573275,56904.27732557422,339,4,0.12556462739564897,0.7668029095365102,0.9432864829258039
les_muscl,4200.0,moving_symmetric,207.51851327172238,9868.732528113642,13947.683381224237,50609.24017082425,13494.50952056027,47337.17906928922,254,3,0.27559558954344754,0.7075535240066102,0.935346567336505
les_muscl,4200.0,moving_symmetric,297.6708976654277,6614.243922010887,11941.314685531237,50487.793276645316,11935.52069123228,47226.528868986636,438,4,0.23651884763707945,0.553895789215326,0.9354048930245624
les_muscl,4200.0,moving_symmetric,392.33090127881815,4197.147847089462,12354.822649495487,59832.44550554403,12354.822649495483,56884.704186262075,491,5,0.20649035059666246,0.3397173691733125,0.9507333973335785
les_muscl,4200.0,moving_symmetric,491.72390507287827,1953.5515618427553,10634.34673465147,63416.10512964041,10587.32645897414,57716.22626165678,482,5,0.16769157791876158,0.18370207503928834,0.9101193796696996
les_muscl,4200.0,moving_symmetric,596.0865590566414,1844.368735013728,6712.078146494053,63629.87840685446,6291.967411804575,53748.7621296367,438,5,0.10548626391483094,0.27478356103125895,0.8447094898714543
les_muscl,4200.0,moving_symmetric,705.6673457395926,-4391.262318881249,9546.05490552734,66322.1393877596,8738.618533361861,54829.4922570191,567,5,0.1439346648592756,0.46000807268965394,0.8267147707110669
les_muscl,4200.0,moving_symmetric,820.7271717566915,-9664.136789751046,12322.065167890984,72756.20272484879,11844.637861791281,58401.08415044972,595,4,0.16936102636487058,0.7842952182182897,0.8026956048175355
les_muscl,4200.0,moving_symmetric,941.5399890746453,-13020.310865790796,14498.753367123929,78260.61117546535,14216.964548942347,66684.19423423546,670,5,0.18526246025113177,0.8980296813182906,0.8520786284779348
les_muscl,4200.0,moving_symmetric,1068.3934472584967,-11543.379495702913,12915.301464038363,75554.87765341133,12871.556816038275,64169.24877925047,665,5,0.17093934720249304,0.8937754591206827,0.8493065010787322
les_muscl,4200.0,moving_symmetric,1201.5895783515407,-10114.76426773957,11306.558445870704,73845.74826438655,11306.558445870704,65067.965350123915,811,7,0.15311048654270995,0.8945926663859071,0.8811335368579929
les_muscl,4200.0,moving_symmetric,1341.445515999237,-4249.530342694416,8747.782746672046,72167.0071876109,8489.167357541022,62105.48614062483,694,6,0.12121581713830308,0.48578370837011026,0.8605800428881668
les_muscl,4200.0,moving_symmetric,1488.294250529318,1535.337197162321,11036.97906235612,69432.68574989346,11036.979062356122,60982.682376226534,491,5,0.1589594143327958,0.13910846332932744,0.8782993444311653
les_muscl,4200.0,moving_symmetric,1642.4854217859033,4008.500151907625,13292.139423509627,69895.18797813258,13136.843308646163,61761.203269863276,373,3,0.19017245404173183,0.3015692225450062,0.8836259699192152
les_muscl,4200.0,moving_symmetric,1804.3861516053175,3587.9217313979866,9246.767458473787,72869.10889031878,8564.751119042689,64008.47435550195,290,3,0.1268955748092357,0.38801902908350916,0.8784034185438759
les_muscl,4200.0,moving_symmetric,1974.3819179157026,4175.1379242205285,4775.197911944255,70358.04408361489,4510.424874902992,62460.69275608394,101,1,0.06786996389878767,0.8743381952352614,0.8877548199301052
les_muscl,4200.0,fixed_initial,39.88822936505957,-10273.669534144803,10273.669534144803,32175.82387730067,10273.669534144803,30270.798817970986,1015,9,0.3192977924457328,1.0,0.9407932780029407
les_muscl,4200.0,fixed_initial,121.65909956343168,-5225.115217279117,5225.115217279117,79461.04801160294,5225.115217279119,74644.76328165713,1015,9,0.0657569381228919,1.0,0.9393881046063911
les_muscl,4200.0,fixed_initial,207.51851327172238,12625.28332841314,16571.453601567027,76620.31245983562,16403.30316338974,72193.09341883824,203,2,0.2162801621339483,0.7618693949225595,0.9422187289654015
les_muscl,4200.0,fixed_initial,297.6708976654277,6842.320273451142,19835.63043805738,69279.59992206196,19568.75285708943,65227.51763476916,354,3,0.2863127163028082,0.34495098579388794,0.9415111765678309
les_muscl,4200.0,fixed_initial,392.33090127881815,-206.42063334281738,20755.938280846254,76323.8941489557,20668.366122839765,72653.4657144963,461,5,0.2719454832891312,0.00994513620872076,0.9519098379952141
les_muscl,4200.0,fixed_initial,491.72390507287827,-9837.920034359247,21655.76334605683,82746.0850303094,21311.520936780005,78073.63470703868,570,5,0.26171344950186404,0.4542864583967933,0.9435326720102923
les_muscl,4200.0,fixed_initial,596.0865590566414,-17091.433562694066,17091.433562694066,77878.40353595727,17091.433562694066,69909.61502173154,1015,9,0.2194630704621824,1.0,0.8976765296614426
les_muscl,4200.0,fixed_initial,705.6673457395926,-15612.42195762831,15804.297923034257,71352.98418727732,15690.152789625467,60945.30158681309,945,8,0.2214945612022806,0.9878592540876938,0.8541380894014523
les_muscl,4200.0,fixed_initial,820.7271717566915,-15592.549953633707,17171.424856060858,70402.20245216333,17141.126327215392,58092.89144728941,737,7,0.24390465437112488,0.9080521904465099,0.8251573022415342
les_muscl,4200.0,fixed_initial,941.5399890746453,-9447.84971922367,20386.109807566078,69951.54040740896,19823.854073705344,60505.381631087366,589,5,0.291431892547814,0.4634454443935746,0.864961390109415
les_muscl,4200.0,fixed_initial,1068.3934472584967,-5953.472036639876,14014.519416700965,65789.17453148605,13789.763691893846,55636.574016103434,600,5,0.21302166376922324,0.4248074343202366,0.8456797704533642
les_muscl,4200.0,fixed_initial,1201.5895783515407,-6165.542175670256,8465.612269175906,62805.689161738715,8358.162955057083,55506.17871539067,649,5,0.13479053222989176,0.7283043422765271,0.8837762861330895
les_muscl,4200.0,fixed_initial,1341.445515999237,-1292.530175779817,6241.744485619276,59228.177496545984,5294.574706478594,52154.317024836666,583,5,0.10538471297691503,0.20707835425781265,0.8805659608195466
les_muscl,4200.0,fixed_initial,1488.294250529318,731.9117871372596,6254.555800958931,56416.249165566085,6096.3372052930645,49702.445022061554,526,5,0.11086443876485905,0.11702058634204604,0.8809952054096796
les_muscl,4200.0,fixed_initial,1642.4854217859033,-365.50163871194036,6807.477697801604,57649.89024158472,6660.359981065814,52492.13096939976,503,6,0.11808309901848091,0.05369119884593597,0.9105330599837899
les_muscl,4200.0,fixed_initial,1804.3861516053175,784.9090383068103,4499.573032032448,58595.88701411545,3840.5615028131956,53279.83222696845,467,5,0.0767899124207903,0.17444078198510057,0.9092759738261768
les_muscl,4200.0,fixed_initial,1974.3819179157026,5183.358218156843,5457.5169431389,58778.41675302844,5183.358218156843,54285.64033980378,55,0,0.09284899533905382,0.9497649337897658,0.9235641811840197
les_muscl,6000.0,moving_end,39.88822936505957,-12731.276937009778,12731.276937009778,39187.711930916084,12731.276937009778,37039.61438747259,1015,9,0.3248793131748471,1.0,0.9451844101735164
les_muscl,6000.0,moving_end,121.65909956343168,-4794.282770220039,7928.932850747431,108590.1936070931,7914.655523159949,102146.13946385263,716,7,0.07301702471805441,0.6046567502167836,0.9406571263096123
les_muscl,6000.0,moving_end,207.51851327172238,5238.893772763685,13337.642690534858,109520.92581779868,12799.778693429393,102539.1321381502,336,4,0.12178168318923492,0.3927900824994734,0.936251509677123
les_muscl,6000.0,moving_end,297.6708976654277,-2526.134511605367,24355.485418117292,112444.80223521887,24355.485418117292,107080.88972537016,431,4,0.21659947755672163,0.10371932516386037,0.952297372548816
les_muscl,6000.0,moving_end,392.33090127881815,-13775.997143225211,28478.29764248435,135980.245074034,26857.34674459874,130649.03928037215,598,5,0.20942966845646907,0.48373667963473954,0.960794262499238
les_muscl,6000.0,moving_end,491.72390507287827,-23819.80058996359,31142.060741935875,145567.84725331963,31142.06074193588,136767.44526047722,745,6,0.21393502294323233,0.7648755420314194,0.939544328236662
les_muscl,6000.0,moving_end,596.0865590566414,-24008.03582266364,24484.53376942331,144611.76491581392,24222.341167891853,131259.83219101408,882,8,0.1693121841343755,0.9805388188622678,0.9076704946338723
les_muscl,6000.0,moving_end,705.6673457395926,-25988.60839081731,25988.60839081731,132542.4920963432,25988.60839081731,117172.17488686884,1015,9,0.19607755957935794,1.0,0.8840347954352489
les_muscl,6000.0,moving_end,820.7271717566915,-10260.089918280148,10260.089918280148,134355.16939992498,10260.089918280148,115285.30367898116,1015,9,0.07636542727834837,1.0,0.8580637737564084
les_muscl,6000.0,moving_end,941.5399890746453,-10770.162483919146,10770.162483919146,133432.22885058043,10770.162483919145,117377.84707149357,1015,9,0.08071634999052402,1.0,0.8796813789488234
les_muscl,6000.0,moving_end,1068.3934472584967,-9825.828175338811,9825.828175338811,122397.70890507926,9825.828175338811,107380.5310710157,1015,9,0.08027787663050823,1.0,0.8773083420563899
les_muscl,6000.0,moving_end,1201.5895783515407,-8940.151636536239,8940.151636536239,114956.74666180031,8940.15163653624,102646.31365488844,1015,9,0.07776969944041585,1.0,0.8929124791333141
les_muscl,6000.0,moving_end,1341.445515999237,-9306.424984863152,9306.424984863152,116374.19236682972,9306.42498486315,102514.50847218352,1015,9,0.07996983519789198,1.0,0.8809041453885385
les_muscl,6000.0,moving_end,1488.294250529318,-11483.529806468825,11483.529806468825,123340.60873423057,11483.529806468825,111244.56034323653,1015,9,0.09310420894073158,1.0,0.9019297171051092
les_muscl,6000.0,moving_end,1642.4854217859033,-7422.844329807621,7777.055344014321,132426.49162282734,7757.3883175862975,120312.71279945174,785,7,0.05872733807797814,0.9544543534103404,0.9085245053695324
les_muscl,6000.0,moving_end,1804.3861516053175,2430.662474418939,5806.645465912392,139823.56500998506,5788.101403557864,126389.89527608267,273,3,0.04152837517408263,0.4186001175184563,0.9039241365863968
les_muscl,6000.0,moving_end,1974.3819179157026,10054.27972119315,10054.27972119315,134197.47765247512,10054.27972119315,122711.89615849302,0,0,0.07492152533023194,1.0,0.9144128362551958
les_muscl,6000.0,moving_symmetric,39.88822936505957,-16840.299165961438,16840.299165961438,43784.20371491897,16840.299165961438,41617.11548692706,1015,9,0.38462042785131884,1.0,0.9505052497448184
les_muscl,6000.0,moving_symmetric,121.65909956343168,-5479.728847793209,7217.666912345674,113545.76934105836,7014.221249232205,106540.58959491111,711,7,0.06356614565414506,0.7592105474443885,0.9383052333274899
les_muscl,6000.0,moving_symmetric,207.51851327172238,7639.889281954411,15447.54028993283,116804.9210650979,14794.823463548897,109456.75353033005,334,4,0.13225076605568342,0.49456995343998755,0.937090257261742
les_muscl,6000.0,moving_symmetric,297.6708976654277,2506.760526715432,26939.412063996104,119874.50398936759,26939.412063996104,113826.53003639073,431,4,0.22473012331617678,0.0930517904681988,0.9495474537812203
les_muscl,6000.0,moving_symmetric,392.33090127881815,-8190.3587141767875,30038.382492705117,142878.69616104636,30038.382492705117,137222.56570139894,491,5,0.21023695834155162,0.2726631074814309,0.9604130593879994
les_muscl,6000.0,moving_symmetric,491.72390507287827,-21491.159836161427,29339.43965942802,151486.70632838612,28987.958896599434,141976.3911718212,684,6,0.1936766622665047,0.7325006914116506,0.9372201337855423
les_muscl,6000.0,moving_symmetric,596.0865590566414,-25955.14709736027,26394.93292842512,150323.05243819038,26144.04490272404,136479.46643939143,881,8,0.17558805852002077,0.9833382478274366,0.9079077641502048
les_muscl,6000.0,moving_symmetric,705.6673457395926,-26998.205429593403,26998.205429593403,136621.51656025794,26998.205429593403,120940.67810110214,1015,9,0.197613129390828,1.0,0.8852242395344833
les_muscl,6000.0,moving_symmetric,820.7271717566915,-10142.758169577126,10142.758169577126,136395.36752963756,10142.758169577126,117035.49863062258,1015,9,0.0743629226804436,1.0,0.8580606566802333
les_muscl,6000.0,moving_symmetric,941.5399890746453,-10565.927867880606,10565.927867880606,134092.30833684857,10565.927867880604,117876.13953973084,1015,9,0.07879592796134369,1.0,0.8790671217592759
les_muscl,6000.0,moving_symmetric,1068.3934472584967,-10100.49635151691,10100.49635151691,122752.07667435569,10100.496351516911,107643.92052397807,1015,9,0.08228371059099987,1.0,0.8769213803978447
les_muscl,6000.0,moving_symmetric,1201.5895783515407,-9301.397510933333,9301.397510933333,115342.79780798589,9301.397510933335,102941.5253462362,1015,9,0.08064133771419008,1.0,0.8924833392511043
les_muscl,6000.0,moving_symmetric,1341.445515999237,-10075.968305220114,10075.968305220114,116538.55614067725,10075.968305220113,102569.88747977276,1015,9,0.08646038391840985,1.0,0.8801369338741207
les_muscl,6000.0,moving_symmetric,1488.294250529318,-11738.29770775147,11738.29770775147,123679.64078406546,11738.29770775147,111385.8656364014,1015,9,0.09490889230706595,1.0,0.9005998475599717
les_muscl,6000.0,moving_symmetric,1642.4854217859033,-6078.620615425236,7917.033490746484,132059.46645487944,7758.429621190542,119905.96499028926,562,5,0.059950518529858554,0.7677901858732813,0.9079694792743794
les_muscl,6000.0,moving_symmetric,1804.3861516053175,4676.382764292333,7722.763857851368,138490.09906423837,7633.889246952188,124961.18635182633,244,3,0.055764014251077826,0.6055322745027452,0.9023113363061667
les_muscl,6000.0,moving_symmetric,1974.3819179157026,11727.629190442522,11727.629190442522,133205.36171801714,11727.629190442523,121739.04240499169,0,0,0.08804172023697347,1.0,0.9139199866646619
les_muscl,6000.0,fixed_initial,39.88822936505957,-31292.759468600514,31292.759468600514,71050.27337003074,31292.759468600518,67778.56446109359,1015,9,0.440431232482772,1.0,0.9539521981583652
les_muscl,6000.0,fixed_initial,121.65909956343168,2512.484830576541,15114.96028686996,157280.3074091035,15110.155324730731,148429.00412477675,532,4,0.09610205203601412,0.16622503684373435,0.9437227493375663
les_muscl,6000.0,fixed_initial,207.51851327172238,35189.893936253146,35328.77378651092,170475.77156979922,35323.17941607348,161345.58359741097,78,1,0.20723633312341977,0.996068930920246,0.9464428998425151
les_muscl,6000.0,fixed_initial,297.6708976654277,44852.23935801429,44852.23935801429,173495.9528722351,44852.239358014296,165754.68198217975,0,0,0.25852037823063295,1.0,0.9553806831692718
les_muscl,6000.0,fixed_initial,392.33090127881815,30688.241023639595,30688.241023639595,187049.91732884914,30688.24102363959,180355.51586024484,0,0,0.1640644458007813,1.0,0.9642106151972524
les_muscl,6000.0,fixed_initial,491.72390507287827,-428.0167751093704,15477.943483229405,189511.3931264797,15318.224805639999,178387.33377565045,461,5,0.0816728916815014,0.02765333621828593,0.9413013689187274
les_muscl,6000.0,fixed_initial,596.0865590566414,-30234.90406061588,30624.005626738646,184719.355894365,30509.92548510561,169748.08571291622,866,7,0.16578666311640627,0.9872942301910032,0.9189512646957779
les_muscl,6000.0,fixed_initial,705.6673457395926,-31707.102008679656,31707.102008679656,164568.40895756602,31707.102008679656,147891.07144943328,1015,9,0.19266821748793436,1.0,0.8986601522505271
les_muscl,6000.0,fixed_initial,820.7271717566915,-10147.470425747822,10147.523486723714,143115.94901371474,10147.47042574782,123170.0861475641,1008,9,0.07090421128221902,0.999994771041825,0.8606314460155714
les_muscl,6000.0,fixed_initial,941.5399890746453,-11464.408958042228,11464.408958042228,132490.5816942744,11464.40895804223,115879.84413154724,1015,9,0.08652999187894472,1.0,0.8746270312175329
les_muscl,6000.0,fixed_initial,1068.3934472584967,-15714.38644706193,15714.38644706193,119421.71200595597,15714.386447061934,104309.89621892784,1015,9,0.1315873485910016,1.0,0.8734583893230868
les_muscl,6000.0,fixed_initial,1201.5895783515407,-16006.923950591496,16006.923950591496,111709.00080069713,16006.923950591492,99605.20375959664,1015,9,0.1432912642299062,1.0,0.8916488648690433
les_muscl,6000.0,fixed_initial,1341.445515999237,-15001.630530938792,15001.630530938792,111270.57622738721,15001.630530938792,98102.15306420064,1015,9,0.13482118130027637,1.0,0.8816540400017682
les_muscl,6000.0,fixed_initial,1488.294250529318,-7788.67795629765,9218.39553455088,117500.61657493637,9049.880612748568,105683.26100506049,647,6,0.07845401839803812,0.844906028072391,0.8994272888573369
les_muscl,6000.0,fixed_initial,1642.4854217859033,8106.738311571569,15456.642176538075,119931.64177154793,14328.718044102028,108258.51231703445,245,3,0.12887876750641583,0.5244824987846932,0.9026684761245154
les_muscl,6000.0,fixed_initial,1804.3861516053175,20450.9523519332,21445.241332262296,120149.43375266495,20508.76642629229,108293.8918140371,54,1,0.17848807657644608,0.9536359155430307,0.9013266931991272
les_muscl,6000.0,fixed_initial,1974.3819179157026,17604.802963862847,17604.802963862847,115769.00092592943,17604.802963862847,105470.98941389311,0,0,0.1520683673786443,1.0,0.9110469000365208
les_flux_x,1200.0,moving_end,39.88822936505957,244.96648898499276,244.96648898499276,311.5334240085884,244.96648898499274,293.9775505469317,0,0,0.7863249016203138,1.0,0.9436469023587892
les_flux_x,1200.0,moving_end,121.65909956343168,1216.7737443967806,1216.7737443967806,1458.8251741278214,1216.7737443967806,1406.4079657351913,0,0,0.834077836039706,1.0,0.9640688895953771
les_flux_x,1200.0,moving_end,207.51851327172238,1133.5572042732574,1143.3523958534456,1724.360672448172,1133.5572042732574,1664.697613458604,34,0,0.6630587290245745,0.9914329198804218,0.9653998957742055
les_flux_x,1200.0,moving_end,297.6708976654277,322.19344125270516,783.2413035780619,1665.9241042609212,743.4304118390735,1609.1163126134225,385,3,0.4701542534709544,0.4113591045069212,0.9659001322435986
les_flux_x,1200.0,moving_end,392.33090127881815,-427.851217281177,835.4409199714629,1478.8528698515888,820.4569095400658,1394.8990998317404,605,5,0.5649249746225966,0.5121262402322735,0.9432304783448311
les_flux_x,1200.0,moving_end,491.72390507287827,-942.4647661944152,1058.7345472520574,1418.7797680197887,1056.185947285642,1383.5460012221058,767,6,0.746228957528587,0.8901804221280772,0.9751661479872531
les_flux_x,1200.0,moving_end,596.0865590566414,-1428.5016497824602,1442.2190638412612,1609.9555539532637,1431.54539394716,1589.679287642726,963,8,0.8958129684387102,0.9904886751238292,0.9874056980885285
les_flux_x,1200.0,moving_end,705.6673457395926,-1793.4870255785831,1793.4870255785831,1869.5445203218087,1793.4870255785831,1852.4010055879048,1015,9,0.959317633831938,1.0,0.9908301115338227
les_flux_x,1200.0,moving_end,820.7271717566915,-1588.3665353235501,1588.3665353235501,1738.8429846334036,1588.3665353235504,1675.4601867637732,1015,9,0.9134617382709929,1.0,0.963548866441789
les_flux_x,1200.0,moving_end,941.5399890746453,-1286.707653293356,1286.7090849951542,1521.550296278284,1286.7076532933559,1436.8333594442677,1010,9,0.8456566228158531,0.9999988873150778,0.9443219609360045
les_flux_x,1200.0,moving_end,1068.3934472584967,-1020.927336366811,1020.927336366811,1475.451981406046,1020.9273363668109,1382.0911811726396,1015,9,0.6919420958680802,1.0,0.9367239317782221
les_flux_x,1200.0,moving_end,1201.5895783515407,-875.9822063906288,875.9822063906288,1551.7177896999644,875.9822063906287,1466.9086752375676,1015,9,0.5645241758554602,1.0,0.9453450137484115
les_flux_x,1200.0,moving_end,1341.445515999237,-780.2047915579737,780.5979873370507,1688.0096976700843,780.2047915579735,1573.4532093801104,1009,9,0.4624369092277667,0.9994962890175796,0.9321351717066002
les_flux_x,1200.0,moving_end,1488.294250529318,-756.1928892108899,756.1928892108899,1942.0918700647549,756.1928892108901,1809.8419029961021,1015,9,0.38937029749559493,1.0,0.931903341388148
les_flux_x,1200.0,moving_end,1642.4854217859033,-502.70847589134576,589.244812798682,1977.0650567453526,502.70847589134576,1701.8689488651642,901,9,0.2980401736342949,0.8531402652552467,0.8608057398307283
les_flux_x,1200.0,moving_end,1804.3861516053175,-55.65605194575775,440.57718952234586,1974.9253599410688,322.1479858411532,1661.4404519032344,616,6,0.22308548892981583,0.12632531431347493,0.84126746539566
les_flux_x,1200.0,moving_end,1974.3819179157026,450.64495657842633,538.037325904989,2019.6927447906,535.3057335938853,1781.9839338841423,369,4,0.26639563235187647,0.8375719209079648,0.8823044685784108
les_flux_x,1200.0,moving_symmetric,39.88822936505957,247.19823964371597,247.19823964371597,366.4777373726722,247.19823964371597,342.5778749185889,0,0,0.6745245738961202,1.0,0.9347849541272968
les_flux_x,1200.0,moving_symmetric,121.65909956343168,1020.5337652000514,1020.5337652000514,1482.3032758681268,1020.5337652000514,1435.9927366407655,0,0,0.6884783848314475,1.0,0.968757716466464
les_flux_x,1200.0,moving_symmetric,207.51851327172238,1192.865447260689,1192.865447260689,1661.7112580218777,1192.865447260689,1603.22798456052,0,0,0.7178536231864321,1.0,0.9648053937294877
les_flux_x,1200.0,moving_symmetric,297.6708976654277,566.1899297964966,721.6463095559886,1509.6094928474831,598.9551556780259,1453.2486851215742,188,2,0.47803508985280146,0.7845809260007987,0.962665306496186
les_flux_x,1200.0,moving_symmetric,392.33090127881815,-170.65263681655875,635.6454497377301,1319.6282654865456,621.9854235814926,1236.1384341266332,563,4,0.4816852339119671,0.26847142048601264,0.9367323104972067
les_flux_x,1200.0,moving_symmetric,491.72390507287827,-704.6630828340645,829.4243845283352,1225.9886821655866,817.5002247274489,1185.868495069139,736,6,0.6765351072109734,0.8495808611110246,0.9672752386053195
les_flux_x,1200.0,moving_symmetric,596.0865590566414,-1145.6859075048626,1157.183671624188,1359.597005253681,1147.4358612600759,1331.5979963386649,963,8,0.8511225511329179,0.9900640110975749,0.9794063911535376
les_flux_x,1200.0,moving_symmetric,705.6673457395926,-1540.8231447422895,1540.8231447422895,1650.472109101263,1540.8231447422895,1630.6065470258955,1015,9,0.9335650910098197,1.0,0.9879637093133401
les_flux_x,1200.0,moving_symmetric,820.7271717566915,-1515.939567045862,1515.939567045862,1644.9113472182853,1515.9395670458616,1599.1456441093362,1015,9,0.9215934765174258,1.0,0.9721774044623477
les_flux_x,1200.0,moving_symmetric,941.5399890746453,-1289.7417552824277,1289.7419702597576,1481.542640461734,1289.741755282428,1419.2894626610673,1013,9,0.8705398920261922,0.9999998333175667,0.9579808396326244
les_flux_x,1200.0,moving_symmetric,1068.3934472584967,-998.1989352505618,998.1989352505618,1394.631504512969,998.1989352505619,1318.8652074257313,1015,9,0.71574385923481,1.0,0.94567289148276
les_flux_x,1200.0,moving_symmetric,1201.5895783515407,-776.4523582416086,776.4523582416086,1396.7752593247292,776.4523582416086,1323.3191106100721,1015,9,0.555889254952142,1.0,0.9474101876989364
les_flux_x,1200.0,moving_symmetric,1341.445515999237,-564.1804819918306,564.4469513276294,1452.5026601098907,564.1804819918304,1345.9154913086477,1009,9,0.38860304137751156,0.9995279107537526,0.9266182625832995
les_flux_x,1200.0,moving_symmetric,1488.294250529318,-473.91007055879356,473.91007055879356,1745.7977695419515,473.9100705587937,1629.7692678528633,1015,9,0.2714575988278037,1.0,0.9335384065019565
les_flux_x,1200.0,moving_symmetric,1642.4854217859033,-283.574573181008,334.91659165972743,1891.315455102125,284.62180787300105,1701.1158897990927,887,8,0.17708129585481708,0.8467020752113634,0.8994353031960169
les_flux_x,1200.0,moving_symmetric,1804.3861516053175,28.41199304658987,288.0477660040112,2002.6855987430822,285.2278432431491,1796.1941909078714,463,6,0.143830747165104,0.09863639437562666,0.8968927484349974
les_flux_x,1200.0,moving_symmetric,1974.3819179157026,411.12318826876555,469.6213103843223,2077.8196323661837,464.26822111029406,1916.9197308656344,322,4,0.22601639866571382,0.8754355459983623,0.9225631046149471
les_flux_x,1200.0,fixed_initial,39.88822936505957,-422.2411516242807,930.6102348053956,1430.1792249074806,928.3675675156967,1361.9720026623145,330,3,0.6506948350236297,0.45372502454002944,0.9523086190476732
les_flux_x,1200.0,fixed_initial,121.65909956343168,-1299.8911593815335,1818.4128213858717,2504.4163341088065,1787.0265488249656,2421.5285376243396,577,5,0.7260824794264695,0.7148493147946703,0.9669033477558905
les_flux_x,1200.0,fixed_initial,207.51851327172238,172.35694231178036,611.0361511187391,1063.1853631730391,609.318853710455,1036.1763361117826,506,5,0.5747221249313698,0.28207323248585864,0.9745961259467972
les_flux_x,1200.0,fixed_initial,297.6708976654277,342.5637790482549,368.917184709627,835.8090593788442,367.6600767960444,812.0276627246711,290,3,0.4413893108358966,0.9285655243137705,0.971546854646626
les_flux_x,1200.0,fixed_initial,392.33090127881815,273.87057458859874,322.04659828728956,742.6748440374868,303.0999137849055,701.8850758547795,121,2,0.43363068087308765,0.8504066679949396,0.9450772185025721
les_flux_x,1200.0,fixed_initial,491.72390507287827,292.64620825918485,293.3117249023462,669.7066007848169,292.6462082591848,620.4443176191533,15,0,0.43797048522236387,0.9977310261177491,0.9264419924965139
les_flux_x,1200.0,fixed_initial,596.0865590566414,230.35938701835207,276.971410063482,645.1712938878825,258.99368483569566,591.0291130921917,442,4,0.4292990290910462,0.8317081787089634,0.9160809209761592
les_flux_x,1200.0,fixed_initial,705.6673457395926,123.89703859695143,459.96493734773605,825.9865108603697,459.8681383243054,750.1075117385793,522,4,0.5568673716821649,0.26936191987017605,0.9081353047245859
les_flux_x,1200.0,fixed_initial,820.7271717566915,126.69047795990235,563.3997119982891,1037.4489544804728,563.0374263922223,942.3918166259289,574,5,0.543062585937469,0.22486784295744736,0.9083741542713819
les_flux_x,1200.0,fixed_initial,941.5399890746453,58.91575133412587,491.16637483945544,1076.946980491366,489.47118237077143,1016.8971765886239,600,5,0.45607293927817755,0.11995070174212008,0.9442407054474085
les_flux_x,1200.0,fixed_initial,1068.3934472584967,17.840299805426582,352.7499030439744,1049.483597283222,327.1117089480628,974.3401212677948,735,6,0.3361175953174793,0.05057492475966061,0.9283995707889577
les_flux_x,1200.0,fixed_initial,1201.5895783515407,124.57353953358094,203.5942916276345,986.011683032146,196.9107214213101,915.2508536121554,535,5,0.20648263619103274,0.6118714750677822,0.9282353032548362
les_flux_x,1200.0,fixed_initial,1341.445515999237,515.0870840211708,518.9016325127762,1063.3019466931057,517.6923707015526,1014.5700780830645,143,1,0.4880096703730983,0.9926488022919998,0.9541693036849989
les_flux_x,1200.0,fixed_initial,1488.294250529318,938.8937984710179,947.7694287485896,1221.0743621687952,942.8927850019694,1193.0426906661658,142,1,0.7761766671320667,0.990635243121008,0.9770434361975782
les_flux_x,1200.0,fixed_initial,1642.4854217859033,1348.0895654506705,1365.5393672460998,1493.4656989718374,1364.4432885207968,1472.1183307415724,185,2,0.914342638191284,0.9872213118025147,0.9857061543194723
les_flux_x,1200.0,fixed_initial,1804.3861516053175,1554.5200029706389,1572.57474572603,1686.080151419962,1571.6500212853591,1669.6383476899723,178,2,0.932680895627446,0.9885189923057962,0.9902485040725122
les_flux_x,1200.0,fixed_initial,1974.3819179157026,1662.703284813564,1675.7732558190864,1918.7032220526617,1674.9144903865026,1886.1892475962657,186,2,0.8733884618311712,0.9922006327764588,0.9830541930181302
les_flux_x,2400.0,moving_end,39.88822936505957,938.4157444830588,938.4157444830588,2005.8324886534574,938.4157444830587,1923.0524716932905,0,0,0.4678435262124157,1.0,0.958730343920325
les_flux_x,2400.0,moving_end,121.65909956343168,1547.5090640709348,1737.5057538414994,6033.708552106125,1719.7878756546418,5847.581834610171,169,1,0.28796647017943977,0.8906497493027026,0.9691521862734015
les_flux_x,2400.0,moving_end,207.51851327172238,-407.39739697018024,1810.2260290603995,6793.743096195029,1809.1508242719265,6534.295447925848,598,5,0.26645488406446405,0.22505333059520774,0.961810794933578
les_flux_x,2400.0,moving_end,297.6708976654277,-916.7681293361098,1433.0574344957604,7026.269144092799,1426.1223022305578,6799.255154291195,617,5,0.2039570937444911,0.6397288114685273,0.9676906783463509
les_flux_x,2400.0,moving_end,392.33090127881815,-1619.1858626523776,1788.990096194531,7419.750224998201,1771.8610985517757,7213.214262732415,747,6,0.24111190295424867,0.905083748700815,0.9721640276285937
les_flux_x,2400.0,moving_end,491.72390507287827,-2586.1453767132703,2599.896705520617,7380.042450654619,2586.14537671327,7233.122464201813,916,9,0.352287500092903,0.994710817249721,0.9800922572688219
les_flux_x,2400.0,moving_end,596.0865590566414,-2916.9591777403275,2916.9591777403275,7963.988783626163,2916.959177740327,7767.545508977944,1015,9,0.3662686195311513,1.0,0.9753335570923828
les_flux_x,2400.0,moving_end,705.6673457395926,-2415.826567334413,2457.8664125025907,8355.535190147772,2435.830836019297,8016.159842756153,899,8,0.29416026102082904,0.9828957973654179,0.959383170596686
les_flux_x,2400.0,moving_end,820.7271717566915,-2223.2103565456327,2335.351188089297,7653.1654455740445,2330.19365081259,7205.895209976657,842,7,0.3051483996651177,0.951981170063157,0.9415574850983979
les_flux_x,2400.0,moving_end,941.5399890746453,-2379.4136073675195,2486.865434500247,6983.684926224744,2486.865434500247,6642.745874733983,811,7,0.35609645348714236,0.9567922632073091,0.9511806367136516
les_flux_x,2400.0,moving_end,1068.3934472584967,-3146.565443651808,3150.6748739724912,6838.605708201097,3148.7647401269405,6501.307095842703,930,8,0.4607188962794113,0.9986956983868343,0.9506772832430018
les_flux_x,2400.0,moving_end,1201.5895783515407,-3232.4604294064193,3261.38221794938,6931.209894698724,3232.4604294064193,6478.218732176361,933,9,0.4705357747777657,0.9911320456756689,0.9346447201276029
les_flux_x,2400.0,moving_end,1341.445515999237,-1357.705457626534,3083.317214086025,8363.291601654686,2695.537677645636,7926.971463710077,598,5,0.368672690245069,0.4403392072096588,0.9478291372910778
les_flux_x,2400.0,moving_end,1488.294250529318,782.538520541332,3632.7006458360765,10868.498305795123,3609.4972293080405,10207.756295014335,472,5,0.33424126715823355,0.21541508558881775,0.9392057676975964
les_flux_x,2400.0,moving_end,1642.4854217859033,444.55969574517303,4359.498652578872,14162.565395059859,4355.057454276398,13015.876863811367,438,4,0.3078184305577532,0.10197495885959104,0.9190338403204495
les_flux_x,2400.0,moving_end,1804.3861516053175,-1820.1924952984914,4600.667585582344,16933.691986679518,4552.192835690608,15633.637112681774,478,4,0.27168721323154743,0.39563660304488063,0.9232267319483312
les_flux_x,2400.0,moving_end,1974.3819179157026,-3717.9409369661857,4893.443735778706,18387.962391067114,4869.643060082706,17670.66717425358,723,6,0.26612213097389975,0.7597800521915148,0.9609910439472077
les_flux_x,2400.0,moving_symmetric,39.88822936505957,1063.2914443633067,1063.2914443633067,2263.9342176269793,1063.2914443633065,2159.4913901268947,0,0,0.4696653445513237,1.0,0.9538666686130307
les_flux_x,2400.0,moving_symmetric,121.65909956343168,1686.0928940031295,1721.6429414831168,6568.1957450229365,1686.09289400313,6375.557906031878,92,0,0.26211809274833126,0.9793510915513279,0.9706711178428216
les_flux_x,2400.0,moving_symmetric,207.51851327172238,-386.85838365305233,1756.1038768448248,6852.82406894005,1749.5472230297746,6570.877159102542,621,5,0.25625988047821685,0.22029356506411063,0.9588568293887167
les_flux_x,2400.0,moving_symmetric,297.6708976654277,-1171.8967594828564,1677.4985538154676,6771.6268445793385,1673.4045796624523,6503.32073281088,640,5,0.24772460035335508,0.6985977763243845,0.9603778947176872
les_flux_x,2400.0,moving_symmetric,392.33090127881815,-1786.626733733054,1857.8623309938525,7132.318622408067,1843.9921802363585,6898.845079781962,888,8,0.26048504411410983,0.9616572250417007,0.9672654076484208
les_flux_x,2400.0,moving_symmetric,491.72390507287827,-2743.910929158243,2743.910929158243,7130.6198196765035,2743.9109291582436,6973.918442659023,1015,9,0.3848067907906955,1.0,0.9780241576496516
les_flux_x,2400.0,moving_symmetric,596.0865590566414,-3248.2285512515855,3248.2285512515855,7570.984549779791,3248.228551251586,7379.933980798648,1015,9,0.42903647866327543,1.0,0.9747654261179677
les_flux_x,2400.0,moving_symmetric,705.6673457395926,-2639.2473128125134,2650.290906534758,8275.855787821512,2643.5585132587244,7946.588163479422,937,8,0.32024372759550046,0.9958330635723743,0.9602134651951487
les_flux_x,2400.0,moving_symmetric,820.7271717566915,-2186.510951634855,2294.144554438576,7980.703156877901,2271.435027938587,7538.382316420262,847,7,0.2874614566338612,0.9530833388003044,0.9445762069127406
les_flux_x,2400.0,moving_symmetric,941.5399890746453,-2159.8718174378064,2271.411809041203,7337.480256688687,2270.412732918496,6946.325061086902,766,6,0.3095629193646734,0.9508939809331716,0.946690800940116
les_flux_x,2400.0,moving_symmetric,1068.3934472584967,-2707.9267808937884,2712.7054586705967,6930.3568830072545,2711.8646344758267,6547.866578896653,931,8,0.39142363149031456,0.9982384089059377,0.9448094361419624
les_flux_x,2400.0,moving_symmetric,1201.5895783515407,-2859.7185819050724,2859.788821400527,6841.502956293136,2859.7185819050724,6472.498092820533,1006,9,0.4180059322739836,0.9999754389222977,0.9460637719767153
les_flux_x,2400.0,moving_symmetric,1341.445515999237,-1600.6780571877312,2325.1855019990844,7737.182885068051,1885.6812231809245,7323.10772908389,650,5,0.30052094367401444,0.6884087552634162,0.9464824391338503
les_flux_x,2400.0,moving_symmetric,1488.294250529318,70.29812707209771,2616.9052193484163,9543.46992805806,2593.900950832156,8958.236586104473,506,5,0.2742089867810705,0.02686307725336772,0.9386770905797077
les_flux_x,2400.0,moving_symmetric,1642.4854217859033,318.55228521664844,3348.275093798936,12326.751827968641,3348.2750937989354,11404.808486564441,431,4,0.27162671403847893,0.09513922132820354,0.9252079254721128
les_flux_x,2400.0,moving_symmetric,1804.3861516053175,-816.5826969537231,4218.937914272664,15088.572541463553,4200.747888640613,14075.670267560141,417,4,0.27961146773022955,0.19355172167649695,0.9328695758912948
les_flux_x,2400.0,moving_symmetric,1974.3819179157026,-2022.0119168071087,3881.0225920459193,16733.686193444995,3843.8708130917066,16061.371336452014,464,4,0.2319287302977041,0.5209997800453888,0.9598226685249814
les_flux_x,2400.0,fixed_initial,39.88822936505957,1919.8416202817546,2011.7177474665707,5042.124578853462,1930.1977164852929,4852.163844553768,52,1,0.3989821584146616,0.9543295140182965,0.9623252596541577
les_flux_x,2400.0,fixed_initial,121.65909956343168,3221.1338031582472,4067.3698734616455,11056.035323517073,4064.4294698006543,10704.530886675639,146,2,0.3678868377717665,0.7919451398249193,0.9682070085201558
les_flux_x,2400.0,fixed_initial,207.51851327172238,-801.8295494543759,1796.0687025263906,7626.120526720143,1773.0339244198333,7322.5347397773985,581,6,0.23551538376995038,0.4464359009911505,0.9601913206224514
les_flux_x,2400.0,fixed_initial,297.6708976654277,-736.2387220996409,2243.242086606916,6789.530704542564,2225.8000785665713,6558.306925450481,574,5,0.3303972224628229,0.32820297305194607,0.965944070488203
les_flux_x,2400.0,fixed_initial,392.33090127881815,-658.4665156360606,2865.440234794007,8335.209916865075,2864.0356333138643,8079.725644678642,516,4,0.3437754133817565,0.2297959341955694,0.9693487896844089
les_flux_x,2400.0,fixed_initial,491.72390507287827,-1661.3780354107953,2642.014182563987,8089.881034788836,2628.2008442499155,7828.685277527617,563,5,0.32658257534351365,0.6288300972701377,0.9677132758642554
les_flux_x,2400.0,fixed_initial,596.0865590566414,-1997.0696136889785,3044.9135085404796,7846.026856316784,3019.9412090751102,7577.986193157138,643,5,0.3880834929960812,0.6558707195089541,0.9658374017743964
les_flux_x,2400.0,fixed_initial,705.6673457395926,-1612.2553170169795,2734.118699337177,8103.676265659396,2692.496697929259,7779.028152514275,604,6,0.33739238954095874,0.5896800740245232,0.9599381684926298
les_flux_x,2400.0,fixed_initial,820.7271717566915,-1516.506880305034,2073.350500487878,7611.23241185074,2035.4105409916833,7149.168119805245,564,5,0.27240667322937834,0.731428130433415,0.9392917904692992
les_flux_x,2400.0,fixed_initial,941.5399890746453,-1497.9477468606206,1617.475684885755,6578.6136863850625,1612.8437602456524,6169.738144878656,790,7,0.2458687744856098,0.9261021731936718,0.937847765350228
les_flux_x,2400.0,fixed_initial,1068.3934472584967,-805.2234502470553,1168.3881583984964,5985.920027974889,1130.157982974056,5737.728451233865,687,6,0.19518940328940154,0.6891746073075329,0.9585374385923777
les_flux_x,2400.0,fixed_initial,1201.5895783515407,454.0041044861426,1524.687084344328,6011.11799157637,1518.2802997289352,5831.909129061539,678,6,0.2536445111343573,0.2977687088373161,0.9701870995102801
les_flux_x,2400.0,fixed_initial,1341.445515999237,619.3384373796604,1453.3707311840826,6013.427296705999,1451.1204329758873,5793.966772858689,454,3,0.24168758670786655,0.42613933533330217,0.963504917741747
les_flux_x,2400.0,fixed_initial,1488.294250529318,87.76387917847728,1313.1667791316222,6671.151534989029,1297.0779558490049,6483.798402251053,407,3,0.19684259490198822,0.0668337644335735,0.9719159230973331
les_flux_x,2400.0,fixed_initial,1642.4854217859033,167.18648123795776,1430.7750359671916,7783.883437923577,1406.3100901221767,7407.981051364338,362,2,0.1838124950582333,0.1168502923486788,0.9517076033374525
les_flux_x,2400.0,fixed_initial,1804.3861516053175,654.135306612963,1612.6736875514412,9325.211221579173,1544.9615415481721,8788.79246320349,318,2,0.1729369608078801,0.4056216156203003,0.9424765031451112
les_flux_x,2400.0,fixed_initial,1974.3819179157026,1121.560367346639,1584.5082868910285,11020.934789340034,1399.0641579312346,10377.086945705287,262,2,0.14377258528229742,0.707828653611688,0.9415795614490428
les_flux_x,4200.0,moving_end,39.88822936505957,1339.1579441859544,1339.1579441859544,6993.9858257920605,1339.1579441859546,6651.03277834933,0,0,0.19147278498155898,1.0,0.9509645778551615
les_flux_x,4200.0,moving_end,121.65909956343168,2787.7860359874417,2788.957842902152,22538.720691254304,2787.786035987442,21789.78326055484,30,0,0.12374073405081731,0.9995798405781956,0.9667710762754128
les_flux_x,4200.0,moving_end,207.51851327172238,-1065.0610722220606,2664.0909696291665,23999.42260122716,2621.4900005000995,22998.115392394073,537,5,0.11100646102598083,0.39978404805385226,0.9582778625356642
les_flux_x,4200.0,moving_end,297.6708976654277,-1862.703833497445,4321.051622007939,24345.59925791734,4256.330331389239,23404.93071836971,565,5,0.1774879959302175,0.4310765055456268,0.9613618654615076
les_flux_x,4200.0,moving_end,392.33090127881815,120.236608689881,6312.895566409341,28420.62281450368,6312.895566409342,27736.150075977697,431,4,0.2221237587794075,0.019046190044653213,0.97591633571884
les_flux_x,4200.0,moving_end,491.72390507287827,1642.458737056446,6653.399167154021,29595.219341080578,6644.568610264673,28746.978387971947,331,3,0.22481330820611828,0.24686009298296838,0.9713385819739068
les_flux_x,4200.0,moving_end,596.0865590566414,802.5435828903687,4730.67846297789,28902.723154154854,4730.123929062988,28036.023993107465,321,3,0.16367587364507005,0.16964661394154015,0.9700132352088492
les_flux_x,4200.0,moving_end,705.6673457395926,-2816.6216727579017,2859.401549963258,26077.658346541895,2816.6216727579003,24631.504825924156,896,9,0.10964947511640505,0.9850388703867402,0.9445443489825646
les_flux_x,4200.0,moving_end,820.7271717566915,-3201.1011331545888,3201.1011331545888,24931.379878574517,3201.1011331545897,23063.875036823476,1015,9,0.12839646857675716,1.0,0.9250942045387575
les_flux_x,4200.0,moving_end,941.5399890746453,-870.5360087922799,2275.9653007655693,24855.472816148278,2252.5210032310115,23311.968952629402,482,5,0.09156797448998452,0.38249089671949593,0.937900844818527
les_flux_x,4200.0,moving_end,1068.3934472584967,-1052.2206354606442,1595.1551922992912,26841.609649755588,1584.7221231481426,25013.537490973868,758,7,0.05942844758990883,0.6596352759532761,0.9318940934379334
les_flux_x,4200.0,moving_end,1201.5895783515407,-5868.31420778593,5920.41796849851,31736.666250731338,5920.417968498509,29943.31344152991,946,8,0.18654820017090107,0.9911993104220319,0.9434927161210545
les_flux_x,4200.0,moving_end,1341.445515999237,-9238.85863384829,9418.42902914375,39848.18623135605,9418.429029143748,37840.53662565464,946,8,0.23635778488036938,0.980934145732817,0.9496175410834229
les_flux_x,4200.0,moving_end,1488.294250529318,-6032.075849713381,6980.45534258694,53837.99491031404,6265.426013990699,51060.2387690977,760,8,0.12965667377128964,0.8641378754925045,0.9484052824433068
les_flux_x,4200.0,moving_end,1642.4854217859033,485.69069551055,3403.9141789042183,70358.59287678773,2784.026512488298,67069.21515538504,375,3,0.04837950902266006,0.14268594035672857,0.9532483867725572
les_flux_x,4200.0,moving_end,1804.3861516053175,1693.9607716972719,3011.637119098027,83137.44156040045,2576.0834866918085,79311.8584855054,350,3,0.036224799110639375,0.5624717403551615,0.9539848351946734
les_flux_x,4200.0,moving_end,1974.3819179157026,-4030.3273880380793,5006.129612945146,82422.31432667698,4924.60718864465,78716.39715399533,732,7,0.06073755212822084,0.8050785136717636,0.9550374531101685
les_flux_x,4200.0,moving_symmetric,39.88822936505957,1351.2999413830041,1351.2999413830041,7547.27071911553,1351.2999413830041,7185.694812253491,0,0,0.1790448483529903,1.0,0.952091832886523
les_flux_x,4200.0,moving_symmetric,121.65909956343168,2649.945423454191,2664.568188937834,24622.44322995891,2664.568188937834,23727.245770026086,69,1,0.10821705076349893,0.9945121443900927,0.9636430287777612
les_flux_x,4200.0,moving_symmetric,207.51851327172238,-1431.4825596652063,2834.2765378016325,25170.32685372881,2617.2736625310063,24084.082795766342,607,5,0.11260388290832839,0.5050610060708882,0.9568442609317349
les_flux_x,4200.0,moving_symmetric,297.6708976654277,-1884.098825364213,4058.7255878599863,24874.39547282845,3808.3695333302326,23854.20948897911,605,5,0.16316881317954182,0.4642094629407128,0.9589865014020647
les_flux_x,4200.0,moving_symmetric,392.33090127881815,136.8154844818423,5538.006246511254,29128.407290181694,5490.51470093436,28372.0158079676,381,4,0.19012389490921286,0.024704826681629544,0.9740325149027612
les_flux_x,4200.0,moving_symmetric,491.72390507287827,1542.1694584517309,5973.501839150304,30863.89199602445,5965.276992666288,29924.35665073212,331,3,0.19354337553798287,0.2581684077410606,0.9695587534646197
les_flux_x,4200.0,moving_symmetric,596.0865590566414,376.0916658431647,4126.576452573055,30327.20478489911,4119.81826257914,29352.58287134621,333,3,0.13606847323521915,0.0911389065889375,0.9678631143072508
les_flux_x,4200.0,moving_symmetric,705.6673457395926,-3148.8659325881636,3148.8659325881636,27546.95066117695,3148.865932588163,26034.113259584883,1015,9,0.11430905624795669,1.0,0.9450814930407462
les_flux_x,4200.0,moving_symmetric,820.7271717566915,-3438.3152998200076,3438.3152998200076,26090.901561046394,3438.3152998200076,23998.279952426885,1015,9,0.13178215753776013,1.0,0.9197949674631487
les_flux_x,4200.0,moving_symmetric,941.5399890746453,-936.0206298040405,2214.266408235345,25814.81179963894,2212.7858320621517,24044.771279618155,527,5,0.08577503587557879,0.4227226797655302,0.9314331425788065
les_flux_x,4200.0,moving_symmetric,1068.3934472584967,-1315.2615693076218,1510.1021968385467,27352.362667770918,1428.9003766797998,25432.009249780484,808,7,0.05520920496633692,0.8709752042352956,0.9297920460723792
les_flux_x,4200.0,moving_symmetric,1201.5895783515407,-5232.062661480646,5296.344522492684,30939.52386292787,5296.3445224926845,29075.559711522834,946,8,0.17118377599982498,0.9878629759187599,0.9397545948133204
les_flux_x,4200.0,moving_symmetric,1341.445515999237,-8285.252987009411,8794.676130424674,37926.038226302626,8794.676130424676,36078.059813925494,811,7,0.23189018789537982,0.9420759632463391,0.9512741509843358
les_flux_x,4200.0,moving_symmetric,1488.294250529318,-7121.481878080758,7828.240300277112,49815.368111389995,7827.450531418328,47099.41507573234,806,7,0.15714508588539827,0.90971682075583,0.9454796152547817
les_flux_x,4200.0,moving_symmetric,1642.4854217859033,-2403.5122996866467,3631.676730430438,65235.55067439962,2969.351001276259,62095.14613260815,653,7,0.05567020884910866,0.6618189002196169,0.9518605344888449
les_flux_x,4200.0,moving_symmetric,1804.3861516053175,-1180.0093302930597,3031.3845362747197,77972.27916978905,2136.450189070084,74202.66173720123,720,6,0.03887772126903856,0.3892641518001467,0.9516543895763356
les_flux_x,4200.0,moving_symmetric,1974.3819179157026,-4841.139063834275,5474.931964541969,79372.72856461711,5343.28789307685,75821.65553257056,799,8,0.06897749470820878,0.8842373010637553,0.9552607917572642
les_flux_x,4200.0,fixed_initial,39.88822936505957,-413.58501048291106,1153.0548908121095,14206.290452291823,1039.5115955692386,13656.087061216109,229,3,0.08116509335666112,0.35868631561123554,0.9612704391112211
les_flux_x,4200.0,fixed_initial,121.65909956343168,121.87987259679755,2437.077118814835,41868.34703792161,2402.9952791376,40365.033996040765,389,4,0.05820810448063522,0.05001067535198412,0.9640942824774228
les_flux_x,4200.0,fixed_initial,207.51851327172238,-5233.684763142397,5854.0932856013205,37116.55606974347,5854.032870610588,35807.63797342701,747,6,0.15772188762883196,0.894021415069542,0.9647349260029149
les_flux_x,4200.0,fixed_initial,297.6708976654277,-5269.589687524452,6374.542451351218,30221.09660548718,6341.429216481283,29018.481268462703,718,6,0.21093021654925012,0.8266616353629352,0.9602060986494408
les_flux_x,4200.0,fixed_initial,392.33090127881815,-2568.5904611397577,3951.0688948708294,35614.59231432877,3726.042436827425,34694.49584065415,653,6,0.11093960756308309,0.6501001449188174,0.9741651830363802
les_flux_x,4200.0,fixed_initial,491.72390507287827,-2371.581654160378,4062.3687966170864,40531.61927040512,3801.8515553627867,39579.13479436247,631,6,0.10022715276967227,0.5837927999386217,0.9765002116079256
les_flux_x,4200.0,fixed_initial,596.0865590566414,-5967.610761695927,6306.203798729184,39943.41167979984,6249.534399954303,38836.68388837581,704,6,0.15787844687083535,0.9463079456611456,0.9722926073442112
les_flux_x,4200.0,fixed_initial,705.6673457395926,-7381.312750681244,7381.312750681244,33860.02032276273,7381.312750681244,32276.182457263763,1015,9,0.21799492972303638,1.0,0.9532239540791352
les_flux_x,4200.0,fixed_initial,820.7271717566915,-4502.57483081891,4560.217964942821,27696.51633704845,4545.623546810314,25671.46817241434,866,7,0.16464951438108522,0.9873595660192016,0.926884372749605
les_flux_x,4200.0,fixed_initial,941.5399890746453,-3461.5253093259957,3733.41662533521,26719.761343277514,3557.167404744956,25059.72893727537,860,8,0.13972492408786086,0.9271735937092737,0.9378724837892388
les_flux_x,4200.0,fixed_initial,1068.3934472584967,-5759.661680199688,5759.661680199688,28883.903538040075,5759.661680199689,27161.813346456067,1015,9,0.19940731600263858,1.0,0.9403788968718851
les_flux_x,4200.0,fixed_initial,1201.5895783515407,-4214.213108637564,5318.223443789478,27077.458168577097,5084.488167672599,25424.556618203653,657,6,0.19640777988390284,0.7924099378635253,0.9389565468042489
les_flux_x,4200.0,fixed_initial,1341.445515999237,-780.4023690413637,5433.858848117563,26185.73176625296,5430.400225312042,24780.16304632597,500,5,0.2075122015539961,0.1436184470105837,0.9463231070846596
les_flux_x,4200.0,fixed_initial,1488.294250529318,589.3600610367976,5951.052808421519,30411.515535753453,5895.570252019761,28663.244177742585,404,4,0.19568419079362007,0.09903458766199753,0.942512849911886
les_flux_x,4200.0,fixed_initial,1642.4854217859033,68.02064950586669,5585.354971715457,36888.05294929691,5328.080798896505,35154.432699415804,379,4,0.15141365632370454,0.012178393289294409,0.953003205339572
les_flux_x,4200.0,fixed_initial,1804.3861516053175,-3853.1803778510057,4941.610514262284,45434.02841920221,4482.143509693411,43224.83639849896,865,8,0.10876452487699208,0.7797418203498853,0.951375827819627
les_flux_x,4200.0,fixed_initial,1974.3819179157026,-7731.242607750253,7731.242607750253,54135.59873357667,7731.242607750252,52221.00663213835,1015,9,0.1428125445845505,1.0,0.9646333993485358
les_flux_x,6000.0,moving_end,39.88822936505957,-785.3967506110176,1013.1254617058172,16383.072465173926,1009.3784404420746,15800.294241375796,320,3,0.061839771743636834,0.7752216090676778,0.9644280262425158
les_flux_x,6000.0,moving_end,121.65909956343168,-4370.4769728164665,4374.373548291837,52572.031202508835,4372.387793902546,50688.44336605672,927,8,0.08320723868251612,0.9991092266281437,0.9641712942534695
les_flux_x,6000.0,moving_end,207.51851327172238,-6836.347195139233,6996.8191080916295,55279.5434974454,6994.866350927825,53514.82152560235,832,8,0.12657157902208382,0.9770650190503261,0.9680764011387938
les_flux_x,6000.0,moving_end,297.6708976654277,-9611.16097271966,9611.16097271966,51888.81678301847,9611.16097271966,50178.03873013298,1015,9,0.18522605772473658,1.0,0.9670299274689692
les_flux_x,6000.0,moving_end,392.33090127881815,-9706.155838509289,9876.079154379606,63975.41128469515,9876.079154379604,62591.85084034311,811,7,0.15437304670743496,0.9827944558549874,0.9783735592070664
les_flux_x,6000.0,moving_end,491.72390507287827,-9146.183014702525,10353.156842030838,69736.34759439317,10353.156842030838,68181.53074816299,745,6,0.14846141501771504,0.8834197292918092,0.9777043550477658
les_flux_x,6000.0,moving_end,596.0865590566414,-8368.424616437882,9647.852837266237,67179.53670592172,9647.852837266235,65363.00712043446,745,6,0.14361297071010912,0.8673872578273192,0.9729600757230714
les_flux_x,6000.0,moving_end,705.6673457395926,-5970.355518057192,6968.047806311747,57097.33679238221,6824.208952635128,54633.07527255463,559,5,0.12203805287187068,0.8568189662317137,0.9568410427129352
les_flux_x,6000.0,moving_end,820.7271717566915,-2147.4914064877885,3333.31918258481,49842.042672116004,3301.6866657514183,46503.66638034219,574,5,0.06687765998101089,0.6442501569329236,0.9330208772996084
les_flux_x,6000.0,moving_end,941.5399890746453,-1645.5326922846837,1655.2452009934673,52289.73345030934,1655.2452009934666,49196.30991906797,946,8,0.03165526178415957,0.9941322840247752,0.940840709502162
les_flux_x,6000.0,moving_end,1068.3934472584967,-827.9117360886013,1154.23167737021,52638.15446388729,1152.623428671206,49782.87095140766,701,5,0.02192766234162099,0.7172838454537196,0.9457563901781832
les_flux_x,6000.0,moving_end,1201.5895783515407,-488.69212530706164,1188.8825367181976,57631.19195715261,1188.8429253981155,54511.048454392614,687,5,0.020629150575301354,0.41105164742014966,0.9458601601528606
les_flux_x,6000.0,moving_end,1341.445515999237,-716.1008492954218,1434.5648309025953,70343.90884967931,1421.8671466659125,67322.7131761004,703,8,0.020393589926430925,0.49917635917846076,0.957051069197263
les_flux_x,6000.0,moving_end,1488.294250529318,-3034.8578522894677,3437.7166857760294,92785.79021528142,3427.367488544528,88110.6352198298,729,7,0.03705003403861567,0.8828120900266624,0.9496134592958217
les_flux_x,6000.0,moving_end,1642.4854217859033,-6419.029466077964,6436.260210324594,122173.05513264383,6419.029466077965,117029.65372255378,997,9,0.05268150332605432,0.9973228639483858,0.9579006892763233
les_flux_x,6000.0,moving_end,1804.3861516053175,-2582.1704380443493,3478.4974569497886,152504.8829048652,3474.796436369118,147029.96580143733,635,5,0.022809089064510325,0.742323508929224,0.964100053721931
les_flux_x,6000.0,moving_end,1974.3819179157026,8525.217616361206,8553.230919710919,159625.02990870673,8525.217616361206,154435.33753204954,41,0,0.0535832690186665,0.9967248278910421,0.9674882292606285
les_flux_x,6000.0,moving_symmetric,39.88822936505957,-920.8697783460921,1059.6297051718739,17606.868366423012,1007.9891801714404,16936.5799512701,445,3,0.060182747046182795,0.8690486628031302,0.9619302875898603
les_flux_x,6000.0,moving_symmetric,121.65909956343168,-5065.918050181564,5065.918050181564,56016.22963577477,5065.9180501815645,53971.52549929457,1015,9,0.09043661244465862,1.0,0.9634980049572214
les_flux_x,6000.0,moving_symmetric,207.51851327172238,-7250.788164353309,7269.773756086164,58984.984785451314,7265.980041066677,57080.110424334234,892,8,0.12324787032714907,0.9973884205520206,0.9677057751553931
les_flux_x,6000.0,moving_symmetric,297.6708976654277,-9594.311098063192,9594.311098063192,55221.09967059746,9594.31109806319,53384.63947539321,1015,9,0.1737435718465363,1.0,0.9667435055411967
les_flux_x,6000.0,moving_symmetric,392.33090127881815,-8981.074668538371,9231.275032958867,67355.83016393101,9230.06606181321,65849.10435544596,797,7,0.13705235330767562,0.9728964456668019,0.977630357983593
les_flux_x,6000.0,moving_symmetric,491.72390507287827,-8073.478054970028,9332.60437633832,72966.36792005303,9332.604376338319,71343.22690190813,745,6,0.12790282211338466,0.8650830710706378,0.9777549429358561
les_flux_x,6000.0,moving_symmetric,596.0865590566414,-7463.529045616008,8855.474171904018,70043.2673917038,8816.681063519987,68031.11562860242,687,6,0.12642862764213217,0.8428152915058724,0.971272731298373
les_flux_x,6000.0,moving_symmetric,705.6673457395926,-5506.591700854812,6616.845327751193,59630.931996612984,6517.2793190756165,57098.444565351165,557,5,0.11096330555636841,0.8322080127458998,0.9575306414562552
les_flux_x,6000.0,moving_symmetric,820.7271717566915,-1968.6585650396578,3233.7436228995966,51214.13563159492,3223.3983130261836,47706.18615208982,524,5,0.06314162258172804,0.6087862225993115,0.9315042724778315
les_flux_x,6000.0,moving_symmetric,941.5399890746453,-1678.857174430798,1689.3360428318356,53288.734526393186,1689.3360428318351,50123.074547793854,946,8,0.03170156052392519,0.9937970491747327,0.940594198628766
les_flux_x,6000.0,moving_symmetric,1068.3934472584967,-738.0254768193859,1205.485980984597,53227.92130177856,1205.4859809845964,50296.0530926359,685,5,0.02264762462073297,0.6122223638109782,0.9449186040439138
les_flux_x,6000.0,moving_symmetric,1201.5895783515407,-311.2550166195535,828.9522575551654,57760.83746333857,819.3336200505403,54586.12490252286,658,6,0.014351458426850379,0.37548002768885635,0.9450369367855732
les_flux_x,6000.0,moving_symmetric,1341.445515999237,-1322.2405394094135,1517.8219728626104,69780.7162707543,1446.3391840948184,66735.93598258332,806,8,0.02175130973109175,0.8711433640110436,0.9563664512075656
les_flux_x,6000.0,moving_symmetric,1488.294250529318,-3897.1681494451186,3944.566722747958,91843.77140913256,3944.347173559058,87143.80867635616,957,8,0.04294865794628863,0.987983832792206,0.9488265490335792
les_flux_x,6000.0,moving_symmetric,1642.4854217859033,-5825.412044883964,5891.999780801237,121098.28956736549,5829.2996468363945,115941.90593481732,932,8,0.04865469034988797,0.9886986187382006,0.9574198475389718
les_flux_x,6000.0,moving_symmetric,1804.3861516053175,-630.1338028303136,2779.989985530602,150399.74410827685,2625.54235349555,144896.49319150372,393,3,0.018484007416456852,0.2266676520815032,0.9634091736697956
les_flux_x,6000.0,moving_symmetric,1974.3819179157026,9589.026797571312,9589.026797571312,157192.98848534466,9589.026797571312,152034.34571053772,0,0,0.06100161902873494,1.0,0.9671827425350598
les_flux_x,6000.0,fixed_initial,39.88822936505957,-192.87039036367173,1130.2232315193048,36447.39481811218,1126.8011957954013,35471.55292403442,670,5,0.031009712413180523,0.1706480498586154,0.9732260179651351
les_flux_x,6000.0,fixed_initial,121.65909956343168,318.1658002264186,2163.4547178019566,86961.67899976383,2105.447732524135,84010.72260592677,631,5,0.024878253762876775,0.1470637668578851,0.9660660140445877
les_flux_x,6000.0,fixed_initial,207.51851327172238,-4030.9683280047198,4036.548794412877,91920.54445373091,4036.4821265076944,89230.17290817002,947,8,0.04391345610931094,0.998617515434006,0.9707315534133383
les_flux_x,6000.0,fixed_initial,297.6708976654277,-7585.09325316575,7603.844442272172,78267.42384920751,7601.776743470489,75898.45376789669,930,8,0.09715209813117114,0.9975339857030506,0.969732361628831
les_flux_x,6000.0,fixed_initial,392.33090127881815,-5326.947820125822,5659.027763984037,85290.70840550639,5645.881630917067,83323.88064160993,779,6,0.06634987409271757,0.941318551930124,0.9769397182803856
les_flux_x,6000.0,fixed_initial,491.72390507287827,-3363.1889264934684,5698.85870131601,90487.60820855421,5664.717171346844,88533.20818670497,533,5,0.06297943789365482,0.5901513097204574,0.9784014622494521
les_flux_x,6000.0,fixed_initial,596.0865590566414,-2262.8974576634746,6744.978452613488,86123.16660222385,6738.566499296161,83671.86722794459,441,4,0.07831781759449752,0.33549365258337716,0.9715372823481857
les_flux_x,6000.0,fixed_initial,705.6673457395926,-1703.0251290943474,5320.663065555922,74972.62710182749,5313.6007849619955,72053.62091865536,412,4,0.07096807556615858,0.3200776121531028,0.9610657076320996
les_flux_x,6000.0,fixed_initial,820.7271717566915,-612.9559689828786,1879.23846823231,56972.54783868974,1875.007589978302,53135.34899426716,385,3,0.03298498205755386,0.3261725317699837,0.9326482843055027
les_flux_x,6000.0,fixed_initial,941.5399890746453,-236.0595320377211,687.578842133653,56180.91104187703,647.4153915813317,52931.62797442704,557,4,0.012238655966634903,0.34331994757895035,0.9421639306449128
les_flux_x,6000.0,fixed_initial,1068.3934472584967,1762.7415338850478,1762.7415338850478,55065.01172209621,1762.7415338850476,52058.586004160104,0,0,0.03201200687618675,1.0,0.9454022504687908
les_flux_x,6000.0,fixed_initial,1201.5895783515407,-1340.9995094442352,1348.8447096600516,56907.172492830316,1340.9995094442343,53740.76254542309,986,9,0.02370254311668694,0.9941837632163055,0.9443583329007225
les_flux_x,6000.0,fixed_initial,1341.445515999237,-7393.40009986565,7393.40009986565,61169.78210698005,7393.400099865649,58216.211614147214,1015,9,0.1208668699675161,1.0,0.9517152033063102
les_flux_x,6000.0,fixed_initial,1488.294250529318,-8600.004187599381,8600.004187599381,83052.46071767429,8600.004187599383,78644.28626199033,1015,9,0.10354905939312194,1.0,0.9469230120625931
les_flux_x,6000.0,fixed_initial,1642.4854217859033,-2104.194553657101,5719.1942636865815,105563.48142155824,5455.611799588149,100912.55545396141,575,6,0.054177772338215094,0.3679180067404707,0.9559419042933628
les_flux_x,6000.0,fixed_initial,1804.3861516053175,4356.368717879311,6900.396699623048,123656.73179924555,6861.874179247288,118897.71013360616,172,2,0.05580283903043561,0.6313214888235756,0.9615142532364063
les_flux_x,6000.0,fixed_initial,1974.3819179157026,3261.65896232063,3376.9402293225967,128994.65656203555,3287.829447183431,124379.6833568948,60,1,0.026178915618094406,0.9658622127803868,0.9642235319807891
les_flux_y,1200.0,moving_end,39.88822936505957,-143.90434412302815,323.7697814986001,1631.4730328103767,300.5011806614125,1513.872516468024,587,4,0.1984524261126609,0.4444650252934441,0.9279175849203134
les_flux_y,1200.0,moving_end,121.65909956343168,1829.1419696785472,1829.1419696785472,2870.087411477825,1829.141969678547,2772.4509738284637,0,0,0.6373122861567172,1.0,0.9659813714178526
les_flux_y,1200.0,moving_end,207.51851327172238,2078.089016015949,2241.7952670154336,3299.7128252862663,2078.0890160159493,3220.8336343908836,102,0,0.6793910214962258,0.9269753784352344,0.97609513461568
les_flux_y,1200.0,moving_end,297.6708976654277,1518.82418024393,2311.4521030780297,3922.0616630360364,2209.16447301045,3828.821195104448,232,2,0.5893461912806218,0.6570865899498406,0.9762266695574053
les_flux_y,1200.0,moving_end,392.33090127881815,597.4362950908674,2383.183782915892,4135.929316192806,2378.0758845479786,4020.9035698104713,457,3,0.5762148239780978,0.2506883016633687,0.9721886575933512
les_flux_y,1200.0,moving_end,491.72390507287827,217.79279874734857,3089.8866129327425,4596.50680200276,3083.0110953574113,4426.790901010707,538,4,0.6722249625708021,0.0704856928522151,0.9630772000776534
les_flux_y,1200.0,moving_end,596.0865590566414,-731.2522143957196,3737.1717449005027,5017.9109416394185,3658.72671166646,4813.398395306258,614,5,0.7447664552770079,0.19566995158666123,0.959243488234101
les_flux_y,1200.0,moving_end,705.6673457395926,-1187.7360465744334,2652.520179108902,5687.627463411408,2640.9906772539052,5140.421664511023,681,6,0.46636672253459,0.4477764414118222,0.9037901475754929
les_flux_y,1200.0,moving_end,820.7271717566915,-554.2763298979745,1484.552120247638,7351.6528001296,1143.2326587975292,6908.8990588661345,657,6,0.2019344711466063,0.3733626609253138,0.9397749386021521
les_flux_y,1200.0,moving_end,941.5399890746453,-302.82414963324754,3025.657667248018,8715.232605645026,2984.7732360250693,8130.590714460404,554,7,0.34716889429758196,0.10008539727122559,0.9329172361038376
les_flux_y,1200.0,moving_end,1068.3934472584967,908.1827024781678,3964.600070927934,8605.707769886121,3964.6000709279333,8011.181716090274,316,3,0.46069424815948606,0.22907296731839163,0.9309149148805322
les_flux_y,1200.0,moving_end,1201.5895783515407,1623.5393565205,4362.863862569258,7974.4756418791985,4325.248787020717,7566.991844023457,275,3,0.5471035411603743,0.3721269807315073,0.94890149319464
les_flux_y,1200.0,moving_end,1341.445515999237,607.9705368089913,4178.317681119746,6755.463811950483,4178.317681119747,6271.343968492537,316,3,0.6185093721808206,0.14550605846850337,0.9283365499491636
les_flux_y,1200.0,moving_end,1488.294250529318,-1989.6450294188735,4339.961000878117,7139.021051334114,4298.341506879732,6843.2633676901105,442,4,0.6079210258200711,0.45844767476396736,0.9585716750914002
les_flux_y,1200.0,moving_end,1642.4854217859033,-5513.834364827424,6084.628706491897,8387.030946388319,5879.334836347982,8135.117715854754,658,6,0.7254806552385623,0.9061907687061541,0.9699639560001808
les_flux_y,1200.0,moving_end,1804.3861516053175,-7405.551448187926,7465.529244330739,8984.103519923183,7436.484963311092,8828.157187128534,840,6,0.8309709730943273,0.9919660356044604,0.98264197062636
les_flux_y,1200.0,moving_end,1974.3819179157026,-7209.075798816442,7212.373605441778,8512.663164710593,7209.930711129051,8356.794075959857,926,8,0.847252318797343,0.9995427570997089,0.9816897384831466
les_flux_y,1200.0,moving_symmetric,39.88822936505957,174.8070534755762,347.6406789223693,1775.6569340809338,305.2661579496352,1630.637817895086,270,2,0.1957814441798722,0.5028383157501883,0.9183293160956745
les_flux_y,1200.0,moving_symmetric,121.65909956343168,2279.3920304577896,2279.3920304577896,3129.3037360203825,2279.3920304577896,2990.7371741909874,0,0,0.7284022973610583,1.0,0.955719682869259
les_flux_y,1200.0,moving_symmetric,207.51851327172238,2318.0688949415203,2319.6612735407984,3236.4314554978437,2318.0688949415207,3165.180442941075,10,0,0.7167342504968878,0.9993135296875274,0.9779846990314804
les_flux_y,1200.0,moving_symmetric,297.6708976654277,1942.839207859353,2196.1506137698734,3639.1304167021203,1942.8392078593533,3517.706936281113,119,0,0.6034822505097482,0.8846566331460799,0.9666339299455378
les_flux_y,1200.0,moving_symmetric,392.33090127881815,1144.5197474040087,2041.9408611073459,3850.966158473215,1966.1099306985784,3686.621817524321,260,2,0.5302411854787398,0.5605058252193136,0.9573238677812607
les_flux_y,1200.0,moving_symmetric,491.72390507287827,659.9922050349292,2407.9375826510714,4175.925160816625,2405.1213196658655,4023.6631755123535,518,4,0.576623739631432,0.274090246271374,0.9635381431801101
les_flux_y,1200.0,moving_symmetric,596.0865590566414,-88.15579478133327,3025.7953431627952,4567.841164814857,2931.9304795335174,4397.111007531692,575,4,0.6624125563887545,0.02913475129127075,0.9626234470238886
les_flux_y,1200.0,moving_symmetric,705.6673457395926,-862.6585163026934,2743.642083672404,5155.965031902748,2729.3357888218,4773.822337591913,679,6,0.5321296918609814,0.3144209375692374,0.9258833812979121
les_flux_y,1200.0,moving_symmetric,820.7271717566915,-773.0651191506854,1591.3139006637803,6418.783174971388,1460.9038756002494,5994.049465931009,764,6,0.24791519783200555,0.4858030328448831,0.9338295596747164
les_flux_y,1200.0,moving_symmetric,941.5399890746453,-768.9368258146536,1395.945764055486,7241.8554445673435,1130.7683820180173,6600.081826634234,726,7,0.19276078827321652,0.5508357456386751,0.9113799463624268
les_flux_y,1200.0,moving_symmetric,1068.3934472584967,219.81763351436769,2180.982095687468,7510.731517473152,2103.9176134929644,6879.05123428164,300,3,0.29038211399429964,0.1007883714171798,0.9158963036127765
les_flux_y,1200.0,moving_symmetric,1201.5895783515407,1155.654552500404,2996.0309125077547,7315.89819501435,2964.2156783247056,6880.9949207847585,190,2,0.40952331930336244,0.3857285142405595,0.9405536732966063
les_flux_y,1200.0,moving_symmetric,1341.445515999237,862.8451831586272,3030.0548330433066,6338.237524421006,3005.525450035153,5865.873686132349,227,3,0.47805952701655813,0.2847622339203705,0.9254739450093726
les_flux_y,1200.0,moving_symmetric,1488.294250529318,-746.582890466358,3157.126940508332,6305.87618505691,3154.555665010464,6110.938461796841,332,3,0.5006642769152054,0.23647541088295612,0.9690863382757158
les_flux_y,1200.0,moving_symmetric,1642.4854217859033,-3333.9393410198436,4082.4302088241957,6888.432114855931,3869.3409383796734,6693.6596441882075,534,4,0.5926501329700015,0.8166555631039363,0.9717247020192494
les_flux_y,1200.0,moving_symmetric,1804.3861516053175,-5138.334407820263,5280.055651266219,7340.398690654849,5277.79773974093,7186.440181475322,770,6,0.7193145595740355,0.9731591383109817,0.9790258655329535
les_flux_y,1200.0,moving_symmetric,1974.3819179157026,-5559.480466821868,5584.396238519695,7168.71616052156,5573.565121113012,7039.673420311625,868,7,0.7789953059200774,0.9955383231000041,0.9819991840490799
les_flux_y,1200.0,fixed_initial,39.88822936505957,836.8109480985063,1505.3786837319456,2748.7058130048445,1482.456719698029,2470.6428920143053,245,2,0.5476681704566586,0.5558806944336356,0.8988386026343922
les_flux_y,1200.0,fixed_initial,121.65909956343168,568.9937406218436,2365.4364850274364,4836.434816480561,2358.3390625045413,4526.841235928506,306,3,0.48908681183234637,0.24054492446676026,0.9359872318557694
les_flux_y,1200.0,fixed_initial,207.51851327172238,-263.4459262523031,1256.663780796728,2695.956249663098,1240.1620755639008,2608.2234040856,529,5,0.4661291446972731,0.20963914953073423,0.9674576152382067
les_flux_y,1200.0,fixed_initial,297.6708976654277,108.90416907566714,1243.0795528829758,2139.704031729673,1231.3841464459736,2074.656681802119,464,5,0.5809586440224199,0.08760836651451176,0.9695998376584019
les_flux_y,1200.0,fixed_initial,392.33090127881815,130.6768696596128,1081.3502657915196,2151.3585487417195,1081.3502657915199,2052.103301715655,431,4,0.502636004781247,0.12084601427823279,0.9538639214350781
les_flux_y,1200.0,fixed_initial,491.72390507287827,103.05656525372751,1023.3203632384024,1984.2241045564394,1007.1345496716468,1940.6030350317028,365,3,0.515728218848122,0.10070801769994533,0.9780160570448831
les_flux_y,1200.0,fixed_initial,596.0865590566414,38.01670059294918,1071.8787956623805,2033.5332917976393,1064.951712562282,1933.355304362522,294,3,0.5271016707648006,0.035467350176897845,0.9507369818634441
les_flux_y,1200.0,fixed_initial,705.6673457395926,-130.89065018921983,1078.6794621848903,2121.3800182082,1047.2424374801346,1999.8758063584983,536,6,0.5084800709568222,0.12134341551668906,0.9427239764649387
les_flux_y,1200.0,fixed_initial,820.7271717566915,-280.36327304100007,1050.3027839885933,2237.313920825945,969.6421559026059,2148.373577750883,628,6,0.4694481065942034,0.26693566590036283,0.9602468199714111
les_flux_y,1200.0,fixed_initial,941.5399890746453,-273.89919771941703,1082.8113138210051,2356.682990313475,886.4535891044738,2285.0457795837438,607,6,0.45946413593666013,0.2529519171284667,0.9696025256582336
les_flux_y,1200.0,fixed_initial,1068.3934472584967,-164.00568168399178,1041.381696904825,2387.0150554121474,966.2644726582674,2279.549838575723,534,5,0.436269429697844,0.1574885387091461,0.9549792463215656
les_flux_y,1200.0,fixed_initial,1201.5895783515407,-29.863141458274242,896.813505478797,2247.337672231638,880.4484239599487,2149.229627918079,458,4,0.39905596589241016,0.03329916563012809,0.9563447694016822
les_flux_y,1200.0,fixed_initial,1341.445515999237,426.62007930588595,719.4768461000067,2068.8336768666386,706.6848919040839,1992.7065197110614,338,2,0.3477693031320399,0.5929587333052079,0.9632028625564159
les_flux_y,1200.0,fixed_initial,1488.294250529318,730.2117621066977,774.0639957459649,1981.5249245926611,730.2117621066977,1911.0843658308472,129,0,0.3906405547258448,0.9433480514786031,0.9644513385183412
les_flux_y,1200.0,fixed_initial,1642.4854217859033,1173.4658306502597,1176.413942419469,2007.1154348280224,1173.46583065026,1901.5823648256555,26,0,0.5861217157747924,0.9974939843341655,0.947420527902318
les_flux_y,1200.0,fixed_initial,1804.3861516053175,1410.3009870422663,1410.3009870422663,2029.3734370032812,1410.3009870422661,1959.6669736298268,0,0,0.694944045943963,1.0,0.9656512388984513
les_flux_y,1200.0,fixed_initial,1974.3819179157026,1382.7809058387675,1382.8124845419777,1925.7115468245215,1382.7809058387672,1881.0501754766858,14,0,0.7180787209913246,0.9999771634234119,0.9768078602314652
les_flux_y,2400.0,moving_end,39.88822936505957,537.7001047366091,1337.0803274571604,7271.786670299062,1261.6864569204458,6667.306626969086,548,4,0.18387232575432128,0.40214495247207716,0.9168732430230773
les_flux_y,2400.0,moving_end,121.65909956343168,4141.452120534783,4982.137849577372,12224.599168018889,4395.979518676586,11435.790047780272,322,2,0.40755020112326307,0.8312600424908148,0.9354736209018417
les_flux_y,2400.0,moving_end,207.51851327172238,3731.9700945538348,5925.775129290792,13747.264922517486,5747.260747668539,13284.22781397986,382,3,0.43105120638103095,0.629785979577069,0.9663178740536825
les_flux_y,2400.0,moving_end,297.6708976654277,4161.112645960518,6340.73849060026,14081.233275888031,6181.005611087196,13599.056672274683,353,3,0.45029709872485457,0.6562504749453242,0.9657575019058166
les_flux_y,2400.0,moving_end,392.33090127881815,4114.7514265396185,8240.445362411487,15771.301531062105,7902.897678521059,15317.92117706595,425,4,0.5224962154316595,0.4993360486690341,0.9712528257034965
les_flux_y,2400.0,moving_end,491.72390507287827,4515.645908461331,8554.373081543896,18766.596746286006,8490.785298169218,18239.798432486816,328,3,0.455829748845477,0.5278757268845171,0.9719289373070029
les_flux_y,2400.0,moving_end,596.0865590566414,2751.218831708037,3264.5979294222525,25517.85525407228,2913.717046201084,24830.410700401753,188,1,0.12793386814517924,0.8427435448980176,0.973060253425459
les_flux_y,2400.0,moving_end,705.6673457395926,984.1094634651258,5430.562251492595,30063.47689196756,5430.562251492595,28690.984433606583,431,4,0.18063653352561984,0.18121686445904242,0.9543468487263467
les_flux_y,2400.0,moving_end,820.7271717566915,471.5196510812548,8979.882394286531,33694.557172633315,8917.375176839574,32290.94522177305,399,4,0.2665083962456697,0.052508443916955985,0.9583430658052905
les_flux_y,2400.0,moving_end,941.5399890746453,5026.123223805844,8093.765407660147,34167.15354372256,8048.123853943264,31740.936846506,251,3,0.23688731919979306,0.6209870153944655,0.9289897914934057
les_flux_y,2400.0,moving_end,1068.3934472584967,4298.955722286032,4568.017545956586,34200.44572959849,4374.788471041001,31802.079770802127,124,1,0.13356602373176774,0.9410987762276185,0.9298732543499947
les_flux_y,2400.0,moving_end,1201.5895783515407,-4858.875960976449,5296.64554268219,38078.09588256317,5123.017942154545,36271.71963263537,874,7,0.13909953793429167,0.9173496549508471,0.9525612768164972
les_flux_y,2400.0,moving_end,1341.445515999237,-15948.786407244306,15948.786407244306,41284.97207880908,15948.78640724431,39445.00812193751,1015,9,0.38630972976800354,1.0,0.9554325977656167
les_flux_y,2400.0,moving_end,1488.294250529318,-17579.257645735906,17579.257645735906,42989.392263425856,17579.257645735903,41410.86559338109,1015,9,0.4089208225604956,1.0,0.9632810191785909
les_flux_y,2400.0,moving_end,1642.4854217859033,-9666.090941260736,10268.230398023295,45540.69139283766,9666.090941260736,43903.35527640482,948,9,0.22547374850875046,0.9413589846135051,0.9640467444310618
les_flux_y,2400.0,moving_end,1804.3861516053175,-1230.1395521636682,5046.328176208314,45886.834796975665,4964.047016046304,44810.04451801074,537,5,0.10997333327817395,0.24376923363077121,0.9765337861343207
les_flux_y,2400.0,moving_end,1974.3819179157026,2876.1247175067065,5422.577074381709,41039.61891475049,5260.6506371797495,40199.10040422842,337,3,0.13213029793589828,0.5303981258458454,0.979519339293378
les_flux_y,2400.0,moving_symmetric,39.88822936505957,1034.9812109608818,1331.5716435293962,7882.016791683438,1269.641619129434,7258.034319785824,443,4,0.16893793539419746,0.7772628802890493,0.9208346685386414
les_flux_y,2400.0,moving_symmetric,121.65909956343168,4661.760724270435,4872.262956416096,12714.790032550665,4693.205880800423,11808.188610263795,232,1,0.38319649352783614,0.9567957981683934,0.9286970984211368
les_flux_y,2400.0,moving_symmetric,207.51851327172238,3255.6081186330316,5712.701036319808,13399.735227381836,5444.361211376585,12929.245356654346,426,4,0.426329396766447,0.5698894617335576,0.9648881218364627
les_flux_y,2400.0,moving_symmetric,297.6708976654277,3791.9694541325794,6196.646007422498,13335.208411387632,5774.560541964989,12838.177769284948,388,3,0.4646831017752117,0.6119390150075482,0.9627279434434454
les_flux_y,2400.0,moving_symmetric,392.33090127881815,3726.308134697116,7907.721933313811,14949.829749186747,7818.0958724133325,14503.91492310601,468,4,0.5289506346213729,0.4712239714700703,0.9701725816573266
les_flux_y,2400.0,moving_symmetric,491.72390507287827,3908.762782429173,8973.228462010493,17414.983813212508,8909.98778702228,16910.957987916543,485,4,0.5152590756474105,0.43560272637406994,0.9710579216896218
les_flux_y,2400.0,moving_symmetric,596.0865590566414,2328.5083089104505,3816.754548504721,22539.604258401123,3643.6348429000773,21904.678348453534,409,3,0.16933547300778862,0.6100754657704367,0.9718306540492637
les_flux_y,2400.0,moving_symmetric,705.6673457395926,1728.4921602108343,3812.821889039377,27563.25404187935,3742.80694794803,26274.43465969257,372,3,0.138329889614855,0.453336717663022,0.9532413923178824
les_flux_y,2400.0,moving_symmetric,820.7271717566915,1412.3926215674528,8753.875902332355,32441.077575503066,8681.954464929355,31177.49914074359,373,3,0.269839245689625,0.16134483025869026,0.9610500473722355
les_flux_y,2400.0,moving_symmetric,941.5399890746453,5196.9524473441215,9436.143426291896,33138.786706067214,9408.650901338655,30979.08901963113,299,3,0.28474619514552957,0.5507496243501206,0.9348287037304032
les_flux_y,2400.0,moving_symmetric,1068.3934472584967,5833.038856643601,6166.513451377207,32344.15605707874,6126.1840768353395,30152.56044107162,138,1,0.19065309481239728,0.9459216950772841,0.9322413726875561
les_flux_y,2400.0,moving_symmetric,1201.5895783515407,-499.30612453931303,2870.243415708202,34747.67709149989,1891.3553164039768,32948.84120085431,651,5,0.08260245449357914,0.1739595052484824,0.94823147786516
les_flux_y,2400.0,moving_symmetric,1341.445515999237,-10851.844437117592,10851.844437117592,37242.15206529107,10851.844437117594,35464.87645359235,1015,9,0.29138607291256113,1.0,0.9522778488046852
les_flux_y,2400.0,moving_symmetric,1488.294250529318,-15700.172367806126,15700.172367806126,39041.0074338364,15700.172367806123,37799.96798471676,1015,9,0.4021456770656734,1.0,0.96821189998176
les_flux_y,2400.0,moving_symmetric,1642.4854217859033,-12063.262792482561,12063.262792482561,40375.852383581245,12063.262792482561,38917.32313085403,1015,9,0.2987741949786814,1.0,0.9638761990986393
les_flux_y,2400.0,moving_symmetric,1804.3861516053175,-5596.258527518502,6359.301751813876,40552.4378131779,5794.757206321144,39469.66281799156,837,7,0.15681675614942586,0.8800114770339794,0.9732993858427301
les_flux_y,2400.0,moving_symmetric,1974.3819179157026,-955.3794510246794,4228.017419227138,37129.614564054165,4159.505292470552,36383.35170439308,648,5,0.11387183704622553,0.22596393446253074,0.9799011417591295
les_flux_y,2400.0,fixed_initial,39.88822936505957,2038.4325107233635,2184.558794571535,10430.539025248552,2078.1222786252433,9656.762120949577,281,3,0.20943872500582286,0.9331094753726544,0.9258162111827642
les_flux_y,2400.0,fixed_initial,121.65909956343168,1467.2065740977762,3596.604134273376,18076.7120415978,3544.026823782771,16940.890694875892,182,2,0.19896340252568812,0.40794219194606934,0.9371665962201436
les_flux_y,2400.0,fixed_initial,207.51851327172238,-1505.2306184722997,3250.8805080188577,15352.580631505021,2997.8446442314917,14835.950871647812,659,6,0.21174814749695747,0.4630224380008397,0.9663489955039198
les_flux_y,2400.0,fixed_initial,297.6708976654277,-3590.521676083359,4033.8328959106007,14898.71092942045,3855.0514565285443,14370.648284588398,795,7,0.2707504639173179,0.8901017391482281,0.9645564876495935
les_flux_y,2400.0,fixed_initial,392.33090127881815,-6551.522572284208,6551.522572284208,16813.366479165146,6551.522572284206,16384.395987120108,1015,9,0.3896615576899932,1.0,0.9744863414131482
les_flux_y,2400.0,fixed_initial,491.72390507287827,-7897.503621933173,7897.503621933173,17166.858901692765,7897.503621933174,16830.61448266897,1015,9,0.46004360303528957,1.0,0.9804131658010751
les_flux_y,2400.0,fixed_initial,596.0865590566414,-5772.607573123074,5772.607573123074,15767.554729367384,5772.607573123077,15290.139590632214,1015,9,0.36610670913806803,1.0,0.9697216754956953
les_flux_y,2400.0,fixed_initial,705.6673457395926,-2057.6331211009665,3872.569962077217,15916.856520711397,3844.5425928240334,14933.100139048043,551,4,0.24329992276038523,0.5313352996203244,0.9381940535567895
les_flux_y,2400.0,fixed_initial,820.7271717566915,2015.7591751114262,4217.453320763788,17267.873384390994,3780.4725404272303,16497.466951895156,356,3,0.24423698430497437,0.4779564874345471,0.9553849848590948
les_flux_y,2400.0,fixed_initial,941.5399890746453,5780.377374513979,6192.342864102275,19109.72134009355,6037.0402301757285,17997.251164872505,141,2,0.3240415050485483,0.9334717894940044,0.9417851178767843
les_flux_y,2400.0,fixed_initial,1068.3934472584967,8100.777811876655,8100.777811876655,19443.60563482528,8100.777811876655,18431.845724115086,0,0,0.41662940320942426,1.0,0.9479643884106538
les_flux_y,2400.0,fixed_initial,1201.5895783515407,9868.334644656486,9873.640351187347,19643.775977745514,9868.334644656486,18659.808915207374,38,0,0.5026345424817112,0.9994626392756728,0.9499094744486559
les_flux_y,2400.0,fixed_initial,1341.445515999237,8285.729663285972,8498.222717001234,17876.768799616133,8367.738858196793,16889.06308552339,143,1,0.47537800663303964,0.9749955889847232,0.944749203552157
les_flux_y,2400.0,fixed_initial,1488.294250529318,5114.8995081861185,6279.713750582216,16216.525441268624,6258.888273062184,15627.187330299643,253,3,0.38724163035574105,0.8145115703262584,0.9636581761547264
les_flux_y,2400.0,fixed_initial,1642.4854217859033,1465.5321104237694,4753.527645101218,15482.27117887011,4099.169043844421,14805.349006286238,368,3,0.3070303826991957,0.30830411009265596,0.9562775923013336
les_flux_y,2400.0,fixed_initial,1804.3861516053175,-1561.2430979518813,3850.7201963503912,15574.167913809622,3850.580818523042,15175.089362740115,526,4,0.2472504609980451,0.4054418442117881,0.974375610094993
les_flux_y,2400.0,fixed_initial,1974.3819179157026,-2991.8691810496684,3379.3749741996617,14633.366650989867,3365.917060923859,14266.715369476275,819,7,0.2309362605884727,0.885332111379038,0.9749441608169648
les_flux_y,4200.0,moving_end,39.88822936505957,1158.8908406213905,1160.730156527501,16574.36662940665,1160.7301565275009,15368.495284545494,69,1,0.07003164479709922,0.9984153802709725,0.9272448008528018
les_flux_y,4200.0,moving_end,121.65909956343168,716.7631287317954,1808.0280486545298,35926.96010051058,1808.0280486545294,33865.87455774307,385,4,0.050325105257898926,0.39643363346336635,0.9426312291103577
les_flux_y,4200.0,moving_end,207.51851327172238,5190.711711931292,5190.711711931292,41693.36749935933,5190.711711931292,39906.01041531503,0,0,0.12449730072801275,1.0,0.9571309013580694
les_flux_y,4200.0,moving_end,297.6708976654277,3463.3823745885347,3725.2902001692264,41720.535457241574,3723.9469635765968,40097.97259278054,137,2,0.08929152417008625,0.9296946515552549,0.9611087718151662
les_flux_y,4200.0,moving_end,392.33090127881815,4389.454531474041,4465.892997275176,50108.49473617344,4465.448331810969,48630.21983885952,77,1,0.08912446922998941,0.9828839459772607,0.9704985171656584
les_flux_y,4200.0,moving_end,491.72390507287827,4029.8786558816096,4071.3488501973407,57369.70270367102,4047.2165132880928,54523.92948757714,81,1,0.07096688074586832,0.9898141387924247,0.9503958869929479
les_flux_y,4200.0,moving_end,596.0865590566414,-1685.4593809568366,4188.772994328441,71269.55411104436,4171.746756596938,67842.87287922285,602,5,0.058773666351299984,0.4023754410274638,0.9519194237348191
les_flux_y,4200.0,moving_end,705.6673457395926,-6365.458083036701,6365.458083036701,75792.34149659381,6365.458083036701,71821.2178925158,1015,9,0.08398550509648486,1.0,0.9476052128003396
les_flux_y,4200.0,moving_end,820.7271717566915,-10279.489063189878,10279.489063189878,93295.38577643229,10279.489063189874,88913.65200807285,1015,9,0.11018218079748399,1.0,0.9530337569013373
les_flux_y,4200.0,moving_end,941.5399890746453,-12313.485586500039,12471.966379773607,97712.12231493337,12471.966379773605,92641.92263959703,946,8,0.1276399087881393,0.987293038768082,0.9481108427980439
les_flux_y,4200.0,moving_end,1068.3934472584967,-10870.667989299047,11385.116504848686,93625.20798417769,11175.694661902617,88139.15098732687,861,7,0.12160311042270505,0.954813943684235,0.9414040607762608
les_flux_y,4200.0,moving_end,1201.5895783515407,-3066.3194018899,6949.180519709542,104177.06644691405,6742.432183502296,98928.34783071553,542,5,0.06670547325548531,0.4412490642879521,0.9496173313838403
les_flux_y,4200.0,moving_end,1341.445515999237,4749.793535263982,6285.8979651056,113812.90285538761,6224.662629823475,107465.07714166553,405,4,0.055230099640745975,0.7556268908008259,0.9442257814846554
les_flux_y,4200.0,moving_end,1488.294250529318,5572.087207571961,6883.826416027304,118007.24833066348,6823.710545481588,113497.19231226067,270,2,0.058333928749346,0.8094462107003048,0.9617815339125155
les_flux_y,4200.0,moving_end,1642.4854217859033,4282.756873459746,8130.716682134933,118400.73040792381,8117.370652819359,113816.63415376736,355,3,0.06867116996763725,0.52673792986416,0.9612832096697127
les_flux_y,4200.0,moving_end,1804.3861516053175,5189.677525501629,6471.021624730726,112382.48177350182,6471.021624730725,109031.80284444914,103,1,0.057580341015893995,0.8019873563191166,0.9701850424000628
les_flux_y,4200.0,moving_end,1974.3819179157026,5550.821152797515,5550.821152797515,98741.0304319483,5550.8211527975145,96374.78991463357,0,0,0.05621595327206056,1.0,0.9760358940253766
les_flux_y,4200.0,moving_symmetric,39.88822936505957,940.1630114253087,942.3624806712934,17206.367518420637,942.240827019036,15989.753971096341,78,1,0.05476824086562301,0.9976660050764989,0.929292830341917
les_flux_y,4200.0,moving_symmetric,121.65909956343168,423.9445685971523,1770.3139232776625,37188.50962279041,1736.1304568257754,35097.87107301116,338,4,0.04760378786980893,0.23947423280286728,0.9437826745146564
les_flux_y,4200.0,moving_symmetric,207.51851327172238,4327.681958622414,4327.681958622414,42978.57292347207,4327.681958622414,41214.28257191589,0,0,0.10069394268460967,1.0,0.9589495362096435
les_flux_y,4200.0,moving_symmetric,297.6708976654277,2123.079491065222,2727.89691907617,43056.939000639875,2624.4146588730364,41478.86613195723,302,3,0.06335557014481755,0.7782843538619577,0.9633491626364987
les_flux_y,4200.0,moving_symmetric,392.33090127881815,3073.162298970551,3166.7437456199214,51088.23938691059,3103.557715377389,49682.65819062354,124,1,0.06198576783272901,0.9704486835163699,0.9724871866176078
les_flux_y,4200.0,moving_symmetric,491.72390507287827,2800.1716208819544,2868.6174789801794,58061.54186117952,2825.764017629994,55522.39203373085,82,1,0.049406498467416064,0.9761397751356663,0.9562679573077896
les_flux_y,4200.0,moving_symmetric,596.0865590566414,-3380.807258009597,3978.372104271255,70996.6337446482,3877.400418170134,67696.46550435755,785,6,0.05603606670395339,0.8497966427976655,0.9535165533036356
les_flux_y,4200.0,moving_symmetric,705.6673457395926,-6299.052262622306,6299.052262622306,75833.84035746413,6299.0522626223055,71775.12705517694,1015,9,0.08306387007343888,1.0,0.9464788637479613
les_flux_y,4200.0,moving_symmetric,820.7271717566915,-9610.516399910539,9610.516399910539,92334.38776677205,9610.516399910537,88080.23955689094,1015,9,0.10408382653909826,1.0,0.9539267188230383
les_flux_y,4200.0,moving_symmetric,941.5399890746453,-10981.55529853734,11157.685385194183,96129.32520703832,11157.685385194185,91103.81005041675,946,8,0.11606952780708013,0.9842144602060064,0.9477213103722733
les_flux_y,4200.0,moving_symmetric,1068.3934472584967,-10374.134321542517,10699.419131889992,92805.31176944758,10551.178304291636,87477.09520408072,894,8,0.11528886577602497,0.9695979000039402,0.9425871594655753
les_flux_y,4200.0,moving_symmetric,1201.5895783515407,-5021.834901582904,6457.65235619443,101893.4622158744,5988.070665775056,96783.4415235453,707,6,0.06337651323019197,0.7776564337294755,0.9498493761895845
les_flux_y,4200.0,moving_symmetric,1341.445515999237,2447.814502546213,4552.65655703191,111314.21612441668,4364.938152218607,105183.66526173393,432,4,0.04089914761600058,0.5376672876334995,0.9449257150063332
les_flux_y,4200.0,moving_symmetric,1488.294250529318,6310.279307815908,7667.610482734737,115336.19542039909,7663.414347343756,110887.04452121488,341,3,0.06648052204935655,0.8229785957469866,0.961424504398059
les_flux_y,4200.0,moving_symmetric,1642.4854217859033,6967.510650002813,8838.423621611673,115415.79590959649,8823.831865574608,110817.5146951448,195,2,0.07657897735709142,0.7883205137357173,0.9601589957577951
les_flux_y,4200.0,moving_symmetric,1804.3861516053175,7628.4798780223055,7793.736605880083,109937.32510020971,7793.63563367355,106605.26285831892,101,1,0.070892543535837,0.9787962133935734,0.9696912560056054
les_flux_y,4200.0,moving_symmetric,1974.3819179157026,6388.476085358403,6388.476085358403,97421.50562298621,6388.476085358402,95096.93952568002,0,0,0.06557562464781973,1.0,0.9761390867197015
les_flux_y,4200.0,fixed_initial,39.88822936505957,-1079.8422029543872,1461.403244913196,26359.164365122044,1458.7876050758107,24963.333863446416,527,5,0.055441941355580206,0.7389077632837249,0.947045722605586
les_flux_y,4200.0,fixed_initial,121.65909956343168,386.09199200876367,1093.193255130828,55892.14018602438,1014.5540182688951,53732.00317221676,527,5,0.019558980055019916,0.3531781688156849,0.9613516854674362
les_flux_y,4200.0,fixed_initial,207.51851327172238,1422.6351269458085,1792.9113503831109,56486.689959021416,1763.3226997519628,54800.43737721318,267,2,0.031740421534414365,0.7934776734174941,0.9701477890980771
les_flux_y,4200.0,fixed_initial,297.6708976654277,-2760.8274490953427,3454.219799155171,55087.52617790493,3197.378729224661,53746.79631886441,697,7,0.0627042098060418,0.7992622385438768,0.9756618248800892
les_flux_y,4200.0,fixed_initial,392.33090127881815,-6018.376489930461,6154.088293152347,61722.19138489444,6146.828337969676,60581.30624003122,847,7,0.09970625078387069,0.977947699682357,0.9815158029994633
les_flux_y,4200.0,fixed_initial,491.72390507287827,-5562.660564614201,6674.261458641164,64859.09554556767,6655.804081384509,63393.95920556873,726,6,0.10290401681522167,0.8334496032384566,0.9774104722294565
les_flux_y,4200.0,fixed_initial,596.0865590566414,-6381.4527511333,6381.53551574052,68361.52914277118,6381.452751133299,65808.8868455278,1014,9,0.09334980647394324,0.9999870306124574,0.9626596664929443
les_flux_y,4200.0,fixed_initial,705.6673457395926,1237.1984368115097,4192.902650096248,68590.15441382898,3764.549577735388,65583.08172102849,576,5,0.0611298033358981,0.29506967846799637,0.9561588289383671
les_flux_y,4200.0,fixed_initial,820.7271717566915,1231.1511172146584,5105.136948468096,76141.28958398208,4995.276215324659,73079.38808208183,484,4,0.06704820704195255,0.24115927342244778,0.95978658204202
les_flux_y,4200.0,fixed_initial,941.5399890746453,1214.4934130031795,6644.060905306183,78019.08200187085,5971.017212450153,74448.7862493996,480,5,0.08515943452329858,0.18279384104279386,0.9542381727538704
les_flux_y,4200.0,fixed_initial,1068.3934472584967,-2347.676854939903,8068.261999743796,78421.72313055547,7213.778828769881,75093.95974753577,564,5,0.10288299820079007,0.29097677480161804,0.9575657961827786
les_flux_y,4200.0,fixed_initial,1201.5895783515407,-10509.902961181777,11750.883467643402,81203.01902042057,11674.605045200333,77994.15200950646,780,7,0.14470993331772974,0.8943925782364601,0.9604834025923696
les_flux_y,4200.0,fixed_initial,1341.445515999237,-15552.339284508176,15603.57428503115,81730.14377906953,15557.465027438102,77725.33596944479,905,8,0.19091578166325343,0.9967164574226993,0.9509996235850212
les_flux_y,4200.0,fixed_initial,1488.294250529318,-13240.113988760564,15306.515915847027,82342.02045670967,14976.12484373364,80080.96708039894,722,6,0.1858894866916005,0.864998544512204,0.9725407105173057
les_flux_y,4200.0,fixed_initial,1642.4854217859033,-7408.309103365781,13210.699668325056,80307.14262870693,12414.278517268256,77753.16072067512,602,5,0.164502175471534,0.5607809797635841,0.9681973256122445
les_flux_y,4200.0,fixed_initial,1804.3861516053175,-1552.5006368476616,9432.999685728915,77360.21178138486,9396.997648704599,75271.3712713477,458,4,0.1219360633653122,0.1645818603382785,0.972998516137209
les_flux_y,4200.0,fixed_initial,1974.3819179157026,3669.606268451103,7762.6357696707355,70374.26175929539,7355.314405349028,68853.45232144877,215,2,0.11030504016115533,0.4727268388384987,0.9783896924837617
les_flux_y,6000.0,moving_end,39.88822936505957,-2921.7834607501404,3698.5927179776477,31435.67239535976,3677.1685863108687,29839.474050598998,631,6,0.11765591241253676,0.7899716685614796,0.9492233433188348
les_flux_y,6000.0,moving_end,121.65909956343168,-4896.115144092504,10416.05688824864,77861.684020011,10413.26471086264,74972.83214918709,730,6,0.13377641415476757,0.4700545702295736,0.9628976446222065
les_flux_y,6000.0,moving_end,207.51851327172238,-4380.299206047757,13779.470230470659,91094.15020816054,13779.470230470659,88351.31948950741,431,4,0.15126624705299951,0.31788589349114194,0.9698901552691863
les_flux_y,6000.0,moving_end,297.6708976654277,-9125.449115545965,16631.963522747315,94992.66088275978,16631.963522747315,92742.138659226,491,5,0.17508682637361356,0.5486693800804222,0.9763084621209697
les_flux_y,6000.0,moving_end,392.33090127881815,-13398.40853975523,16275.51175341567,108415.65951171944,16275.511753415669,106172.23131407774,745,6,0.15012141075115013,0.8232250231359616,0.9793071572156125
les_flux_y,6000.0,moving_end,491.72390507287827,-12906.91056441442,13008.32875555817,114466.16321551258,13008.32875555817,110201.57411150454,946,8,0.11364344178346031,0.9922035956309594,0.9627436704069583
les_flux_y,6000.0,moving_end,596.0865590566414,-9591.416936288799,9591.416936288799,125402.57453725275,9591.416936288799,120093.4122337721,1015,9,0.07648500815618839,1.0,0.9576630517908269
les_flux_y,6000.0,moving_end,705.6673457395926,-13276.038399561312,13276.038399561312,127530.7226107961,13276.03839956131,121840.57835695008,1015,9,0.10410070709061779,1.0,0.9553821688032659
les_flux_y,6000.0,moving_end,820.7271717566915,-11818.298802029529,11818.298802029529,152969.88824832538,11818.298802029529,146359.43709317612,1015,9,0.07725898827123519,1.0,0.9567859319840901
les_flux_y,6000.0,moving_end,941.5399890746453,-7989.541470268517,7989.541470268517,158847.81575710035,7989.541470268515,152047.59806188423,1015,9,0.05029682927768801,1.0,0.9571903607059062
les_flux_y,6000.0,moving_end,1068.3934472584967,-7587.535715886634,7587.535715886634,142914.55938558263,7587.535715886634,135648.4787232282,1015,9,0.053091411739342155,1.0,0.9491578696138958
les_flux_y,6000.0,moving_end,1201.5895783515407,-7368.0553232890215,7368.0553232890215,149327.4081199113,7368.055323289022,142049.32684401132,1015,9,0.04934161394787221,1.0,0.9512609147407446
les_flux_y,6000.0,moving_end,1341.445515999237,-3978.503182639706,4070.297668581564,161829.12469268258,4067.230029081679,153653.67347218285,931,8,0.025151824038541624,0.9774477216616331,0.949480964962116
les_flux_y,6000.0,moving_end,1488.294250529318,769.0460247007235,2112.755755078649,166180.57080196188,2105.3351870793886,159444.76455225184,389,4,0.01271361474378632,0.36400138674434473,0.9594669447986364
les_flux_y,6000.0,moving_end,1642.4854217859033,1227.9243891665017,2877.4121370403964,167309.09131318642,2810.7176687668198,161013.6685966511,308,3,0.017198181607801333,0.4267460936025317,0.9623725006984176
les_flux_y,6000.0,moving_end,1804.3861516053175,-1221.4956894091758,2753.6446175081064,159434.35739446842,2751.505393239535,154581.1751970052,481,5,0.01727133763706344,0.44359235089477916,0.969559997752206
les_flux_y,6000.0,moving_end,1974.3819179157026,-933.5652529766412,2090.5773835098007,133539.49542807776,2090.5773835098003,129794.13776435264,431,4,0.015655124177369327,0.4465585729284556,0.9719531839496705
les_flux_y,6000.0,moving_symmetric,39.88822936505957,-2379.3690599616166,5547.209860258161,34843.02998150219,5547.197824820435,33192.36544168592,500,5,0.1592057253115793,0.42893078140203683,0.9526256889629693
les_flux_y,6000.0,moving_symmetric,121.65909956343168,-694.4374289941479,13035.835731044168,85010.59510819471,13035.835731044168,82090.70801722459,491,5,0.1533436592750962,0.053271416065820865,0.965652668502627
les_flux_y,6000.0,moving_symmetric,207.51851327172238,1547.380133537933,16125.650466272762,97527.09236394471,16125.650466272764,94736.32568077814,431,4,0.16534534225726938,0.09595768783245803,0.9713847033114431
les_flux_y,6000.0,moving_symmetric,297.6708976654277,-4322.7227535676775,17371.955265226683,99767.00754430932,17371.955265226683,97449.92179120965,431,4,0.17412525135136794,0.24883340346958183,0.9767750300411627
les_flux_y,6000.0,moving_symmetric,392.33090127881815,-10737.830115831322,14564.008253967493,111737.467239257,14304.72283979779,109350.01649886294,566,5,0.1303413135612106,0.7372853632451182,0.9786333912931644
les_flux_y,6000.0,moving_symmetric,491.72390507287827,-13387.658910953935,13629.40469946833,117994.91456674108,13620.945651618345,113484.5119211759,827,7,0.1155084077098863,0.9822629238880972,0.9617746013705195
les_flux_y,6000.0,moving_symmetric,596.0865590566414,-12209.147835476651,12209.147835476651,128554.58512951515,12209.147835476648,123168.29299591042,1015,9,0.09497248054728095,1.0,0.958101127795806
les_flux_y,6000.0,moving_symmetric,705.6673457395926,-14683.2116906631,14683.2116906631,130546.48788003903,14683.211690663098,124782.11313167374,1015,9,0.11247496527180192,1.0,0.9558442755375982
les_flux_y,6000.0,moving_symmetric,820.7271717566915,-12672.475372521303,12672.475372521303,154766.24093785018,12672.475372521303,148112.45087336577,1015,9,0.08188139283947729,1.0,0.9570074841634463
les_flux_y,6000.0,moving_symmetric,941.5399890746453,-8808.305054766537,8808.305054766537,159426.73900770769,8808.305054766539,152494.05552500728,1015,9,0.055249860278084775,1.0,0.9565149263802903
les_flux_y,6000.0,moving_symmetric,1068.3934472584967,-8245.574897355795,8245.574897355795,143472.90614978282,8245.574897355795,136145.5106348365,1015,9,0.057471303249043974,1.0,0.9489283676508465
les_flux_y,6000.0,moving_symmetric,1201.5895783515407,-7636.800318084166,7636.800318084166,149798.334865098,7636.800318084168,142469.23120520584,1015,9,0.050980542106569764,1.0,0.9510735305135906
les_flux_y,6000.0,moving_symmetric,1341.445515999237,-3565.3326944814844,4018.1845224683866,162037.2723266678,4018.184522468385,153808.4806466038,811,7,0.024797902758864704,0.8872993946757045,0.949216673658424
les_flux_y,6000.0,moving_symmetric,1488.294250529318,1148.9542648541412,3241.095832224665,165850.3129705137,3241.0958322246647,158982.21288877472,491,5,0.019542295544542596,0.35449561639944077,0.9585885612229139
les_flux_y,6000.0,moving_symmetric,1642.4854217859033,1165.373216520384,3782.8055599334807,167145.3770326662,3772.1744773258374,160759.50495776752,405,4,0.022631828813274236,0.3080711387504878,0.961794503753157
les_flux_y,6000.0,moving_symmetric,1804.3861516053175,-1462.6938055191717,3544.825468269047,158891.9976933098,3535.9538679756006,154020.70349919813,458,4,0.022309653851235477,0.41262787649554183,0.9693421049213936
les_flux_y,6000.0,moving_symmetric,1974.3819179157026,-432.1940071252079,2292.376611560637,133195.51800739212,2292.3766115606363,129369.84695803162,431,4,0.017210613734265547,0.18853534142061096,0.9712777794133569
les_flux_y,6000.0,fixed_initial,39.88822936505957,19498.532344459694,19498.539344922832,73002.91834782083,19498.532344459694,71222.61562920501,8,0,0.2670926010385292,0.9999996409749975,0.9756132664432181
les_flux_y,6000.0,fixed_initial,121.65909956343168,41005.68304584294,41005.68304584294,138769.27569929385,41005.68304584293,135561.74109464118,0,0,0.29549540299324056,1.0,0.9768858445899564
les_flux_y,6000.0,fixed_initial,207.51851327172238,46798.282404806,46798.282404806,140704.83502381406,46798.282404806,137683.3792004514,0,0,0.33259896432759734,1.0,0.9785262828896301
les_flux_y,6000.0,fixed_initial,297.6708976654277,27648.932931295873,27648.932931295873,132216.7601076559,27648.932931295873,129562.8092007754,0,0,0.20911821548783274,1.0,0.9799272731783811
les_flux_y,6000.0,fixed_initial,392.33090127881815,5649.17491078132,6412.006140387121,136745.2359413885,6392.557177268883,133678.5013245221,154,1,0.04689016108126373,0.8810308017640567,0.9775733714176277
les_flux_y,6000.0,fixed_initial,491.72390507287827,-14453.053278887211,14900.130416982824,138761.22239780644,14881.491741496126,133449.47309843317,784,7,0.10737964223366749,0.9699950855741475,0.9617202183175835
les_flux_y,6000.0,fixed_initial,596.0865590566414,-26334.492242024295,26334.492242024295,147990.11795198658,26334.492242024295,141873.99561203038,1015,9,0.1779476400618058,1.0,0.9586720895651931
les_flux_y,6000.0,fixed_initial,705.6673457395926,-23822.3810868351,23822.3810868351,152233.17773545958,23822.3810868351,146366.1119781163,1015,9,0.15648613161207214,1.0,0.9614600059946284
les_flux_y,6000.0,fixed_initial,820.7271717566915,-20021.682780219584,20021.682780219584,164762.37338081177,20021.682780219588,158297.5016848101,1015,9,0.12151853830087707,1.0,0.9607624510175053
les_flux_y,6000.0,fixed_initial,941.5399890746453,-16452.57726925916,16452.57726925916,164051.5893967544,16452.57726925916,157170.5380827144,1015,9,0.10028904523118663,1.0,0.9580555644761334
les_flux_y,6000.0,fixed_initial,1068.3934472584967,-17003.13190909817,17003.13190909817,144116.060833185,17003.13190909817,137145.30243373214,1015,9,0.11798221385456388,1.0,0.9516309399580276
les_flux_y,6000.0,fixed_initial,1201.5895783515407,-11447.795992613223,11447.795992613223,148533.15217830223,11447.79599261322,141856.29912135596,1015,9,0.07707232913815129,1.0,0.9550480619375044
les_flux_y,6000.0,fixed_initial,1341.445515999237,-1225.15042685543,9998.898168737333,155214.3838812553,9997.915224815977,147447.31581025856,435,4,0.06441991984703466,0.12252854326349667,0.9499590960787576
les_flux_y,6000.0,fixed_initial,1488.294250529318,4036.7563518089555,9584.087632770548,160840.09839759674,9444.937290318294,154440.17423372503,285,3,0.059587675761542266,0.4211935978137565,0.9602093991011427
les_flux_y,6000.0,fixed_initial,1642.4854217859033,7008.301511843409,7605.319764073745,157725.56666715723,7562.418486310833,151650.32881957365,127,1,0.04821868720955676,0.9214999144348209,0.961482225260259
les_flux_y,6000.0,fixed_initial,1804.3861516053175,7231.249442694392,7231.249442694392,146087.54227819137,7231.249442694392,141607.78293381727,0,0,0.04949942568630581,1.0,0.9693351036336597
les_flux_y,6000.0,fixed_initial,1974.3819179157026,4671.759017703772,4671.759017703772,125064.17250544699,4671.759017703771,121476.9269466827,0,0,0.03735489488406682,1.0,0.971316760932408
les_flux_z,1200.0,moving_end,39.88822936505957,234.03854912473582,234.03854912473582,1031.0039192260333,234.03854912473577,942.4000962042517,0,0,0.22700063962940778,1.0,0.9140606341358083
les_flux_z,1200.0,moving_end,121.65909956343168,-4872.281087605269,4872.281087605269,4884.7442984764275,4872.281087605269,4872.281087605269,1015,9,0.9974485438521222,1.0,0.9974485438521222
les_flux_z,1200.0,moving_end,207.51851327172238,-2895.254998060904,3286.2997677800577,5071.851286240802,2924.6402806249353,4936.745995700652,794,8,0.6479487631459765,0.8810075777161042,0.9733617405331518
les_flux_z,1200.0,moving_end,297.6708976654277,-342.6846104082929,3428.6065554301304,6256.944531135226,3386.932841609346,5997.124065449436,455,5,0.5479681877262963,0.09994865402842991,0.9584748651050212
les_flux_z,1200.0,moving_end,392.33090127881815,2035.4442613235356,4222.584341569354,6854.222918645072,4173.516299389694,6595.396440590832,336,4,0.6160558814162505,0.4820375619938589,0.9622383921377619
les_flux_z,1200.0,moving_end,491.72390507287827,3177.5083937101863,4689.9950994165065,6991.479130698734,4475.579614637136,6484.385435319712,313,4,0.6708158619573517,0.6775078281223594,0.9274697548402262
les_flux_z,1200.0,moving_end,596.0865590566414,4261.814503604699,5672.339795296477,7894.5315853215525,5589.506448749495,7462.602516172215,267,3,0.7185150548821874,0.7513327228983373,0.9452875620952063
les_flux_z,1200.0,moving_end,705.6673457395926,4643.761118207371,5675.928221459551,8936.290350406707,5399.63536016409,7514.521392574094,213,3,0.6351548572055102,0.8181500781934199,0.8408994222342041
les_flux_z,1200.0,moving_end,820.7271717566915,3108.131365575111,3932.1570960652675,10691.08102506204,3123.6728078533242,8680.805067011555,185,1,0.367797894978768,0.790439265177192,0.8119670075142079
les_flux_z,1200.0,moving_end,941.5399890746453,2403.0139904746384,5164.56638941697,12547.695925891925,4693.683113449168,11127.3077448974,400,2,0.41159479954881506,0.46528862430712514,0.8868008764809496
les_flux_z,1200.0,moving_end,1068.3934472584967,-783.8491085680416,5812.186465580518,13048.640291028434,5615.790445640856,11665.273526586267,655,5,0.4454246830282137,0.13486303531553184,0.8939838378874388
les_flux_z,1200.0,moving_end,1201.5895783515407,-3011.936888265278,6497.519736147224,11929.821090524472,6338.693641702336,10707.5921504599,721,6,0.5446451951662564,0.4635517875396619,0.8975484266871901
les_flux_z,1200.0,moving_end,1341.445515999237,-1211.6710638186073,5564.8252902049335,8988.930330448382,5556.144861746721,8373.67173751752,637,5,0.6190753610977594,0.2177374851194988,0.9315537477416211
les_flux_z,1200.0,moving_end,1488.294250529318,2181.46405395129,5855.244283227653,9352.276202834562,5841.107543776699,8579.834668686355,523,4,0.6260769203387084,0.3725658483968114,0.9174060391935293
les_flux_z,1200.0,moving_end,1642.4854217859033,6171.377687429074,7290.537496595271,10544.880838802192,6548.279244343616,10212.698162465196,333,3,0.6913816863409348,0.8464914542050087,0.968498204824216
les_flux_z,1200.0,moving_end,1804.3861516053175,8249.52360215978,8306.697213382788,11149.691971429727,8255.27818932231,10916.890875644112,91,2,0.7450158474931947,0.993117166816807,0.979120401139139
les_flux_z,1200.0,moving_end,1974.3819179157026,7675.095267535397,7682.011397764592,10488.167713820238,7681.290632620192,10234.141249315227,42,1,0.7324455145432144,0.9990996979995099,0.9757797099134599
les_flux_z,1200.0,moving_symmetric,39.88822936505957,77.88099868075719,173.36429171131456,1147.4701011104216,136.69109113676942,1051.3454985807653,164,1,0.15108392937083737,0.4492332181672352,0.9162291004910408
les_flux_z,1200.0,moving_symmetric,121.65909956343168,-4825.1181437404175,4825.1181437404175,4947.1775723484625,4825.1181437404175,4900.885640944865,1015,9,0.9753274616035053,1.0,0.9906427592851449
les_flux_z,1200.0,moving_symmetric,207.51851327172238,-3651.671060531138,3687.9006158910915,4985.425652178233,3680.4172011472433,4865.353785573791,929,8,0.7397363581743063,0.9901761031184406,0.9759154232794587
les_flux_z,1200.0,moving_symmetric,297.6708976654277,-1611.9678239729428,2867.7729639329245,5690.978762104827,2648.7717642100743,5432.059841117787,604,5,0.5039155976172136,0.562097433878537,0.9545036219936133
les_flux_z,1200.0,moving_symmetric,392.33090127881815,748.5364016279556,3244.7254123800435,6344.431991951638,3187.763850692373,6114.429693134486,387,4,0.5114288271189931,0.23069329650267556,0.9637473773682299
les_flux_z,1200.0,moving_symmetric,491.72390507287827,2241.752289039224,3814.2770025981645,6649.486854539854,3608.6099093218068,6188.959881521831,312,4,0.5736197523263039,0.5877266615697322,0.9307424793683736
les_flux_z,1200.0,moving_symmetric,596.0865590566414,3289.9425644877238,4730.952947434011,7321.54173782154,4654.930578921629,6889.161926095156,272,3,0.6461689514101799,0.6954080078670267,0.9409441580462758
les_flux_z,1200.0,moving_symmetric,705.6673457395926,4158.151219456251,5376.693893334884,8458.049845284542,5183.456736002411,7295.865736529837,260,3,0.6356895492088465,0.773365808421942,0.8625943178376235
les_flux_z,1200.0,moving_symmetric,820.7271717566915,3524.2954684919546,4144.954333878179,9963.258149913889,3725.134028105677,8236.827222479164,177,1,0.4160239824674224,0.8502615914695707,0.8267202453798062
les_flux_z,1200.0,moving_symmetric,941.5399890746453,3127.6161419847417,3779.001896474337,11043.689252508842,3401.0015145365314,9620.590045109915,236,1,0.34218654745431604,0.8276302123327026,0.8711391479006315
les_flux_z,1200.0,moving_symmetric,1068.3934472584967,692.937989135771,3444.7459969606734,11585.245106712924,3207.5375822103724,10132.731088227327,486,5,0.2973390692411556,0.2011579343577598,0.8746237990559254
les_flux_z,1200.0,moving_symmetric,1201.5895783515407,-1503.3745596672698,4477.982296070741,11219.952157551877,4379.250893133617,9928.904326392576,737,6,0.39910885832581017,0.3357258828348705,0.884932857731454
les_flux_z,1200.0,moving_symmetric,1341.445515999237,-1040.114448488951,4368.953403402898,8854.471801324837,4364.689475792027,8243.49694884062,639,5,0.49341773303170955,0.2380694762454607,0.9309981593263643
les_flux_z,1200.0,moving_symmetric,1488.294250529318,863.4262491220184,4890.170730090678,8457.500622744841,4857.631738108525,7807.8491833775915,616,5,0.5782051871139676,0.1765636205315081,0.9231863563071889
les_flux_z,1200.0,moving_symmetric,1642.4854217859033,3611.489439110017,5434.8819876406415,8769.840434604317,5328.391725375213,8401.368310442373,456,4,0.6197241589704996,0.6645019058965465,0.957984170075887
les_flux_z,1200.0,moving_symmetric,1804.3861516053175,5571.674468557899,5960.534308496907,9232.404181402148,5669.559799591348,8879.985524756838,232,2,0.6456101998333078,0.9347609090371851,0.9618280731951461
les_flux_z,1200.0,moving_symmetric,1974.3819179157026,5809.716867899065,5879.106598493748,9050.741710440025,5816.040959474835,8800.954903018126,151,1,0.6495718015808806,0.9881972321079429,0.9724015096869055
les_flux_z,1200.0,fixed_initial,39.88822936505957,324.2072845700852,2724.314248091789,3581.101818905092,2716.4942086945384,3396.853474532523,461,4,0.7607474977979648,0.11900509818100906,0.9485498168748236
les_flux_z,1200.0,fixed_initial,121.65909956343168,-1874.912270421179,2076.0359252790972,4280.937757858319,1989.1471948185842,3990.3697511008713,891,8,0.4849488693144894,0.9031213032448465,0.9321251503308906
les_flux_z,1200.0,fixed_initial,207.51851327172238,-1808.5654143509328,1913.891140076229,4465.474686342244,1884.1608619981644,4282.580615194971,870,7,0.42859746712480723,0.9449677552083233,0.9590426362270826
les_flux_z,1200.0,fixed_initial,297.6708976654277,-1557.7524942250998,2068.3258070927213,2980.2349909546847,2032.46492245466,2818.1141024388685,788,7,0.6940143355709533,0.7531465733702306,0.9456013069412749
les_flux_z,1200.0,fixed_initial,392.33090127881815,-632.2240372326542,2278.3927406005264,3068.1283775396378,2230.6819418841633,2935.7017920602793,642,6,0.7426001979837596,0.2774868555216762,0.9568379907279002
les_flux_z,1200.0,fixed_initial,491.72390507287827,-244.20219713170934,2095.6992641887937,3110.123621976885,1831.003700392051,2765.9811631666657,645,4,0.67383149961631,0.11652540099842784,0.8893476592446599
les_flux_z,1200.0,fixed_initial,596.0865590566414,-188.74259410549155,1559.0333452900286,3049.1917414097106,1292.3744923494855,2689.740170976799,541,4,0.5112939682072115,0.12106385965104523,0.8821157864389568
les_flux_z,1200.0,fixed_initial,705.6673457395926,388.8834196879147,1595.075646699534,3464.7001114176664,1157.040959790691,2854.884198170419,398,4,0.46037913683873494,0.24380249331282597,0.8239917182911031
les_flux_z,1200.0,fixed_initial,820.7271717566915,636.1482114423342,1729.3936007483003,3759.1154453029994,1645.5573437237645,3276.275246534656,368,3,0.4600533359275175,0.3678446659956854,0.871554836292232
les_flux_z,1200.0,fixed_initial,941.5399890746453,169.54283095946892,1489.778227790251,3916.496009977959,1234.8546579501788,3468.079009251278,438,4,0.38038548334909067,0.11380407351700081,0.8855055642634997
les_flux_z,1200.0,fixed_initial,1068.3934472584967,419.30141919414325,1758.5013098106558,3962.2130075337445,1723.7286811517906,3460.069170976873,491,5,0.4438179639678747,0.23844248329805962,0.8732668244735716
les_flux_z,1200.0,fixed_initial,1201.5895783515407,451.0490388260765,1540.4395781341898,3500.8325869486093,1528.9515276895731,3162.4351836838014,552,5,0.440020920702428,0.29280540777353686,0.9033380217819095
les_flux_z,1200.0,fixed_initial,1341.445515999237,-48.89045138298093,1531.384307734962,3346.118064128832,1436.3267143303187,2914.575405269663,587,5,0.4576599744497242,0.0319256578091059,0.871031849268737
les_flux_z,1200.0,fixed_initial,1488.294250529318,-553.9566631489836,1303.1371374261487,2857.2031680898417,1031.8091142405356,2427.7845078730084,618,5,0.45608837060661306,0.4250946790167565,0.8497066414412814
les_flux_z,1200.0,fixed_initial,1642.4854217859033,-1244.9993101620096,1506.3034859283628,2770.3163579088027,1400.5892072264658,2456.8596012479047,685,6,0.5437297735430509,0.8265262092218378,0.8868516385263979
les_flux_z,1200.0,fixed_initial,1804.3861516053175,-1662.9871889969104,1819.9610408779881,2837.5061204104322,1751.724944880361,2569.597380462061,740,7,0.641394578072219,0.9137487845314809,0.9055830265805315
les_flux_z,1200.0,fixed_initial,1974.3819179157026,-1813.5965596389972,1943.0087578938085,2696.450578718649,1942.0826807297128,2538.5371121800845,857,8,0.7205801482989258,0.9333959778981685,0.941436543363756
les_flux_z,2400.0,moving_end,39.88822936505957,-2400.439739499342,2400.439739499342,4828.323334606861,2400.4397394993416,4580.189424399674,1015,9,0.4971580346109514,1.0,0.9486086798643548
les_flux_z,2400.0,moving_end,121.65909956343168,-7766.691960458813,7766.691960458813,15048.279008057161,7766.691960458813,14652.04722431395,1015,9,0.516118285439841,1.0,0.9736692957692331
les_flux_z,2400.0,moving_end,207.51851327172238,-168.82165146232728,8141.158269225417,20824.82935096889,8082.135779489728,20236.970388104903,398,4,0.3909351732021105,0.020736809908301863,0.9717712470553025
les_flux_z,2400.0,moving_end,297.6708976654277,2054.9142513858355,8125.1692331771565,23530.637292666284,8119.462669596235,22909.948518458823,438,4,0.34530170739189886,0.2529072555184564,0.9736221009874259
les_flux_z,2400.0,moving_end,392.33090127881815,3848.964979030734,10844.329139034598,26491.470574967185,10753.537548204155,25678.6599981206,397,4,0.40935172354236254,0.3549288231372681,0.9693180273044322
les_flux_z,2400.0,moving_end,491.72390507287827,5265.079092627909,11524.292948386239,28087.41872971579,11365.40531480064,26806.286174447163,357,3,0.41030089162995326,0.45686786306184485,0.9543876720179622
les_flux_z,2400.0,moving_end,596.0865590566414,5665.074247408771,8078.675374393092,35368.148332031386,7760.774096240832,33512.6679062753,205,2,0.2284166900271844,0.7012380105487724,0.9475380953411221
les_flux_z,2400.0,moving_end,705.6673457395926,5981.296680618505,11680.024218886785,45144.54238686855,10976.926105199205,41825.16669734497,350,3,0.2587250551527181,0.5120962566966816,0.9264722707547235
les_flux_z,2400.0,moving_end,820.7271717566915,2631.6099876732915,16914.943387581156,50872.67511392488,16256.581596036842,45961.03931095292,469,4,0.3324956540952806,0.15557900061346955,0.9034523780797297
les_flux_z,2400.0,moving_end,941.5399890746453,-7373.119173161873,15854.492904529041,54409.184735868024,15410.47650743681,49645.448106953096,662,5,0.2913936862221963,0.4650491956797714,0.912446094312188
les_flux_z,2400.0,moving_end,1068.3934472584967,-8394.639422622167,10043.125709696786,53457.39670786078,9691.993184168221,48106.46888341862,840,7,0.18787158238515508,0.835859239969188,0.8999029478804508
les_flux_z,2400.0,moving_end,1201.5895783515407,3748.714035293826,6130.717351366768,55280.13924287311,5091.166799412233,51061.29398196259,306,3,0.11090271181176807,0.6114641762856832,0.9236824414935889
les_flux_z,2400.0,moving_end,1341.445515999237,18934.605214545732,18934.605214545732,54893.021400238445,18934.605214545732,51431.636129856706,0,0,0.34493647337225064,1.0,0.9369430725056299
les_flux_z,2400.0,moving_end,1488.294250529318,21605.290796003243,21605.290796003243,52440.36536026654,21605.29079600324,49277.9646123059,0,0,0.41199733540326017,1.0,0.9396952952895183
les_flux_z,2400.0,moving_end,1642.4854217859033,13138.293509546722,13138.293509546722,52619.45669016887,13138.293509546722,49594.46006581218,0,0,0.24968508487092397,1.0,0.9425118232944077
les_flux_z,2400.0,moving_end,1804.3861516053175,5390.468028982863,5896.743171156291,50229.131051957425,5390.468028982862,48004.54394219311,214,0,0.11739687801998111,0.9141432605289891,0.955711216515707
les_flux_z,2400.0,moving_end,1974.3819179157026,2498.0555873235653,4289.305449077537,41853.966300435364,4167.286052370722,39971.60786681589,320,2,0.10248265166288241,0.5823916288966551,0.9550255662723202
les_flux_z,2400.0,moving_symmetric,39.88822936505957,-2833.3199920837046,2833.3199920837046,5618.285114675074,2833.3199920837037,5325.592340474036,1015,9,0.5043033477747535,1.0,0.947903538494955
les_flux_z,2400.0,moving_symmetric,121.65909956343168,-9205.445732293958,9205.445732293958,15862.789166452783,9205.445732293958,15415.51345870205,1015,9,0.580316969210054,1.0,0.9718034638765388
les_flux_z,2400.0,moving_symmetric,207.51851327172238,-284.3508514691939,8613.580955005385,21463.50586728973,8576.466525177291,20796.704431069214,408,4,0.4013128613873113,0.03301192070458878,0.9689332469567931
les_flux_z,2400.0,moving_symmetric,297.6708976654277,1829.676925770379,8617.20765932234,23011.173162036273,8611.745204457155,22240.720949384977,438,4,0.3744792844173181,0.2123282852294946,0.966518342753494
les_flux_z,2400.0,moving_symmetric,392.33090127881815,3395.7381057817665,10458.188960686846,25716.605677191765,10371.736672716006,24798.30838839626,398,4,0.406670658327288,0.3246965720878264,0.9642916604033033
les_flux_z,2400.0,moving_symmetric,491.72390507287827,5044.30081230562,11929.965204218795,27243.60139584281,11706.933311201796,25965.196815306885,385,4,0.43789971196830196,0.42282611273013626,0.9530750519374799
les_flux_z,2400.0,moving_symmetric,596.0865590566414,6423.184605891354,9936.78069467131,32879.52102724588,9343.196022488706,31032.92836292305,228,3,0.3022179272756777,0.6464049880194948,0.9438376044835739
les_flux_z,2400.0,moving_symmetric,705.6673457395926,5419.341712551968,9598.548861569421,42431.153764499366,8952.02658629349,39131.17067854495,346,3,0.22621465621328884,0.5646001068192585,0.9222273543568972
les_flux_z,2400.0,moving_symmetric,820.7271717566915,2666.1099012024124,15848.450284466811,50109.964319443396,14918.072512337518,45642.12246706191,462,4,0.3162734298399287,0.1682252746071638,0.9108392529697353
les_flux_z,2400.0,moving_symmetric,941.5399890746453,-6134.822634719252,16985.133906421175,53882.65243209256,16831.482983998834,49237.298874062035,608,5,0.3152245321966521,0.36118776975905986,0.913787585644842
les_flux_z,2400.0,moving_symmetric,1068.3934472584967,-9680.306047279619,12474.917225208475,52458.784267243915,11956.121414856067,47444.0800242739,769,6,0.23780416186651906,0.7759815854904677,0.904406777377392
les_flux_z,2400.0,moving_symmetric,1201.5895783515407,-1431.929124478837,6462.170322246284,52316.28992395253,6146.641859889377,48127.503063423006,525,4,0.12352118874713322,0.22158641030388238,0.9199334114361247
les_flux_z,2400.0,moving_symmetric,1341.445515999237,12953.558407414028,13117.196303208997,51612.129538070185,12953.558407414028,47938.80335847374,55,0,0.25414948812630334,0.9875249335290548,0.9288282383913858
les_flux_z,2400.0,moving_symmetric,1488.294250529318,19386.73691175689,19386.73691175689,49846.03691086791,19386.73691175689,46954.26636327949,0,0,0.38893236279592786,1.0,0.9419859485968898
les_flux_z,2400.0,moving_symmetric,1642.4854217859033,15591.731656798862,15591.731656798862,48626.98381318208,15591.731656798864,45938.186140382546,0,0,0.3206394975411197,1.0,0.9447056456734082
les_flux_z,2400.0,moving_symmetric,1804.3861516053175,9409.954491160403,9434.214537689824,46300.68632040226,9409.954491160403,44175.612009269695,43,0,0.2037597125970175,0.9974285038322478,0.9541027470645471
les_flux_z,2400.0,moving_symmetric,1974.3819179157026,5226.285180471314,5304.9862693299965,39561.91734487846,5304.8895240491565,37776.657051782895,71,1,0.13409325496244587,0.985164695088151,0.9548742727119954
les_flux_z,2400.0,fixed_initial,39.88822936505957,-2529.447661721076,4018.5715612860668,10960.864398299667,3787.1773008324712,10510.023675864382,778,7,0.3666290736987366,0.6294394968822142,0.9588681415942685
les_flux_z,2400.0,fixed_initial,121.65909956343168,-6616.043409875437,8441.808992140232,23756.700316337585,8423.474370521733,23118.80253273459,729,6,0.3553443399012262,0.7837234194750582,0.9731487211982756
les_flux_z,2400.0,fixed_initial,207.51851327172238,107.55441251866887,6413.012148261913,26160.030965056172,6371.6954391134595,25476.548415979658,456,4,0.24514543414830942,0.016771278461996803,0.973873022169221
les_flux_z,2400.0,fixed_initial,297.6708976654277,-750.0253855639639,9591.523380740691,22458.4968251995,9475.816047685845,21468.787813959374,530,5,0.42707770940299733,0.07819669053510084,0.9559316449830415
les_flux_z,2400.0,fixed_initial,392.33090127881815,2346.32826480963,8021.561724586678,24173.09059160496,7815.122562398702,23201.26073681574,413,4,0.33183848354800255,0.29250267533539775,0.9597970374906581
les_flux_z,2400.0,fixed_initial,491.72390507287827,6631.459789732475,8710.21286113039,25030.277365570957,8493.477454396128,23799.764607807156,330,3,0.3479870691769182,0.7613430228927677,0.950839028277954
les_flux_z,2400.0,fixed_initial,596.0865590566414,10114.39506850613,11393.366532666298,26799.28173469466,11308.046900437395,25533.950020161672,214,2,0.42513701096385403,0.887744200935414,0.9527848646445298
les_flux_z,2400.0,fixed_initial,705.6673457395926,6784.849959220783,11280.663653078274,28557.551665840736,10861.99582225402,26289.302097814918,459,5,0.3950150834033752,0.6014584042109374,0.9205726879332238
les_flux_z,2400.0,fixed_initial,820.7271717566915,-694.6987516730924,11669.323484878627,30920.618202239963,11127.792873817034,27986.62706551653,565,6,0.37739618944724956,0.059532050214676,0.905112144992273
les_flux_z,2400.0,fixed_initial,941.5399890746453,-7337.887680206193,12947.544136414164,32888.06387949784,11208.791110319733,29959.939394424826,696,7,0.39368520396500334,0.5667397309400815,0.9109669545826204
les_flux_z,2400.0,fixed_initial,1068.3934472584967,-8494.834379818982,13033.040153133637,34139.03770336753,12881.520914937017,31639.73963147361,731,6,0.3817635478298217,0.6517922357337709,0.9267906115687793
les_flux_z,2400.0,fixed_initial,1201.5895783515407,-8776.993757809985,12093.772834803322,32314.778659187366,11899.54107488345,30062.65489672474,689,6,0.37424897636936033,0.7257448835612037,0.9303066938438606
les_flux_z,2400.0,fixed_initial,1341.445515999237,-5474.043261982925,8977.112199901852,28986.851540606764,8570.303631200457,26802.509337969008,602,6,0.30969600776842215,0.6097777481318295,0.9246436888953676
les_flux_z,2400.0,fixed_initial,1488.294250529318,-1785.8847907308834,6772.685503432691,25348.407320875143,6547.076528060884,23207.797786877476,490,4,0.2671838675187766,0.2636893134674155,0.9155525036780195
les_flux_z,2400.0,fixed_initial,1642.4854217859033,1307.550871577734,5767.4149923264795,23020.185457885113,5098.151289303277,21621.885626924282,408,3,0.250537294883129,0.22671350567237222,0.9392576643868058
les_flux_z,2400.0,fixed_initial,1804.3861516053175,3296.8447494400607,4686.563170315592,21324.69496942038,4258.4060920543325,20164.114088904225,316,2,0.21977163926781254,0.7034674727787894,0.9455757335717848
les_flux_z,2400.0,fixed_initial,1974.3819179157026,3321.115544670942,3813.2168686892874,18374.37731759474,3805.997277576379,17224.069595143374,258,3,0.20752903909499387,0.8709485085784029,0.9373960976979685
les_flux_z,4200.0,moving_end,39.88822936505957,-3681.5126041579592,4694.569621358905,13975.64019722012,4453.586412970993,13354.0396089503,786,7,0.335910881727815,0.7842066261853193,0.9555225678753906
les_flux_z,4200.0,moving_end,121.65909956343168,2749.4782660842056,5754.591651500857,54327.807952627714,5390.2596267616345,53017.088111723126,549,5,0.1059235015798667,0.47778859606260915,0.975873868460743
les_flux_z,4200.0,moving_end,207.51851327172238,5995.419444417039,11529.079773369907,70747.51784364658,11486.943107037403,68866.79032488393,292,3,0.16296090837913782,0.5200258444100088,0.973416346239608
les_flux_z,4200.0,moving_end,297.6708976654277,4716.351681312828,7139.229590796822,73294.42466176179,7097.55121977453,71119.25656730402,408,4,0.09740481112639673,0.6606247384721561,0.9703228710165104
les_flux_z,4200.0,moving_end,392.33090127881815,55.8018512971189,5693.944107273041,82808.20066550431,5267.850476029325,80452.62092429903,564,5,0.06876063072875083,0.009800210582650709,0.9715537866748196
les_flux_z,4200.0,moving_end,491.72390507287827,-2203.3239681477216,7159.310647917187,88272.01053518907,7099.375153867149,84761.84520181126,529,5,0.08110510460236062,0.30775644143737785,0.9602346733455391
les_flux_z,4200.0,moving_end,596.0865590566414,6239.778759081506,7845.497451232351,101260.96834688704,7623.885261068498,95211.96441661648,260,3,0.07747800143838479,0.7953324563379187,0.9402632225523595
les_flux_z,4200.0,moving_end,705.6673457395926,7540.909461991538,12309.13640402307,119103.08860168119,12309.136404023066,109765.94236438606,270,3,0.10334859111159374,0.612627012527613,0.9216044995397095
les_flux_z,4200.0,moving_end,820.7271717566915,6303.228935487166,15335.750056581048,141186.03690123983,14716.121756283474,128934.75875709936,351,3,0.10862086926703994,0.4110153668540167,0.9132259930724574
les_flux_z,4200.0,moving_end,941.5399890746453,1730.0053834520986,10349.40183580024,151114.9160801944,10334.002621539177,139350.54231692414,480,4,0.06848696412145025,0.16715993937618046,0.922149486838036
les_flux_z,4200.0,moving_end,1068.3934472584967,506.1737530397768,10229.592406164638,150150.0246507168,10229.592406164644,136831.08353824948,455,3,0.06812914236918044,0.049481321732305024,0.9112957780496526
les_flux_z,4200.0,moving_end,1201.5895783515407,-2150.028459051882,7712.616505441394,153177.67533005998,7612.805912584807,142274.28904281414,573,5,0.05035078701137496,0.2787677122977652,0.9288186985227989
les_flux_z,4200.0,moving_end,1341.445515999237,-880.9953147091489,7022.718871770317,149103.9741263548,6832.308898181364,138938.03626348116,466,4,0.04709947479883449,0.12544932109564338,0.9318198061289853
les_flux_z,4200.0,moving_end,1488.294250529318,1702.8518319470886,6763.010228909261,139268.68859737352,5439.160043670616,129791.58022738676,411,4,0.048560881107031585,0.25178903688006465,0.9319509039294172
les_flux_z,4200.0,moving_end,1642.4854217859033,-622.0045349729812,5549.606777871697,131742.4492973219,5517.1404702023265,123715.08784545962,388,4,0.04212466678334719,0.11208083020460834,0.9390677682502638
les_flux_z,4200.0,moving_end,1804.3861516053175,-3119.008959167854,5703.784625485843,119855.9367668693,5634.938364737109,113265.05009496826,559,6,0.04758867002625179,0.5468314748827283,0.9450099273370086
les_flux_z,4200.0,moving_end,1974.3819179157026,2124.532768981406,4051.5267575073403,100732.04580669955,4028.5049060669753,95900.61040833079,148,2,0.04022083265619409,0.5243783136924173,0.9520367589114582
les_flux_z,4200.0,moving_symmetric,39.88822936505957,-3642.0180021877045,4975.71675986415,15014.717314097152,4644.271545429922,14291.119256651435,781,6,0.3313893066233425,0.7319584650729076,0.9518074138654387
les_flux_z,4200.0,moving_symmetric,121.65909956343168,2734.4544871393414,5777.160580847061,57822.550072123726,5509.0547183628505,56324.76266958923,520,5,0.09991189550860423,0.4733215303387688,0.9740968289937704
les_flux_z,4200.0,moving_symmetric,207.51851327172238,6972.533129156439,12056.925233901133,74187.68750325427,11840.554140916422,72175.87874503975,266,3,0.16251922171549357,0.5783011003129866,0.9728821745774692
les_flux_z,4200.0,moving_symmetric,297.6708976654277,6375.263256309877,9008.228077811953,75949.71997902617,8990.015593563456,73575.74032709042,407,4,0.1186077852597694,0.7077155686158417,0.9687427464829188
les_flux_z,4200.0,moving_symmetric,392.33090127881815,987.1700636370665,7103.399591985726,84376.4587426987,6857.556862854796,81940.01619766849,473,4,0.08418698411659047,0.13897149538804238,0.9711241431397352
les_flux_z,4200.0,moving_symmetric,491.72390507287827,-2388.7895174909304,7414.243092876553,89690.15928739285,6980.380061711771,86078.87214939792,576,5,0.08266506773746721,0.3221892629587541,0.9597359714077067
les_flux_z,4200.0,moving_symmetric,596.0865590566414,4849.084327180159,6128.676873563201,103134.47461242789,5954.871198240339,96841.82123485667,248,2,0.05942413433136047,0.7912122677077785,0.9389859365530433
les_flux_z,4200.0,moving_symmetric,705.6673457395926,5056.65587632922,11250.972849658567,120346.5184237029,11250.972849658567,110755.19855331496,270,3,0.09348814570644552,0.449441656637068,0.9203024732579311
les_flux_z,4200.0,moving_symmetric,820.7271717566915,3384.6949099794974,15770.59483466789,141179.23458254326,15441.056724541171,128749.05321388833,449,4,0.11170619306231823,0.2146206243621866,0.9119546057505548
les_flux_z,4200.0,moving_symmetric,941.5399890746453,-1102.7349374494142,12413.424967764451,152128.44060107297,12353.272881321242,139535.35382272257,512,4,0.08159831862285519,0.08883405992407646,0.9172206937204246
les_flux_z,4200.0,moving_symmetric,1068.3934472584967,146.0163951472241,9618.359760042436,150841.31920392535,9594.023781676757,137566.19959691833,502,4,0.06376475498095575,0.015181007863089109,0.9119928168417825
les_flux_z,4200.0,moving_symmetric,1201.5895783515407,139.1332953239803,6026.135429163522,151703.175920997,5977.447885939558,140554.13928178264,461,3,0.039723198888741616,0.023088312063257625,0.9265075594394908
les_flux_z,4200.0,moving_symmetric,1341.445515999237,1587.9081417687817,5441.465712334075,148031.69452875567,5061.949935368319,137688.3035126656,442,4,0.03675878824231828,0.29181625424368624,0.9301271862825238
les_flux_z,4200.0,moving_symmetric,1488.294250529318,2346.539767427169,6646.847958581653,138143.83778666647,5664.056434648171,128687.38953281248,390,3,0.0481154140863401,0.3530304562476992,0.9315463620718468
les_flux_z,4200.0,moving_symmetric,1642.4854217859033,-555.4981984085416,5452.546954609197,128917.08216678185,5233.466205891357,120781.60004785737,488,5,0.04229499196665931,0.10187866386716078,0.9368936840472429
les_flux_z,4200.0,moving_symmetric,1804.3861516053175,-2860.5488163312593,5227.547245373559,116504.74202650267,5108.827041013805,109717.69135845234,481,5,0.04486982378952772,0.54720668834947,0.9417444255916518
les_flux_z,4200.0,moving_symmetric,1974.3819179157026,2627.8009026964005,3907.879793648107,98168.13194910414,3823.004289202153,93351.23393655889,114,1,0.039808028492119736,0.6724364723212943,0.9509321618237312
les_flux_z,4200.0,fixed_initial,39.88822936505957,-8780.242320707504,8780.242320707504,31063.62755650454,8780.242320707504,30144.53604965489,1015,9,0.28265347647296823,1.0,0.9704126150373832
les_flux_z,4200.0,fixed_initial,121.65909956343168,-5733.087081884683,5733.087081884683,79505.41918814115,5733.087081884681,77484.02458546172,1015,9,0.07210938751631432,1.0,0.9745753858878976
les_flux_z,4200.0,fixed_initial,207.51851327172238,16436.332964609726,18315.375379641373,92226.88240371578,18312.102654188122,89732.50545118195,108,1,0.19859042073510938,0.8974062842784913,0.9729539057645373
les_flux_z,4200.0,fixed_initial,297.6708976654277,14872.737410070938,18327.644632327356,92733.27421751048,18175.158199044592,89526.92508695571,187,2,0.19763827802886544,0.8114920224848504,0.9654239628913122
les_flux_z,4200.0,fixed_initial,392.33090127881815,8380.546317727401,14099.091108554305,95450.65907335345,13812.104595207507,92651.68635542465,376,4,0.1477107779603618,0.5944033025393172,0.9706762347677683
les_flux_z,4200.0,fixed_initial,491.72390507287827,-1903.6778155846787,13018.326292106867,92749.17746461848,12938.168135648353,88757.59965636702,454,4,0.14036055788282367,0.14623061159089984,0.9569637390070209
les_flux_z,4200.0,fixed_initial,596.0865590566414,-4742.370049864844,7378.15489401269,103770.72118771478,6980.0355177120955,97617.67343644342,490,4,0.07110054560251217,0.6427582665299202,0.9407053581121319
les_flux_z,4200.0,fixed_initial,705.6673457395926,-9468.30764375858,14143.367394869587,109394.02608692777,13119.060762560943,101011.22878166422,693,6,0.12928829754954665,0.6694521452644401,0.9233706116767078
les_flux_z,4200.0,fixed_initial,820.7271717566915,-12321.126240029456,20129.79811462421,119452.41806504202,20114.441019174385,108620.37341554079,697,6,0.1685172928325612,0.6120839448994877,0.9093191680422646
les_flux_z,4200.0,fixed_initial,941.5399890746453,-7200.8178229008545,26529.652804752626,129888.94930694427,26377.050258569063,119917.5073872697,650,6,0.2042487289820141,0.27142525670787787,0.9232310217853039
les_flux_z,4200.0,fixed_initial,1068.3934472584967,2153.8664984997154,18690.559652674092,133211.17592686907,18355.681540112546,123290.05056217528,442,3,0.14030774462147927,0.11523820252175049,0.9255233256844732
les_flux_z,4200.0,fixed_initial,1201.5895783515407,8558.573894149085,11497.731576387738,128638.30478999949,11316.332193728435,119851.95694054935,342,3,0.08938031012735785,0.7443706471392462,0.9316972665039878
les_flux_z,4200.0,fixed_initial,1341.445515999237,15040.21147776972,15065.584311863793,120117.56626968415,15064.137847685168,111975.87886718527,60,1,0.12542365600414365,0.9983158413527916,0.9322190112958214
les_flux_z,4200.0,fixed_initial,1488.294250529318,13382.665714861027,13572.154241202556,109825.95612611089,13502.410750152969,103200.01469874984,155,2,0.12357874877609014,0.9860384340633062,0.93966871164998
les_flux_z,4200.0,fixed_initial,1642.4854217859033,6974.786815147974,10300.740318159242,98597.25530426645,10125.382066552764,93129.39091005168,444,4,0.10447289112026137,0.6771151004410894,0.9445434421339498
les_flux_z,4200.0,fixed_initial,1804.3861516053175,6190.590053005477,9053.594711947835,86748.45839901443,9046.035865966212,81871.60237452785,527,4,0.10436605882152132,0.6837715018141786,0.9437816404522759
les_flux_z,4200.0,fixed_initial,1974.3819179157026,9244.994557455995,9369.739472709854,76519.2332694832,9244.994557455993,73104.16330523817,78,0,0.12244946887682186,0.9866864051431538,0.9553697832776508
les_flux_z,6000.0,moving_end,39.88822936505957,-9024.096725648618,11108.896851469359,35657.849991010924,11108.896851469357,34670.02607513447,861,7,0.3115414096550922,0.8123305892839408,0.97229715431173
les_flux_z,6000.0,moving_end,121.65909956343168,4472.30934668893,17661.553989749584,114571.52073525314,17281.383551984316,112084.58965112854,444,4,0.1541530903701726,0.2532228675508718,0.9782936364275787
les_flux_z,6000.0,moving_end,207.51851327172238,16455.540173950678,20485.20432673591,138787.99176003726,20485.20432673591,135145.60632507008,270,3,0.14760069705565435,0.8032890427396916,0.9737557594949222
les_flux_z,6000.0,moving_end,297.6708976654277,16210.47557666025,16210.47557666025,142664.8294447479,16210.475576660254,137894.52402435362,0,0,0.11362629205636376,1.0,0.9665628491692008
les_flux_z,6000.0,moving_end,392.33090127881815,9328.56723503931,10195.893098919612,153619.47031564213,10166.551822889367,149723.77836141063,176,2,0.06637109917102368,0.9149338017311885,0.9746406367225
les_flux_z,6000.0,moving_end,491.72390507287827,-1766.707010846656,8595.421045353572,159849.2053715105,8441.296362575156,154157.8374322034,685,6,0.05377205989467816,0.20554048504717345,0.9643953942337117
les_flux_z,6000.0,moving_end,596.0865590566414,-6048.194269936959,8929.210125275247,176623.1682854574,8926.578901986792,168129.01773734315,657,5,0.05055514637153325,0.6773493047068954,0.9519080614928952
les_flux_z,6000.0,moving_end,705.6673457395926,-6742.214473198808,9560.140508661192,192589.03874905873,9309.096909725937,180237.81376928207,789,7,0.04964010709414228,0.7052421946194797,0.9358674561127533
les_flux_z,6000.0,moving_end,820.7271717566915,3705.7002902371755,4912.00357523797,222624.03847560697,4505.436729410536,205795.22937300784,258,2,0.022064120338811395,0.7544172624218106,0.9244070441905892
les_flux_z,6000.0,moving_end,941.5399890746453,-1135.088321365945,2251.7715143087003,228381.72528181795,2236.5889089638213,212417.85247483317,721,6,0.009859683438024932,0.5040868108301032,0.9301000428677657
les_flux_z,6000.0,moving_end,1068.3934472584967,-1410.3807233635764,3015.0037856066956,213323.2575670694,3013.9349733266845,197361.39518797112,461,4,0.01413349777231285,0.4677873805985195,0.9251752361128283
les_flux_z,6000.0,moving_end,1201.5895783515407,-1083.4041879401552,1406.0381104332773,208308.3681568883,1294.762662489083,194822.14848323294,677,7,0.006749791776844577,0.770536858070155,0.9352583873947006
les_flux_z,6000.0,moving_end,1341.445515999237,-4611.820952928021,4611.820952928021,203191.8710027622,4611.820952928021,190613.85051600763,1015,9,0.022696877243013957,1.0,0.9380978164890091
les_flux_z,6000.0,moving_end,1488.294250529318,-9217.71797888008,9217.71797888008,196170.07828692073,9217.717978880082,184634.31644811376,1015,9,0.04698839934904922,1.0,0.9411950999890277
les_flux_z,6000.0,moving_end,1642.4854217859033,-2231.7392528961595,4099.308472085917,193876.64626636458,3886.9044248316713,183434.814674777,540,5,0.021143900263541442,0.5444184715771213,0.9461418804550514
les_flux_z,6000.0,moving_end,1804.3861516053175,6234.328601872463,6242.798272377631,189745.58236024165,6234.328601872465,180067.0173551988,37,0,0.03290088862530333,0.9986432894135561,0.9489918822633372
les_flux_z,6000.0,moving_end,1974.3819179157026,2462.6273578085847,3181.263368467876,169753.3187711766,3029.680537568354,163355.2677006309,219,2,0.01874050764660538,0.7741035785398075,0.9623097143734191
les_flux_z,6000.0,moving_symmetric,39.88822936505957,-13540.06032765373,15026.184754572823,41034.92162786814,15026.184754572821,40032.211796607065,861,7,0.3661804180068923,0.9010976870581315,0.9755644755373408
les_flux_z,6000.0,moving_symmetric,121.65909956343168,280.62663138250355,20475.250156947495,121711.36212841254,20475.250156947495,118933.25123960343,524,4,0.16822792711287646,0.013705650931316392,0.9771745970119203
les_flux_z,6000.0,moving_symmetric,207.51851327172238,13343.29731276979,17432.302392477646,144711.68987220054,17432.302392477653,140768.3533028583,270,3,0.12046229580949999,0.7654351681352007,0.972750393746181
les_flux_z,6000.0,moving_symmetric,297.6708976654277,16423.79437834629,16423.79437834629,148930.8947418616,16423.794378346294,143262.69877035596,0,0,0.11027795412639713,1.0,0.9619407646658528
les_flux_z,6000.0,moving_symmetric,392.33090127881815,11528.546070192908,12193.621239608277,160224.22911618638,12189.632911092169,156117.51578832843,164,2,0.07610347889872567,0.9454571241515178,0.9743689618573232
les_flux_z,6000.0,moving_symmetric,491.72390507287827,-30.022870237474308,10423.79074610791,164566.70298937644,10423.790746107912,158606.37947741567,491,5,0.06334082506824491,0.002880225722939076,0.9637817164487671
les_flux_z,6000.0,moving_symmetric,596.0865590566414,-6282.470216267605,8691.95523202049,181809.64046716926,8691.955232020488,172980.88127370618,745,6,0.047807999673097984,0.7227913684050594,0.9514395431904649
les_flux_z,6000.0,moving_symmetric,705.6673457395926,-6808.402038075491,8999.532594921255,197094.8535762116,8919.144344552025,184307.59229437716,811,7,0.04566092128550359,0.7565284048104571,0.935121282723448
les_flux_z,6000.0,moving_symmetric,820.7271717566915,4498.375767983842,4722.9748830181225,225147.78962649516,4498.375767983843,208181.30741328676,91,0,0.020977220743997604,0.9524454140457433,0.9246429101464658
les_flux_z,6000.0,moving_symmetric,941.5399890746453,-78.76563868326991,1706.933522607194,229556.3467558688,1700.082755416488,213516.42617377272,488,5,0.007435793201668708,0.046144526216206815,0.9301264338417338
les_flux_z,6000.0,moving_symmetric,1068.3934472584967,-1116.8959773417278,3008.5061503711163,214689.19793836214,3008.11103492856,198679.24276456636,495,5,0.014013309375886096,0.3712460342499058,0.9254272905784842
les_flux_z,6000.0,moving_symmetric,1201.5895783515407,-1353.3421762296139,1801.1785299050432,208530.6897904258,1723.3768175054415,194945.0997997043,765,7,0.008637474568924292,0.7513648168463128,0.9348508845178852
les_flux_z,6000.0,moving_symmetric,1341.445515999237,-5188.395071329216,5188.395071329216,203203.1634960367,5188.395071329217,190612.95513516245,1015,9,0.025533042803393222,1.0,0.938041277781978
les_flux_z,6000.0,moving_symmetric,1488.294250529318,-8990.083823160492,8990.083823160492,195886.14733425804,8990.083823160492,184234.30506680807,1015,9,0.0458944338101658,1.0,0.9405172727831163
les_flux_z,6000.0,moving_symmetric,1642.4854217859033,-1418.5817870616563,4170.741497768768,193708.68995091546,4135.535360977655,183240.79816730006,479,5,0.021530998422557124,0.340126998477503,0.9459606495389138
les_flux_z,6000.0,moving_symmetric,1804.3861516053175,6769.210372641819,6782.87893874888,187738.70272708192,6772.530961317232,178028.5670818531,45,1,0.03612935873222281,0.9979848429803199,0.9482784556184743
les_flux_z,6000.0,moving_symmetric,1974.3819179157026,2570.7963999964177,4163.625242105015,166979.7913505443,4037.1705334139024,160585.7909935491,263,3,0.024934905047067794,0.617441832660399,0.9617079389950121
les_flux_z,6000.0,fixed_initial,39.88822936505957,-50598.421422696534,50598.421422696534,86157.38603718905,50598.42142269653,85053.46547405003,1015,9,0.5872789757207373,1.0,0.9871871627736881
les_flux_z,6000.0,fixed_initial,121.65909956343168,-38811.3640154928,38811.3640154928,169226.01149219475,38811.3640154928,165724.61986628996,1015,9,0.22934632609528177,1.0,0.9793093768798877
les_flux_z,6000.0,fixed_initial,207.51851327172238,-7577.420140548131,7577.420140548131,186543.76356362482,7577.420140548129,181702.75414453202,1015,9,0.04062006681860306,1.0,0.9740489345416168
les_flux_z,6000.0,fixed_initial,297.6708976654277,24788.39967988416,24788.39967988416,194478.59910669317,24788.39967988416,186835.14895976108,0,0,0.12746080953763433,1.0,0.9606977313594345
les_flux_z,6000.0,fixed_initial,392.33090127881815,30366.013932984093,30366.013932984093,208981.86688417854,30366.013932984086,204102.12937326438,0,0,0.14530453950731273,1.0,0.976649947750641
les_flux_z,6000.0,fixed_initial,491.72390507287827,17388.22543027131,17388.22543027131,203450.5224427794,17388.22543027131,196874.2138228963,0,0,0.08546660495876467,1.0,0.9676761281272567
les_flux_z,6000.0,fixed_initial,596.0865590566414,-1637.5143609281001,4008.706546255882,222700.99617775984,3864.8963111178296,212878.45445541586,660,5,0.018000397910461676,0.4084894571436098,0.9558935887538481
les_flux_z,6000.0,fixed_initial,705.6673457395926,-6181.6957927502135,7774.265186114257,228928.14235771453,7773.817506723315,215358.74699262285,863,7,0.03395941235554378,0.7951485632097349,0.9407263990117535
les_flux_z,6000.0,fixed_initial,820.7271717566915,10487.168323454647,10487.168323454647,237395.45043280028,10487.168323454649,220243.65771987976,0,0,0.044175944839445265,1.0,0.9277501203934163
les_flux_z,6000.0,fixed_initial,941.5399890746453,5224.227843254654,5283.067420442141,235599.8494091118,5224.227843254655,219376.46481763633,49,0,0.022423899818663547,0.988862610959721,0.9311400892990213
les_flux_z,6000.0,fixed_initial,1068.3934472584967,-473.9960718488084,2905.007813064816,218245.06074081457,2898.776171951926,202231.64187975955,444,5,0.013310760863059217,0.16316516248840557,0.9266264317428362
les_flux_z,6000.0,fixed_initial,1201.5895783515407,-3218.12844853404,4544.772999106688,206577.77701395354,4364.589922969562,192873.83355952625,720,7,0.02200029966824411,0.7080944304955582,0.9336620634972674
les_flux_z,6000.0,fixed_initial,1341.445515999237,-6383.080004217713,8282.358969232635,198715.11122542768,8181.098069443249,186224.32335271442,801,7,0.041679562858392326,0.770683814590701,0.9371422344496821
les_flux_z,6000.0,fixed_initial,1488.294250529318,-3225.4301205072225,4681.673743850238,189342.475735267,4641.623012980912,177744.2730130584,819,7,0.024725956105042243,0.6889480764745919,0.9387448448787326
les_flux_z,6000.0,fixed_initial,1642.4854217859033,3202.6313533852594,5197.851809717709,180192.3015889432,5101.538407088023,169933.12280354567,355,3,0.02884613695414752,0.6161451827844995,0.9430653879498089
les_flux_z,6000.0,fixed_initial,1804.3861516053175,8863.334191359496,9519.365982414176,159901.56175300066,9152.13829142582,150707.1487855979,117,2,0.05953266420948849,0.9310845079108613,0.9424995424272008
les_flux_z,6000.0,fixed_initial,1974.3819179157026,9671.384983838443,9671.384983838443,136300.23489304405,9671.384983838443,130321.87225990972,0,0,0.07095648067978504,1.0,0.9561382807753369
les_roundoff,1200.0,moving_end,39.88822936505957,-1.7570854170995615e-13,4.3610841876804605e-12,1.3696233800414759e-11,2.5050407087552896e-13,1.1103130185670799e-12,529,6,0.3184148468280671,0.04029010542981759,0.08106703161955782
les_roundoff,1200.0,moving_end,121.65909956343168,-2.582854495568104e-13,1.1124468725704813e-11,3.368748246818169e-11,1.0522832287637957e-12,2.893187081002993e-12,503,4,0.3302255885761731,0.02321777838792443,0.08588314914109862
les_roundoff,1200.0,moving_end,207.51851327172238,8.111456616193307e-13,1.1229292761839963e-11,3.757575348128523e-11,1.6449605389633584e-12,3.8349930314813645e-12,480,4,0.2988441141288827,0.07223479508663387,0.10206030953953857
les_roundoff,1200.0,moving_end,297.6708976654277,7.207694490223259e-13,1.3006908770672119e-11,4.269917872011578e-11,1.3311033694362392e-12,4.080143742471203e-12,488,4,0.30461730554420485,0.05541435415058123,0.09555555551116558
les_roundoff,1200.0,moving_end,392.33090127881815,9.268251557462567e-13,1.5994932153251537e-11,4.954928228933422e-11,1.1957751206859134e-12,5.082671811996466e-12,498,3,0.32280855371127226,0.057944925734358096,0.10257811167308355
les_roundoff,1200.0,moving_end,491.72390507287827,1.5082852174554838e-12,1.97021318480216e-11,5.908330286848699e-11,2.2643973480503813e-12,5.768969246515218e-12,491,3,0.33346361647852363,0.07655441700878371,0.09764127877814004
les_roundoff,1200.0,moving_end,596.0865590566414,-1.869108041567265e-12,2.3829278930764428e-11,7.111656866531832e-11,2.2542755566000998e-12,7.001176304843956e-12,523,6,0.3350735191247401,0.07843745700396253,0.09844648632855434
les_roundoff,1200.0,moving_end,705.6673457395926,8.888722177077378e-13,2.6916221557744318e-11,8.154385815198291e-11,2.705274882389007e-12,7.054987429289736e-12,504,4,0.3300827575214479,0.03302366254493815,0.08651770457243418
les_roundoff,1200.0,moving_end,820.7271717566915,-7.506601607661358e-13,2.8627176596927865e-11,9.069066471642014e-11,3.392932089746654e-12,8.384776666900868e-12,506,6,0.3156573687759588,0.02622194187486492,0.09245468310458584
les_roundoff,1200.0,moving_end,941.5399890746453,2.836818085408434e-13,3.29143143915846e-11,9.96647779581777e-11,2.72830529614415e-12,9.773457312845221e-12,507,4,0.33025021543113686,0.008618797437669672,0.09806330293482873
les_roundoff,1200.0,moving_end,1068.3934472584967,2.69805123488863e-13,3.024104981747682e-11,9.772609766884687e-11,2.36239684330706e-12,9.545179939103653e-12,512,2,0.30944702120360085,0.008921817368024637,0.09767278308245052
les_roundoff,1200.0,moving_end,1201.5895783515407,-2.3213509555074095e-13,2.714255723797011e-11,9.731697919344061e-11,2.958042727708424e-12,9.774251523982432e-12,501,4,0.27890875223343947,0.008552440122554255,0.1004372680388464
les_roundoff,1200.0,moving_end,1341.445515999237,-9.789127138315601e-13,2.7310406232058667e-11,9.118106968419164e-11,2.3741924840474865e-12,8.69108828501098e-12,494,4,0.29951837949093024,0.03584394554638484,0.09531680550702928
les_roundoff,1200.0,moving_end,1488.294250529318,4.3998384129107003e-13,2.574335515513329e-11,8.663005494297797e-11,2.452851869269578e-12,7.059571236778244e-12,517,5,0.29716424827478405,0.01709116153040899,0.08149101650027842
les_roundoff,1200.0,moving_end,1642.4854217859033,5.464061941662963e-13,2.3010275383970614e-11,8.001700544683645e-11,2.445668828230908e-12,7.40042647482449e-12,523,6,0.28756731466611446,0.023746182305446596,0.0924856714331975
les_roundoff,1200.0,moving_end,1804.3861516053175,-2.2014515802535967e-13,2.1051494726791948e-11,7.201518447347956e-11,2.5478201573872047e-12,7.92762571507909e-12,512,5,0.29232022219625653,0.01045745971402135,0.11008269676790916
les_roundoff,1200.0,moving_end,1974.3819179157026,-3.4154016543100996e-13,1.9395541083984355e-11,6.504356613407917e-11,1.6238364118989362e-12,5.4772583716391925e-12,527,5,0.2981930763759612,0.017609210485652952,0.08420907242921628
les_roundoff,1200.0,moving_symmetric,39.88822936505957,-2.1889077138277524e-13,4.631240262355175e-12,1.5500535382041434e-11,3.424712372608424e-13,1.2021196450773645e-12,531,7,0.298779374273796,0.047263963643177594,0.07755342737839319
les_roundoff,1200.0,moving_symmetric,121.65909956343168,-2.862828636667922e-13,1.0390059237881135e-11,3.483541948655258e-11,8.319644005292358e-13,3.0445662152978807e-12,513,5,0.29826134982792385,0.02755353526985034,0.08739858053017464
les_roundoff,1200.0,moving_symmetric,207.51851327172238,8.157119711979944e-13,1.007627510258082e-11,3.521404205273775e-11,1.4241084744131034e-12,3.5924392574677752e-12,491,4,0.2861436664240432,0.08095372177651912,0.10201723653557339
les_roundoff,1200.0,moving_symmetric,297.6708976654277,4.097675576326202e-13,1.1242836989241541e-11,3.969182476782039e-11,9.760656414085417e-13,3.769340112377692e-12,489,5,0.2832532153663169,0.0364469891384829,0.09496515049198831
les_roundoff,1200.0,moving_symmetric,392.33090127881815,7.560064167885361e-13,1.3221469736286358e-11,4.432130924065311e-11,1.1231078491505897e-12,4.3204477063902684e-12,491,4,0.29830954822424666,0.05718021005740947,0.09748014624142459
les_roundoff,1200.0,moving_symmetric,491.72390507287827,1.2385369022909081e-12,1.5177033864471342e-11,5.112824392527933e-11,2.0205304184037144e-12,4.918432335220055e-12,492,5,0.29684246317263724,0.08160599187897047,0.09619795161375053
les_roundoff,1200.0,moving_symmetric,596.0865590566414,-1.6740795658745558e-12,1.8874950202237268e-11,6.075745256056252e-11,1.7816763055086422e-12,5.944971387504999e-12,530,7,0.3106606581871232,0.0886931911309692,0.09784760777419199
les_roundoff,1200.0,moving_symmetric,705.6673457395926,9.692713180789113e-13,2.161944406600895e-11,6.875718689394814e-11,1.9832956047930255e-12,6.094637793232173e-12,513,3,0.31443177131948435,0.04483331371146785,0.08864001086362959
les_roundoff,1200.0,moving_symmetric,820.7271717566915,-4.571028641007966e-13,2.320706654326572e-11,7.740285552694007e-11,2.807988389602653e-12,7.115337413949678e-12,498,5,0.2998218397147958,0.01969671019163944,0.09192603251534026
les_roundoff,1200.0,moving_symmetric,941.5399890746453,3.9773302075165747e-13,2.9003861790938705e-11,8.784041022289617e-11,2.0354674607614963e-12,8.365437900915869e-12,514,5,0.33018814139575436,0.013713105641536188,0.09523450402483849
les_roundoff,1200.0,moving_symmetric,1068.3934472584967,1.0583898470723542e-13,2.7424417166170043e-11,8.916460198008329e-11,2.1854380661474987e-12,8.550337242082128e-12,509,2,0.3075706789146644,0.003859297503605484,0.09589385307851224
les_roundoff,1200.0,moving_symmetric,1201.5895783515407,1.77346748180417e-13,2.5509407607929642e-11,8.986735285067553e-11,2.8641825601870034e-12,9.02225894304823e-12,509,4,0.28385622585675047,0.006952209588955272,0.1003952899117848
les_roundoff,1200.0,moving_symmetric,1341.445515999237,-3.588829402603899e-13,2.61446290077793e-11,8.647874194053229e-11,1.8331381655877264e-12,7.849950949947568e-12,507,4,0.30232434493274474,0.013726832388924118,0.09077318626288113
les_roundoff,1200.0,moving_symmetric,1488.294250529318,8.034495291114066e-14,2.5075248107128086e-11,8.367873638206134e-11,1.7046941436050554e-12,6.894971098977041e-12,533,6,0.2996609316928404,0.003204153855941357,0.08239812641883001
les_roundoff,1200.0,moving_symmetric,1642.4854217859033,2.1411150906679477e-13,2.2346242939537093e-11,7.790350641477675e-11,2.1131808881597535e-12,7.374334346630427e-12,516,6,0.28684514944116113,0.009581543960034928,0.09465985147533311
les_roundoff,1200.0,moving_symmetric,1804.3861516053175,-2.276481141024259e-13,2.019056102144121e-11,7.098770804810968e-11,1.7356700509497569e-12,7.880635726774342e-12,504,5,0.2844233399922941,0.011274977147028097,0.11101408882553991
les_roundoff,1200.0,moving_symmetric,1974.3819179157026,-4.780491921201799e-13,1.8314964271883988e-11,6.49899735781309e-11,1.357325784904713e-12,5.316203886561634e-12,508,5,0.28181215137540794,0.026101562909082585,0.08180037002431609
les_roundoff,1200.0,fixed_initial,39.88822936505957,-6.421415019884864e-13,1.6471949544718806e-11,5.969050232362725e-11,1.7318216059504739e-12,5.380422993094364e-12,521,7,0.2759559545237522,0.03898394056181214,0.09013867841022732
les_roundoff,1200.0,fixed_initial,121.65909956343168,2.720500737628715e-13,2.6778786612333057e-11,8.585401848219739e-11,1.927623995939511e-12,8.759424866759506e-12,499,4,0.3119106954543529,0.010159163583520172,0.10202696416098278
les_roundoff,1200.0,fixed_initial,207.51851327172238,1.5046559015340163e-13,7.432254501574112e-12,2.3286236217102085e-11,6.686254765885212e-13,2.092571884109826e-12,499,4,0.3191694197500088,0.020244945880356198,0.08986303602696345
les_roundoff,1200.0,fixed_initial,297.6708976654277,2.0624852506829754e-13,6.685925557999961e-12,1.9134882489284186e-11,6.506461673870445e-13,1.8968523824261538e-12,508,4,0.3494103275389424,0.03084816354581056,0.09913060001745079
les_roundoff,1200.0,fixed_initial,392.33090127881815,-6.663654232786577e-14,6.851493593618809e-12,2.0165966646589925e-11,7.699340445443626e-13,2.0954096546283623e-12,504,5,0.33975527747773004,0.009725841733243132,0.10390821780827933
les_roundoff,1200.0,fixed_initial,491.72390507287827,-5.889383748350744e-15,7.204611660996245e-12,2.0432119711446764e-11,5.480224625661415e-13,1.853801952372397e-12,505,3,0.35261205213867153,0.000817446383714784,0.09072979106195402
les_roundoff,1200.0,fixed_initial,596.0865590566414,4.393879234619439e-14,7.31835982018341e-12,2.1054319027749544e-11,5.885604547488398e-13,1.8724290519095535e-12,503,5,0.3475942304539904,0.006003912546772428,0.08893325162602962
les_roundoff,1200.0,fixed_initial,705.6673457395926,8.308041975810961e-14,7.291751713773496e-12,2.1540041968249883e-11,4.2681181076476704e-13,1.8003242707181094e-12,503,3,0.3385207756104454,0.011393753246037959,0.08358035111406911
les_roundoff,1200.0,fixed_initial,820.7271717566915,3.349986854996601e-14,7.545757085287222e-12,2.1803184493442336e-11,3.323167101946877e-13,1.7481348345611728e-12,498,3,0.346085090806654,0.004439563607909447,0.08017795909982567
les_roundoff,1200.0,fixed_initial,941.5399890746453,-2.4623835033558393e-13,8.118622502271215e-12,2.295659389874459e-11,9.254363036572717e-13,1.9215680164234694e-12,518,6,0.3536510049391601,0.03033006526251194,0.08370440427264572
les_roundoff,1200.0,fixed_initial,1068.3934472584967,-2.560227960718994e-13,9.467657186757587e-12,2.4770802026434256e-11,4.635040475828128e-13,2.0074221965536744e-12,502,4,0.38221036107971557,0.027041832104989873,0.08103985468098474
les_roundoff,1200.0,fixed_initial,1201.5895783515407,7.285514050653354e-14,9.044978246833764e-12,2.4870183147328463e-11,8.892128378006491e-13,2.339795823329912e-12,498,6,0.3636876412711649,0.008054761273973966,0.09408036159079315
les_roundoff,1200.0,fixed_initial,1341.445515999237,3.213265773609086e-13,9.218880410836694e-12,2.5347037003699705e-11,4.71520011113428e-13,2.5437431183993443e-12,491,3,0.36370643280676507,0.0348552712521569,0.10035662622136285
les_roundoff,1200.0,fixed_initial,1488.294250529318,4.731836645546627e-14,9.646855698944057e-12,2.5593497967197845e-11,8.291047341262947e-13,2.3393339540481574e-12,530,6,0.3769260345462759,0.004905055899265264,0.0914034477446728
les_roundoff,1200.0,fixed_initial,1642.4854217859033,-7.312511303892929e-13,9.57689595805031e-12,2.5476491996149025e-11,8.544138078540387e-13,2.3687656107492626e-12,526,7,0.3759110932344192,0.07635575593515824,0.09297848428689949
les_roundoff,1200.0,fixed_initial,1804.3861516053175,-4.905975088190786e-13,9.681410601752995e-12,2.577195159259793e-11,9.996422449106372e-13,2.116765738170552e-12,517,7,0.3756568673880962,0.05067417641911056,0.08213447594626544
les_roundoff,1200.0,fixed_initial,1974.3819179157026,6.071544410259845e-14,9.25656039552717e-12,2.5792734413423122e-11,9.008907702642805e-13,2.127934468175263e-12,486,4,0.358882476249197,0.006559179814992245,0.08250131351206555
les_roundoff,2400.0,moving_end,39.88822936505957,3.544337350132768e-13,1.2819686845087264e-11,7.493355763654482e-11,8.634930824231755e-13,6.7384945046477866e-12,506,2,0.17108071803113148,0.02764761255842238,0.08992625890434765
les_roundoff,2400.0,moving_end,121.65909956343168,6.675084738096158e-13,2.3061691982463658e-11,1.7448619384905013e-10,2.0099209322657737e-12,1.502718312972341e-11,505,3,0.13216915031348883,0.028944470957169836,0.08612247650220158
les_roundoff,2400.0,moving_end,207.51851327172238,-1.7416539591082206e-14,2.102799924424112e-11,1.6287013342188803e-10,2.4061361023187135e-12,1.4630524672918457e-11,510,5,0.12910899501611864,0.0008282547183299916,0.08982938962185603
les_roundoff,2400.0,moving_end,297.6708976654277,2.8548658145647696e-12,2.8400351846759437e-11,2.1516646308290973e-10,2.9430002128432056e-12,2.036335802176013e-11,479,1,0.13199246499588543,0.10052219880826997,0.0946400183838759
les_roundoff,2400.0,moving_end,392.33090127881815,-4.705707333898649e-13,3.7481075650939537e-11,2.693024978775218e-10,4.005687383526704e-12,2.3431808682090962e-11,514,4,0.13917834385623057,0.012554888706297548,0.08700925118320921
les_roundoff,2400.0,moving_end,491.72390507287827,1.9405976852639728e-12,4.17453579317939e-11,3.099492450066501e-10,3.4903370284084706e-12,2.915403150574211e-11,498,4,0.1346844962661491,0.04648655039524728,0.09406066307764871
les_roundoff,2400.0,moving_end,596.0865590566414,-2.3632564556034795e-12,4.694010028434941e-11,3.514801355006217e-10,3.6036448914117324e-12,3.217350895189643e-11,521,7,0.13354979568757558,0.0503462165885365,0.09153720424646736
les_roundoff,2400.0,moving_end,705.6673457395926,-2.6339791435797546e-13,4.075094814254544e-11,3.570342089689511e-10,4.103269333499123e-12,3.207820923773636e-11,509,4,0.11413737708839346,0.006463602109001695,0.08984631845327178
les_roundoff,2400.0,moving_end,820.7271717566915,1.0163503250279426e-12,3.762873050151333e-11,3.4613482063848033e-10,2.6070701558054962e-12,3.168001152147495e-11,503,3,0.10871119649881908,0.027009955198649807,0.0915250637397243
les_roundoff,2400.0,moving_end,941.5399890746453,-6.84875152897249e-13,3.5452537255273755e-11,3.3931880149289356e-10,3.3166621840603465e-12,2.987096081570282e-11,511,5,0.10448149969672767,0.01931808569767091,0.08803214170355489
les_roundoff,2400.0,moving_end,1068.3934472584967,-1.371038363609736e-12,3.48194839425453e-11,3.282271123935786e-10,3.38987416966275e-12,2.989295306594566e-11,515,5,0.10608350933786696,0.03937560837696646,0.09107399095691061
les_roundoff,2400.0,moving_end,1201.5895783515407,-4.843102082860963e-13,3.3083002194335814e-11,3.138052921868948e-10,2.4847541799194534e-12,3.016253219244152e-11,515,6,0.10542525259463241,0.014639246022509279,0.09611862178053214
les_roundoff,2400.0,moving_end,1341.445515999237,6.01363168446306e-13,3.1858507642906774e-11,2.998232802204052e-10,1.5601245895312473e-12,2.8298686086136772e-11,505,3,0.1062576182192625,0.018876062092638483,0.09438455234474763
les_roundoff,2400.0,moving_end,1488.294250529318,-2.872708918448825e-13,2.6946769487775105e-11,2.8798497763552276e-10,2.6120876129782904e-12,2.6926196783812236e-11,500,4,0.0935700525389184,0.010660680196756357,0.09349861581283714
les_roundoff,2400.0,moving_end,1642.4854217859033,1.0348575933912996e-12,2.7434455675160812e-11,2.731031580784427e-10,1.6771450537149777e-12,2.394412134803471e-11,495,2,0.10045455302747135,0.0377210907934383,0.08767427486560701
les_roundoff,2400.0,moving_end,1804.3861516053175,-1.068432819092857e-12,2.6798995440433683e-11,2.5290069077417467e-10,2.7737662846790125e-12,2.621835921208862e-11,517,6,0.10596647782335873,0.03986839064425643,0.10367057176407661
les_roundoff,2400.0,moving_end,1974.3819179157026,-1.0791719660399688e-12,2.4501581023385037e-11,2.345121129821879e-10,2.949257883487473e-12,1.919692858801538e-11,528,5,0.10447895723512597,0.04404499305616136,0.08185900653018065
les_roundoff,2400.0,moving_symmetric,39.88822936505957,8.611082591749481e-14,1.3258715231600829e-11,8.583886823649758e-11,1.0289518815939658e-12,7.915468651542566e-12,501,5,0.15446050843856995,0.006494658374761547,0.09221310595259002
les_roundoff,2400.0,moving_symmetric,121.65909956343168,3.9459981436418303e-13,2.3527335246646274e-11,1.892608516126619e-10,2.3580873864607653e-12,1.6126931738305373e-11,502,3,0.12431168435613364,0.016771972270868695,0.08521007699632718
les_roundoff,2400.0,moving_symmetric,207.51851327172238,-2.7035032182883236e-13,1.7776621826515866e-11,1.5457814748482244e-10,1.850609885983882e-12,1.403679336107601e-11,515,5,0.11500087247624247,0.015208194474023964,0.09080710041795681
les_roundoff,2400.0,moving_symmetric,297.6708976654277,2.77491030975798e-12,2.418844177335692e-11,1.9400275553153398e-10,2.9110298745547316e-12,1.8598105395094396e-11,477,2,0.12468091861419585,0.11472050724716329,0.09586516100835168
les_roundoff,2400.0,moving_symmetric,392.33090127881815,-7.116361963583873e-13,3.1715919075640547e-11,2.394242733818996e-10,3.625293926675404e-12,2.1150655842391426e-11,516,5,0.13246743376370737,0.022437823563024553,0.08833964720299914
les_roundoff,2400.0,moving_symmetric,491.72390507287827,1.880625595021817e-12,3.620985689171915e-11,2.776586003133356e-10,3.500722838477448e-12,2.6626329882639954e-11,497,4,0.1304114363857507,0.051936841414358045,0.09589593065942255
les_roundoff,2400.0,moving_symmetric,596.0865590566414,-2.3852693347795423e-12,4.201856883149599e-11,3.190430309834063e-10,3.8917602436928445e-12,2.9092425028866843e-11,528,7,0.13170188579885142,0.05676702946130827,0.09118652408483408
les_roundoff,2400.0,moving_symmetric,705.6673457395926,7.979299095518524e-13,3.931400039735314e-11,3.327015211823861e-10,3.331494710886282e-12,2.999753721155544e-11,508,3,0.11816597729290607,0.02029632958963835,0.09016351083982833
les_roundoff,2400.0,moving_symmetric,820.7271717566915,1.6522036694209332e-12,3.707627261928537e-11,3.314136292204675e-10,2.9454824412304314e-12,3.049403286167013e-11,497,3,0.11187310765249484,0.04456229153309044,0.09201200606443519
les_roundoff,2400.0,moving_symmetric,941.5399890746453,-4.03327365615726e-13,3.45940868467691e-11,3.3123212084550994e-10,4.20887413950012e-12,2.950519270658843e-11,487,5,0.10444061632206297,0.011658852780309608,0.08907708778747928
les_roundoff,2400.0,moving_symmetric,1068.3934472584967,-1.8165053506653768e-12,3.38313772840505e-11,3.2275001774361635e-10,2.7056897843038826e-12,2.9139119337149956e-11,505,6,0.10482223214291256,0.05369291753669608,0.09028386594945834
les_roundoff,2400.0,moving_symmetric,1201.5895783515407,-9.10160070636717e-14,3.142587481552269e-11,3.099290837353446e-10,1.8952970623688827e-12,2.976333635560238e-11,497,6,0.10139698551930011,0.0028962123599727027,0.09603273109089033
les_roundoff,2400.0,moving_symmetric,1341.445515999237,2.7630197558893944e-13,2.915915854203287e-11,2.958158656176264e-10,1.2973613054272964e-12,2.7899424863679084e-11,506,4,0.09857198998151165,0.009475649826816871,0.0943134838472189
les_roundoff,2400.0,moving_symmetric,1488.294250529318,-1.0139936136782656e-13,2.5947669561685327e-11,2.838690658668328e-10,2.3844184706625633e-12,2.6309268980903084e-11,495,5,0.0914071756372981,0.003907840784189506,0.09268100030753317
les_roundoff,2400.0,moving_symmetric,1642.4854217859033,1.2602548110112041e-12,2.458770212028012e-11,2.6865366498786194e-10,1.690019844043272e-12,2.399839903212447e-11,486,2,0.09152193074079604,0.05125549369543307,0.08932838877596828
les_roundoff,2400.0,moving_symmetric,1804.3861516053175,-1.7015125185829959e-12,2.3659405441274424e-11,2.4889382593530753e-10,3.2013922982852854e-12,2.601015767035322e-11,533,7,0.09505822554000988,0.07191696016226447,0.10450302482438346
les_roundoff,2400.0,moving_symmetric,1974.3819179157026,-8.542771699728551e-13,2.223190894694848e-11,2.3208451039231348e-10,2.3434005856666857e-12,1.916584120692654e-11,518,5,0.0957922995781488,0.038425722775826315,0.08258130270964133
les_roundoff,2400.0,fixed_initial,39.88822936505957,6.548686273011915e-14,2.04081792656763e-11,2.0127719146172786e-10,1.1306115384612304e-12,1.95766580228589e-11,491,3,0.10139340238934544,0.003208853757976288,0.09726217799785492
les_roundoff,2400.0,fixed_initial,121.65909956343168,-8.815997199395928e-13,4.149509900747343e-11,3.5852514527100193e-10,2.5673589026243034e-12,3.4279097030792314e-11,493,4,0.11573832283397617,0.02124587580284634,0.09561141661314003
les_roundoff,2400.0,fixed_initial,207.51851327172238,-1.5665180033988275e-12,2.526923338847873e-11,1.646985730612239e-10,3.744153567538898e-12,1.4693222328283417e-11,545,7,0.15342715433900764,0.06199309568738507,0.08921280892228167
les_roundoff,2400.0,fixed_initial,297.6708976654277,3.1523527433757896e-13,2.3812833970885634e-11,1.4489685113803262e-10,2.9094335130679985e-12,1.3365683551597686e-11,499,3,0.16434335034790296,0.013238041079990569,0.0922427467996884
les_roundoff,2400.0,fixed_initial,392.33090127881815,-4.934410216254281e-14,2.501615485306658e-11,1.5066045766655074e-10,2.5966993960396116e-12,1.4854827295337788e-11,506,4,0.16604326868854724,0.0019724894753956963,0.09859804971663656
les_roundoff,2400.0,fixed_initial,491.72390507287827,5.820285478924563e-13,2.6460188259439264e-11,1.5643311391677014e-10,2.6119799761631205e-12,1.4601015152010572e-11,511,5,0.16914697660188074,0.021996387258689534,0.09333711249767108
les_roundoff,2400.0,fixed_initial,596.0865590566414,-3.2181360215634866e-13,2.931616128402948e-11,1.6569433242000221e-10,2.666399741365068e-12,1.4053423792260289e-11,519,6,0.17692917347178078,0.010977344511051744,0.08481535600528359
les_roundoff,2400.0,fixed_initial,705.6673457395926,-8.571956372230836e-13,2.944957147349951e-11,1.6664192884958726e-10,2.4332961228652734e-12,1.4742414711087316e-11,509,5,0.1767236593863541,0.02910723634788505,0.08846761924121734
les_roundoff,2400.0,fixed_initial,820.7271717566915,1.2463999377813985e-12,3.196410355530998e-11,1.7306147193281085e-10,3.643765787841475e-12,1.5610159783431295e-11,493,3,0.18469797580202993,0.038993739825196584,0.09020008676160897
les_roundoff,2400.0,fixed_initial,941.5399890746453,-7.934888816054797e-13,3.081202604343752e-11,1.7613823561393414e-10,3.6025621185246274e-12,1.4835215903583778e-11,509,6,0.1749309338545458,0.025752570781514075,0.0842248467624038
les_roundoff,2400.0,fixed_initial,1068.3934472584967,-1.2171531679206383e-12,3.14637590550843e-11,1.811315830385092e-10,2.7927390479187877e-12,1.528290999406778e-11,518,5,0.17370664202937483,0.0386842896231738,0.084374628309954
les_roundoff,2400.0,fixed_initial,1201.5895783515407,2.684627249883353e-12,3.356671890187657e-11,1.8579378296136855e-10,4.5626793175228266e-12,1.7619419747288556e-11,498,3,0.18066653451399922,0.07997884028317308,0.09483320413876335
les_roundoff,2400.0,fixed_initial,1341.445515999237,-1.0360641973874574e-13,3.293459279560431e-11,1.9245854972488544e-10,2.0678718316206514e-12,1.7755276421792667e-11,511,4,0.17112564156117493,0.0031458236141475478,0.09225506711535227
les_roundoff,2400.0,fixed_initial,1488.294250529318,1.3973331806359229e-12,3.423651083713205e-11,1.9439718693111378e-10,4.502705890101852e-12,1.9073836213189243e-11,484,2,0.17611628736821197,0.040814123474300155,0.09811786124224221
les_roundoff,2400.0,fixed_initial,1642.4854217859033,1.9605906105393253e-12,2.922763501939968e-11,1.8642482231603564e-10,3.284266911960455e-12,1.7224821494930883e-11,504,2,0.15677973918007387,0.06708002919969384,0.09239553660794483
les_roundoff,2400.0,fixed_initial,1804.3861516053175,-2.4712373783631677e-12,2.895900620474791e-11,1.7841267774957858e-10,4.2354698940355385e-12,1.850541416708384e-11,530,6,0.16231473329151527,0.08533571079376341,0.10372252914144466
les_roundoff,2400.0,fixed_initial,1974.3819179157026,-1.4549187929377526e-12,2.7073332966333925e-11,1.7016327140800166e-10,1.925766908111148e-12,1.429926825049987e-11,519,6,0.15910209496043365,0.053739921669303324,0.08403263602175592
les_roundoff,4200.0,moving_end,39.88822936505957,-5.88303751033058e-13,1.935985935502703e-11,2.586540860550714e-10,1.99884923160157e-12,2.4921391506059468e-11,497,5,0.07484845745257249,0.03038781120485245,0.09635027184822174
les_roundoff,4200.0,moving_end,121.65909956343168,-1.8004190337284974e-13,4.030134818853564e-11,6.602260165633917e-10,3.0267073726379715e-12,5.955307920195634e-11,494,4,0.061041745065291746,0.0044673915753534405,0.09020104889525866
les_roundoff,4200.0,moving_end,207.51851327172238,-2.0987692025709277e-12,4.295964175449193e-11,7.165287177593157e-10,4.567541256220499e-12,6.588738053538394e-11,515,7,0.059955226761646996,0.04885443911671999,0.09195357967147903
les_roundoff,4200.0,moving_end,297.6708976654277,-8.864692713252e-13,4.4257061397741824e-11,8.401907417325324e-10,2.554066815600202e-12,7.495744808396219e-11,528,5,0.052675016754505824,0.020030007490972532,0.0892147989269611
les_roundoff,4200.0,moving_end,392.33090127881815,-9.777477095962714e-13,5.258781574626788e-11,9.973040948179367e-10,5.538699952106618e-12,8.729211618281082e-11,509,6,0.052729970747656535,0.0185926662996202,0.08752808359695592
les_roundoff,4200.0,moving_end,491.72390507287827,4.4227698285941103e-13,6.035365056563895e-11,1.1010074143604577e-09,4.888135870804501e-12,9.937128027776327e-11,497,3,0.05481675216573958,0.007328089994794977,0.09025486929666598
les_roundoff,4200.0,moving_end,596.0865590566414,1.1108550766399388e-13,5.2903745103886986e-11,1.0323081473574793e-09,5.27830483266054e-12,9.16290163553717e-11,508,3,0.05124801663080054,0.0020997664238298344,0.08876130309532604
les_roundoff,4200.0,moving_end,705.6673457395926,2.000305615749741e-12,4.710460145764174e-11,9.165559726838855e-10,3.639192522997349e-12,8.19848541476222e-11,501,2,0.051393044027315316,0.042465185010608614,0.08944882428462257
les_roundoff,4200.0,moving_end,820.7271717566915,1.7758072347932355e-12,4.2160892376545964e-11,8.385049149452965e-10,6.130717527037845e-12,7.635822423800679e-11,500,3,0.050281031899850594,0.04211977343679552,0.09106473066170202
les_roundoff,4200.0,moving_end,941.5399890746453,-3.044913676071056e-13,4.015812407656722e-11,8.228329394085948e-10,4.857699011608517e-12,7.273021301210036e-11,508,5,0.048804711325035895,0.007582310543852825,0.08839001154277401
les_roundoff,4200.0,moving_end,1068.3934472584967,-2.442466658492953e-13,3.75941156955252e-11,8.472273138644244e-10,4.789533677215816e-12,7.432371021949237e-11,521,6,0.044373115786421766,0.006496938718480556,0.08772581927332178
les_roundoff,4200.0,moving_end,1201.5895783515407,5.059120281838006e-13,3.375914758300455e-11,8.29082917955652e-10,3.587259029265687e-12,7.589962675966711e-11,498,2,0.04071866257508677,0.01498592424290041,0.09154648481580102
les_roundoff,4200.0,moving_end,1341.445515999237,1.159957554392803e-12,3.2401250860804674e-11,8.195278973875416e-10,3.2829515525010904e-12,7.53750115019959e-11,483,3,0.03953648309483068,0.03579977697083254,0.09197369820145643
les_roundoff,4200.0,moving_end,1488.294250529318,3.879407740249111e-13,3.6568151968862985e-11,8.062327255861725e-10,3.718929168733584e-12,7.605560733541088e-11,497,3,0.04535681920164685,0.01060870602253115,0.09433455740724808
les_roundoff,4200.0,moving_end,1642.4854217859033,9.737153663408744e-13,3.364794194402427e-11,7.58914660642072e-10,3.0313277171077257e-12,6.648744482853987e-11,510,5,0.04433692441197114,0.028938333523064165,0.08760859194930935
les_roundoff,4200.0,moving_end,1804.3861516053175,2.0866779361236112e-12,3.2573194541210774e-11,7.235614131792135e-10,4.418452782076192e-12,6.870638809486875e-11,500,5,0.045017871251714976,0.06406120018359267,0.0949558487274547
les_roundoff,4200.0,moving_end,1974.3819179157026,1.1466713005119646e-12,2.5915121812674108e-11,6.607837686021519e-10,2.176045760887616e-12,5.7700680450009876e-11,482,4,0.03921876269372654,0.04424718929745377,0.08732157657575665
les_roundoff,4200.0,moving_symmetric,39.88822936505957,-1.4450424845396045e-13,1.774067964950632e-11,2.7733645679986997e-10,1.57948312495194e-12,2.6380929352941143e-11,479,5,0.0639680763726936,0.008145361469169062,0.09512247202313544
les_roundoff,4200.0,moving_symmetric,121.65909956343168,-7.593976334235708e-13,3.803112711237823e-11,7.012181755229854e-10,3.3985668815558167e-12,6.299396462247455e-11,515,4,0.05423579770164073,0.019967791939997613,0.08983504253222206
les_roundoff,4200.0,moving_symmetric,207.51851327172238,-2.7065491123707037e-12,4.1628545333279776e-11,7.136974224281504e-10,5.321758085414084e-12,6.548129170641304e-11,525,7,0.05832800291144476,0.06501666322236256,0.09174937396247243
les_roundoff,4200.0,moving_symmetric,297.6708976654277,4.2775085485794486e-13,4.304191903303637e-11,8.335541952597658e-10,2.898233608011527e-12,7.392629938072961e-11,529,4,0.051636617364301,0.009938006122116191,0.08868805387955787
les_roundoff,4200.0,moving_symmetric,392.33090127881815,-9.358571234425695e-14,5.1562526685939004e-11,9.824753073608911e-10,4.686683617532557e-12,8.696182756598958e-11,526,5,0.05248226219999911,0.0018149946940008582,0.08851299051941061
les_roundoff,4200.0,moving_symmetric,491.72390507287827,1.200815756638201e-12,5.806120930329298e-11,1.0885446951190052e-09,6.02574389810133e-12,9.847110643554448e-11,514,4,0.05333837881314137,0.020681893660972988,0.09046124323336041
les_roundoff,4200.0,moving_symmetric,596.0865590566414,7.001652685934227e-13,5.3136140206582004e-11,1.0437792444578957e-09,4.232412947910278e-12,9.196684731089732e-11,505,3,0.050907450486984106,0.013176818373922703,0.0881094808113969
les_roundoff,4200.0,moving_symmetric,705.6673457395926,3.633829287722858e-12,4.5971548979337784e-11,9.351865316169222e-10,4.579748884646123e-12,8.239074226948928e-11,491,2,0.04915762516367053,0.07904517834185024,0.08810086489059785
les_roundoff,4200.0,moving_symmetric,820.7271717566915,1.6091605830869944e-12,4.1527057293890304e-11,8.531340422907921e-10,5.744729194892908e-12,7.678275807761293e-11,501,3,0.04867588823719186,0.038749689670973704,0.09000081378940146
les_roundoff,4200.0,moving_symmetric,941.5399890746453,5.705041424045815e-13,3.949332672220499e-11,8.280352739975813e-10,5.217727818701697e-12,7.318136788037331e-11,485,5,0.04769522260994928,0.014445583336584748,0.08837952944573116
les_roundoff,4200.0,moving_symmetric,1068.3934472584967,-9.79916139418406e-13,3.6278634066878253e-11,8.421388054157746e-10,4.408915593927067e-12,7.384192060457152e-11,507,6,0.0430791620497372,0.027010833363019366,0.08768378814715092
les_roundoff,4200.0,moving_symmetric,1201.5895783515407,3.18089546116712e-14,3.152382499847953e-11,8.203206885823256e-10,3.204985105670179e-12,7.526836756806239e-11,498,2,0.03842866020233972,0.001009044892655172,0.09175480835201272
les_roundoff,4200.0,moving_symmetric,1341.445515999237,1.6271543604218477e-12,3.051389823318247e-11,8.068803205979881e-10,3.381959231949243e-12,7.473656063699904e-11,504,4,0.03781713031564368,0.05332502415743105,0.09262409644792295
les_roundoff,4200.0,moving_symmetric,1488.294250529318,1.0008000983970047e-12,3.4019489897597786e-11,7.898280718833532e-10,3.1796413345281516e-12,7.421754869316653e-11,490,2,0.043072019226257634,0.029418433415948256,0.09396671419413344
les_roundoff,4200.0,moving_symmetric,1642.4854217859033,3.0297645251034393e-13,3.100977487090586e-11,7.41909867566428e-10,3.3521145516743187e-12,6.516726389654624e-11,511,7,0.041797226626224045,0.0097703531796551,0.08783717098992674
les_roundoff,4200.0,moving_symmetric,1804.3861516053175,1.2197500478524452e-12,2.955115013352362e-11,7.020387623192797e-10,3.5888394701570966e-12,6.655687060193162e-11,497,5,0.04209333119427396,0.041275890865199456,0.09480512213036789
les_roundoff,4200.0,moving_symmetric,1974.3819179157026,6.965223746055971e-13,2.3618186577321808e-11,6.437025106081895e-10,1.6862507934935436e-12,5.6522288582381375e-11,519,4,0.03669115187232474,0.029490933705909418,0.08780809092849028
les_roundoff,4200.0,fixed_initial,39.88822936505957,-8.107058505148171e-13,3.917651953293337e-11,5.01933647699435e-10,3.883912314402174e-12,4.792788894464179e-11,503,5,0.07805119204997554,0.020693667027600678,0.09548650337413062
les_roundoff,4200.0,fixed_initial,121.65909956343168,5.3362126338375515e-12,7.780379701476085e-11,1.1589832949123697e-09,8.824607712821244e-12,1.0727497064769503e-10,500,2,0.06713107717453647,0.06858550403170131,0.09255954863077302
les_roundoff,4200.0,fixed_initial,207.51851327172238,4.989482118863827e-13,8.656631673344534e-11,9.308719981721715e-10,4.272681199286955e-12,8.879981785732797e-11,515,5,0.0929948660002922,0.005763768526998117,0.09539423039009903
les_roundoff,4200.0,fixed_initial,297.6708976654277,1.8326683891210587e-12,8.760676334116273e-11,9.875180902713995e-10,1.0492731208969954e-11,8.36091384595835e-11,500,4,0.08871408453599647,0.020919256906960344,0.08466593096700153
les_roundoff,4200.0,fixed_initial,392.33090127881815,-1.0790904239400313e-12,9.443216404162118e-11,1.099832264797722e-09,3.420046476398351e-12,9.929942235402591e-11,518,6,0.08586051442943335,0.011427149159309955,0.09028596953580806
les_roundoff,4200.0,fixed_initial,491.72390507287827,9.541575971697788e-12,9.386235155517798e-11,1.170488515907264e-09,1.2165433844640859e-11,1.0205629781790873e-10,482,3,0.08019074965671388,0.10165498534402978,0.0871911995982321
les_roundoff,4200.0,fixed_initial,596.0865590566414,4.285456913188843e-12,7.719793912264181e-11,1.109335149101626e-09,6.736097210162899e-12,9.269470288790906e-11,495,2,0.06958937448719542,0.055512581836941,0.08355879011223624
les_roundoff,4200.0,fixed_initial,705.6673457395926,5.204324211063336e-12,6.207391405696131e-11,9.494969880073026e-10,5.579080513103786e-12,8.402860583652864e-11,498,2,0.0653755776384663,0.08384076129447318,0.08849802252967481
les_roundoff,4200.0,fixed_initial,820.7271717566915,2.2766645325495324e-13,5.240274612200316e-11,8.342710994875114e-10,2.4245589726376713e-12,7.535764777287215e-11,506,3,0.06281261109751243,0.004344551957733363,0.09032753000692939
les_roundoff,4200.0,fixed_initial,941.5399890746453,7.382416151344152e-13,5.090506582923949e-11,7.973296178651537e-10,4.5764801901688575e-12,7.087787062726004e-11,515,3,0.06384444361359304,0.014502321195513998,0.08889406468686716
les_roundoff,4200.0,fixed_initial,1068.3934472584967,7.659464096772903e-13,4.444279360037736e-11,7.696192030325225e-10,4.548630697169583e-12,6.566633228050824e-11,511,4,0.057746471794440535,0.017234434373423067,0.08532314685205862
les_roundoff,4200.0,fixed_initial,1201.5895783515407,-4.738881646664011e-13,3.6452309019359564e-11,7.255941012678907e-10,4.160935218778355e-12,6.600538826634669e-11,490,3,0.050237879491665416,0.013000223508879026,0.09096737163520212
les_roundoff,4200.0,fixed_initial,1341.445515999237,-6.334973649430634e-13,3.111025955664218e-11,6.771518006270575e-10,2.1150775007457345e-12,6.453261909823507e-11,513,6,0.04594281448832211,0.020362972664681893,0.09530007752837168
les_roundoff,4200.0,fixed_initial,1488.294250529318,-3.2991383563727524e-13,3.049353939603285e-11,6.411627776501088e-10,1.926757748124294e-12,6.125425555714047e-11,503,4,0.04755974685210686,0.010819138813390628,0.09553620031038007
les_roundoff,4200.0,fixed_initial,1642.4854217859033,-1.7620540751243482e-12,2.8758830988825943e-11,5.974188634460655e-10,2.800896431556391e-12,5.2402283983908385e-11,521,4,0.04813847159585423,0.06127001740122826,0.08771447838395752
les_roundoff,4200.0,fixed_initial,1804.3861516053175,1.4102946143076674e-13,2.4769812231817137e-11,5.46491049279063e-10,1.5612399399755198e-12,5.224890897262431e-11,491,4,0.045325192909369226,0.005693602362056367,0.09560798670271296
les_roundoff,4200.0,fixed_initial,1974.3819179157026,-5.952211963091179e-13,2.4244404204009048e-11,5.0964249996497e-10,2.1651684721519078e-12,4.390134816896234e-11,505,4,0.04757139407658403,0.024550869194413624,0.08614145832025366
les_roundoff,6000.0,moving_end,39.88822936505957,-6.348334610345619e-13,3.800091497429052e-11,5.292773361410777e-10,2.386638653411953e-12,4.966828130525056e-11,515,6,0.07179773698861244,0.016705741466068853,0.09384169302879726
les_roundoff,6000.0,moving_end,121.65909956343168,-7.0006062495198e-13,9.245700899434031e-11,1.6354493986854003e-09,8.853242049385446e-12,1.4969025455150446e-10,512,5,0.05653309057966495,0.007571742073062668,0.0915285148362449
les_roundoff,6000.0,moving_end,207.51851327172238,-2.824309175469846e-12,1.0376629831463812e-10,2.045577197923778e-09,7.189591979076648e-12,1.8919377418087552e-10,512,5,0.05072714851336774,0.027217981380679414,0.09248918807508394
les_roundoff,6000.0,moving_end,297.6708976654277,8.437894911411288e-12,1.0489643078846974e-10,2.343203673688951e-09,1.1881953406023672e-11,2.0672954114983873e-10,485,4,0.04476624544691382,0.08044024804263201,0.08822516944264619
les_roundoff,6000.0,moving_end,392.33090127881815,-3.801160568036223e-12,1.0884569520696146e-10,2.6140783401041013e-09,7.787912902547847e-12,2.3237668696508707e-10,517,7,0.04163826827111343,0.034922470390846574,0.08889430871296422
les_roundoff,6000.0,moving_end,491.72390507287827,1.0397903186158308e-11,1.059682825002754e-10,2.7143272078800687e-09,1.1252743850848087e-11,2.437549098381289e-10,480,2,0.03904034937005191,0.09812278675113267,0.08980306763697263
les_roundoff,6000.0,moving_end,596.0865590566414,-3.594048249366566e-12,9.005311129933832e-11,2.3462298613034574e-09,7.82812468991417e-12,2.064793696505474e-10,517,4,0.03838204976613372,0.03991031733950733,0.08800474883387469
les_roundoff,6000.0,moving_end,705.6673457395926,2.989593643596844e-12,7.063061444524278e-11,1.942941576301847e-09,5.518712053504452e-12,1.7256182829695894e-10,503,3,0.03635241291180745,0.04232716460246232,0.08881472834886234
les_roundoff,6000.0,moving_end,820.7271717566915,-6.375860556942253e-12,6.200374134778959e-11,1.6566748880466642e-09,7.119926823875604e-12,1.5100763027155292e-10,554,8,0.037426619909049476,0.10283025537409042,0.09115103473898943
les_roundoff,6000.0,moving_end,941.5399890746453,-1.3101104917710165e-12,4.2831511567646074e-11,1.4653307502069446e-09,2.748420865234858e-12,1.3300954575257397e-10,526,4,0.02922992748333241,0.030587538095681953,0.09077100561343532
les_roundoff,6000.0,moving_end,1068.3934472584967,2.702614389559084e-13,2.401745511040175e-11,1.3977242950271276e-09,2.4799606657054483e-12,1.211309600090106e-10,481,5,0.01718325652337295,0.011252709236411168,0.08666298528255863
les_roundoff,6000.0,moving_end,1201.5895783515407,5.397288347129486e-13,1.871638038977259e-11,1.3530511887042428e-09,1.3128487076079925e-12,1.2220334369284842e-10,502,2,0.013832721589562651,0.028837244353501115,0.09031686658497906
les_roundoff,6000.0,moving_end,1341.445515999237,2.0173591261186156e-13,2.0152659184552983e-11,1.3511485647051886e-09,2.087455949865018e-12,1.2139121590490195e-10,503,3,0.014915206003974963,0.010010386756626747,0.08984298179777786
les_roundoff,6000.0,moving_end,1488.294250529318,-7.663482177056391e-13,2.0607201788726304e-11,1.377573534301862e-09,1.4311014296572018e-12,1.225733270156197e-10,510,4,0.014959057557076102,0.03718836868598479,0.08897770170776284
les_roundoff,6000.0,moving_end,1642.4854217859033,4.501256200719302e-13,2.1741014310376258e-11,1.3705671969094445e-09,1.706557458118197e-12,1.255087927944929e-10,508,4,0.01586278612198007,0.020703984351691462,0.09157434460529079
les_roundoff,6000.0,moving_end,1804.3861516053175,6.295793575180817e-13,2.2992637186176313e-11,1.3244515305837417e-09,2.282746406458341e-12,1.2087812271048434e-10,506,4,0.017360119759190044,0.027381781064096417,0.09126655065830024
les_roundoff,6000.0,moving_end,1974.3819179157026,9.11430635753349e-13,2.3899835981632272e-11,1.2602544495526742e-09,1.4211629026152117e-12,1.1057266486583228e-10,510,3,0.018964294067849146,0.038135434755862355,0.08773836498262705
les_roundoff,6000.0,moving_symmetric,39.88822936505957,-1.418344698061448e-12,4.177115138685464e-11,5.811192231349202e-10,2.802548119685309e-12,5.323617234473135e-11,520,5,0.0718805190465305,0.03395512574996437,0.09160972520843859
les_roundoff,6000.0,moving_symmetric,121.65909956343168,4.297206134331721e-13,9.515359802958747e-11,1.7596586642304663e-09,7.405923336846281e-12,1.621355753557173e-10,503,4,0.05407503168871676,0.00451607319462111,0.09214035576986312
les_roundoff,6000.0,moving_symmetric,207.51851327172238,-2.9110342107854303e-12,1.0352741513941397e-10,2.1265525629472545e-09,7.204823897281413e-12,1.9529479474535574e-10,516,5,0.048683214768946104,0.028118486362914794,0.09183633555461741
les_roundoff,6000.0,moving_symmetric,297.6708976654277,8.645856173484539e-12,1.0260411003773634e-10,2.4096470600174895e-09,1.2258423063810516e-11,2.1296834158244448e-10,490,2,0.042580555360249156,0.08426422850219856,0.08838154977804041
les_roundoff,6000.0,moving_symmetric,392.33090127881815,-3.700662871296873e-12,1.0248180281821882e-10,2.6731363026175988e-09,7.387044825667427e-12,2.3701380918437014e-10,510,5,0.038337664532057794,0.03611043882454987,0.08866506692991322
les_roundoff,6000.0,moving_symmetric,491.72390507287827,1.032281214556085e-11,1.0304568222152026e-10,2.7685251931522224e-09,1.0322812145560849e-11,2.46791909177733e-10,468,0,0.03722042424479194,0.1001770469467086,0.08914201315131887
les_roundoff,6000.0,moving_symmetric,596.0865590566414,-4.773481737233108e-12,8.659961187211054e-11,2.4091248957824447e-09,7.58742463497386e-12,2.1161742136755023e-10,523,5,0.035946501579771514,0.05512128327182966,0.0878399545569514
les_roundoff,6000.0,moving_symmetric,705.6673457395926,1.3573067569382118e-12,6.726587804710988e-11,1.987158207105497e-09,5.570221605281458e-12,1.7523166547218685e-10,514,3,0.03385028821891823,0.020178235925020077,0.088182040486565
les_roundoff,6000.0,moving_symmetric,820.7271717566915,-6.373987606229926e-12,5.938418523264722e-11,1.6808198509746458e-09,6.9650426228460595e-12,1.5275655025371442e-10,544,8,0.03533048779630518,0.10733476566629299,0.09088216691701761
les_roundoff,6000.0,moving_symmetric,941.5399890746453,-1.0859424633419553e-12,4.120449017329203e-11,1.4794344893488013e-09,2.505793229245165e-12,1.337046249614603e-10,522,5,0.02785151385204552,0.02635495449099969,0.09037549545050333
les_roundoff,6000.0,moving_symmetric,1068.3934472584967,-1.373845230246988e-13,2.243644056667294e-11,1.401042075637007e-09,1.9034946248675152e-12,1.2140088906553783e-10,492,5,0.016014109038425445,0.0061232762218428535,0.08665042340740617
les_roundoff,6000.0,moving_symmetric,1201.5895783515407,3.3502975964572535e-13,1.7670414972222748e-11,1.350977413707445e-09,1.199257634547967e-12,1.2205016439574396e-10,508,4,0.013079726420984627,0.018959925965087974,0.09034212056943684
les_roundoff,6000.0,moving_symmetric,1341.445515999237,2.0464088440005557e-13,1.8159619392030346e-11,1.3457034904671362e-09,1.9198278577918405e-12,1.2077118671151526e-10,517,3,0.013494517566961624,0.011269007349893338,0.08974576313953958
les_roundoff,6000.0,moving_symmetric,1488.294250529318,-3.5599278321492753e-13,1.8960533436974517e-11,1.3695071711099636e-09,1.2861388491732608e-12,1.223255344373534e-10,510,4,0.013844785801017244,0.01877546243085724,0.08932084257595417
les_roundoff,6000.0,moving_symmetric,1642.4854217859033,8.66948831553699e-14,2.0548158970451687e-11,1.357985606278889e-09,1.4898085787009907e-12,1.2391631676340467e-10,510,4,0.015131352552960504,0.004219107087892273,0.09125009587027685
les_roundoff,6000.0,moving_symmetric,1804.3861516053175,-1.2276932057528277e-14,2.2203564999882794e-11,1.312843328641853e-09,2.3439080967377075e-12,1.2061311637150804e-10,519,5,0.01691257784952342,0.0005529261655771533,0.09187167557631061
les_roundoff,6000.0,moving_symmetric,1974.3819179157026,7.859774768710731e-13,2.2129771279393444e-11,1.2393485921429272e-09,9.623163496878985e-13,1.0927594755779702e-10,510,2,0.01785596999882769,0.03551674651074911,0.08817208350465035
les_roundoff,6000.0,fixed_initial,39.88822936505957,-2.8023524481261745e-12,1.0757226079963716e-10,1.2105052390760364e-09,8.723972652318704e-12,1.1409559668149789e-10,517,4,0.08886558878650185,0.02605088363203413,0.09425452529935817
les_roundoff,6000.0,fixed_initial,121.65909956343168,-5.551930099846451e-12,1.577162515172182e-10,2.8885247196083157e-09,1.3361928851804404e-11,2.676914020686236e-10,499,3,0.054600969985330275,0.03520201657367146,0.09267409077424221
les_roundoff,6000.0,fixed_initial,207.51851327172238,8.552235705657559e-14,1.4109979653836473e-10,2.9273381278420463e-09,5.877405240186683e-12,2.709331784287722e-10,485,5,0.04820071695727874,0.0006061125469682888,0.09255274471094213
les_roundoff,6000.0,fixed_initial,297.6708976654277,1.528004771863379e-11,1.360638612010413e-10,3.103084996057627e-09,1.5473820183576824e-11,2.9302608013951485e-10,473,2,0.04384793242012584,0.11230055933850605,0.09443056845423034
les_roundoff,6000.0,fixed_initial,392.33090127881815,2.484617657150793e-12,1.383466400263622e-10,3.3264525544188623e-09,1.037098398113184e-11,3.025280877494911e-10,492,4,0.04158984316267563,0.017959363933069458,0.090946160451804
les_roundoff,6000.0,fixed_initial,491.72390507287827,-2.6152572598770756e-12,1.2537582574877604e-10,3.379936939881745e-09,1.4252261194894828e-11,3.0924125866376364e-10,502,4,0.03709413162991219,0.020859342255638996,0.09149320362011937
les_roundoff,6000.0,fixed_initial,596.0865590566414,-6.326100667481731e-12,1.1081020302428731e-10,2.985407566919771e-09,8.052465851298624e-12,2.6606753249792834e-10,526,6,0.03711727814055788,0.057089514276002,0.089122683095644
les_roundoff,6000.0,fixed_initial,705.6673457395926,2.116105196028892e-12,7.05890671789134e-11,2.285988803769617e-09,8.53850191386473e-12,2.035818492257486e-10,491,4,0.03087900827095538,0.029977803654289144,0.08905636322016985
les_roundoff,6000.0,fixed_initial,820.7271717566915,-5.564296022351743e-12,5.983958836784579e-11,1.769191966451616e-09,6.576484554804517e-12,1.5899559828172275e-10,539,8,0.03382311784281001,0.09298686996553042,0.08986904829814067
les_roundoff,6000.0,fixed_initial,941.5399890746453,-1.417373544926194e-13,3.5677508027745715e-11,1.5221082922636445e-09,2.5426270359002302e-12,1.3606276928367253e-10,513,3,0.023439533316441594,0.003972736951874356,0.08939099141318198
les_roundoff,6000.0,fixed_initial,1068.3934472584967,-2.8938327573441965e-13,2.1426084290314014e-11,1.3817586558676028e-09,1.7891020530022836e-12,1.199144289025207e-10,505,3,0.015506386878293612,0.01350612047509025,0.08678391728780357
les_roundoff,6000.0,fixed_initial,1201.5895783515407,4.293414736070866e-13,2.0613007651593256e-11,1.278100276867912e-09,1.8541776890740455e-12,1.1587137058415912e-10,517,4,0.016127848514442933,0.02082866706615234,0.09065906070227234
les_roundoff,6000.0,fixed_initial,1341.445515999237,1.0401128524997739e-12,2.196645988251391e-11,1.215674478627345e-09,2.4097302595693074e-12,1.0950094033267357e-10,501,3,0.018069360070235997,0.04735004447975438,0.09007422814067333
les_roundoff,6000.0,fixed_initial,1488.294250529318,-9.239485787523864e-13,2.5750534431610953e-11,1.219224116027734e-09,2.968719634670436e-12,1.0883974529226587e-10,530,5,0.021120427403869692,0.03588075351236834,0.08926967885680345
les_roundoff,6000.0,fixed_initial,1642.4854217859033,-1.0262059690688509e-13,3.123312386781625e-11,1.1818554621903332e-09,3.185702871333062e-12,1.0720065464813797e-10,512,4,0.026427194244152234,0.003285633462127978,0.09070538494568782
les_roundoff,6000.0,fixed_initial,1804.3861516053175,1.8022755980135683e-12,3.0578289222811025e-11,1.0844583998053897e-09,3.226032537830335e-12,1.0158865982240276e-10,516,6,0.028196830075084868,0.058939713235137206,0.09367686196227834
les_roundoff,6000.0,fixed_initial,1974.3819179157026,1.2514165504234657e-12,2.3902206134129233e-11,9.623808563123199e-10,3.76818139937829e-12,8.535437889377124e-11,487,2,0.02483653532523333,0.05235569233237455,0.08869085283017239
