grid_dx_m,radius_m,mask_mode,level_m,quantity,term,blocks,signed_m2_s,sum_abs_block_integrals_m2_s,sum_spatial_abs_blocks_m2_s,spatial_retained_fraction,temporal_retained_fraction
300,1200.0,fixed_initial,39.88822936505957,les_label,inferred_muscl_label,9,-199.30322054643585,2329.317986935648,12336.705987983754,0.18881198832204152,0.08556290796888179
300,1200.0,fixed_initial,39.88822936505957,les_label,local_les,9,-105.3132709119244,202.1317676326972,4676.484267102392,0.04322301885085579,0.5210129617195746
300,1200.0,fixed_initial,39.88822936505957,les_label,mask_motion,9,0.0,0.0,0.0,,
300,1200.0,fixed_initial,39.88822936505957,total,advection,9,-16544.02160508099,21419.830462065096,65430.945387517786,0.3273654436017264,0.7723694001397793
300,1200.0,fixed_initial,39.88822936505957,total,buoyancy,9,0.0,0.0,0.0,,
300,1200.0,fixed_initial,39.88822936505957,total,coriolis,9,-10.27185183327302,358.6014585201855,892.3262102069012,0.4018726049042508,0.028644199819100356
300,1200.0,fixed_initial,39.88822936505957,total,external_forcing,9,0.0,0.0,0.0,,
300,1200.0,fixed_initial,39.88822936505957,total,guard,9,0.0,0.0,0.0,,
300,1200.0,fixed_initial,39.88822936505957,total,initial_bcs,9,0.0,0.0,0.0,,
300,1200.0,fixed_initial,39.88822936505957,total,les,9,-105.3132709119244,202.1317676326972,4676.484267102392,0.04322301885085579,0.5210129617195746
300,1200.0,fixed_initial,39.88822936505957,total,mask_motion,9,0.0,0.0,0.0,,
300,1200.0,fixed_initial,39.88822936505957,total,predictor_bcs,9,0.0,0.0,0.0,,
300,1200.0,fixed_initial,39.88822936505957,total,projection,9,2.869161054981596e-12,2.0223443128870823e-11,1.7422535353504268e-10,0.11607635007498031,0.1418730251173503
300,1200.0,fixed_initial,39.88822936505957,total,projection_bcs,9,0.0,0.0,0.0,,
300,1200.0,fixed_initial,39.88822936505957,total,surface_drag,9,-854.679126890554,1007.8422108725581,1626.6582773745608,0.6195783250180998,0.8480287069447108
300,1200.0,fixed_initial,39.88822936505957,total,transport_microphysics_bcs,9,0.0,0.0,0.0,,
300,1200.0,fixed_initial,121.65909956343168,les_label,inferred_muscl_label,9,-3658.681060311793,5015.807174757905,21936.719218921375,0.22864892077533422,0.7294301660407
300,1200.0,fixed_initial,121.65909956343168,les_label,local_les,9,1953.909594394184,6008.52980723336,12285.987332056811,0.4890555105453999,0.32518929872694863
300,1200.0,fixed_initial,121.65909956343168,les_label,mask_motion,9,0.0,0.0,0.0,,
300,1200.0,fixed_initial,121.65909956343168,total,advection,9,-19856.14211749762,26863.51080438906,73011.31554139446,0.36793626584030714,0.7391491850072497
300,1200.0,fixed_initial,121.65909956343168,total,buoyancy,9,0.0,0.0,0.0,,
300,1200.0,fixed_initial,121.65909956343168,total,coriolis,9,5.611077257032269,369.2385830460471,896.1121429282136,0.41204506150256054,0.015196345979728023
300,1200.0,fixed_initial,121.65909956343168,total,external_forcing,9,0.0,0.0,0.0,,
300,1200.0,fixed_initial,121.65909956343168,total,guard,9,0.0,0.0,0.0,,
300,1200.0,fixed_initial,121.65909956343168,total,initial_bcs,9,0.0,0.0,0.0,,
300,1200.0,fixed_initial,121.65909956343168,total,les,9,1953.909594394184,6008.52980723336,12285.987332056811,0.4890555105453999,0.32518929872694863
300,1200.0,fixed_initial,121.65909956343168,total,mask_motion,9,0.0,0.0,0.0,,
300,1200.0,fixed_initial,121.65909956343168,total,predictor_bcs,9,0.0,0.0,0.0,,
300,1200.0,fixed_initial,121.65909956343168,total,projection,9,1.1557279638922625e-11,1.8927444603089117e-11,1.7440648306048354e-10,0.10852489122508793,0.6106096137793678
300,1200.0,fixed_initial,121.65909956343168,total,projection_bcs,9,0.0,0.0,0.0,,
300,1200.0,fixed_initial,121.65909956343168,total,surface_drag,9,-542.2287493836258,798.3712040894112,1420.53450432371,0.5620216908912753,0.6791687207732764
300,1200.0,fixed_initial,121.65909956343168,total,transport_microphysics_bcs,9,0.0,0.0,0.0,,
300,1200.0,fixed_initial,207.51851327172238,les_label,inferred_muscl_label,9,-526.3514100768156,3965.9290678606794,14683.546390152282,0.27009340676176724,0.13271831166681522
300,1200.0,fixed_initial,207.51851327172238,les_label,local_les,9,1724.3419202816872,2060.5136003915795,8513.911250384936,0.24201727499783587,0.8368505405419279
300,1200.0,fixed_initial,207.51851327172238,les_label,mask_motion,9,0.0,0.0,0.0,,
300,1200.0,fixed_initial,207.51851327172238,total,advection,9,-25043.973189199736,27470.272678469973,69489.53444746537,0.3953152499422444,0.9116754493969087
300,1200.0,fixed_initial,207.51851327172238,total,buoyancy,9,0.0,0.0,0.0,,
300,1200.0,fixed_initial,207.51851327172238,total,coriolis,9,-1.413285145219053,441.46674323943006,952.7637311793167,0.46335385026987663,0.0032013400032096097
300,1200.0,fixed_initial,207.51851327172238,total,external_forcing,9,0.0,0.0,0.0,,
300,1200.0,fixed_initial,207.51851327172238,total,guard,9,0.0,0.0,0.0,,
300,1200.0,fixed_initial,207.51851327172238,total,initial_bcs,9,0.0,0.0,0.0,,
300,1200.0,fixed_initial,207.51851327172238,total,les,9,1724.3419202816872,2060.5136003915795,8513.911250384936,0.24201727499783587,0.8368505405419279
300,1200.0,fixed_initial,207.51851327172238,total,mask_motion,9,0.0,0.0,0.0,,
300,1200.0,fixed_initial,207.51851327172238,total,predictor_bcs,9,0.0,0.0,0.0,,
300,1200.0,fixed_initial,207.51851327172238,total,projection,9,1.4165037856052071e-12,1.5817368319667085e-11,1.6285459690385255e-10,0.09712570980729192,0.08955369546803478
300,1200.0,fixed_initial,207.51851327172238,total,projection_bcs,9,0.0,0.0,0.0,,
300,1200.0,fixed_initial,207.51851327172238,total,surface_drag,9,0.0,0.0,0.0,,
300,1200.0,fixed_initial,207.51851327172238,total,transport_microphysics_bcs,9,0.0,0.0,0.0,,
300,1200.0,fixed_initial,297.6708976654277,les_label,inferred_muscl_label,9,1096.6452205528415,3254.283756161081,14699.811125391543,0.22138269181838893,0.3369851256752423
300,1200.0,fixed_initial,297.6708976654277,les_label,local_les,9,1525.767443437725,2466.764663489399,9450.014670316217,0.261032892492521,0.6185297957363423
300,1200.0,fixed_initial,297.6708976654277,les_label,mask_motion,9,0.0,0.0,0.0,,
300,1200.0,fixed_initial,297.6708976654277,total,advection,9,-29711.338252315483,31776.78118109819,70308.9733055644,0.451959112572951,0.9350015057531599
300,1200.0,fixed_initial,297.6708976654277,total,buoyancy,9,0.0,0.0,0.0,,
300,1200.0,fixed_initial,297.6708976654277,total,coriolis,9,12.341471534765951,492.9472467217101,958.2804866644049,0.5144081024101484,0.025036089798333414
300,1200.0,fixed_initial,297.6708976654277,total,external_forcing,9,0.0,0.0,0.0,,
300,1200.0,fixed_initial,297.6708976654277,total,guard,9,0.0,0.0,0.0,,
300,1200.0,fixed_initial,297.6708976654277,total,initial_bcs,9,0.0,0.0,0.0,,
300,1200.0,fixed_initial,297.6708976654277,total,les,9,1525.767443437725,2466.764663489399,9450.014670316217,0.261032892492521,0.6185297957363423
300,1200.0,fixed_initial,297.6708976654277,total,mask_motion,9,0.0,0.0,0.0,,
300,1200.0,fixed_initial,297.6708976654277,total,predictor_bcs,9,0.0,0.0,0.0,,
300,1200.0,fixed_initial,297.6708976654277,total,projection,9,-1.0059587745323093e-11,1.3094727023901537e-11,1.5496015877940065e-10,0.08450383070749835,0.7682166819485075
300,1200.0,fixed_initial,297.6708976654277,total,projection_bcs,9,0.0,0.0,0.0,,
300,1200.0,fixed_initial,297.6708976654277,total,surface_drag,9,0.0,0.0,0.0,,
300,1200.0,fixed_initial,297.6708976654277,total,transport_microphysics_bcs,9,0.0,0.0,0.0,,
300,1200.0,fixed_initial,392.33090127881815,les_label,inferred_muscl_label,9,-257.14043568916753,2591.6866425365415,16843.378550959344,0.15386976162148464,0.09921740980132476
300,1200.0,fixed_initial,392.33090127881815,les_label,local_les,9,2708.4377666490595,3283.79469080937,12236.270654313217,0.26836564698345006,0.8247890083473824
300,1200.0,fixed_initial,392.33090127881815,les_label,mask_motion,9,0.0,0.0,0.0,,
300,1200.0,fixed_initial,392.33090127881815,total,advection,9,-34854.64404207233,38433.55432076327,78143.40081403272,0.4918336535189739,0.9068805802132779
300,1200.0,fixed_initial,392.33090127881815,total,buoyancy,9,0.0,0.0,0.0,,
300,1200.0,fixed_initial,392.33090127881815,total,coriolis,9,65.98149767483353,477.5646680008227,922.9357259118449,0.5174408732839948,0.13816243557347896
300,1200.0,fixed_initial,392.33090127881815,total,external_forcing,9,0.0,0.0,0.0,,
300,1200.0,fixed_initial,392.33090127881815,total,guard,9,0.0,0.0,0.0,,
300,1200.0,fixed_initial,392.33090127881815,total,initial_bcs,9,0.0,0.0,0.0,,
300,1200.0,fixed_initial,392.33090127881815,total,les,9,2708.4377666490595,3283.79469080937,12236.270654313217,0.26836564698345006,0.8247890083473824
300,1200.0,fixed_initial,392.33090127881815,total,mask_motion,9,0.0,0.0,0.0,,
300,1200.0,fixed_initial,392.33090127881815,total,predictor_bcs,9,0.0,0.0,0.0,,
300,1200.0,fixed_initial,392.33090127881815,total,projection,9,3.183231342702834e-12,9.47029739479762e-12,1.5280763524339947e-10,0.06197528925640965,0.3361279176355643
300,1200.0,fixed_initial,392.33090127881815,total,projection_bcs,9,0.0,0.0,0.0,,
300,1200.0,fixed_initial,392.33090127881815,total,surface_drag,9,0.0,0.0,0.0,,
300,1200.0,fixed_initial,392.33090127881815,total,transport_microphysics_bcs,9,0.0,0.0,0.0,,
300,1200.0,fixed_initial,491.72390507287827,les_label,inferred_muscl_label,9,-2083.3422032619605,3028.8754971110484,15157.190462850407,0.19983093202758692,0.6878269526921986
300,1200.0,fixed_initial,491.72390507287827,les_label,local_les,9,3625.022525687136,4036.676017587393,11746.135865015616,0.34365991198945034,0.898021666810335
300,1200.0,fixed_initial,491.72390507287827,les_label,mask_motion,9,0.0,0.0,0.0,,
300,1200.0,fixed_initial,491.72390507287827,total,advection,9,-37539.046584426585,47002.55993267667,88687.7751137734,0.5299778901024327,0.7986596185015244
300,1200.0,fixed_initial,491.72390507287827,total,buoyancy,9,0.0,0.0,0.0,,
300,1200.0,fixed_initial,491.72390507287827,total,coriolis,9,132.80888242872456,443.99146216295253,886.3140438613522,0.5009414724251023,0.2991248565495645
300,1200.0,fixed_initial,491.72390507287827,total,external_forcing,9,0.0,0.0,0.0,,
300,1200.0,fixed_initial,491.72390507287827,total,guard,9,0.0,0.0,0.0,,
300,1200.0,fixed_initial,491.72390507287827,total,initial_bcs,9,0.0,0.0,0.0,,
300,1200.0,fixed_initial,491.72390507287827,total,les,9,3625.022525687136,4036.676017587393,11746.135865015616,0.34365991198945034,0.898021666810335
300,1200.0,fixed_initial,491.72390507287827,total,mask_motion,9,0.0,0.0,0.0,,
300,1200.0,fixed_initial,491.72390507287827,total,predictor_bcs,9,0.0,0.0,0.0,,
300,1200.0,fixed_initial,491.72390507287827,total,projection,9,5.779945308991268e-12,1.67984294077478e-11,1.442344092672152e-10,0.11646617123536915,0.3440765305312074
300,1200.0,fixed_initial,491.72390507287827,total,projection_bcs,9,0.0,0.0,0.0,,
300,1200.0,fixed_initial,491.72390507287827,total,surface_drag,9,0.0,0.0,0.0,,
300,1200.0,fixed_initial,491.72390507287827,total,transport_microphysics_bcs,9,0.0,0.0,0.0,,
300,1200.0,fixed_initial,596.0865590566414,les_label,inferred_muscl_label,9,-1168.078643701971,2595.6160757973844,14694.329614217773,0.17664065962464512,0.4500198063163607
300,1200.0,fixed_initial,596.0865590566414,les_label,local_les,9,2037.6394129548617,2602.2816328576478,10551.348959630715,0.24663023114996327,0.7830203261732533
300,1200.0,fixed_initial,596.0865590566414,les_label,mask_motion,9,0.0,0.0,0.0,,
300,1200.0,fixed_initial,596.0865590566414,total,advection,9,-34420.69808975959,53688.57415374523,97019.20495144188,0.5533808917586612,0.6411177542393061
300,1200.0,fixed_initial,596.0865590566414,total,buoyancy,9,0.0,0.0,0.0,,
300,1200.0,fixed_initial,596.0865590566414,total,coriolis,9,190.9639405664861,410.9713833543292,866.6086156934563,0.47422951481444914,0.46466481195806714
300,1200.0,fixed_initial,596.0865590566414,total,external_forcing,9,0.0,0.0,0.0,,
300,1200.0,fixed_initial,596.0865590566414,total,guard,9,0.0,0.0,0.0,,
300,1200.0,fixed_initial,596.0865590566414,total,initial_bcs,9,0.0,0.0,0.0,,
300,1200.0,fixed_initial,596.0865590566414,total,les,9,2037.6394129548617,2602.2816328576478,10551.348959630715,0.24663023114996327,0.7830203261732533
300,1200.0,fixed_initial,596.0865590566414,total,mask_motion,9,0.0,0.0,0.0,,
300,1200.0,fixed_initial,596.0865590566414,total,predictor_bcs,9,0.0,0.0,0.0,,
300,1200.0,fixed_initial,596.0865590566414,total,projection,9,-3.2321633772745308e-12,1.680948318770947e-11,1.5350776832540264e-10,0.10950249209588579,0.19228213867025848
300,1200.0,fixed_initial,596.0865590566414,total,projection_bcs,9,0.0,0.0,0.0,,
300,1200.0,fixed_initial,596.0865590566414,total,surface_drag,9,0.0,0.0,0.0,,
300,1200.0,fixed_initial,596.0865590566414,total,transport_microphysics_bcs,9,0.0,0.0,0.0,,
300,1200.0,fixed_initial,705.6673457395926,les_label,inferred_muscl_label,9,686.4200408202701,2282.3814985713598,12339.632132345932,0.18496349600151718,0.3007472857845762
300,1200.0,fixed_initial,705.6673457395926,les_label,local_les,9,-485.9901178188014,1077.5443475636364,7815.311728646854,0.13787605472139022,0.45101634927382916
300,1200.0,fixed_initial,705.6673457395926,les_label,mask_motion,9,0.0,0.0,0.0,,
300,1200.0,fixed_initial,705.6673457395926,total,advection,9,-28163.72173803325,59797.63649360905,100663.7158453248,0.5940336693460763,0.4709838613946437
300,1200.0,fixed_initial,705.6673457395926,total,buoyancy,9,0.0,0.0,0.0,,
300,1200.0,fixed_initial,705.6673457395926,total,coriolis,9,239.6933556805501,376.0793675180357,833.4706636924327,0.45122088143082684,0.6373477951274609
300,1200.0,fixed_initial,705.6673457395926,total,external_forcing,9,0.0,0.0,0.0,,
300,1200.0,fixed_initial,705.6673457395926,total,guard,9,0.0,0.0,0.0,,
300,1200.0,fixed_initial,705.6673457395926,total,initial_bcs,9,0.0,0.0,0.0,,
300,1200.0,fixed_initial,705.6673457395926,total,les,9,-485.9901178188014,1077.5443475636364,7815.311728646854,0.13787605472139022,0.45101634927382916
300,1200.0,fixed_initial,705.6673457395926,total,mask_motion,9,0.0,0.0,0.0,,
300,1200.0,fixed_initial,705.6673457395926,total,predictor_bcs,9,0.0,0.0,0.0,,
300,1200.0,fixed_initial,705.6673457395926,total,projection,9,-1.553742181301717e-12,2.270503578850674e-11,1.4895879482283237e-10,0.15242494285424038,0.06843161119738113
300,1200.0,fixed_initial,705.6673457395926,total,projection_bcs,9,0.0,0.0,0.0,,
300,1200.0,fixed_initial,705.6673457395926,total,surface_drag,9,0.0,0.0,0.0,,
300,1200.0,fixed_initial,705.6673457395926,total,transport_microphysics_bcs,9,0.0,0.0,0.0,,
300,1200.0,fixed_initial,820.7271717566915,les_label,inferred_muscl_label,9,1114.3483815926315,3112.7448785025117,10730.801769930935,0.29007570405641236,0.3579954108313321
300,1200.0,fixed_initial,820.7271717566915,les_label,local_les,9,-1104.4558847667363,1187.515278881116,5667.452095676558,0.20953247752848542,0.9300561469889981
300,1200.0,fixed_initial,820.7271717566915,les_label,mask_motion,9,0.0,0.0,0.0,,
300,1200.0,fixed_initial,820.7271717566915,total,advection,9,-23330.109753767018,61084.75818249605,105244.59467356368,0.5804075579554671,0.38193013196624725
300,1200.0,fixed_initial,820.7271717566915,total,buoyancy,9,0.0,0.0,0.0,,
300,1200.0,fixed_initial,820.7271717566915,total,coriolis,9,281.1097531988325,336.8032683776918,767.6513495494245,0.43874510033152364,0.8346408113937763
300,1200.0,fixed_initial,820.7271717566915,total,external_forcing,9,0.0,0.0,0.0,,
300,1200.0,fixed_initial,820.7271717566915,total,guard,9,0.0,0.0,0.0,,
300,1200.0,fixed_initial,820.7271717566915,total,initial_bcs,9,0.0,0.0,0.0,,
300,1200.0,fixed_initial,820.7271717566915,total,les,9,-1104.4558847667363,1187.515278881116,5667.452095676558,0.20953247752848542,0.9300561469889981
300,1200.0,fixed_initial,820.7271717566915,total,mask_motion,9,0.0,0.0,0.0,,
300,1200.0,fixed_initial,820.7271717566915,total,predictor_bcs,9,0.0,0.0,0.0,,
300,1200.0,fixed_initial,820.7271717566915,total,projection,9,-1.450705229009882e-11,2.3436800786529532e-11,1.4906334357011637e-10,0.15722712388713686,0.618986030654698
300,1200.0,fixed_initial,820.7271717566915,total,projection_bcs,9,0.0,0.0,0.0,,
300,1200.0,fixed_initial,820.7271717566915,total,surface_drag,9,0.0,0.0,0.0,,
300,1200.0,fixed_initial,820.7271717566915,total,transport_microphysics_bcs,9,0.0,0.0,0.0,,
300,1200.0,fixed_initial,941.5399890746453,les_label,inferred_muscl_label,9,1111.4375247110647,3891.5400711636057,8968.680207067055,0.4339033147928708,0.28560351541715845
300,1200.0,fixed_initial,941.5399890746453,les_label,local_les,9,-1147.9215859615244,1310.8780186696374,4372.549018917467,0.29979721507940416,0.8756890951047516
300,1200.0,fixed_initial,941.5399890746453,les_label,mask_motion,9,0.0,0.0,0.0,,
300,1200.0,fixed_initial,941.5399890746453,total,advection,9,-20085.691075065846,58493.69632162867,106783.38432068953,0.5477790078834894,0.34338214778946957
300,1200.0,fixed_initial,941.5399890746453,total,buoyancy,9,0.0,0.0,0.0,,
300,1200.0,fixed_initial,941.5399890746453,total,coriolis,9,315.44795721273283,322.05339806404356,694.8096505075661,0.46351313317076126,0.9794896098255198
300,1200.0,fixed_initial,941.5399890746453,total,external_forcing,9,0.0,0.0,0.0,,
300,1200.0,fixed_initial,941.5399890746453,total,guard,9,0.0,0.0,0.0,,
300,1200.0,fixed_initial,941.5399890746453,total,initial_bcs,9,0.0,0.0,0.0,,
300,1200.0,fixed_initial,941.5399890746453,total,les,9,-1147.9215859615244,1310.8780186696374,4372.549018917467,0.29979721507940416,0.8756890951047516
300,1200.0,fixed_initial,941.5399890746453,total,mask_motion,9,0.0,0.0,0.0,,
300,1200.0,fixed_initial,941.5399890746453,total,predictor_bcs,9,0.0,0.0,0.0,,
300,1200.0,fixed_initial,941.5399890746453,total,projection,9,-2.1156934846633738e-12,1.7049578911773437e-11,1.5609957479455292e-10,0.10922245582163098,0.12409065910726981
300,1200.0,fixed_initial,941.5399890746453,total,projection_bcs,9,0.0,0.0,0.0,,
300,1200.0,fixed_initial,941.5399890746453,total,surface_drag,9,0.0,0.0,0.0,,
300,1200.0,fixed_initial,941.5399890746453,total,transport_microphysics_bcs,9,0.0,0.0,0.0,,
300,1200.0,fixed_initial,1068.3934472584967,les_label,inferred_muscl_label,9,550.7706718302856,3525.6985944063777,8087.635738032115,0.43593686815378896,0.15621603976701215
300,1200.0,fixed_initial,1068.3934472584967,les_label,local_les,9,-695.3862666692072,1368.1394469723457,3349.624559308999,0.40844561017148207,0.5082714837351394
300,1200.0,fixed_initial,1068.3934472584967,les_label,mask_motion,9,0.0,0.0,0.0,,
300,1200.0,fixed_initial,1068.3934472584967,total,advection,9,-19423.44357402945,56832.95267808383,107890.75546347968,0.5267638773492638,0.3417637595577469
300,1200.0,fixed_initial,1068.3934472584967,total,buoyancy,9,0.0,0.0,0.0,,
300,1200.0,fixed_initial,1068.3934472584967,total,coriolis,9,332.2756686532856,332.2756686532856,631.3996656073741,0.5262525255436324,1.0
300,1200.0,fixed_initial,1068.3934472584967,total,external_forcing,9,0.0,0.0,0.0,,
300,1200.0,fixed_initial,1068.3934472584967,total,guard,9,0.0,0.0,0.0,,
300,1200.0,fixed_initial,1068.3934472584967,total,initial_bcs,9,0.0,0.0,0.0,,
300,1200.0,fixed_initial,1068.3934472584967,total,les,9,-695.3862666692072,1368.1394469723457,3349.624559308999,0.40844561017148207,0.5082714837351394
300,1200.0,fixed_initial,1068.3934472584967,total,mask_motion,9,0.0,0.0,0.0,,
300,1200.0,fixed_initial,1068.3934472584967,total,predictor_bcs,9,0.0,0.0,0.0,,
300,1200.0,fixed_initial,1068.3934472584967,total,projection,9,-2.6899564119133718e-12,2.2679154696803386e-11,1.5162599569461775e-10,0.1495729976440209,0.11860920073412258
300,1200.0,fixed_initial,1068.3934472584967,total,projection_bcs,9,0.0,0.0,0.0,,
300,1200.0,fixed_initial,1068.3934472584967,total,surface_drag,9,0.0,0.0,0.0,,
300,1200.0,fixed_initial,1068.3934472584967,total,transport_microphysics_bcs,9,0.0,0.0,0.0,,
300,1200.0,fixed_initial,1201.5895783515407,les_label,inferred_muscl_label,9,47.64760255928623,1644.6222661139566,8920.616072677429,0.18436196028559051,0.02897176059270543
300,1200.0,fixed_initial,1201.5895783515407,les_label,local_les,9,-129.68537157453017,748.9088997249772,2826.010541520741,0.26500569927880463,0.17316575036316792
300,1200.0,fixed_initial,1201.5895783515407,les_label,mask_motion,9,0.0,0.0,0.0,,
300,1200.0,fixed_initial,1201.5895783515407,total,advection,9,-21943.701585570972,53284.523697302815,105567.19638101914,0.5047450867690497,0.4118212956209972
300,1200.0,fixed_initial,1201.5895783515407,total,buoyancy,9,0.0,0.0,0.0,,
300,1200.0,fixed_initial,1201.5895783515407,total,coriolis,9,334.9357603138631,334.9357603138631,574.1970771364065,0.5833115034026821,1.0
300,1200.0,fixed_initial,1201.5895783515407,total,external_forcing,9,0.0,0.0,0.0,,
300,1200.0,fixed_initial,1201.5895783515407,total,guard,9,0.0,0.0,0.0,,
300,1200.0,fixed_initial,1201.5895783515407,total,initial_bcs,9,0.0,0.0,0.0,,
300,1200.0,fixed_initial,1201.5895783515407,total,les,9,-129.68537157453017,748.9088997249772,2826.010541520741,0.26500569927880463,0.17316575036316792
300,1200.0,fixed_initial,1201.5895783515407,total,mask_motion,9,0.0,0.0,0.0,,
300,1200.0,fixed_initial,1201.5895783515407,total,predictor_bcs,9,0.0,0.0,0.0,,
300,1200.0,fixed_initial,1201.5895783515407,total,projection,9,1.348332456427813e-12,2.3654784186109834e-11,1.8943525947109213e-10,0.12487001760999811,0.05700041250934591
300,1200.0,fixed_initial,1201.5895783515407,total,projection_bcs,9,0.0,0.0,0.0,,
300,1200.0,fixed_initial,1201.5895783515407,total,surface_drag,9,0.0,0.0,0.0,,
300,1200.0,fixed_initial,1201.5895783515407,total,transport_microphysics_bcs,9,0.0,0.0,0.0,,
300,1200.0,fixed_initial,1341.445515999237,les_label,inferred_muscl_label,9,372.23575902834676,2382.1999754751705,8641.761103977733,0.27566140128297034,0.15625714165919172
300,1200.0,fixed_initial,1341.445515999237,les_label,local_les,9,-394.3938981781333,1041.998979473864,3078.2251782218245,0.33850641819380733,0.3784973939007833
300,1200.0,fixed_initial,1341.445515999237,les_label,mask_motion,9,0.0,0.0,0.0,,
300,1200.0,fixed_initial,1341.445515999237,total,advection,9,-24752.15209209463,48202.05494780235,107432.63893430376,0.44867235344817735,0.5135082335991391
300,1200.0,fixed_initial,1341.445515999237,total,buoyancy,9,0.0,0.0,0.0,,
300,1200.0,fixed_initial,1341.445515999237,total,coriolis,9,317.23006819122685,317.23006819122685,531.3861590945627,0.5969859447068779,1.0
300,1200.0,fixed_initial,1341.445515999237,total,external_forcing,9,0.0,0.0,0.0,,
300,1200.0,fixed_initial,1341.445515999237,total,guard,9,0.0,0.0,0.0,,
300,1200.0,fixed_initial,1341.445515999237,total,initial_bcs,9,0.0,0.0,0.0,,
300,1200.0,fixed_initial,1341.445515999237,total,les,9,-394.3938981781333,1041.998979473864,3078.2251782218245,0.33850641819380733,0.3784973939007833
300,1200.0,fixed_initial,1341.445515999237,total,mask_motion,9,0.0,0.0,0.0,,
300,1200.0,fixed_initial,1341.445515999237,total,predictor_bcs,9,0.0,0.0,0.0,,
300,1200.0,fixed_initial,1341.445515999237,total,projection,9,7.481045812126816e-12,1.959751330942068e-11,1.7350028274428116e-10,0.11295378312613526,0.3817344422228619
300,1200.0,fixed_initial,1341.445515999237,total,projection_bcs,9,0.0,0.0,0.0,,
300,1200.0,fixed_initial,1341.445515999237,total,surface_drag,9,0.0,0.0,0.0,,
300,1200.0,fixed_initial,1341.445515999237,total,transport_microphysics_bcs,9,0.0,0.0,0.0,,
300,1200.0,fixed_initial,1488.294250529318,les_label,inferred_muscl_label,9,614.2101346364851,2940.284997001919,8836.826573948434,0.3327308703409524,0.208894761991701
300,1200.0,fixed_initial,1488.294250529318,les_label,local_les,9,-537.0091598233389,1092.455796112211,3522.6958173972794,0.31011925319154143,0.49156145423405334
300,1200.0,fixed_initial,1488.294250529318,les_label,mask_motion,9,0.0,0.0,0.0,,
300,1200.0,fixed_initial,1488.294250529318,total,advection,9,-26666.94051465051,44748.30399580178,113120.07506457575,0.39558234000690645,0.595931870784474
300,1200.0,fixed_initial,1488.294250529318,total,buoyancy,9,0.0,0.0,0.0,,
300,1200.0,fixed_initial,1488.294250529318,total,coriolis,9,294.00950857873227,294.00950857873227,501.1861266190222,0.5866273884357224,1.0
300,1200.0,fixed_initial,1488.294250529318,total,external_forcing,9,0.0,0.0,0.0,,
300,1200.0,fixed_initial,1488.294250529318,total,guard,9,0.0,0.0,0.0,,
300,1200.0,fixed_initial,1488.294250529318,total,initial_bcs,9,0.0,0.0,0.0,,
300,1200.0,fixed_initial,1488.294250529318,total,les,9,-537.0091598233389,1092.455796112211,3522.6958173972794,0.31011925319154143,0.49156145423405334
300,1200.0,fixed_initial,1488.294250529318,total,mask_motion,9,0.0,0.0,0.0,,
300,1200.0,fixed_initial,1488.294250529318,total,predictor_bcs,9,0.0,0.0,0.0,,
300,1200.0,fixed_initial,1488.294250529318,total,projection,9,7.763536593992045e-12,1.9021983009123353e-11,1.9363419978458312e-10,0.09823669078233697,0.40813497679334937
300,1200.0,fixed_initial,1488.294250529318,total,projection_bcs,9,0.0,0.0,0.0,,
300,1200.0,fixed_initial,1488.294250529318,total,surface_drag,9,0.0,0.0,0.0,,
300,1200.0,fixed_initial,1488.294250529318,total,transport_microphysics_bcs,9,0.0,0.0,0.0,,
300,1200.0,fixed_initial,1642.4854217859033,les_label,inferred_muscl_label,9,478.065436784589,3308.3492728644164,8411.487925600693,0.3933132047655119,0.14450271037153012
300,1200.0,fixed_initial,1642.4854217859033,les_label,local_les,9,-350.3167192732201,947.7236153693642,3847.213770453164,0.24634025347069072,0.3696401710288587
300,1200.0,fixed_initial,1642.4854217859033,les_label,mask_motion,9,0.0,0.0,0.0,,
300,1200.0,fixed_initial,1642.4854217859033,total,advection,9,-27397.600489767774,43208.37011642212,118911.1273874238,0.3633669200330187,0.6340808601654433
300,1200.0,fixed_initial,1642.4854217859033,total,buoyancy,9,0.0,0.0,0.0,,
300,1200.0,fixed_initial,1642.4854217859033,total,coriolis,9,273.90244679568104,282.81952942435913,463.7228484967328,0.6098891403371334,0.9684707677478016
300,1200.0,fixed_initial,1642.4854217859033,total,external_forcing,9,0.0,0.0,0.0,,
300,1200.0,fixed_initial,1642.4854217859033,total,guard,9,0.0,0.0,0.0,,
300,1200.0,fixed_initial,1642.4854217859033,total,initial_bcs,9,0.0,0.0,0.0,,
300,1200.0,fixed_initial,1642.4854217859033,total,les,9,-350.3167192732201,947.7236153693642,3847.213770453164,0.24634025347069072,0.3696401710288587
300,1200.0,fixed_initial,1642.4854217859033,total,mask_motion,9,0.0,0.0,0.0,,
300,1200.0,fixed_initial,1642.4854217859033,total,predictor_bcs,9,0.0,0.0,0.0,,
300,1200.0,fixed_initial,1642.4854217859033,total,projection,9,-1.0708594712723383e-11,2.3815785826443767e-11,2.1116897055054905e-10,0.11278070714817834,0.4496427197809755
300,1200.0,fixed_initial,1642.4854217859033,total,projection_bcs,9,0.0,0.0,0.0,,
300,1200.0,fixed_initial,1642.4854217859033,total,surface_drag,9,0.0,0.0,0.0,,
300,1200.0,fixed_initial,1642.4854217859033,total,transport_microphysics_bcs,9,0.0,0.0,0.0,,
300,1200.0,fixed_initial,1804.3861516053175,les_label,inferred_muscl_label,9,174.5296435805408,2857.9762355176854,8212.95456716897,0.3479839334485492,0.061067562917970525
300,1200.0,fixed_initial,1804.3861516053175,les_label,local_les,9,-29.471169897916702,522.6288698763177,3865.4020250633585,0.1352068598525017,0.056390244773296155
300,1200.0,fixed_initial,1804.3861516053175,les_label,mask_motion,9,0.0,0.0,0.0,,
300,1200.0,fixed_initial,1804.3861516053175,total,advection,9,-26960.310742502454,42342.18918996381,122490.65230434258,0.3456769018158186,0.636724535463857
300,1200.0,fixed_initial,1804.3861516053175,total,buoyancy,9,0.0,0.0,0.0,,
300,1200.0,fixed_initial,1804.3861516053175,total,coriolis,9,253.96961013876276,271.4788218794109,423.42981877595497,0.6411424274846729,0.9355043180921656
300,1200.0,fixed_initial,1804.3861516053175,total,external_forcing,9,0.0,0.0,0.0,,
300,1200.0,fixed_initial,1804.3861516053175,total,guard,9,0.0,0.0,0.0,,
300,1200.0,fixed_initial,1804.3861516053175,total,initial_bcs,9,0.0,0.0,0.0,,
300,1200.0,fixed_initial,1804.3861516053175,total,les,9,-29.471169897916702,522.6288698763177,3865.4020250633585,0.1352068598525017,0.056390244773296155
300,1200.0,fixed_initial,1804.3861516053175,total,mask_motion,9,0.0,0.0,0.0,,
300,1200.0,fixed_initial,1804.3861516053175,total,predictor_bcs,9,0.0,0.0,0.0,,
300,1200.0,fixed_initial,1804.3861516053175,total,projection,9,-8.197178287712437e-12,2.2165496976929433e-11,2.178256354587113e-10,0.10175798147106008,0.3698170312285046
300,1200.0,fixed_initial,1804.3861516053175,total,projection_bcs,9,0.0,0.0,0.0,,
300,1200.0,fixed_initial,1804.3861516053175,total,surface_drag,9,0.0,0.0,0.0,,
300,1200.0,fixed_initial,1804.3861516053175,total,transport_microphysics_bcs,9,0.0,0.0,0.0,,
300,1200.0,fixed_initial,1974.3819179157026,les_label,inferred_muscl_label,9,-129.38501561615783,2072.2722111283374,7647.832565837767,0.2709620265988831,0.062436302972816785
300,1200.0,fixed_initial,1974.3819179157026,les_label,local_les,9,261.6253683450047,506.4488154357657,3904.407565438115,0.12971207717115898,0.5165879756671824
300,1200.0,fixed_initial,1974.3819179157026,les_label,mask_motion,9,0.0,0.0,0.0,,
300,1200.0,fixed_initial,1974.3819179157026,total,advection,9,-24986.897281325488,41767.64232228784,126371.69964727869,0.33051420878936694,0.5982357607959142
300,1200.0,fixed_initial,1974.3819179157026,total,buoyancy,9,0.0,0.0,0.0,,
300,1200.0,fixed_initial,1974.3819179157026,total,coriolis,9,228.08361981158205,245.10689954268935,376.6158926221225,0.6508140106254553,0.9305475294132126
300,1200.0,fixed_initial,1974.3819179157026,total,external_forcing,9,0.0,0.0,0.0,,
300,1200.0,fixed_initial,1974.3819179157026,total,guard,9,0.0,0.0,0.0,,
300,1200.0,fixed_initial,1974.3819179157026,total,initial_bcs,9,0.0,0.0,0.0,,
300,1200.0,fixed_initial,1974.3819179157026,total,les,9,261.6253683450047,506.4488154357657,3904.407565438115,0.12971207717115898,0.5165879756671824
300,1200.0,fixed_initial,1974.3819179157026,total,mask_motion,9,0.0,0.0,0.0,,
300,1200.0,fixed_initial,1974.3819179157026,total,predictor_bcs,9,0.0,0.0,0.0,,
300,1200.0,fixed_initial,1974.3819179157026,total,projection,9,-9.548026431993595e-12,2.5914634208066417e-11,2.451841220286674e-10,0.10569458574090057,0.36844148967464846
300,1200.0,fixed_initial,1974.3819179157026,total,projection_bcs,9,0.0,0.0,0.0,,
300,1200.0,fixed_initial,1974.3819179157026,total,surface_drag,9,0.0,0.0,0.0,,
300,1200.0,fixed_initial,1974.3819179157026,total,transport_microphysics_bcs,9,0.0,0.0,0.0,,
300,1200.0,moving_end,39.88822936505957,les_label,inferred_muscl_label,9,1545.6668804994345,2367.7033965684,10832.378056908065,0.21857651054363444,0.6528127141007724
300,1200.0,moving_end,39.88822936505957,les_label,local_les,9,-552.0056640925173,552.0056640925173,6832.032017602941,0.08079670333368721,1.0
300,1200.0,moving_end,39.88822936505957,les_label,mask_motion,9,-874.0086411794524,1238.8754532437888,3043.9601684845884,0.4069946335272032,0.7054854778912655
300,1200.0,moving_end,39.88822936505957,total,advection,9,-4690.469731423292,8560.64024473778,108845.40774857446,0.07864953075937095,0.5479110904475305
300,1200.0,moving_end,39.88822936505957,total,buoyancy,9,0.0,0.0,0.0,,
300,1200.0,moving_end,39.88822936505957,total,coriolis,9,1260.8739199318418,1260.8739199318418,1434.3988702999436,0.8790260129444912,1.0
300,1200.0,moving_end,39.88822936505957,total,external_forcing,9,0.0,0.0,0.0,,
300,1200.0,moving_end,39.88822936505957,total,guard,9,0.0,0.0,0.0,,
300,1200.0,moving_end,39.88822936505957,total,initial_bcs,9,0.0,0.0,0.0,,
300,1200.0,moving_end,39.88822936505957,total,les,9,-552.0056640925173,552.0056640925173,6832.032017602941,0.08079670333368721,1.0
300,1200.0,moving_end,39.88822936505957,total,mask_motion,9,1068.5642952701767,7405.734599989034,29267.472588832905,0.2530363555483337,0.14428876444907424
300,1200.0,moving_end,39.88822936505957,total,predictor_bcs,9,0.0,0.0,0.0,,
300,1200.0,moving_end,39.88822936505957,total,projection,9,8.066400635821109e-13,1.409019614241505e-11,1.8453155492295886e-10,0.0763565675707748,0.05724832042287336
300,1200.0,moving_end,39.88822936505957,total,projection_bcs,9,0.0,0.0,0.0,,
300,1200.0,moving_end,39.88822936505957,total,surface_drag,9,-2164.307680449903,2164.307680449903,2482.848235517631,0.8717035739394204,1.0
300,1200.0,moving_end,39.88822936505957,total,transport_microphysics_bcs,9,0.0,0.0,0.0,,
300,1200.0,moving_end,121.65909956343168,les_label,inferred_muscl_label,9,-3441.409997981049,3441.409997981049,12798.56866192397,0.26889022428104176,1.0
300,1200.0,moving_end,121.65909956343168,les_label,local_les,9,4733.930324997317,4961.11995686493,11312.538881141507,0.4385505330846051,0.9542059789235211
300,1200.0,moving_end,121.65909956343168,les_label,mask_motion,9,-701.143613165132,1289.2218391515532,3910.671340375046,0.32966765216018196,0.5438502450645422
300,1200.0,moving_end,121.65909956343168,total,advection,9,-10090.920951574248,14470.672418026092,106823.74350292212,0.13546307163098298,0.6973360090028715
300,1200.0,moving_end,121.65909956343168,total,buoyancy,9,0.0,0.0,0.0,,
300,1200.0,moving_end,121.65909956343168,total,coriolis,9,1305.5968321960563,1305.5968321960563,1474.684404140904,0.8853398249347109,1.0
300,1200.0,moving_end,121.65909956343168,total,external_forcing,9,0.0,0.0,0.0,,
300,1200.0,moving_end,121.65909956343168,total,guard,9,0.0,0.0,0.0,,
300,1200.0,moving_end,121.65909956343168,total,initial_bcs,9,0.0,0.0,0.0,,
300,1200.0,moving_end,121.65909956343168,total,les,9,4733.930324997317,4961.11995686493,11312.538881141507,0.4385505330846051,0.9542059789235211
300,1200.0,moving_end,121.65909956343168,total,mask_motion,9,4878.936155161462,6676.58923440864,32737.46628332237,0.20394337107908475,0.7307527816773949
300,1200.0,moving_end,121.65909956343168,total,predictor_bcs,9,0.0,0.0,0.0,,
300,1200.0,moving_end,121.65909956343168,total,projection,9,-1.4599003539874787e-11,2.2364226788223053e-11,1.8459607659892477e-10,0.12115223248657778,0.6527837370868814
300,1200.0,moving_end,121.65909956343168,total,projection_bcs,9,0.0,0.0,0.0,,
300,1200.0,moving_end,121.65909956343168,total,surface_drag,9,-1980.8799969683196,1980.8799969683196,2152.7015168810367,0.9201833052258622,1.0
300,1200.0,moving_end,121.65909956343168,total,transport_microphysics_bcs,9,0.0,0.0,0.0,,
300,1200.0,moving_end,207.51851327172238,les_label,inferred_muscl_label,9,-480.8113158734143,1423.1235790935925,9859.116071252281,0.14434596051092344,0.33785633442996554
300,1200.0,moving_end,207.51851327172238,les_label,local_les,9,2258.2277945230003,2867.9743232699593,8274.629039556712,0.3465985374763824,0.787394704408738
300,1200.0,moving_end,207.51851327172238,les_label,mask_motion,9,-1259.6999671978522,1671.3338476681436,3468.7221877818815,0.4818298373836906,0.7537093615111033
300,1200.0,moving_end,207.51851327172238,total,advection,9,-8551.768279367447,14182.600722548144,98098.5842285175,0.14457497867155994,0.602976030043027
300,1200.0,moving_end,207.51851327172238,total,buoyancy,9,0.0,0.0,0.0,,
300,1200.0,moving_end,207.51851327172238,total,coriolis,9,1357.6036327524318,1357.6036327524318,1507.8324462210696,0.9003677007713017,1.0
300,1200.0,moving_end,207.51851327172238,total,external_forcing,9,0.0,0.0,0.0,,
300,1200.0,moving_end,207.51851327172238,total,guard,9,0.0,0.0,0.0,,
300,1200.0,moving_end,207.51851327172238,total,initial_bcs,9,0.0,0.0,0.0,,
300,1200.0,moving_end,207.51851327172238,total,les,9,2258.2277945230003,2867.9743232699593,8274.629039556712,0.3465985374763824,0.787394704408738
300,1200.0,moving_end,207.51851327172238,total,mask_motion,9,7328.45233544492,9919.060741467183,41065.32923108905,0.24154343645095697,0.7388252301760709
300,1200.0,moving_end,207.51851327172238,total,predictor_bcs,9,0.0,0.0,0.0,,
300,1200.0,moving_end,207.51851327172238,total,projection,9,1.7568649172180345e-12,2.7432127614390386e-11,1.624611395119411e-10,0.1688534728785039,0.06404406329374232
300,1200.0,moving_end,207.51851327172238,total,projection_bcs,9,0.0,0.0,0.0,,
300,1200.0,moving_end,207.51851327172238,total,surface_drag,9,0.0,0.0,0.0,,
300,1200.0,moving_end,207.51851327172238,total,transport_microphysics_bcs,9,0.0,0.0,0.0,,
300,1200.0,moving_end,297.6708976654277,les_label,inferred_muscl_label,9,1435.642864429923,2995.2924997407345,10603.098254445933,0.28249219500392664,0.4792997226662134
300,1200.0,moving_end,297.6708976654277,les_label,local_les,9,741.2894449130147,1423.4570078761233,7055.346273420657,0.20175579662739726,0.5207670065280438
300,1200.0,moving_end,297.6708976654277,les_label,mask_motion,9,-1935.2646205070591,2556.436297843488,4380.685678547097,0.5835698987404543,0.757016563307122
300,1200.0,moving_end,297.6708976654277,total,advection,9,-7915.162643461144,12917.743962471626,89863.45912747791,0.14374857242193245,0.6127356809715472
300,1200.0,moving_end,297.6708976654277,total,buoyancy,9,0.0,0.0,0.0,,
300,1200.0,moving_end,297.6708976654277,total,coriolis,9,1398.8588023328427,1398.8588023328427,1527.4276407984842,0.9158265602693754,1.0
300,1200.0,moving_end,297.6708976654277,total,external_forcing,9,0.0,0.0,0.0,,
300,1200.0,moving_end,297.6708976654277,total,guard,9,0.0,0.0,0.0,,
300,1200.0,moving_end,297.6708976654277,total,initial_bcs,9,0.0,0.0,0.0,,
300,1200.0,moving_end,297.6708976654277,total,les,9,741.2894449130147,1423.4570078761233,7055.346273420657,0.20175579662739726,0.5207670065280438
300,1200.0,moving_end,297.6708976654277,total,mask_motion,9,8945.05168489893,12428.812634354785,50043.93657791041,0.24835801266363428,0.7197028346998887
300,1200.0,moving_end,297.6708976654277,total,predictor_bcs,9,0.0,0.0,0.0,,
300,1200.0,moving_end,297.6708976654277,total,projection,9,-5.63668450903978e-12,1.599319965402287e-11,1.5845664090544825e-10,0.10093107844918964,0.35244257753150415
300,1200.0,moving_end,297.6708976654277,total,projection_bcs,9,0.0,0.0,0.0,,
300,1200.0,moving_end,297.6708976654277,total,surface_drag,9,0.0,0.0,0.0,,
300,1200.0,moving_end,297.6708976654277,total,transport_microphysics_bcs,9,0.0,0.0,0.0,,
300,1200.0,moving_end,392.33090127881815,les_label,inferred_muscl_label,9,3261.1121844821837,3267.6182136022394,10302.889681115528,0.317155508283424,0.9980089384087245
300,1200.0,moving_end,392.33090127881815,les_label,local_les,9,-554.5647700771685,955.6037264146532,6397.672810895044,0.14936739571728158,0.5803292251254084
300,1200.0,moving_end,392.33090127881815,les_label,mask_motion,9,-2304.8608132374193,2656.0903890790255,4861.296012694911,0.5463749547739624,0.867764449099418
300,1200.0,moving_end,392.33090127881815,total,advection,9,-9290.594575536528,14685.900687881547,82072.44511218245,0.17893826201726795,0.6326200056087063
300,1200.0,moving_end,392.33090127881815,total,buoyancy,9,0.0,0.0,0.0,,
300,1200.0,moving_end,392.33090127881815,total,coriolis,9,1429.058546658546,1429.058546658546,1549.685188814615,0.922160550396472,1.0
300,1200.0,moving_end,392.33090127881815,total,external_forcing,9,0.0,0.0,0.0,,
300,1200.0,moving_end,392.33090127881815,total,guard,9,0.0,0.0,0.0,,
300,1200.0,moving_end,392.33090127881815,total,initial_bcs,9,0.0,0.0,0.0,,
300,1200.0,moving_end,392.33090127881815,total,les,9,-554.5647700771685,955.6037264146532,6397.672810895044,0.14936739571728158,0.5803292251254084
300,1200.0,moving_end,392.33090127881815,total,mask_motion,9,10052.715676067577,14518.890910629256,59353.95977300188,0.2446153713443296,0.6923886774786634
300,1200.0,moving_end,392.33090127881815,total,predictor_bcs,9,0.0,0.0,0.0,,
300,1200.0,moving_end,392.33090127881815,total,projection,9,8.443344061634665e-12,1.3730100201922381e-11,1.6456287283484253e-10,0.08343376586347086,0.6149513796303172
300,1200.0,moving_end,392.33090127881815,total,projection_bcs,9,0.0,0.0,0.0,,
300,1200.0,moving_end,392.33090127881815,total,surface_drag,9,0.0,0.0,0.0,,
300,1200.0,moving_end,392.33090127881815,total,transport_microphysics_bcs,9,0.0,0.0,0.0,,
300,1200.0,moving_end,491.72390507287827,les_label,inferred_muscl_label,9,4341.725356460099,4365.5249924524305,9075.00782528468,0.48104917114112633,0.9945482763164845
300,1200.0,moving_end,491.72390507287827,les_label,local_les,9,-2069.385856837452,2097.1710326425746,6247.198102658909,0.33569785977332534,0.9867511159687766
300,1200.0,moving_end,491.72390507287827,les_label,mask_motion,9,-1871.319506932256,2038.5966936419163,4926.89361857668,0.41376917211190817,0.917944933771661
300,1200.0,moving_end,491.72390507287827,total,advection,9,-9978.637506791054,13391.364381019293,73386.50235838939,0.18247721243916756,0.7451546551100212
300,1200.0,moving_end,491.72390507287827,total,buoyancy,9,0.0,0.0,0.0,,
300,1200.0,moving_end,491.72390507287827,total,coriolis,9,1446.7319579073533,1446.7319579073533,1563.669613321021,0.9252158803768604,1.0
300,1200.0,moving_end,491.72390507287827,total,external_forcing,9,0.0,0.0,0.0,,
300,1200.0,moving_end,491.72390507287827,total,guard,9,0.0,0.0,0.0,,
300,1200.0,moving_end,491.72390507287827,total,initial_bcs,9,0.0,0.0,0.0,,
300,1200.0,moving_end,491.72390507287827,total,les,9,-2069.385856837452,2097.1710326425746,6247.198102658909,0.33569785977332534,0.9867511159687766
300,1200.0,moving_end,491.72390507287827,total,mask_motion,9,10080.572750887728,15559.487451434163,68708.44938079963,0.22645668169862984,0.6478730602375062
300,1200.0,moving_end,491.72390507287827,total,predictor_bcs,9,0.0,0.0,0.0,,
300,1200.0,moving_end,491.72390507287827,total,projection,9,1.351953522277325e-11,2.157179464353995e-11,1.8658201204760708e-10,0.1156156180695266,0.6267227852932445
300,1200.0,moving_end,491.72390507287827,total,projection_bcs,9,0.0,0.0,0.0,,
300,1200.0,moving_end,491.72390507287827,total,surface_drag,9,0.0,0.0,0.0,,
300,1200.0,moving_end,491.72390507287827,total,transport_microphysics_bcs,9,0.0,0.0,0.0,,
300,1200.0,moving_end,596.0865590566414,les_label,inferred_muscl_label,9,3504.5002521310053,4235.765277605428,9294.311814024486,0.45573737597375913,0.8273594079113318
300,1200.0,moving_end,596.0865590566414,les_label,local_les,9,-2474.4387710564756,2474.4387710564756,5567.07918605992,0.44447702077824236,1.0
300,1200.0,moving_end,596.0865590566414,les_label,mask_motion,9,-627.7205782756939,883.7969822480011,4881.684999062858,0.18104342709897597,0.7102542675344303
300,1200.0,moving_end,596.0865590566414,total,advection,9,-10412.337652391903,10412.337652391903,64408.459369227334,0.16166102642980845,1.0
300,1200.0,moving_end,596.0865590566414,total,buoyancy,9,0.0,0.0,0.0,,
300,1200.0,moving_end,596.0865590566414,total,coriolis,9,1457.8647998175456,1457.8647998175456,1560.7029658665829,0.9341077909774227,1.0
300,1200.0,moving_end,596.0865590566414,total,external_forcing,9,0.0,0.0,0.0,,
300,1200.0,moving_end,596.0865590566414,total,guard,9,0.0,0.0,0.0,,
300,1200.0,moving_end,596.0865590566414,total,initial_bcs,9,0.0,0.0,0.0,,
300,1200.0,moving_end,596.0865590566414,total,les,9,-2474.4387710564756,2474.4387710564756,5567.07918605992,0.44447702077824236,1.0
300,1200.0,moving_end,596.0865590566414,total,mask_motion,9,9090.031222455098,15624.492389368976,77030.72855115407,0.20283453997183948,0.5817808985999459
300,1200.0,moving_end,596.0865590566414,total,predictor_bcs,9,0.0,0.0,0.0,,
300,1200.0,moving_end,596.0865590566414,total,projection,9,-5.389699230741083e-12,1.7114824800909252e-11,1.9621169351450717e-10,0.08722632425393059,0.3149140755711824
300,1200.0,moving_end,596.0865590566414,total,projection_bcs,9,0.0,0.0,0.0,,
300,1200.0,moving_end,596.0865590566414,total,surface_drag,9,0.0,0.0,0.0,,
300,1200.0,moving_end,596.0865590566414,total,transport_microphysics_bcs,9,0.0,0.0,0.0,,
300,1200.0,moving_end,705.6673457395926,les_label,inferred_muscl_label,9,1467.383645895329,3079.2326146582045,8604.808554323185,0.35785021772636094,0.47654199260883345
300,1200.0,moving_end,705.6673457395926,les_label,local_les,9,-1854.6596746726439,1999.0515671110363,4900.4685052932855,0.40793070396264003,0.9277698010326653
300,1200.0,moving_end,705.6673457395926,les_label,mask_motion,9,803.3770850177958,1204.0478124762762,4935.534637557872,0.24395489058345365,0.6672302185122944
300,1200.0,moving_end,705.6673457395926,total,advection,9,-10595.914977355367,10978.644091991062,55344.29849914911,0.1983699204744614,0.9651387629083544
300,1200.0,moving_end,705.6673457395926,total,buoyancy,9,0.0,0.0,0.0,,
300,1200.0,moving_end,705.6673457395926,total,coriolis,9,1469.6017029502702,1469.6017029502702,1541.2579481258601,0.9535079476717557,1.0
300,1200.0,moving_end,705.6673457395926,total,external_forcing,9,0.0,0.0,0.0,,
300,1200.0,moving_end,705.6673457395926,total,guard,9,0.0,0.0,0.0,,
300,1200.0,moving_end,705.6673457395926,total,initial_bcs,9,0.0,0.0,0.0,,
300,1200.0,moving_end,705.6673457395926,total,les,9,-1854.6596746726439,1999.0515671110363,4900.4685052932855,0.40793070396264003,0.9277698010326653
300,1200.0,moving_end,705.6673457395926,total,mask_motion,9,6964.573737796488,13901.478239775402,85015.81574203334,0.16351637772855318,0.5009951904157359
300,1200.0,moving_end,705.6673457395926,total,predictor_bcs,9,0.0,0.0,0.0,,
300,1200.0,moving_end,705.6673457395926,total,projection,9,1.5346925161970862e-11,4.02719030151243e-11,2.023768630551626e-10,0.1989946005050352,0.3810826907337171
300,1200.0,moving_end,705.6673457395926,total,projection_bcs,9,0.0,0.0,0.0,,
300,1200.0,moving_end,705.6673457395926,total,surface_drag,9,0.0,0.0,0.0,,
300,1200.0,moving_end,705.6673457395926,total,transport_microphysics_bcs,9,0.0,0.0,0.0,,
300,1200.0,moving_end,820.7271717566915,les_label,inferred_muscl_label,9,-455.95668030155815,2806.379021390734,9250.6568666958,0.30337078348395513,0.162471525344999
300,1200.0,moving_end,820.7271717566915,les_label,local_les,9,-882.2696511720094,1363.6964013485035,3953.073661826065,0.34497115864989064,0.6469692596530789
300,1200.0,moving_end,820.7271717566915,les_label,mask_motion,9,1721.4704208074909,1783.7747267682205,4751.064922251515,0.3754473483226778,0.9650716511307399
300,1200.0,moving_end,820.7271717566915,total,advection,9,-10631.12690745452,12006.13374395478,48491.817130721814,0.24759092264142724,0.8854746360632046
300,1200.0,moving_end,820.7271717566915,total,buoyancy,9,0.0,0.0,0.0,,
300,1200.0,moving_end,820.7271717566915,total,coriolis,9,1477.2966204084337,1477.2966204084337,1509.5255956040846,0.9786496000534833,1.0
300,1200.0,moving_end,820.7271717566915,total,external_forcing,9,0.0,0.0,0.0,,
300,1200.0,moving_end,820.7271717566915,total,guard,9,0.0,0.0,0.0,,
300,1200.0,moving_end,820.7271717566915,total,initial_bcs,9,0.0,0.0,0.0,,
300,1200.0,moving_end,820.7271717566915,total,les,9,-882.2696511720094,1363.6964013485035,3953.073661826065,0.34497115864989064,0.6469692596530789
300,1200.0,moving_end,820.7271717566915,total,mask_motion,9,4372.82767535264,13319.572731185028,91782.12416736622,0.14512164380611378,0.32830089700359283
300,1200.0,moving_end,820.7271717566915,total,predictor_bcs,9,0.0,0.0,0.0,,
300,1200.0,moving_end,820.7271717566915,total,projection,9,-8.753173890663712e-12,4.274127934207844e-11,2.1353561580998443e-10,0.2001599554245412,0.2047943820447668
300,1200.0,moving_end,820.7271717566915,total,projection_bcs,9,0.0,0.0,0.0,,
300,1200.0,moving_end,820.7271717566915,total,surface_drag,9,0.0,0.0,0.0,,
300,1200.0,moving_end,820.7271717566915,total,transport_microphysics_bcs,9,0.0,0.0,0.0,,
300,1200.0,moving_end,941.5399890746453,les_label,inferred_muscl_label,9,-1381.6172855871564,3713.8814667472125,11485.309040826556,0.3233592978252101,0.37201437309124463
300,1200.0,moving_end,941.5399890746453,les_label,local_les,9,-545.1234179996853,1049.8082965693497,4444.837525148796,0.23618597769424793,0.5192599637296492
300,1200.0,moving_end,941.5399890746453,les_label,mask_motion,9,2333.602089431693,2333.602089431693,4642.189872121209,0.5026942356335315,1.0
300,1200.0,moving_end,941.5399890746453,total,advection,9,-11563.33289962875,13094.422338467028,43044.20008683495,0.3042087508201123,0.8830731589937763
300,1200.0,moving_end,941.5399890746453,total,buoyancy,9,0.0,0.0,0.0,,
300,1200.0,moving_end,941.5399890746453,total,coriolis,9,1458.939199053391,1458.939199053391,1468.82788090017,0.9932676374302489,1.0
300,1200.0,moving_end,941.5399890746453,total,external_forcing,9,0.0,0.0,0.0,,
300,1200.0,moving_end,941.5399890746453,total,guard,9,0.0,0.0,0.0,,
300,1200.0,moving_end,941.5399890746453,total,initial_bcs,9,0.0,0.0,0.0,,
300,1200.0,moving_end,941.5399890746453,total,les,9,-545.1234179996853,1049.8082965693497,4444.837525148796,0.23618597769424793,0.5192599637296492
300,1200.0,moving_end,941.5399890746453,total,mask_motion,9,3046.7660427722403,11427.062865401678,98225.45757269756,0.11633504335619312,0.266627223343375
300,1200.0,moving_end,941.5399890746453,total,predictor_bcs,9,0.0,0.0,0.0,,
300,1200.0,moving_end,941.5399890746453,total,projection,9,-1.1825562501888848e-11,4.321280881952952e-11,2.1162728551992957e-10,0.20419299294683832,0.2736587327909225
300,1200.0,moving_end,941.5399890746453,total,projection_bcs,9,0.0,0.0,0.0,,
300,1200.0,moving_end,941.5399890746453,total,surface_drag,9,0.0,0.0,0.0,,
300,1200.0,moving_end,941.5399890746453,total,transport_microphysics_bcs,9,0.0,0.0,0.0,,
300,1200.0,moving_end,1068.3934472584967,les_label,inferred_muscl_label,9,-2063.4076537376322,3728.56972707315,13000.33911155436,0.28680557446069194,0.5534046041180956
300,1200.0,moving_end,1068.3934472584967,les_label,local_les,9,343.4774410724998,510.87125754399335,2742.1666504492678,0.1863020460336697,0.6723365936141386
300,1200.0,moving_end,1068.3934472584967,les_label,mask_motion,9,2079.2730733735766,2219.307599367879,4551.559561582953,0.48759278426228975,0.9369017048226266
300,1200.0,moving_end,1068.3934472584967,total,advection,9,-15696.045528527242,16526.395699191664,42358.08539291684,0.39015917612638895,0.9497561243371998
300,1200.0,moving_end,1068.3934472584967,total,buoyancy,9,0.0,0.0,0.0,,
300,1200.0,moving_end,1068.3934472584967,total,coriolis,9,1404.6189996283183,1404.6189996283183,1408.3412782767111,0.9973569768167645,1.0
300,1200.0,moving_end,1068.3934472584967,total,external_forcing,9,0.0,0.0,0.0,,
300,1200.0,moving_end,1068.3934472584967,total,guard,9,0.0,0.0,0.0,,
300,1200.0,moving_end,1068.3934472584967,total,initial_bcs,9,0.0,0.0,0.0,,
300,1200.0,moving_end,1068.3934472584967,total,les,9,343.4774410724998,510.87125754399335,2742.1666504492678,0.1863020460336697,0.6723365936141386
300,1200.0,moving_end,1068.3934472584967,total,mask_motion,9,4759.197067953679,9187.284766349168,108045.43755740106,0.08503167717256233,0.5180199796772907
300,1200.0,moving_end,1068.3934472584967,total,predictor_bcs,9,0.0,0.0,0.0,,
300,1200.0,moving_end,1068.3934472584967,total,projection,9,-1.5535363522955342e-11,4.269076547347775e-11,2.561180637689585e-10,0.1666839302361299,0.3639045435389747
300,1200.0,moving_end,1068.3934472584967,total,projection_bcs,9,0.0,0.0,0.0,,
300,1200.0,moving_end,1068.3934472584967,total,surface_drag,9,0.0,0.0,0.0,,
300,1200.0,moving_end,1068.3934472584967,total,transport_microphysics_bcs,9,0.0,0.0,0.0,,
300,1200.0,moving_end,1201.5895783515407,les_label,inferred_muscl_label,9,-2202.3782505824215,3570.9323594659327,12148.00094051139,0.2939522623477512,0.6167516012293799
300,1200.0,moving_end,1201.5895783515407,les_label,local_les,9,835.8467210793566,871.5459391231396,1678.9304455015451,0.5191078293078327,0.9590392009861236
300,1200.0,moving_end,1201.5895783515407,les_label,mask_motion,9,1579.9972655357194,2039.1464964964007,4241.917622814819,0.48071336546683796,0.774832641132171
300,1200.0,moving_end,1201.5895783515407,total,advection,9,-22300.257198030493,23710.547092773606,45495.823102831986,0.5211587674583185,0.9405205671035345
300,1200.0,moving_end,1201.5895783515407,total,buoyancy,9,0.0,0.0,0.0,,
300,1200.0,moving_end,1201.5895783515407,total,coriolis,9,1315.9411710987154,1315.9411710987154,1321.9271184404388,0.995471802296646,1.0
300,1200.0,moving_end,1201.5895783515407,total,external_forcing,9,0.0,0.0,0.0,,
300,1200.0,moving_end,1201.5895783515407,total,guard,9,0.0,0.0,0.0,,
300,1200.0,moving_end,1201.5895783515407,total,initial_bcs,9,0.0,0.0,0.0,,
300,1200.0,moving_end,1201.5895783515407,total,les,9,835.8467210793566,871.5459391231396,1678.9304455015451,0.5191078293078327,0.9590392009861236
300,1200.0,moving_end,1201.5895783515407,total,mask_motion,9,10478.405771328946,11379.132999177973,119208.38845104756,0.09545580765778716,0.9208439493664328
300,1200.0,moving_end,1201.5895783515407,total,predictor_bcs,9,0.0,0.0,0.0,,
300,1200.0,moving_end,1201.5895783515407,total,projection,9,3.477214244079936e-12,2.4285840672473233e-11,2.548484799656369e-10,0.09529521492828943,0.1431786649255746
300,1200.0,moving_end,1201.5895783515407,total,projection_bcs,9,0.0,0.0,0.0,,
300,1200.0,moving_end,1201.5895783515407,total,surface_drag,9,0.0,0.0,0.0,,
300,1200.0,moving_end,1201.5895783515407,total,transport_microphysics_bcs,9,0.0,0.0,0.0,,
300,1200.0,moving_end,1341.445515999237,les_label,inferred_muscl_label,9,-1869.7180021717081,3297.7742935163533,9401.927267222123,0.35075513772727873,0.5669636050737917
300,1200.0,moving_end,1341.445515999237,les_label,local_les,9,568.5853200542545,618.4275136822633,1513.3213404470039,0.40865578060215063,0.9194049544606502
300,1200.0,moving_end,1341.445515999237,les_label,mask_motion,9,1382.1513378537647,1981.4404209278882,4337.594344994533,0.45680629937523254,0.6975487747476744
300,1200.0,moving_end,1341.445515999237,total,advection,9,-30867.053589662748,31027.79541852036,54262.587819560686,0.5718082506808752,0.9948194247548228
300,1200.0,moving_end,1341.445515999237,total,buoyancy,9,0.0,0.0,0.0,,
300,1200.0,moving_end,1341.445515999237,total,coriolis,9,1209.487878649884,1209.487878649884,1223.304293603462,0.9887056597235678,1.0
300,1200.0,moving_end,1341.445515999237,total,external_forcing,9,0.0,0.0,0.0,,
300,1200.0,moving_end,1341.445515999237,total,guard,9,0.0,0.0,0.0,,
300,1200.0,moving_end,1341.445515999237,total,initial_bcs,9,0.0,0.0,0.0,,
300,1200.0,moving_end,1341.445515999237,total,les,9,568.5853200542545,618.4275136822633,1513.3213404470039,0.40865578060215063,0.9194049544606502
300,1200.0,moving_end,1341.445515999237,total,mask_motion,9,19806.040168231222,19806.040168231222,130594.19379586242,0.15166095515081568,1.0
300,1200.0,moving_end,1341.445515999237,total,predictor_bcs,9,0.0,0.0,0.0,,
300,1200.0,moving_end,1341.445515999237,total,projection,9,5.026801728775371e-13,2.582147752452739e-11,2.3426466455177437e-10,0.11022352677016996,0.019467521655182188
300,1200.0,moving_end,1341.445515999237,total,projection_bcs,9,0.0,0.0,0.0,,
300,1200.0,moving_end,1341.445515999237,total,surface_drag,9,0.0,0.0,0.0,,
300,1200.0,moving_end,1341.445515999237,total,transport_microphysics_bcs,9,0.0,0.0,0.0,,
300,1200.0,moving_end,1488.294250529318,les_label,inferred_muscl_label,9,-1725.3565548631796,2816.436837014532,8792.638977843559,0.320317579751839,0.612602609150676
300,1200.0,moving_end,1488.294250529318,les_label,local_les,9,346.6619514167459,652.8879367564875,2150.932669344963,0.3035371334776907,0.5309670035242863
300,1200.0,moving_end,1488.294250529318,les_label,mask_motion,9,1263.1587629473054,1773.0689562140458,4130.6357589322615,0.42924844011721114,0.7124137831866795
300,1200.0,moving_end,1488.294250529318,total,advection,9,-42405.99087235798,42405.99087235798,64276.14296982032,0.6597469747409849,1.0
300,1200.0,moving_end,1488.294250529318,total,buoyancy,9,0.0,0.0,0.0,,
300,1200.0,moving_end,1488.294250529318,total,coriolis,9,1089.7536823597193,1089.7536823597193,1109.4047774448377,0.9822868122756975,1.0
300,1200.0,moving_end,1488.294250529318,total,external_forcing,9,0.0,0.0,0.0,,
300,1200.0,moving_end,1488.294250529318,total,guard,9,0.0,0.0,0.0,,
300,1200.0,moving_end,1488.294250529318,total,initial_bcs,9,0.0,0.0,0.0,,
300,1200.0,moving_end,1488.294250529318,total,les,9,346.6619514167459,652.8879367564875,2150.932669344963,0.3035371334776907,0.5309670035242863
300,1200.0,moving_end,1488.294250529318,total,mask_motion,9,32710.696558261883,32710.696558261883,140150.58764909155,0.23339678489370866,1.0
300,1200.0,moving_end,1488.294250529318,total,predictor_bcs,9,0.0,0.0,0.0,,
300,1200.0,moving_end,1488.294250529318,total,projection,9,-2.7480459314360717e-12,3.48207790726307e-11,2.5153524282981593e-10,0.1384330031883039,0.0789197141656158
300,1200.0,moving_end,1488.294250529318,total,projection_bcs,9,0.0,0.0,0.0,,
300,1200.0,moving_end,1488.294250529318,total,surface_drag,9,0.0,0.0,0.0,,
300,1200.0,moving_end,1488.294250529318,total,transport_microphysics_bcs,9,0.0,0.0,0.0,,
300,1200.0,moving_end,1642.4854217859033,les_label,inferred_muscl_label,9,-801.4474039632902,1524.2544303122272,8663.767618464304,0.17593436221254616,0.5257963421494679
300,1200.0,moving_end,1642.4854217859033,les_label,local_les,9,-167.17194478400697,730.3294295049782,2741.449929432002,0.26640261478578026,0.22889936791581458
300,1200.0,moving_end,1642.4854217859033,les_label,mask_motion,9,738.0339169444584,1159.7368449519086,3986.1868700288355,0.2909389054666971,0.6363805031779108
300,1200.0,moving_end,1642.4854217859033,total,advection,9,-54491.6425733815,54491.6425733815,74519.69660079987,0.7312381163505247,1.0
300,1200.0,moving_end,1642.4854217859033,total,buoyancy,9,0.0,0.0,0.0,,
300,1200.0,moving_end,1642.4854217859033,total,coriolis,9,956.9479987624638,956.9479987624638,977.2434523787879,0.9792319369682946,1.0
300,1200.0,moving_end,1642.4854217859033,total,external_forcing,9,0.0,0.0,0.0,,
300,1200.0,moving_end,1642.4854217859033,total,guard,9,0.0,0.0,0.0,,
300,1200.0,moving_end,1642.4854217859033,total,initial_bcs,9,0.0,0.0,0.0,,
300,1200.0,moving_end,1642.4854217859033,total,les,9,-167.17194478400697,730.3294295049782,2741.449929432002,0.26640261478578026,0.22889936791581458
300,1200.0,moving_end,1642.4854217859033,total,mask_motion,9,48187.51451236858,48187.51451236858,147048.9903829229,0.3276970102745071,1.0
300,1200.0,moving_end,1642.4854217859033,total,predictor_bcs,9,0.0,0.0,0.0,,
300,1200.0,moving_end,1642.4854217859033,total,projection,9,2.991114741144902e-11,3.6717226549226774e-11,2.422100453552565e-10,0.15159250102683622,0.8146352604096379
300,1200.0,moving_end,1642.4854217859033,total,projection_bcs,9,0.0,0.0,0.0,,
300,1200.0,moving_end,1642.4854217859033,total,surface_drag,9,0.0,0.0,0.0,,
300,1200.0,moving_end,1642.4854217859033,total,transport_microphysics_bcs,9,0.0,0.0,0.0,,
300,1200.0,moving_end,1804.3861516053175,les_label,inferred_muscl_label,9,545.1402157469793,1127.3332820183416,8702.025009871972,0.12954838451273626,0.4835661507047655
300,1200.0,moving_end,1804.3861516053175,les_label,local_les,9,-651.7101935363555,708.6282718880539,3000.0889682175016,0.2362024191266182,0.9196785104268461
300,1200.0,moving_end,1804.3861516053175,les_label,mask_motion,9,-193.49894497593505,820.8052832828438,3992.334102784755,0.20559533900489718,0.2357428112572914
300,1200.0,moving_end,1804.3861516053175,total,advection,9,-67694.57347130697,67694.57347130697,86488.61415054151,0.7826992504872172,1.0
300,1200.0,moving_end,1804.3861516053175,total,buoyancy,9,0.0,0.0,0.0,,
300,1200.0,moving_end,1804.3861516053175,total,coriolis,9,812.2103923393246,812.2103923393246,830.0913006321979,0.9784591065112294,1.0
300,1200.0,moving_end,1804.3861516053175,total,external_forcing,9,0.0,0.0,0.0,,
300,1200.0,moving_end,1804.3861516053175,total,guard,9,0.0,0.0,0.0,,
300,1200.0,moving_end,1804.3861516053175,total,initial_bcs,9,0.0,0.0,0.0,,
300,1200.0,moving_end,1804.3861516053175,total,les,9,-651.7101935363555,708.6282718880539,3000.0889682175016,0.2362024191266182,0.9196785104268461
300,1200.0,moving_end,1804.3861516053175,total,mask_motion,9,66540.59808000675,66540.59808000675,157243.78778939095,0.42316837450602396,1.0
300,1200.0,moving_end,1804.3861516053175,total,predictor_bcs,9,0.0,0.0,0.0,,
300,1200.0,moving_end,1804.3861516053175,total,projection,9,-1.5032988281938817e-11,3.9324775125701775e-11,2.4043008184956687e-10,0.16356012867934985,0.3822777939323447
300,1200.0,moving_end,1804.3861516053175,total,projection_bcs,9,0.0,0.0,0.0,,
300,1200.0,moving_end,1804.3861516053175,total,surface_drag,9,0.0,0.0,0.0,,
300,1200.0,moving_end,1804.3861516053175,total,transport_microphysics_bcs,9,0.0,0.0,0.0,,
300,1200.0,moving_end,1974.3819179157026,les_label,inferred_muscl_label,9,1723.7000810127893,1906.2393181375387,8746.579305837755,0.21794112320747516,0.9042411750781132
300,1200.0,moving_end,1974.3819179157026,les_label,local_les,9,-876.5141290661514,876.5141290661514,3303.3115628817654,0.26534406833289803,1.0
300,1200.0,moving_end,1974.3819179157026,les_label,mask_motion,9,-1182.1069013372428,1306.708587283742,4211.5952064874555,0.3102645252494624,0.9046446260787886
300,1200.0,moving_end,1974.3819179157026,total,advection,9,-80685.0776916251,80685.0776916251,98258.19723106141,0.8211536539988433,1.0
300,1200.0,moving_end,1974.3819179157026,total,buoyancy,9,0.0,0.0,0.0,,
300,1200.0,moving_end,1974.3819179157026,total,coriolis,9,660.7573194486005,660.7573194486005,676.7603899524748,0.9763534173372673,1.0
300,1200.0,moving_end,1974.3819179157026,total,external_forcing,9,0.0,0.0,0.0,,
300,1200.0,moving_end,1974.3819179157026,total,guard,9,0.0,0.0,0.0,,
300,1200.0,moving_end,1974.3819179157026,total,initial_bcs,9,0.0,0.0,0.0,,
300,1200.0,moving_end,1974.3819179157026,total,les,9,-876.5141290661514,876.5141290661514,3303.3115628817654,0.26534406833289803,1.0
300,1200.0,moving_end,1974.3819179157026,total,mask_motion,9,86098.46247288838,86098.46247288838,169510.42281737953,0.507924297762184,1.0
300,1200.0,moving_end,1974.3819179157026,total,predictor_bcs,9,0.0,0.0,0.0,,
300,1200.0,moving_end,1974.3819179157026,total,projection,9,2.28089032036638e-12,3.828434761593037e-11,2.435118757028801e-10,0.15721757924711174,0.059577620160811785
300,1200.0,moving_end,1974.3819179157026,total,projection_bcs,9,0.0,0.0,0.0,,
300,1200.0,moving_end,1974.3819179157026,total,surface_drag,9,0.0,0.0,0.0,,
300,1200.0,moving_end,1974.3819179157026,total,transport_microphysics_bcs,9,0.0,0.0,0.0,,
300,1200.0,moving_symmetric,39.88822936505957,les_label,inferred_muscl_label,9,1089.7036740292413,2117.3207394875103,11781.775062675053,0.17971152294319667,0.5146615974172152
300,1200.0,moving_symmetric,39.88822936505957,les_label,local_les,9,-497.4743661232816,497.4743661232816,6692.308576325716,0.07433524029108807,1.0
300,1200.0,moving_symmetric,39.88822936505957,les_label,mask_motion,9,-472.5767326784949,904.2077706544426,2653.9344434397167,0.3407046368042593,0.5226417511723616
300,1200.0,moving_symmetric,39.88822936505957,total,advection,9,-11211.415667905872,11211.415667905872,109438.22784021532,0.10244515000987624,1.0
300,1200.0,moving_symmetric,39.88822936505957,total,buoyancy,9,0.0,0.0,0.0,,
300,1200.0,moving_symmetric,39.88822936505957,total,coriolis,9,1036.699548581033,1036.699548581033,1327.6962518312157,0.7808258456338734,1.0
300,1200.0,moving_symmetric,39.88822936505957,total,external_forcing,9,0.0,0.0,0.0,,
300,1200.0,moving_symmetric,39.88822936505957,total,guard,9,0.0,0.0,0.0,,
300,1200.0,moving_symmetric,39.88822936505957,total,initial_bcs,9,0.0,0.0,0.0,,
300,1200.0,moving_symmetric,39.88822936505957,total,les,9,-497.4743661232816,497.4743661232816,6692.308576325716,0.07433524029108807,1.0
300,1200.0,moving_symmetric,39.88822936505957,total,mask_motion,9,7705.322964658133,8544.677053254794,23773.866489404914,0.35941469836481266,0.9017687756523298
300,1200.0,moving_symmetric,39.88822936505957,total,predictor_bcs,9,0.0,0.0,0.0,,
300,1200.0,moving_symmetric,39.88822936505957,total,projection,9,-1.6585625085244367e-12,1.572293473396007e-11,1.8168671218389294e-10,0.08653871570996459,0.10548682778298994
300,1200.0,moving_symmetric,39.88822936505957,total,projection_bcs,9,0.0,0.0,0.0,,
300,1200.0,moving_symmetric,39.88822936505957,total,surface_drag,9,-2110.4773399737023,2110.4773399737023,2522.3778659656305,0.836701498395744,1.0
300,1200.0,moving_symmetric,39.88822936505957,total,transport_microphysics_bcs,9,0.0,0.0,0.0,,
300,1200.0,moving_symmetric,121.65909956343168,les_label,inferred_muscl_label,9,-3961.4585891040833,3961.4585891040833,13635.251802093564,0.29053065147618606,1.0
300,1200.0,moving_symmetric,121.65909956343168,les_label,local_les,9,4506.2406654385295,4746.650785153087,11168.156983654242,0.4250164814212679,0.9493516311613803
300,1200.0,moving_symmetric,121.65909956343168,les_label,mask_motion,9,46.594637516691165,831.2883730111942,3360.3698709856203,0.24738002211862808,0.056051111779550564
300,1200.0,moving_symmetric,121.65909956343168,total,advection,9,-15591.08197433054,15747.167598494603,108105.81737853381,0.14566438680497376,0.9900880191191345
300,1200.0,moving_symmetric,121.65909956343168,total,buoyancy,9,0.0,0.0,0.0,,
300,1200.0,moving_symmetric,121.65909956343168,total,coriolis,9,1082.9410960641349,1082.9410960641349,1361.137429827674,0.7956148088597049,1.0
300,1200.0,moving_symmetric,121.65909956343168,total,external_forcing,9,0.0,0.0,0.0,,
300,1200.0,moving_symmetric,121.65909956343168,total,guard,9,0.0,0.0,0.0,,
300,1200.0,moving_symmetric,121.65909956343168,total,initial_bcs,9,0.0,0.0,0.0,,
300,1200.0,moving_symmetric,121.65909956343168,total,les,9,4506.2406654385295,4746.650785153087,11168.156983654242,0.4250164814212679,0.9493516311613803
300,1200.0,moving_symmetric,121.65909956343168,total,mask_motion,9,10762.499633872118,11039.272164721582,26529.54346564243,0.4161124061187933,0.9749283714796024
300,1200.0,moving_symmetric,121.65909956343168,total,predictor_bcs,9,0.0,0.0,0.0,,
300,1200.0,moving_symmetric,121.65909956343168,total,projection,9,-9.647367514838763e-12,2.0590285686788372e-11,1.840394234866482e-10,0.11187975541708958,0.4685397600398005
300,1200.0,moving_symmetric,121.65909956343168,total,projection_bcs,9,0.0,0.0,0.0,,
300,1200.0,moving_symmetric,121.65909956343168,total,surface_drag,9,-1913.9370572319763,1913.9370572319763,2160.461636272554,0.8858926375263451,1.0
300,1200.0,moving_symmetric,121.65909956343168,total,transport_microphysics_bcs,9,0.0,0.0,0.0,,
300,1200.0,moving_symmetric,207.51851327172238,les_label,inferred_muscl_label,9,-1410.001150773944,1497.7358282980438,10438.252725794824,0.1434853004274236,0.9414217942400447
300,1200.0,moving_symmetric,207.51851327172238,les_label,local_les,9,2384.969063082162,2962.1478748050913,8458.143342177755,0.3502125413308986,0.8051485489187782
300,1200.0,moving_symmetric,207.51851327172238,les_label,mask_motion,9,-457.2514008564843,1116.06416037063,3371.441510324442,0.3310347093232617,0.4096999232594632
300,1200.0,moving_symmetric,207.51851327172238,total,advection,9,-14159.10841017552,14575.758266603461,100660.52813495933,0.14480113045960974,0.9714148760697695
300,1200.0,moving_symmetric,207.51851327172238,total,buoyancy,9,0.0,0.0,0.0,,
300,1200.0,moving_symmetric,207.51851327172238,total,coriolis,9,1132.7525093386282,1132.7525093386282,1384.3109763824903,0.8182789334653404,1.0
300,1200.0,moving_symmetric,207.51851327172238,total,external_forcing,9,0.0,0.0,0.0,,
300,1200.0,moving_symmetric,207.51851327172238,total,guard,9,0.0,0.0,0.0,,
300,1200.0,moving_symmetric,207.51851327172238,total,initial_bcs,9,0.0,0.0,0.0,,
300,1200.0,moving_symmetric,207.51851327172238,total,les,9,2384.969063082162,2962.1478748050913,8458.143342177755,0.3502125413308986,0.8051485489187782
300,1200.0,moving_symmetric,207.51851327172238,total,mask_motion,9,13033.902321107633,13383.018099240067,34191.47280515718,0.39141391116739127,0.9739135241734256
300,1200.0,moving_symmetric,207.51851327172238,total,predictor_bcs,9,0.0,0.0,0.0,,
300,1200.0,moving_symmetric,207.51851327172238,total,projection,9,6.984702504485925e-12,2.0632671215468977e-11,1.6436948886023727e-10,0.12552616278446213,0.33852633192978276
300,1200.0,moving_symmetric,207.51851327172238,total,projection_bcs,9,0.0,0.0,0.0,,
300,1200.0,moving_symmetric,207.51851327172238,total,surface_drag,9,0.0,0.0,0.0,,
300,1200.0,moving_symmetric,207.51851327172238,total,transport_microphysics_bcs,9,0.0,0.0,0.0,,
300,1200.0,moving_symmetric,297.6708976654277,les_label,inferred_muscl_label,9,422.7695836888749,2407.906357763115,10889.071188548896,0.22113055522084418,0.1755755917691157
300,1200.0,moving_symmetric,297.6708976654277,les_label,local_les,9,1115.790735015052,1797.1115594315102,7056.494807828863,0.25467482204304837,0.6208800612066709
300,1200.0,moving_symmetric,297.6708976654277,les_label,mask_motion,9,-1296.8926298680485,1796.038067471717,3816.6836895312517,0.4705755607670749,0.7220852683226722
300,1200.0,moving_symmetric,297.6708976654277,total,advection,9,-14044.354146555374,14821.877118928867,93540.97607078748,0.15845330828825602,0.947542206285024
300,1200.0,moving_symmetric,297.6708976654277,total,buoyancy,9,0.0,0.0,0.0,,
300,1200.0,moving_symmetric,297.6708976654277,total,coriolis,9,1170.5172252837428,1170.5172252837428,1392.6673143544517,0.8404858886390373,1.0
300,1200.0,moving_symmetric,297.6708976654277,total,external_forcing,9,0.0,0.0,0.0,,
300,1200.0,moving_symmetric,297.6708976654277,total,guard,9,0.0,0.0,0.0,,
300,1200.0,moving_symmetric,297.6708976654277,total,initial_bcs,9,0.0,0.0,0.0,,
300,1200.0,moving_symmetric,297.6708976654277,total,les,9,1115.790735015052,1797.1115594315102,7056.494807828863,0.25467482204304837,0.6208800612066709
300,1200.0,moving_symmetric,297.6708976654277,total,mask_motion,9,14928.083474940222,15453.342737789582,42836.98502041641,0.36074767471203706,0.9660099907339211
300,1200.0,moving_symmetric,297.6708976654277,total,predictor_bcs,9,0.0,0.0,0.0,,
300,1200.0,moving_symmetric,297.6708976654277,total,projection,9,-4.1838557154915725e-13,1.3484830165341874e-11,1.6026092272705358e-10,0.08414297094937108,0.031026387905460886
300,1200.0,moving_symmetric,297.6708976654277,total,projection_bcs,9,0.0,0.0,0.0,,
300,1200.0,moving_symmetric,297.6708976654277,total,surface_drag,9,0.0,0.0,0.0,,
300,1200.0,moving_symmetric,297.6708976654277,total,transport_microphysics_bcs,9,0.0,0.0,0.0,,
300,1200.0,moving_symmetric,392.33090127881815,les_label,inferred_muscl_label,9,2422.589751461944,2422.589751461944,10720.42235896581,0.22597894656975523,1.0
300,1200.0,moving_symmetric,392.33090127881815,les_label,local_les,9,-58.68049063011456,1366.5286487092035,6567.5376278100375,0.20807321193298986,0.04294128094975763
300,1200.0,moving_symmetric,392.33090127881815,les_label,mask_motion,9,-1962.2226596642342,2212.560362831753,4180.224829713417,0.5292921919186435,0.8868561023812597
300,1200.0,moving_symmetric,392.33090127881815,total,advection,9,-16036.684655068519,16313.463676343184,86777.57888711776,0.18799168962254761,0.9830337059764914
300,1200.0,moving_symmetric,392.33090127881815,total,buoyancy,9,0.0,0.0,0.0,,
300,1200.0,moving_symmetric,392.33090127881815,total,coriolis,9,1195.5929354380673,1195.5929354380673,1403.1021997355424,0.852106807090327,1.0
300,1200.0,moving_symmetric,392.33090127881815,total,external_forcing,9,0.0,0.0,0.0,,
300,1200.0,moving_symmetric,392.33090127881815,total,guard,9,0.0,0.0,0.0,,
300,1200.0,moving_symmetric,392.33090127881815,total,initial_bcs,9,0.0,0.0,0.0,,
300,1200.0,moving_symmetric,392.33090127881815,total,les,9,-58.68049063011456,1366.5286487092035,6567.5376278100375,0.20807321193298986,0.04294128094975763
300,1200.0,moving_symmetric,392.33090127881815,total,mask_motion,9,16536.387087372997,17299.680017204064,52238.94470222341,0.33116442370375354,0.9558782053152433
300,1200.0,moving_symmetric,392.33090127881815,total,predictor_bcs,9,0.0,0.0,0.0,,
300,1200.0,moving_symmetric,392.33090127881815,total,projection,9,5.3985994294343575e-12,1.1184833958058989e-11,1.607015206788533e-10,0.06960005052105771,0.48267139679302207
300,1200.0,moving_symmetric,392.33090127881815,total,projection_bcs,9,0.0,0.0,0.0,,
300,1200.0,moving_symmetric,392.33090127881815,total,surface_drag,9,0.0,0.0,0.0,,
300,1200.0,moving_symmetric,392.33090127881815,total,transport_microphysics_bcs,9,0.0,0.0,0.0,,
300,1200.0,moving_symmetric,491.72390507287827,les_label,inferred_muscl_label,9,3972.96249587453,3972.96249587453,9942.214937477254,0.3996053717264166,1.0
300,1200.0,moving_symmetric,491.72390507287827,les_label,local_les,9,-1331.9418561897955,1538.9829091436548,6311.2571025091875,0.2438472849619446,0.8654689069490289
300,1200.0,moving_symmetric,491.72390507287827,les_label,mask_motion,9,-2240.000646994344,2374.456349146599,4584.784294211775,0.5178992503844329,0.9433741107935804
300,1200.0,moving_symmetric,491.72390507287827,total,advection,9,-17695.609529429283,18011.033541841367,78911.79826750151,0.22824259410216619,0.982487178668602
300,1200.0,moving_symmetric,491.72390507287827,total,buoyancy,9,0.0,0.0,0.0,,
300,1200.0,moving_symmetric,491.72390507287827,total,coriolis,9,1209.027872903144,1209.027872903144,1402.5778570276923,0.8620041068274709,1.0
300,1200.0,moving_symmetric,491.72390507287827,total,external_forcing,9,0.0,0.0,0.0,,
300,1200.0,moving_symmetric,491.72390507287827,total,guard,9,0.0,0.0,0.0,,
300,1200.0,moving_symmetric,491.72390507287827,total,initial_bcs,9,0.0,0.0,0.0,,
300,1200.0,moving_symmetric,491.72390507287827,total,les,9,-1331.9418561897955,1538.9829091436548,6311.2571025091875,0.2438472849619446,0.8654689069490289
300,1200.0,moving_symmetric,491.72390507287827,total,mask_motion,9,17297.804857882515,18356.328975190052,61749.77285816687,0.297269578907646,0.9423346509676193
300,1200.0,moving_symmetric,491.72390507287827,total,predictor_bcs,9,0.0,0.0,0.0,,
300,1200.0,moving_symmetric,491.72390507287827,total,projection,9,1.0557732056768084e-11,1.8267248065757802e-11,1.7382579750591098e-10,0.10508939598068935,0.577959636764264
300,1200.0,moving_symmetric,491.72390507287827,total,projection_bcs,9,0.0,0.0,0.0,,
300,1200.0,moving_symmetric,491.72390507287827,total,surface_drag,9,0.0,0.0,0.0,,
300,1200.0,moving_symmetric,491.72390507287827,total,transport_microphysics_bcs,9,0.0,0.0,0.0,,
300,1200.0,moving_symmetric,596.0865590566414,les_label,inferred_muscl_label,9,4016.2796633201892,4445.616188475382,9852.937822156811,0.45119702049456706,0.9034247431732443
300,1200.0,moving_symmetric,596.0865590566414,les_label,local_les,9,-1946.669724862427,1946.669724862427,5588.580162253663,0.3483299278787492,1.0
300,1200.0,moving_symmetric,596.0865590566414,les_label,mask_motion,9,-1667.2690356589248,1878.6838400889008,4719.163588628833,0.39809678236535934,0.8874665337942271
300,1200.0,moving_symmetric,596.0865590566414,total,advection,9,-18759.400803935856,18867.334665742947,70483.76349862356,0.26768341713352745,0.9942793264804348
300,1200.0,moving_symmetric,596.0865590566414,total,buoyancy,9,0.0,0.0,0.0,,
300,1200.0,moving_symmetric,596.0865590566414,total,coriolis,9,1218.6619732155932,1218.6619732155932,1382.654168963528,0.8813931933023661,1.0
300,1200.0,moving_symmetric,596.0865590566414,total,external_forcing,9,0.0,0.0,0.0,,
300,1200.0,moving_symmetric,596.0865590566414,total,guard,9,0.0,0.0,0.0,,
300,1200.0,moving_symmetric,596.0865590566414,total,initial_bcs,9,0.0,0.0,0.0,,
300,1200.0,moving_symmetric,596.0865590566414,total,les,9,-1946.669724862427,1946.669724862427,5588.580162253663,0.3483299278787492,1.0
300,1200.0,moving_symmetric,596.0865590566414,total,mask_motion,9,17148.528154406944,18391.560388599053,70274.31517260107,0.2617109870573261,0.9324128998340637
300,1200.0,moving_symmetric,596.0865590566414,total,predictor_bcs,9,0.0,0.0,0.0,,
300,1200.0,moving_symmetric,596.0865590566414,total,projection,9,-5.117804831046005e-13,1.253061261015083e-11,1.8211812406337968e-10,0.06880486318753207,0.04084241521360385
300,1200.0,moving_symmetric,596.0865590566414,total,projection_bcs,9,0.0,0.0,0.0,,
300,1200.0,moving_symmetric,596.0865590566414,total,surface_drag,9,0.0,0.0,0.0,,
300,1200.0,moving_symmetric,596.0865590566414,total,transport_microphysics_bcs,9,0.0,0.0,0.0,,
300,1200.0,moving_symmetric,705.6673457395926,les_label,inferred_muscl_label,9,2522.581919496131,3697.7198468330666,8959.719711318592,0.4127048575148873,0.6821993076778412
300,1200.0,moving_symmetric,705.6673457395926,les_label,local_les,9,-1722.2127898239387,1765.8458369945008,5014.733798092042,0.3521315204540574,0.975290568261142
300,1200.0,moving_symmetric,705.6673457395926,les_label,mask_motion,9,-384.26807343171083,1057.1256122937946,4617.960488486057,0.22891612323871582,0.36350275592879655
300,1200.0,moving_symmetric,705.6673457395926,total,advection,9,-19966.356763272386,19966.356763272386,61940.373586716734,0.32234801966958465,1.0
300,1200.0,moving_symmetric,705.6673457395926,total,buoyancy,9,0.0,0.0,0.0,,
300,1200.0,moving_symmetric,705.6673457395926,total,coriolis,9,1234.5774781318169,1234.5774781318169,1343.8476439542767,0.9186885758113681,1.0
300,1200.0,moving_symmetric,705.6673457395926,total,external_forcing,9,0.0,0.0,0.0,,
300,1200.0,moving_symmetric,705.6673457395926,total,guard,9,0.0,0.0,0.0,,
300,1200.0,moving_symmetric,705.6673457395926,total,initial_bcs,9,0.0,0.0,0.0,,
300,1200.0,moving_symmetric,705.6673457395926,total,les,9,-1722.2127898239387,1765.8458369945008,5014.733798092042,0.3521315204540574,0.975290568261142
300,1200.0,moving_symmetric,705.6673457395926,total,mask_motion,9,16437.59286368326,17494.739340186716,77951.41494674799,0.22443132497515453,0.9395734651458847
300,1200.0,moving_symmetric,705.6673457395926,total,predictor_bcs,9,0.0,0.0,0.0,,
300,1200.0,moving_symmetric,705.6673457395926,total,projection,9,1.2497794318609462e-11,3.099968745141565e-11,1.866187468077383e-10,0.166112397503948,0.4031587201708619
300,1200.0,moving_symmetric,705.6673457395926,total,projection_bcs,9,0.0,0.0,0.0,,
300,1200.0,moving_symmetric,705.6673457395926,total,surface_drag,9,0.0,0.0,0.0,,
300,1200.0,moving_symmetric,705.6673457395926,total,transport_microphysics_bcs,9,0.0,0.0,0.0,,
300,1200.0,moving_symmetric,820.7271717566915,les_label,inferred_muscl_label,9,766.756631874145,3235.3395715131514,9393.90956152503,0.3444082094173279,0.236994174777004
300,1200.0,moving_symmetric,820.7271717566915,les_label,local_les,9,-890.1265776717751,1385.723715974786,4012.0100337366557,0.3453938809530264,0.6423550145027405
300,1200.0,moving_symmetric,820.7271717566915,les_label,mask_motion,9,506.6140351315533,1202.9694527363367,4529.453095012962,0.26558823493742223,0.42113624246998355
300,1200.0,moving_symmetric,820.7271717566915,total,advection,9,-22020.978736400455,22020.978736400455,57052.522655012865,0.38597730146934356,1.0
300,1200.0,moving_symmetric,820.7271717566915,total,buoyancy,9,0.0,0.0,0.0,,
300,1200.0,moving_symmetric,820.7271717566915,total,coriolis,9,1253.181165716876,1253.181165716876,1309.6919037623697,0.956851884108656,1.0
300,1200.0,moving_symmetric,820.7271717566915,total,external_forcing,9,0.0,0.0,0.0,,
300,1200.0,moving_symmetric,820.7271717566915,total,guard,9,0.0,0.0,0.0,,
300,1200.0,moving_symmetric,820.7271717566915,total,initial_bcs,9,0.0,0.0,0.0,,
300,1200.0,moving_symmetric,820.7271717566915,total,les,9,-890.1265776717751,1385.723715974786,4012.0100337366557,0.3453938809530264,0.6423550145027405
300,1200.0,moving_symmetric,820.7271717566915,total,mask_motion,9,15994.651885489897,16347.920936794553,83175.39338741454,0.1965475637806625,0.9783905823455784
300,1200.0,moving_symmetric,820.7271717566915,total,predictor_bcs,9,0.0,0.0,0.0,,
300,1200.0,moving_symmetric,820.7271717566915,total,projection,9,-9.952366079694908e-12,3.85553748656457e-11,1.9437145832066445e-10,0.19835924059405338,0.25813174205609507
300,1200.0,moving_symmetric,820.7271717566915,total,projection_bcs,9,0.0,0.0,0.0,,
300,1200.0,moving_symmetric,820.7271717566915,total,surface_drag,9,0.0,0.0,0.0,,
300,1200.0,moving_symmetric,820.7271717566915,total,transport_microphysics_bcs,9,0.0,0.0,0.0,,
300,1200.0,moving_symmetric,941.5399890746453,les_label,inferred_muscl_label,9,-694.6496700798552,3267.142662422427,11368.313601167241,0.2873902653500844,0.2126168771475704
300,1200.0,moving_symmetric,941.5399890746453,les_label,local_les,9,-638.3697191518735,1319.236100544099,4358.599913891042,0.3026742822482141,0.48389345841020237
300,1200.0,moving_symmetric,941.5399890746453,les_label,mask_motion,9,1739.8807750765802,1836.2094251144165,4481.4908933239085,0.4097318211334142,0.947539398981228
300,1200.0,moving_symmetric,941.5399890746453,total,advection,9,-24922.441670538676,24922.441670538676,54535.41404529974,0.456995552464989,1.0
300,1200.0,moving_symmetric,941.5399890746453,total,buoyancy,9,0.0,0.0,0.0,,
300,1200.0,moving_symmetric,941.5399890746453,total,coriolis,9,1254.3186297612933,1254.3186297612933,1282.6463956098858,0.977914594431053,1.0
300,1200.0,moving_symmetric,941.5399890746453,total,external_forcing,9,0.0,0.0,0.0,,
300,1200.0,moving_symmetric,941.5399890746453,total,guard,9,0.0,0.0,0.0,,
300,1200.0,moving_symmetric,941.5399890746453,total,initial_bcs,9,0.0,0.0,0.0,,
300,1200.0,moving_symmetric,941.5399890746453,total,les,9,-638.3697191518735,1319.236100544099,4358.599913891042,0.3026742822482141,0.48389345841020237
300,1200.0,moving_symmetric,941.5399890746453,total,mask_motion,9,16703.741684126453,16703.741684126453,87897.16632428265,0.19003731727255743,1.0
300,1200.0,moving_symmetric,941.5399890746453,total,predictor_bcs,9,0.0,0.0,0.0,,
300,1200.0,moving_symmetric,941.5399890746453,total,projection,9,-1.5569820823249647e-11,4.376199110121132e-11,1.908525827610738e-10,0.2292973480793627,0.3557841046866508
300,1200.0,moving_symmetric,941.5399890746453,total,projection_bcs,9,0.0,0.0,0.0,,
300,1200.0,moving_symmetric,941.5399890746453,total,surface_drag,9,0.0,0.0,0.0,,
300,1200.0,moving_symmetric,941.5399890746453,total,transport_microphysics_bcs,9,0.0,0.0,0.0,,
300,1200.0,moving_symmetric,1068.3934472584967,les_label,inferred_muscl_label,9,-2033.7871928626953,3247.489205550971,12933.188923930553,0.2510973298736921,0.6262644967029665
300,1200.0,moving_symmetric,1068.3934472584967,les_label,local_les,9,-14.332956612545143,795.5516185726323,2644.478293177378,0.3008349966891828,0.01801637540284455
300,1200.0,moving_symmetric,1068.3934472584967,les_label,mask_motion,9,2407.463010183684,2407.463010183684,4562.428570411919,0.5276713866374737,1.0
300,1200.0,moving_symmetric,1068.3934472584967,total,advection,9,-29467.813910785015,29519.053685872248,55486.154223737074,0.5320075629470089,0.9982641796165791
300,1200.0,moving_symmetric,1068.3934472584967,total,buoyancy,9,0.0,0.0,0.0,,
300,1200.0,moving_symmetric,1068.3934472584967,total,coriolis,9,1226.6319093812651,1226.6319093812651,1245.282394779675,0.9850230875529966,1.0
300,1200.0,moving_symmetric,1068.3934472584967,total,external_forcing,9,0.0,0.0,0.0,,
300,1200.0,moving_symmetric,1068.3934472584967,total,guard,9,0.0,0.0,0.0,,
300,1200.0,moving_symmetric,1068.3934472584967,total,initial_bcs,9,0.0,0.0,0.0,,
300,1200.0,moving_symmetric,1068.3934472584967,total,les,9,-14.332956612545143,795.5516185726323,2644.478293177378,0.3008349966891828,0.01801637540284455
300,1200.0,moving_symmetric,1068.3934472584967,total,mask_motion,9,19066.76293814354,19066.76293814354,94656.74996881795,0.20143056828408495,1.0
300,1200.0,moving_symmetric,1068.3934472584967,total,predictor_bcs,9,0.0,0.0,0.0,,
300,1200.0,moving_symmetric,1068.3934472584967,total,projection,9,-8.79271021226799e-12,3.3459868176936164e-11,2.2316590714060655e-10,0.14993270524899058,0.262783767281211
300,1200.0,moving_symmetric,1068.3934472584967,total,projection_bcs,9,0.0,0.0,0.0,,
300,1200.0,moving_symmetric,1068.3934472584967,total,surface_drag,9,0.0,0.0,0.0,,
300,1200.0,moving_symmetric,1068.3934472584967,total,transport_microphysics_bcs,9,0.0,0.0,0.0,,
300,1200.0,moving_symmetric,1201.5895783515407,les_label,inferred_muscl_label,9,-2244.931646752788,3229.0831947514043,12697.383270106817,0.2543109179316944,0.6952226100590193
300,1200.0,moving_symmetric,1201.5895783515407,les_label,local_les,9,283.2013564421665,533.970667868696,1686.8271323081356,0.3165532837606472,0.5303687514757011
300,1200.0,moving_symmetric,1201.5895783515407,les_label,mask_motion,9,2175.1960263432766,2295.2985725894678,4207.006784993176,0.5455894629828107,0.9476745432248075
300,1200.0,moving_symmetric,1201.5895783515407,total,advection,9,-35663.9607459703,35663.9607459703,58833.629670106784,0.6061832483555075,1.0
300,1200.0,moving_symmetric,1201.5895783515407,total,buoyancy,9,0.0,0.0,0.0,,
300,1200.0,moving_symmetric,1201.5895783515407,total,coriolis,9,1168.2352000621022,1168.2352000621022,1186.5555450853049,0.9845600611795333,1.0
300,1200.0,moving_symmetric,1201.5895783515407,total,external_forcing,9,0.0,0.0,0.0,,
300,1200.0,moving_symmetric,1201.5895783515407,total,guard,9,0.0,0.0,0.0,,
300,1200.0,moving_symmetric,1201.5895783515407,total,initial_bcs,9,0.0,0.0,0.0,,
300,1200.0,moving_symmetric,1201.5895783515407,total,les,9,283.2013564421665,533.970667868696,1686.8271323081356,0.3165532837606472,0.5303687514757011
300,1200.0,moving_symmetric,1201.5895783515407,total,mask_motion,9,24542.46065494256,24542.46065494256,103598.31504521387,0.2369001913229128,1.0
300,1200.0,moving_symmetric,1201.5895783515407,total,predictor_bcs,9,0.0,0.0,0.0,,
300,1200.0,moving_symmetric,1201.5895783515407,total,projection,9,-2.258554061547284e-12,1.8401265618672377e-11,2.2539633123797552e-10,0.08163959687189475,0.12273906090760703
300,1200.0,moving_symmetric,1201.5895783515407,total,projection_bcs,9,0.0,0.0,0.0,,
300,1200.0,moving_symmetric,1201.5895783515407,total,surface_drag,9,0.0,0.0,0.0,,
300,1200.0,moving_symmetric,1201.5895783515407,total,transport_microphysics_bcs,9,0.0,0.0,0.0,,
300,1200.0,moving_symmetric,1341.445515999237,les_label,inferred_muscl_label,9,-1696.413583119701,3049.95818554643,9986.554777557203,0.3054064443125676,0.556208800225165
300,1200.0,moving_symmetric,1341.445515999237,les_label,local_les,9,-89.38365189978693,461.5659563042734,1592.0184184364891,0.2899250102631189,0.19365304281857273
300,1200.0,moving_symmetric,1341.445515999237,les_label,mask_motion,9,1866.8158907557988,2280.716614612887,4356.797543035972,0.5234846448760165,0.8185216342946049
300,1200.0,moving_symmetric,1341.445515999237,total,advection,9,-43886.75216355648,43886.75216355648,67221.19325694903,0.6528707694283552,1.0
300,1200.0,moving_symmetric,1341.445515999237,total,buoyancy,9,0.0,0.0,0.0,,
300,1200.0,moving_symmetric,1341.445515999237,total,coriolis,9,1090.2909012278633,1090.2909012278633,1115.4127623057625,0.9774775204956704,1.0
300,1200.0,moving_symmetric,1341.445515999237,total,external_forcing,9,0.0,0.0,0.0,,
300,1200.0,moving_symmetric,1341.445515999237,total,guard,9,0.0,0.0,0.0,,
300,1200.0,moving_symmetric,1341.445515999237,total,initial_bcs,9,0.0,0.0,0.0,,
300,1200.0,moving_symmetric,1341.445515999237,total,les,9,-89.38365189978693,461.5659563042734,1592.0184184364891,0.2899250102631189,0.19365304281857273
300,1200.0,moving_symmetric,1341.445515999237,total,mask_motion,9,33602.904691501026,33602.904691501026,112638.46989174573,0.2983252944024898,1.0
300,1200.0,moving_symmetric,1341.445515999237,total,predictor_bcs,9,0.0,0.0,0.0,,
300,1200.0,moving_symmetric,1341.445515999237,total,projection,9,-1.8324117857836456e-12,2.3526026707797708e-11,2.156090095280531e-10,0.10911430259474715,0.07788870634820338
300,1200.0,moving_symmetric,1341.445515999237,total,projection_bcs,9,0.0,0.0,0.0,,
300,1200.0,moving_symmetric,1341.445515999237,total,surface_drag,9,0.0,0.0,0.0,,
300,1200.0,moving_symmetric,1341.445515999237,total,transport_microphysics_bcs,9,0.0,0.0,0.0,,
300,1200.0,moving_symmetric,1488.294250529318,les_label,inferred_muscl_label,9,-1349.2412967888886,2518.51306712607,9344.94014172173,0.269505532291409,0.5357293215589852
300,1200.0,moving_symmetric,1488.294250529318,les_label,local_les,9,-267.83623778879536,629.6398519458209,2364.086871634726,0.2663353278174738,0.4253800596659852
300,1200.0,moving_symmetric,1488.294250529318,les_label,mask_motion,9,1501.5416940785549,2096.0202585481115,4096.0368992517815,0.511719086058768,0.7163774719995574
300,1200.0,moving_symmetric,1488.294250529318,total,advection,9,-55609.96496149449,55609.96496149449,77648.45731236486,0.716176043753017,1.0
300,1200.0,moving_symmetric,1488.294250529318,total,buoyancy,9,0.0,0.0,0.0,,
300,1200.0,moving_symmetric,1488.294250529318,total,coriolis,9,998.4296162440387,998.4296162440387,1029.6136183410763,0.9697129082778824,1.0
300,1200.0,moving_symmetric,1488.294250529318,total,external_forcing,9,0.0,0.0,0.0,,
300,1200.0,moving_symmetric,1488.294250529318,total,guard,9,0.0,0.0,0.0,,
300,1200.0,moving_symmetric,1488.294250529318,total,initial_bcs,9,0.0,0.0,0.0,,
300,1200.0,moving_symmetric,1488.294250529318,total,les,9,-267.83623778879536,629.6398519458209,2364.086871634726,0.2663353278174738,0.4253800596659852
300,1200.0,moving_symmetric,1488.294250529318,total,mask_motion,9,46620.4929027196,46620.4929027196,121221.21991372047,0.38459019745801815,1.0
300,1200.0,moving_symmetric,1488.294250529318,total,predictor_bcs,9,0.0,0.0,0.0,,
300,1200.0,moving_symmetric,1488.294250529318,total,projection,9,9.043516667949988e-12,3.266658794051462e-11,2.3156738977519672e-10,0.14106730646412266,0.2768430141653637
300,1200.0,moving_symmetric,1488.294250529318,total,projection_bcs,9,0.0,0.0,0.0,,
300,1200.0,moving_symmetric,1488.294250529318,total,surface_drag,9,0.0,0.0,0.0,,
300,1200.0,moving_symmetric,1488.294250529318,total,transport_microphysics_bcs,9,0.0,0.0,0.0,,
300,1200.0,moving_symmetric,1642.4854217859033,les_label,inferred_muscl_label,9,-610.1893876013069,1846.384220745656,9196.736471404121,0.20076515473578177,0.3304780125097061
300,1200.0,moving_symmetric,1642.4854217859033,les_label,local_les,9,-522.6934565785191,661.8499896106978,3045.4234979415596,0.21732609276117118,0.7897461128404172
300,1200.0,moving_symmetric,1642.4854217859033,les_label,mask_motion,9,902.2974123769875,1561.6056269023106,3864.8835293079633,0.40404985429973045,0.577801076554031
300,1200.0,moving_symmetric,1642.4854217859033,total,advection,9,-68175.4896754844,68175.4896754844,88563.77879120052,0.7697897561057788,1.0
300,1200.0,moving_symmetric,1642.4854217859033,total,buoyancy,9,0.0,0.0,0.0,,
300,1200.0,moving_symmetric,1642.4854217859033,total,coriolis,9,891.582352477402,891.582352477402,921.6400408108568,0.9673867377691076,1.0
300,1200.0,moving_symmetric,1642.4854217859033,total,external_forcing,9,0.0,0.0,0.0,,
300,1200.0,moving_symmetric,1642.4854217859033,total,guard,9,0.0,0.0,0.0,,
300,1200.0,moving_symmetric,1642.4854217859033,total,initial_bcs,9,0.0,0.0,0.0,,
300,1200.0,moving_symmetric,1642.4854217859033,total,les,9,-522.6934565785191,661.8499896106978,3045.4234979415596,0.21732609276117118,0.7897461128404172
300,1200.0,moving_symmetric,1642.4854217859033,total,mask_motion,9,62292.248772551044,62292.248772551044,133423.1415309474,0.46687739516388466,1.0
300,1200.0,moving_symmetric,1642.4854217859033,total,predictor_bcs,9,0.0,0.0,0.0,,
300,1200.0,moving_symmetric,1642.4854217859033,total,projection,9,2.594226865797059e-11,3.159692508856874e-11,2.2692186722213367e-10,0.13924142911109808,0.8210377619104489
300,1200.0,moving_symmetric,1642.4854217859033,total,projection_bcs,9,0.0,0.0,0.0,,
300,1200.0,moving_symmetric,1642.4854217859033,total,surface_drag,9,0.0,0.0,0.0,,
300,1200.0,moving_symmetric,1642.4854217859033,total,transport_microphysics_bcs,9,0.0,0.0,0.0,,
300,1200.0,moving_symmetric,1804.3861516053175,les_label,inferred_muscl_label,9,256.5436584737751,1688.3975031964387,9314.81403468302,0.18125938928139795,0.15194505913926787
300,1200.0,moving_symmetric,1804.3861516053175,les_label,local_les,9,-646.6637472012862,646.6637472012862,3513.2156960630914,0.18406605319620353,1.0
300,1200.0,moving_symmetric,1804.3861516053175,les_label,mask_motion,9,90.05116596219976,1049.5755114994008,3874.4651312681917,0.2708955884075419,0.08579770104730684
300,1200.0,moving_symmetric,1804.3861516053175,total,advection,9,-81034.46267022003,81034.46267022003,101107.47887774641,0.8014685319985323,1.0
300,1200.0,moving_symmetric,1804.3861516053175,total,buoyancy,9,0.0,0.0,0.0,,
300,1200.0,moving_symmetric,1804.3861516053175,total,coriolis,9,768.9871757396562,768.9871757396562,794.9968925264739,0.9672832472286028,1.0
300,1200.0,moving_symmetric,1804.3861516053175,total,external_forcing,9,0.0,0.0,0.0,,
300,1200.0,moving_symmetric,1804.3861516053175,total,guard,9,0.0,0.0,0.0,,
300,1200.0,moving_symmetric,1804.3861516053175,total,initial_bcs,9,0.0,0.0,0.0,,
300,1200.0,moving_symmetric,1804.3861516053175,total,les,9,-646.6637472012862,646.6637472012862,3513.2156960630914,0.18406605319620353,1.0
300,1200.0,moving_symmetric,1804.3861516053175,total,mask_motion,9,79918.66404918442,79918.66404918442,147543.5513557119,0.5416615183438885,1.0
300,1200.0,moving_symmetric,1804.3861516053175,total,predictor_bcs,9,0.0,0.0,0.0,,
300,1200.0,moving_symmetric,1804.3861516053175,total,projection,9,-1.5899966737518588e-11,3.549244867123258e-11,2.2146917097473173e-10,0.1602590939182323,0.4479816787170806
300,1200.0,moving_symmetric,1804.3861516053175,total,projection_bcs,9,0.0,0.0,0.0,,
300,1200.0,moving_symmetric,1804.3861516053175,total,surface_drag,9,0.0,0.0,0.0,,
300,1200.0,moving_symmetric,1804.3861516053175,total,transport_microphysics_bcs,9,0.0,0.0,0.0,,
300,1200.0,moving_symmetric,1974.3819179157026,les_label,inferred_muscl_label,9,981.478850118271,2027.4206270096784,9481.868288449643,0.21382079621158467,0.4841022316942155
300,1200.0,moving_symmetric,1974.3819179157026,les_label,local_les,9,-568.2988588805352,610.1501115408311,4076.5511702963217,0.14967311485911747,0.9314082684429779
300,1200.0,moving_symmetric,1974.3819179157026,les_label,mask_motion,9,-748.100940628341,966.2927680798703,3869.3699340047374,0.24972871153722237,0.7741969777078014
300,1200.0,moving_symmetric,1974.3819179157026,total,advection,9,-91898.05439624871,91898.05439624871,112548.99743225596,0.8165159752006037,1.0
300,1200.0,moving_symmetric,1974.3819179157026,total,buoyancy,9,0.0,0.0,0.0,,
300,1200.0,moving_symmetric,1974.3819179157026,total,coriolis,9,633.79706510238,633.79706510238,656.3478399666252,0.9656420369031885,1.0
300,1200.0,moving_symmetric,1974.3819179157026,total,external_forcing,9,0.0,0.0,0.0,,
300,1200.0,moving_symmetric,1974.3819179157026,total,guard,9,0.0,0.0,0.0,,
300,1200.0,moving_symmetric,1974.3819179157026,total,initial_bcs,9,0.0,0.0,0.0,,
300,1200.0,moving_symmetric,1974.3819179157026,total,les,9,-568.2988588805352,610.1501115408311,4076.5511702963217,0.14967311485911747,0.9314082684429779
300,1200.0,moving_symmetric,1974.3819179157026,total,mask_motion,9,97030.18416167257,97030.18416167257,160226.75968017746,0.6055803934083847,1.0
300,1200.0,moving_symmetric,1974.3819179157026,total,predictor_bcs,9,0.0,0.0,0.0,,
300,1200.0,moving_symmetric,1974.3819179157026,total,projection,9,3.3070622656354923e-12,2.5315214402282966e-11,2.3476406670714604e-10,0.10783257743555007,0.13063536468951478
300,1200.0,moving_symmetric,1974.3819179157026,total,projection_bcs,9,0.0,0.0,0.0,,
300,1200.0,moving_symmetric,1974.3819179157026,total,surface_drag,9,0.0,0.0,0.0,,
300,1200.0,moving_symmetric,1974.3819179157026,total,transport_microphysics_bcs,9,0.0,0.0,0.0,,
300,2400.0,fixed_initial,39.88822936505957,les_label,inferred_muscl_label,9,-3262.6669342560194,7113.198697865161,38829.29995258629,0.18319152564045582,0.458677884990788
300,2400.0,fixed_initial,39.88822936505957,les_label,local_les,9,-126.99904106229735,143.874557237168,10724.63068761552,0.01341533908513139,0.8827067377378445
300,2400.0,fixed_initial,39.88822936505957,les_label,mask_motion,9,0.0,0.0,0.0,,
300,2400.0,fixed_initial,39.88822936505957,total,advection,9,-23418.918810750893,23418.918810750893,173216.57643223746,0.13520021751447328,1.0
300,2400.0,fixed_initial,39.88822936505957,total,buoyancy,9,0.0,0.0,0.0,,
300,2400.0,fixed_initial,39.88822936505957,total,coriolis,9,745.4325713109017,1059.1429109544454,3898.231315854491,0.27169832294117763,0.7038073555523834
300,2400.0,fixed_initial,39.88822936505957,total,external_forcing,9,0.0,0.0,0.0,,
300,2400.0,fixed_initial,39.88822936505957,total,guard,9,0.0,0.0,0.0,,
300,2400.0,fixed_initial,39.88822936505957,total,initial_bcs,9,0.0,0.0,0.0,,
300,2400.0,fixed_initial,39.88822936505957,total,les,9,-126.99904106229735,143.874557237168,10724.63068761552,0.01341533908513139,0.8827067377378445
300,2400.0,fixed_initial,39.88822936505957,total,mask_motion,9,0.0,0.0,0.0,,
300,2400.0,fixed_initial,39.88822936505957,total,predictor_bcs,9,0.0,0.0,0.0,,
300,2400.0,fixed_initial,39.88822936505957,total,projection,9,-2.1673984933461444e-12,2.213555647982636e-11,7.878821992102268e-10,0.028095007733408683,0.09791479583183021
300,2400.0,fixed_initial,39.88822936505957,total,projection_bcs,9,0.0,0.0,0.0,,
300,2400.0,fixed_initial,39.88822936505957,total,surface_drag,9,-2947.8193424879437,2947.8193424879437,5234.6902115774565,0.5631315748099691,1.0
300,2400.0,fixed_initial,39.88822936505957,total,transport_microphysics_bcs,9,0.0,0.0,0.0,,
300,2400.0,fixed_initial,121.65909956343168,les_label,inferred_muscl_label,9,-8264.04651089416,8264.04651089416,68435.98036722996,0.12075587237223732,1.0
300,2400.0,fixed_initial,121.65909956343168,les_label,local_les,9,4202.386189273818,9619.623371630141,52334.98961036192,0.18380864204328667,0.43685558435347366
300,2400.0,fixed_initial,121.65909956343168,les_label,mask_motion,9,0.0,0.0,0.0,,
300,2400.0,fixed_initial,121.65909956343168,total,advection,9,-39680.529289784594,39680.529289784594,214533.64188591397,0.18496180338413382,1.0
300,2400.0,fixed_initial,121.65909956343168,total,buoyancy,9,0.0,0.0,0.0,,
300,2400.0,fixed_initial,121.65909956343168,total,coriolis,9,903.9069579839176,1167.874715481374,3900.5454855627986,0.2994131769015545,0.7739759633475287
300,2400.0,fixed_initial,121.65909956343168,total,external_forcing,9,0.0,0.0,0.0,,
300,2400.0,fixed_initial,121.65909956343168,total,guard,9,0.0,0.0,0.0,,
300,2400.0,fixed_initial,121.65909956343168,total,initial_bcs,9,0.0,0.0,0.0,,
300,2400.0,fixed_initial,121.65909956343168,total,les,9,4202.386189273818,9619.623371630141,52334.98961036192,0.18380864204328667,0.43685558435347366
300,2400.0,fixed_initial,121.65909956343168,total,mask_motion,9,0.0,0.0,0.0,,
300,2400.0,fixed_initial,121.65909956343168,total,predictor_bcs,9,0.0,0.0,0.0,,
300,2400.0,fixed_initial,121.65909956343168,total,projection,9,-2.168510065270738e-11,2.7428701895514335e-11,7.33521820058966e-10,0.037393164246033485,0.7905988673949511
300,2400.0,fixed_initial,121.65909956343168,total,projection_bcs,9,0.0,0.0,0.0,,
300,2400.0,fixed_initial,121.65909956343168,total,surface_drag,9,-2258.6677868764423,2258.6677868764423,4617.780695955016,0.48912409133134915,1.0
300,2400.0,fixed_initial,121.65909956343168,total,transport_microphysics_bcs,9,0.0,0.0,0.0,,
300,2400.0,fixed_initial,207.51851327172238,les_label,inferred_muscl_label,9,-4965.963910427101,9491.981061789296,64072.97674363499,0.14814328199184582,0.5231746542792813
300,2400.0,fixed_initial,207.51851327172238,les_label,local_les,9,5130.472063780668,8717.28713055629,40241.59496396409,0.2166237977983359,0.5885399880654464
300,2400.0,fixed_initial,207.51851327172238,les_label,mask_motion,9,0.0,0.0,0.0,,
300,2400.0,fixed_initial,207.51851327172238,total,advection,9,-56782.65355157317,56782.65355157317,219904.85691215185,0.2582146404081327,1.0
300,2400.0,fixed_initial,207.51851327172238,total,buoyancy,9,0.0,0.0,0.0,,
300,2400.0,fixed_initial,207.51851327172238,total,coriolis,9,1045.5000788115547,1354.2335360849304,3979.8114347950577,0.3402758040858454,0.7720234737607224
300,2400.0,fixed_initial,207.51851327172238,total,external_forcing,9,0.0,0.0,0.0,,
300,2400.0,fixed_initial,207.51851327172238,total,guard,9,0.0,0.0,0.0,,
300,2400.0,fixed_initial,207.51851327172238,total,initial_bcs,9,0.0,0.0,0.0,,
300,2400.0,fixed_initial,207.51851327172238,total,les,9,5130.472063780668,8717.28713055629,40241.59496396409,0.2166237977983359,0.5885399880654464
300,2400.0,fixed_initial,207.51851327172238,total,mask_motion,9,0.0,0.0,0.0,,
300,2400.0,fixed_initial,207.51851327172238,total,predictor_bcs,9,0.0,0.0,0.0,,
300,2400.0,fixed_initial,207.51851327172238,total,projection,9,4.3027219665621366e-12,2.3106726340665516e-11,6.748476556320607e-10,0.034239914961286796,0.18621079867076534
300,2400.0,fixed_initial,207.51851327172238,total,projection_bcs,9,0.0,0.0,0.0,,
300,2400.0,fixed_initial,207.51851327172238,total,surface_drag,9,0.0,0.0,0.0,,
300,2400.0,fixed_initial,207.51851327172238,total,transport_microphysics_bcs,9,0.0,0.0,0.0,,
300,2400.0,fixed_initial,297.6708976654277,les_label,inferred_muscl_label,9,-2768.506705675035,12822.654642043019,59928.95273493514,0.21396427030449586,0.2159074530945904
300,2400.0,fixed_initial,297.6708976654277,les_label,local_les,9,6920.587383385368,14053.723262417032,35423.07467288913,0.3967392269641962,0.49243800053275916
300,2400.0,fixed_initial,297.6708976654277,les_label,mask_motion,9,0.0,0.0,0.0,,
300,2400.0,fixed_initial,297.6708976654277,total,advection,9,-75557.14350093841,75557.14350093841,223053.89518500556,0.3387394039376436,1.0
300,2400.0,fixed_initial,297.6708976654277,total,buoyancy,9,0.0,0.0,0.0,,
300,2400.0,fixed_initial,297.6708976654277,total,coriolis,9,1188.5247588690775,1517.454618577158,3983.7860080666474,0.38090766308845664,0.7832357846612231
300,2400.0,fixed_initial,297.6708976654277,total,external_forcing,9,0.0,0.0,0.0,,
300,2400.0,fixed_initial,297.6708976654277,total,guard,9,0.0,0.0,0.0,,
300,2400.0,fixed_initial,297.6708976654277,total,initial_bcs,9,0.0,0.0,0.0,,
300,2400.0,fixed_initial,297.6708976654277,total,les,9,6920.587383385368,14053.723262417032,35423.07467288913,0.3967392269641962,0.49243800053275916
300,2400.0,fixed_initial,297.6708976654277,total,mask_motion,9,0.0,0.0,0.0,,
300,2400.0,fixed_initial,297.6708976654277,total,predictor_bcs,9,0.0,0.0,0.0,,
300,2400.0,fixed_initial,297.6708976654277,total,projection,9,1.9110594302109178e-11,2.6526384695979522e-11,6.763728104513926e-10,0.03921858520344208,0.7204371994577037
300,2400.0,fixed_initial,297.6708976654277,total,projection_bcs,9,0.0,0.0,0.0,,
300,2400.0,fixed_initial,297.6708976654277,total,surface_drag,9,0.0,0.0,0.0,,
300,2400.0,fixed_initial,297.6708976654277,total,transport_microphysics_bcs,9,0.0,0.0,0.0,,
300,2400.0,fixed_initial,392.33090127881815,les_label,inferred_muscl_label,9,7.369168018349544,9246.55510744083,59421.84482101485,0.15560868457202018,0.0007969636186366827
300,2400.0,fixed_initial,392.33090127881815,les_label,local_les,9,5356.854639609223,13542.784273466916,37913.91589111958,0.357198246479177,0.39555046668685384
300,2400.0,fixed_initial,392.33090127881815,les_label,mask_motion,9,0.0,0.0,0.0,,
300,2400.0,fixed_initial,392.33090127881815,total,advection,9,-88070.86129674148,88070.86129674148,232211.09510581015,0.37927068582408086,1.0
300,2400.0,fixed_initial,392.33090127881815,total,buoyancy,9,0.0,0.0,0.0,,
300,2400.0,fixed_initial,392.33090127881815,total,coriolis,9,1300.2116675294476,1632.4428336451867,4034.7240865862823,0.4045983811067417,0.7964822049088979
300,2400.0,fixed_initial,392.33090127881815,total,external_forcing,9,0.0,0.0,0.0,,
300,2400.0,fixed_initial,392.33090127881815,total,guard,9,0.0,0.0,0.0,,
300,2400.0,fixed_initial,392.33090127881815,total,initial_bcs,9,0.0,0.0,0.0,,
300,2400.0,fixed_initial,392.33090127881815,total,les,9,5356.854639609223,13542.784273466916,37913.91589111958,0.357198246479177,0.39555046668685384
300,2400.0,fixed_initial,392.33090127881815,total,mask_motion,9,0.0,0.0,0.0,,
300,2400.0,fixed_initial,392.33090127881815,total,predictor_bcs,9,0.0,0.0,0.0,,
300,2400.0,fixed_initial,392.33090127881815,total,projection,9,-9.65637253385926e-12,4.231560399322698e-11,6.810164652968069e-10,0.06213594846753756,0.22819885863864442
300,2400.0,fixed_initial,392.33090127881815,total,projection_bcs,9,0.0,0.0,0.0,,
300,2400.0,fixed_initial,392.33090127881815,total,surface_drag,9,0.0,0.0,0.0,,
300,2400.0,fixed_initial,392.33090127881815,total,transport_microphysics_bcs,9,0.0,0.0,0.0,,
300,2400.0,fixed_initial,491.72390507287827,les_label,inferred_muscl_label,9,2144.5889233709486,10090.057036652284,53285.17309425075,0.18935956197055048,0.2125447770593067
300,2400.0,fixed_initial,491.72390507287827,les_label,local_les,9,2272.4474987022936,7155.532233280925,33953.71209780425,0.21074373878971733,0.31757910168204784
300,2400.0,fixed_initial,491.72390507287827,les_label,mask_motion,9,0.0,0.0,0.0,,
300,2400.0,fixed_initial,491.72390507287827,total,advection,9,-90104.8482057478,90104.8482057478,259146.77429990715,0.34769812763121893,1.0
300,2400.0,fixed_initial,491.72390507287827,total,buoyancy,9,0.0,0.0,0.0,,
300,2400.0,fixed_initial,491.72390507287827,total,coriolis,9,1351.3566302831885,1683.2409163286281,4044.5205009729557,0.4161781145437896,0.8028301933336296
300,2400.0,fixed_initial,491.72390507287827,total,external_forcing,9,0.0,0.0,0.0,,
300,2400.0,fixed_initial,491.72390507287827,total,guard,9,0.0,0.0,0.0,,
300,2400.0,fixed_initial,491.72390507287827,total,initial_bcs,9,0.0,0.0,0.0,,
300,2400.0,fixed_initial,491.72390507287827,total,les,9,2272.4474987022936,7155.532233280925,33953.71209780425,0.21074373878971733,0.31757910168204784
300,2400.0,fixed_initial,491.72390507287827,total,mask_motion,9,0.0,0.0,0.0,,
300,2400.0,fixed_initial,491.72390507287827,total,predictor_bcs,9,0.0,0.0,0.0,,
300,2400.0,fixed_initial,491.72390507287827,total,projection,9,-3.4841895604005753e-12,1.8343176099149677e-11,7.193963137599579e-10,0.025498012358832124,0.1899447261241792
300,2400.0,fixed_initial,491.72390507287827,total,projection_bcs,9,0.0,0.0,0.0,,
300,2400.0,fixed_initial,491.72390507287827,total,surface_drag,9,0.0,0.0,0.0,,
300,2400.0,fixed_initial,491.72390507287827,total,transport_microphysics_bcs,9,0.0,0.0,0.0,,
300,2400.0,fixed_initial,596.0865590566414,les_label,inferred_muscl_label,9,2574.074566665715,9866.284484706071,48548.45362201269,0.20322551489534016,0.2608960415297005
300,2400.0,fixed_initial,596.0865590566414,les_label,local_les,9,375.67887109177127,3984.0380288668275,30359.33496697531,0.13122942360893736,0.0942960053015922
300,2400.0,fixed_initial,596.0865590566414,les_label,mask_motion,9,0.0,0.0,0.0,,
300,2400.0,fixed_initial,596.0865590566414,total,advection,9,-93152.90454684758,93152.90454684758,286141.8616983747,0.32554797817399084,1.0
300,2400.0,fixed_initial,596.0865590566414,total,buoyancy,9,0.0,0.0,0.0,,
300,2400.0,fixed_initial,596.0865590566414,total,coriolis,9,1364.977156453487,1687.8536049859902,3977.8149560152306,0.4243167728135837,0.8087058927511765
300,2400.0,fixed_initial,596.0865590566414,total,external_forcing,9,0.0,0.0,0.0,,
300,2400.0,fixed_initial,596.0865590566414,total,guard,9,0.0,0.0,0.0,,
300,2400.0,fixed_initial,596.0865590566414,total,initial_bcs,9,0.0,0.0,0.0,,
300,2400.0,fixed_initial,596.0865590566414,total,les,9,375.67887109177127,3984.0380288668275,30359.33496697531,0.13122942360893736,0.0942960053015922
300,2400.0,fixed_initial,596.0865590566414,total,mask_motion,9,0.0,0.0,0.0,,
300,2400.0,fixed_initial,596.0865590566414,total,predictor_bcs,9,0.0,0.0,0.0,,
300,2400.0,fixed_initial,596.0865590566414,total,projection,9,-8.520015366437757e-12,2.999057263212187e-11,7.864910524146889e-10,0.03813212183411961,0.2840897861787494
300,2400.0,fixed_initial,596.0865590566414,total,projection_bcs,9,0.0,0.0,0.0,,
300,2400.0,fixed_initial,596.0865590566414,total,surface_drag,9,0.0,0.0,0.0,,
300,2400.0,fixed_initial,596.0865590566414,total,transport_microphysics_bcs,9,0.0,0.0,0.0,,
300,2400.0,fixed_initial,705.6673457395926,les_label,inferred_muscl_label,9,112.93320718185382,5712.364318176451,44932.02774437032,0.12713346369933573,0.019769958793157873
300,2400.0,fixed_initial,705.6673457395926,les_label,local_les,9,547.4193433138943,2973.3001436052277,25077.02112864988,0.11856672004029638,0.18411169975262898
300,2400.0,fixed_initial,705.6673457395926,les_label,mask_motion,9,0.0,0.0,0.0,,
300,2400.0,fixed_initial,705.6673457395926,total,advection,9,-97526.60696342956,97526.60696342956,308562.33014525496,0.31606776795313657,1.0
300,2400.0,fixed_initial,705.6673457395926,total,buoyancy,9,0.0,0.0,0.0,,
300,2400.0,fixed_initial,705.6673457395926,total,coriolis,9,1398.6048744214975,1648.7094065468525,3850.2407629989198,0.4282094310545626,0.8483028415242758
300,2400.0,fixed_initial,705.6673457395926,total,external_forcing,9,0.0,0.0,0.0,,
300,2400.0,fixed_initial,705.6673457395926,total,guard,9,0.0,0.0,0.0,,
300,2400.0,fixed_initial,705.6673457395926,total,initial_bcs,9,0.0,0.0,0.0,,
300,2400.0,fixed_initial,705.6673457395926,total,les,9,547.4193433138943,2973.3001436052277,25077.02112864988,0.11856672004029638,0.18411169975262898
300,2400.0,fixed_initial,705.6673457395926,total,mask_motion,9,0.0,0.0,0.0,,
300,2400.0,fixed_initial,705.6673457395926,total,predictor_bcs,9,0.0,0.0,0.0,,
300,2400.0,fixed_initial,705.6673457395926,total,projection,9,4.004773759851802e-11,5.624083914567527e-11,7.707135515535689e-10,0.07297242799520987,0.7120757479237853
300,2400.0,fixed_initial,705.6673457395926,total,projection_bcs,9,0.0,0.0,0.0,,
300,2400.0,fixed_initial,705.6673457395926,total,surface_drag,9,0.0,0.0,0.0,,
300,2400.0,fixed_initial,705.6673457395926,total,transport_microphysics_bcs,9,0.0,0.0,0.0,,
300,2400.0,fixed_initial,820.7271717566915,les_label,inferred_muscl_label,9,-2466.199237646154,8567.65834375265,46612.0248738071,0.18380789864735336,0.28784985800051804
300,2400.0,fixed_initial,820.7271717566915,les_label,local_les,9,2343.186290821643,3167.7827634758696,22201.138686619845,0.14268559861684144,0.7396928595730369
300,2400.0,fixed_initial,820.7271717566915,les_label,mask_motion,9,0.0,0.0,0.0,,
300,2400.0,fixed_initial,820.7271717566915,total,advection,9,-100694.83908243592,100694.83908243592,342414.8735460211,0.29407262026806313,1.0
300,2400.0,fixed_initial,820.7271717566915,total,buoyancy,9,0.0,0.0,0.0,,
300,2400.0,fixed_initial,820.7271717566915,total,coriolis,9,1471.1817632509826,1579.8813143577358,3660.6590448682127,0.4315838473327726,0.931197647494842
300,2400.0,fixed_initial,820.7271717566915,total,external_forcing,9,0.0,0.0,0.0,,
300,2400.0,fixed_initial,820.7271717566915,total,guard,9,0.0,0.0,0.0,,
300,2400.0,fixed_initial,820.7271717566915,total,initial_bcs,9,0.0,0.0,0.0,,
300,2400.0,fixed_initial,820.7271717566915,total,les,9,2343.186290821643,3167.7827634758696,22201.138686619845,0.14268559861684144,0.7396928595730369
300,2400.0,fixed_initial,820.7271717566915,total,mask_motion,9,0.0,0.0,0.0,,
300,2400.0,fixed_initial,820.7271717566915,total,predictor_bcs,9,0.0,0.0,0.0,,
300,2400.0,fixed_initial,820.7271717566915,total,projection,9,3.802768551560489e-11,5.829185610616206e-11,7.758621711785382e-10,0.0751317157499978,0.6523670381390542
300,2400.0,fixed_initial,820.7271717566915,total,projection_bcs,9,0.0,0.0,0.0,,
300,2400.0,fixed_initial,820.7271717566915,total,surface_drag,9,0.0,0.0,0.0,,
300,2400.0,fixed_initial,820.7271717566915,total,transport_microphysics_bcs,9,0.0,0.0,0.0,,
300,2400.0,fixed_initial,941.5399890746453,les_label,inferred_muscl_label,9,-3318.753880624708,10151.321533247152,46652.333166981174,0.21759515214197023,0.32692825951333276
300,2400.0,fixed_initial,941.5399890746453,les_label,local_les,9,2922.497888325908,3016.464366319053,21033.766116550236,0.14341056896822554,0.9688488022459848
300,2400.0,fixed_initial,941.5399890746453,les_label,mask_motion,9,0.0,0.0,0.0,,
300,2400.0,fixed_initial,941.5399890746453,total,advection,9,-102529.65537043255,102529.65537043255,371261.9036811789,0.2761653009743759,1.0
300,2400.0,fixed_initial,941.5399890746453,total,buoyancy,9,0.0,0.0,0.0,,
300,2400.0,fixed_initial,941.5399890746453,total,coriolis,9,1577.8930812453825,1605.5570929360429,3465.471638471428,0.4633011781461966,0.9827698362067762
300,2400.0,fixed_initial,941.5399890746453,total,external_forcing,9,0.0,0.0,0.0,,
300,2400.0,fixed_initial,941.5399890746453,total,guard,9,0.0,0.0,0.0,,
300,2400.0,fixed_initial,941.5399890746453,total,initial_bcs,9,0.0,0.0,0.0,,
300,2400.0,fixed_initial,941.5399890746453,total,les,9,2922.497888325908,3016.464366319053,21033.766116550236,0.14341056896822554,0.9688488022459848
300,2400.0,fixed_initial,941.5399890746453,total,mask_motion,9,0.0,0.0,0.0,,
300,2400.0,fixed_initial,941.5399890746453,total,predictor_bcs,9,0.0,0.0,0.0,,
300,2400.0,fixed_initial,941.5399890746453,total,projection,9,-3.35188724920419e-11,4.0814291033777934e-11,8.090027518741936e-10,0.050450126330503366,0.8212533316896686
300,2400.0,fixed_initial,941.5399890746453,total,projection_bcs,9,0.0,0.0,0.0,,
300,2400.0,fixed_initial,941.5399890746453,total,surface_drag,9,0.0,0.0,0.0,,
300,2400.0,fixed_initial,941.5399890746453,total,transport_microphysics_bcs,9,0.0,0.0,0.0,,
300,2400.0,fixed_initial,1068.3934472584967,les_label,inferred_muscl_label,9,-2256.1639314849804,10661.039130077419,45541.41494815266,0.23409547424502833,0.2116270190885789
300,2400.0,fixed_initial,1068.3934472584967,les_label,local_les,9,1823.6377907266055,1931.3908310286636,17453.466552396847,0.11065943978695911,0.9442096138332248
300,2400.0,fixed_initial,1068.3934472584967,les_label,mask_motion,9,0.0,0.0,0.0,,
300,2400.0,fixed_initial,1068.3934472584967,total,advection,9,-102898.20041642677,102898.20041642677,395524.1540155079,0.26015655269536914,1.0
300,2400.0,fixed_initial,1068.3934472584967,total,buoyancy,9,0.0,0.0,0.0,,
300,2400.0,fixed_initial,1068.3934472584967,total,coriolis,9,1694.2573832861901,1694.2573832861901,3239.0357543317464,0.5230746159625943,1.0
300,2400.0,fixed_initial,1068.3934472584967,total,external_forcing,9,0.0,0.0,0.0,,
300,2400.0,fixed_initial,1068.3934472584967,total,guard,9,0.0,0.0,0.0,,
300,2400.0,fixed_initial,1068.3934472584967,total,initial_bcs,9,0.0,0.0,0.0,,
300,2400.0,fixed_initial,1068.3934472584967,total,les,9,1823.6377907266055,1931.3908310286636,17453.466552396847,0.11065943978695911,0.9442096138332248
300,2400.0,fixed_initial,1068.3934472584967,total,mask_motion,9,0.0,0.0,0.0,,
300,2400.0,fixed_initial,1068.3934472584967,total,predictor_bcs,9,0.0,0.0,0.0,,
300,2400.0,fixed_initial,1068.3934472584967,total,projection,9,2.1051733354584753e-11,3.20481861263832e-11,8.033391761866609e-10,0.039893717468767645,0.6568775303402966
300,2400.0,fixed_initial,1068.3934472584967,total,projection_bcs,9,0.0,0.0,0.0,,
300,2400.0,fixed_initial,1068.3934472584967,total,surface_drag,9,0.0,0.0,0.0,,
300,2400.0,fixed_initial,1068.3934472584967,total,transport_microphysics_bcs,9,0.0,0.0,0.0,,
300,2400.0,fixed_initial,1201.5895783515407,les_label,inferred_muscl_label,9,-945.2267857271659,10499.084012019219,46587.82624771517,0.22536110519932512,0.09002945253558141
300,2400.0,fixed_initial,1201.5895783515407,les_label,local_les,9,596.7205773798823,944.6524846735068,14204.315958755506,0.06650460940297694,0.6316826420946984
300,2400.0,fixed_initial,1201.5895783515407,les_label,mask_motion,9,0.0,0.0,0.0,,
300,2400.0,fixed_initial,1201.5895783515407,total,advection,9,-103051.48674104411,103051.48674104411,414306.8921869573,0.24873225303368066,1.0
300,2400.0,fixed_initial,1201.5895783515407,total,buoyancy,9,0.0,0.0,0.0,,
300,2400.0,fixed_initial,1201.5895783515407,total,coriolis,9,1791.9693934206757,1791.9693934206757,3019.279186062897,0.5935090076109794,1.0
300,2400.0,fixed_initial,1201.5895783515407,total,external_forcing,9,0.0,0.0,0.0,,
300,2400.0,fixed_initial,1201.5895783515407,total,guard,9,0.0,0.0,0.0,,
300,2400.0,fixed_initial,1201.5895783515407,total,initial_bcs,9,0.0,0.0,0.0,,
300,2400.0,fixed_initial,1201.5895783515407,total,les,9,596.7205773798823,944.6524846735068,14204.315958755506,0.06650460940297694,0.6316826420946984
300,2400.0,fixed_initial,1201.5895783515407,total,mask_motion,9,0.0,0.0,0.0,,
300,2400.0,fixed_initial,1201.5895783515407,total,predictor_bcs,9,0.0,0.0,0.0,,
300,2400.0,fixed_initial,1201.5895783515407,total,projection,9,-2.733342498262921e-12,2.8858150991531548e-11,8.738729744863627e-10,0.03302327893649936,0.09471648059035463
300,2400.0,fixed_initial,1201.5895783515407,total,projection_bcs,9,0.0,0.0,0.0,,
300,2400.0,fixed_initial,1201.5895783515407,total,surface_drag,9,0.0,0.0,0.0,,
300,2400.0,fixed_initial,1201.5895783515407,total,transport_microphysics_bcs,9,0.0,0.0,0.0,,
300,2400.0,fixed_initial,1341.445515999237,les_label,inferred_muscl_label,9,-574.4458068202246,8925.27771402854,41577.88755177656,0.21466404956033355,0.06436167312948977
300,2400.0,fixed_initial,1341.445515999237,les_label,local_les,9,-128.30179861171004,704.4449878518517,12938.926053406052,0.054443852986269525,0.18213175027755688
300,2400.0,fixed_initial,1341.445515999237,les_label,mask_motion,9,0.0,0.0,0.0,,
300,2400.0,fixed_initial,1341.445515999237,total,advection,9,-103077.8968058239,103077.8968058239,426719.22350128595,0.2415590653733772,1.0
300,2400.0,fixed_initial,1341.445515999237,total,buoyancy,9,0.0,0.0,0.0,,
300,2400.0,fixed_initial,1341.445515999237,total,coriolis,9,1846.9780653806208,1846.9780653806208,2834.0259845545247,0.6517152896433107,1.0
300,2400.0,fixed_initial,1341.445515999237,total,external_forcing,9,0.0,0.0,0.0,,
300,2400.0,fixed_initial,1341.445515999237,total,guard,9,0.0,0.0,0.0,,
300,2400.0,fixed_initial,1341.445515999237,total,initial_bcs,9,0.0,0.0,0.0,,
300,2400.0,fixed_initial,1341.445515999237,total,les,9,-128.30179861171004,704.4449878518517,12938.926053406052,0.054443852986269525,0.18213175027755688
300,2400.0,fixed_initial,1341.445515999237,total,mask_motion,9,0.0,0.0,0.0,,
300,2400.0,fixed_initial,1341.445515999237,total,predictor_bcs,9,0.0,0.0,0.0,,
300,2400.0,fixed_initial,1341.445515999237,total,projection,9,1.57367424297915e-11,4.2590623944497425e-11,8.735710538274787e-10,0.04875461905232569,0.36948842191884906
300,2400.0,fixed_initial,1341.445515999237,total,projection_bcs,9,0.0,0.0,0.0,,
300,2400.0,fixed_initial,1341.445515999237,total,surface_drag,9,0.0,0.0,0.0,,
300,2400.0,fixed_initial,1341.445515999237,total,transport_microphysics_bcs,9,0.0,0.0,0.0,,
300,2400.0,fixed_initial,1488.294250529318,les_label,inferred_muscl_label,9,-902.864266394152,7437.264660861902,37867.58820238198,0.19640185747013264,0.12139735609321713
300,2400.0,fixed_initial,1488.294250529318,les_label,local_les,9,-85.1115105634522,853.0774821718237,12392.797735310698,0.06883655332654684,0.09976996502916644
300,2400.0,fixed_initial,1488.294250529318,les_label,mask_motion,9,0.0,0.0,0.0,,
300,2400.0,fixed_initial,1488.294250529318,total,advection,9,-102788.44216109569,102788.44216109569,435764.85046287754,0.23588052604956986,1.0
300,2400.0,fixed_initial,1488.294250529318,total,buoyancy,9,0.0,0.0,0.0,,
300,2400.0,fixed_initial,1488.294250529318,total,coriolis,9,1851.829323935862,1851.829323935862,2639.7781499023895,0.7015094522258761,1.0
300,2400.0,fixed_initial,1488.294250529318,total,external_forcing,9,0.0,0.0,0.0,,
300,2400.0,fixed_initial,1488.294250529318,total,guard,9,0.0,0.0,0.0,,
300,2400.0,fixed_initial,1488.294250529318,total,initial_bcs,9,0.0,0.0,0.0,,
300,2400.0,fixed_initial,1488.294250529318,total,les,9,-85.1115105634522,853.0774821718237,12392.797735310698,0.06883655332654684,0.09976996502916644
300,2400.0,fixed_initial,1488.294250529318,total,mask_motion,9,0.0,0.0,0.0,,
300,2400.0,fixed_initial,1488.294250529318,total,predictor_bcs,9,0.0,0.0,0.0,,
300,2400.0,fixed_initial,1488.294250529318,total,projection,9,1.4964531079141724e-11,6.740960938858738e-11,9.968449710703962e-10,0.06762296178933824,0.22199403341558685
300,2400.0,fixed_initial,1488.294250529318,total,projection_bcs,9,0.0,0.0,0.0,,
300,2400.0,fixed_initial,1488.294250529318,total,surface_drag,9,0.0,0.0,0.0,,
300,2400.0,fixed_initial,1488.294250529318,total,transport_microphysics_bcs,9,0.0,0.0,0.0,,
300,2400.0,fixed_initial,1642.4854217859033,les_label,inferred_muscl_label,9,-796.3111236128295,6325.7847935803875,35465.3693581834,0.1783651180872519,0.1258833725138661
300,2400.0,fixed_initial,1642.4854217859033,les_label,local_les,9,-607.5611343081579,1141.8481168922822,11435.09498693695,0.09985471202440288,0.5320857698322701
300,2400.0,fixed_initial,1642.4854217859033,les_label,mask_motion,9,0.0,0.0,0.0,,
300,2400.0,fixed_initial,1642.4854217859033,total,advection,9,-102445.61649357658,102445.61649357658,438920.6534304566,0.233403499454619,1.0
300,2400.0,fixed_initial,1642.4854217859033,total,buoyancy,9,0.0,0.0,0.0,,
300,2400.0,fixed_initial,1642.4854217859033,total,coriolis,9,1814.8448759241737,1814.8448759241737,2430.2325499891676,0.7467782768082268,1.0
300,2400.0,fixed_initial,1642.4854217859033,total,external_forcing,9,0.0,0.0,0.0,,
300,2400.0,fixed_initial,1642.4854217859033,total,guard,9,0.0,0.0,0.0,,
300,2400.0,fixed_initial,1642.4854217859033,total,initial_bcs,9,0.0,0.0,0.0,,
300,2400.0,fixed_initial,1642.4854217859033,total,les,9,-607.5611343081579,1141.8481168922822,11435.09498693695,0.09985471202440288,0.5320857698322701
300,2400.0,fixed_initial,1642.4854217859033,total,mask_motion,9,0.0,0.0,0.0,,
300,2400.0,fixed_initial,1642.4854217859033,total,predictor_bcs,9,0.0,0.0,0.0,,
300,2400.0,fixed_initial,1642.4854217859033,total,projection,9,-2.8218125220350114e-11,6.023078678492547e-11,9.453547463849454e-10,0.06371236513620855,0.46850002675728836
300,2400.0,fixed_initial,1642.4854217859033,total,projection_bcs,9,0.0,0.0,0.0,,
300,2400.0,fixed_initial,1642.4854217859033,total,surface_drag,9,0.0,0.0,0.0,,
300,2400.0,fixed_initial,1642.4854217859033,total,transport_microphysics_bcs,9,0.0,0.0,0.0,,
300,2400.0,fixed_initial,1804.3861516053175,les_label,inferred_muscl_label,9,-455.98144227298974,5342.979404578923,34368.13487021894,0.15546317612972302,0.08534216730878927
300,2400.0,fixed_initial,1804.3861516053175,les_label,local_les,9,-1002.9658325968479,1180.2080658018047,10434.799420364117,0.1131030907502218,0.8498211981930976
300,2400.0,fixed_initial,1804.3861516053175,les_label,mask_motion,9,0.0,0.0,0.0,,
300,2400.0,fixed_initial,1804.3861516053175,total,advection,9,-103676.72844322732,103676.72844322732,433598.66777569527,0.23910758069224575,1.0
300,2400.0,fixed_initial,1804.3861516053175,total,buoyancy,9,0.0,0.0,0.0,,
300,2400.0,fixed_initial,1804.3861516053175,total,coriolis,9,1737.5163425328376,1737.5163425328376,2218.079640355948,0.7833426315810772,1.0
300,2400.0,fixed_initial,1804.3861516053175,total,external_forcing,9,0.0,0.0,0.0,,
300,2400.0,fixed_initial,1804.3861516053175,total,guard,9,0.0,0.0,0.0,,
300,2400.0,fixed_initial,1804.3861516053175,total,initial_bcs,9,0.0,0.0,0.0,,
300,2400.0,fixed_initial,1804.3861516053175,total,les,9,-1002.9658325968479,1180.2080658018047,10434.799420364117,0.1131030907502218,0.8498211981930976
300,2400.0,fixed_initial,1804.3861516053175,total,mask_motion,9,0.0,0.0,0.0,,
300,2400.0,fixed_initial,1804.3861516053175,total,predictor_bcs,9,0.0,0.0,0.0,,
300,2400.0,fixed_initial,1804.3861516053175,total,projection,9,2.0457063815448623e-11,5.94366846618473e-11,1.0143251185344782e-09,0.058597271797550345,0.34418245115512164
300,2400.0,fixed_initial,1804.3861516053175,total,projection_bcs,9,0.0,0.0,0.0,,
300,2400.0,fixed_initial,1804.3861516053175,total,surface_drag,9,0.0,0.0,0.0,,
300,2400.0,fixed_initial,1804.3861516053175,total,transport_microphysics_bcs,9,0.0,0.0,0.0,,
300,2400.0,fixed_initial,1974.3819179157026,les_label,inferred_muscl_label,9,-368.75346609909695,4476.904530579208,34831.794425316504,0.12852925335725157,0.08236795392449184
300,2400.0,fixed_initial,1974.3819179157026,les_label,local_les,9,-675.183046362149,759.5596676469889,10672.713834497401,0.0711683719272848,0.8889137682280747
300,2400.0,fixed_initial,1974.3819179157026,les_label,mask_motion,9,0.0,0.0,0.0,,
300,2400.0,fixed_initial,1974.3819179157026,total,advection,9,-107122.81500569882,107122.81500569882,427276.3074201306,0.2507108705664026,1.0
300,2400.0,fixed_initial,1974.3819179157026,total,buoyancy,9,0.0,0.0,0.0,,
300,2400.0,fixed_initial,1974.3819179157026,total,coriolis,9,1601.9888810427515,1601.9888810427515,2027.3638502981712,0.7901832129477605,1.0
300,2400.0,fixed_initial,1974.3819179157026,total,external_forcing,9,0.0,0.0,0.0,,
300,2400.0,fixed_initial,1974.3819179157026,total,guard,9,0.0,0.0,0.0,,
300,2400.0,fixed_initial,1974.3819179157026,total,initial_bcs,9,0.0,0.0,0.0,,
300,2400.0,fixed_initial,1974.3819179157026,total,les,9,-675.183046362149,759.5596676469889,10672.713834497401,0.0711683719272848,0.8889137682280747
300,2400.0,fixed_initial,1974.3819179157026,total,mask_motion,9,0.0,0.0,0.0,,
300,2400.0,fixed_initial,1974.3819179157026,total,predictor_bcs,9,0.0,0.0,0.0,,
300,2400.0,fixed_initial,1974.3819179157026,total,projection,9,1.0783848560828803e-11,4.453797598364111e-11,1.0502331178638646e-09,0.04240770475247411,0.24212704602449228
300,2400.0,fixed_initial,1974.3819179157026,total,projection_bcs,9,0.0,0.0,0.0,,
300,2400.0,fixed_initial,1974.3819179157026,total,surface_drag,9,0.0,0.0,0.0,,
300,2400.0,fixed_initial,1974.3819179157026,total,transport_microphysics_bcs,9,0.0,0.0,0.0,,
300,2400.0,moving_end,39.88822936505957,les_label,inferred_muscl_label,9,2298.5407114403915,2298.5407114403915,23150.86536743394,0.09928530424066664,1.0
300,2400.0,moving_end,39.88822936505957,les_label,local_les,9,50.68960125643744,131.86973551603856,10807.774325321487,0.01220137759604043,0.38439146827796855
300,2400.0,moving_end,39.88822936505957,les_label,mask_motion,9,-1178.889933426546,1183.073332340616,3874.9736496762926,0.30531132319814547,0.9964639563755583
300,2400.0,moving_end,39.88822936505957,total,advection,9,-14013.678600958885,14013.678600958885,191815.4100922458,0.07305814790490284,1.0
300,2400.0,moving_end,39.88822936505957,total,buoyancy,9,0.0,0.0,0.0,,
300,2400.0,moving_end,39.88822936505957,total,coriolis,9,3518.8357265983523,3518.8357265983523,5437.013912057817,0.6472000593551053,1.0
300,2400.0,moving_end,39.88822936505957,total,external_forcing,9,0.0,0.0,0.0,,
300,2400.0,moving_end,39.88822936505957,total,guard,9,0.0,0.0,0.0,,
300,2400.0,moving_end,39.88822936505957,total,initial_bcs,9,0.0,0.0,0.0,,
300,2400.0,moving_end,39.88822936505957,total,les,9,50.68960125643744,131.86973551603856,10807.774325321487,0.01220137759604043,0.38439146827796855
300,2400.0,moving_end,39.88822936505957,total,mask_motion,9,-2883.8565849018937,4414.822179384059,23245.845732355407,0.18991875925766644,0.653221458922778
300,2400.0,moving_end,39.88822936505957,total,predictor_bcs,9,0.0,0.0,0.0,,
300,2400.0,moving_end,39.88822936505957,total,projection,9,-8.289143831169388e-12,3.180478379745139e-11,8.648392156379651e-10,0.036775371910014495,0.26062569341639796
300,2400.0,moving_end,39.88822936505957,total,projection_bcs,9,0.0,0.0,0.0,,
300,2400.0,moving_end,39.88822936505957,total,surface_drag,9,-2480.1400308427064,2480.1400308427064,5220.252778626674,0.4750996045626689,1.0
300,2400.0,moving_end,39.88822936505957,total,transport_microphysics_bcs,9,0.0,0.0,0.0,,
300,2400.0,moving_end,121.65909956343168,les_label,inferred_muscl_label,9,-3340.898763098554,3340.898763098554,38016.90417873011,0.08787929567836134,1.0
300,2400.0,moving_end,121.65909956343168,les_label,local_les,9,7924.605917796111,7983.7723989779515,31936.903773611542,0.24998579873527663,0.9925891573275041
300,2400.0,moving_end,121.65909956343168,les_label,mask_motion,9,-2036.0056490322515,2187.368347819498,7354.6940296714865,0.2974111960327467,0.9308014587766463
300,2400.0,moving_end,121.65909956343168,total,advection,9,-33138.112198295275,33138.112198295275,205344.29287257022,0.16137829659020364,1.0
300,2400.0,moving_end,121.65909956343168,total,buoyancy,9,0.0,0.0,0.0,,
300,2400.0,moving_end,121.65909956343168,total,coriolis,9,3777.6206387873463,3777.6206387873463,5494.836035466955,0.687485598187885,1.0
300,2400.0,moving_end,121.65909956343168,total,external_forcing,9,0.0,0.0,0.0,,
300,2400.0,moving_end,121.65909956343168,total,guard,9,0.0,0.0,0.0,,
300,2400.0,moving_end,121.65909956343168,total,initial_bcs,9,0.0,0.0,0.0,,
300,2400.0,moving_end,121.65909956343168,total,les,9,7924.605917796111,7983.7723989779515,31936.903773611542,0.24998579873527663,0.9925891573275041
300,2400.0,moving_end,121.65909956343168,total,mask_motion,9,7748.189295516219,7748.189295516219,32055.922545936523,0.24170851063209836,1.0
300,2400.0,moving_end,121.65909956343168,total,predictor_bcs,9,0.0,0.0,0.0,,
300,2400.0,moving_end,121.65909956343168,total,projection,9,6.660817222488378e-12,2.504916611811072e-11,8.747362508785674e-10,0.028636250175926563,0.265909738914325
300,2400.0,moving_end,121.65909956343168,total,projection_bcs,9,0.0,0.0,0.0,,
300,2400.0,moving_end,121.65909956343168,total,surface_drag,9,-3044.121189643077,3044.121189643077,4704.9982177840675,0.6469973098261405,1.0
300,2400.0,moving_end,121.65909956343168,total,transport_microphysics_bcs,9,0.0,0.0,0.0,,
300,2400.0,moving_end,207.51851327172238,les_label,inferred_muscl_label,9,3683.774016874005,5553.452897640998,35195.442686940696,0.1577889770285973,0.6633303792742714
300,2400.0,moving_end,207.51851327172238,les_label,local_les,9,-1392.058999652128,3618.932858280818,24859.2540911474,0.145576888389807,0.3846600791354357
300,2400.0,moving_end,207.51851327172238,les_label,mask_motion,9,1266.1703499179985,2146.126791933853,6649.74745357294,0.3227380899677219,0.589979284857194
300,2400.0,moving_end,207.51851327172238,total,advection,9,-37223.94838190497,37223.94838190497,199490.05593914492,0.18659550826563634,1.0
300,2400.0,moving_end,207.51851327172238,total,buoyancy,9,0.0,0.0,0.0,,
300,2400.0,moving_end,207.51851327172238,total,coriolis,9,4075.1738551161075,4075.1738551161075,5597.070683039547,0.7280904755169256,1.0
300,2400.0,moving_end,207.51851327172238,total,external_forcing,9,0.0,0.0,0.0,,
300,2400.0,moving_end,207.51851327172238,total,guard,9,0.0,0.0,0.0,,
300,2400.0,moving_end,207.51851327172238,total,initial_bcs,9,0.0,0.0,0.0,,
300,2400.0,moving_end,207.51851327172238,total,les,9,-1392.058999652128,3618.932858280818,24859.2540911474,0.145576888389807,0.3846600791354357
300,2400.0,moving_end,207.51851327172238,total,mask_motion,9,19250.73732961452,19250.73732961452,44745.33594739633,0.4302289148582132,1.0
300,2400.0,moving_end,207.51851327172238,total,predictor_bcs,9,0.0,0.0,0.0,,
300,2400.0,moving_end,207.51851327172238,total,projection,9,7.55945141688941e-14,4.273681971361115e-11,8.511719790450144e-10,0.050209382787201697,0.0017688380809678776
300,2400.0,moving_end,207.51851327172238,total,projection_bcs,9,0.0,0.0,0.0,,
300,2400.0,moving_end,207.51851327172238,total,surface_drag,9,0.0,0.0,0.0,,
300,2400.0,moving_end,207.51851327172238,total,transport_microphysics_bcs,9,0.0,0.0,0.0,,
300,2400.0,moving_end,297.6708976654277,les_label,inferred_muscl_label,9,6182.2506267641165,7217.6610910335185,35206.47559152391,0.20500947538103467,0.8565448763511923
300,2400.0,moving_end,297.6708976654277,les_label,local_les,9,-5335.110485100491,6481.129003815901,21278.2204482127,0.3045898043771933,0.8231760981704472
300,2400.0,moving_end,297.6708976654277,les_label,mask_motion,9,2320.0660638249547,2729.057082007997,7506.683178277977,0.3635503213862875,0.8501346780617307
300,2400.0,moving_end,297.6708976654277,total,advection,9,-44188.816255338774,44188.816255338774,196039.30501958448,0.22540794179475526,1.0
300,2400.0,moving_end,297.6708976654277,total,buoyancy,9,0.0,0.0,0.0,,
300,2400.0,moving_end,297.6708976654277,total,coriolis,9,4353.990761055542,4353.990761055542,5637.757708281697,0.772291216889236,1.0
300,2400.0,moving_end,297.6708976654277,total,external_forcing,9,0.0,0.0,0.0,,
300,2400.0,moving_end,297.6708976654277,total,guard,9,0.0,0.0,0.0,,
300,2400.0,moving_end,297.6708976654277,total,initial_bcs,9,0.0,0.0,0.0,,
300,2400.0,moving_end,297.6708976654277,total,les,9,-5335.110485100491,6481.129003815901,21278.2204482127,0.3045898043771933,0.8231760981704472
300,2400.0,moving_end,297.6708976654277,total,mask_motion,9,29235.013483095976,29235.013483095976,60302.248287322,0.48480801816542507,1.0
300,2400.0,moving_end,297.6708976654277,total,predictor_bcs,9,0.0,0.0,0.0,,
300,2400.0,moving_end,297.6708976654277,total,projection,9,-9.326131328383754e-12,3.7118840868420296e-11,9.266428147569063e-10,0.04005733415000685,0.2512506077828032
300,2400.0,moving_end,297.6708976654277,total,projection_bcs,9,0.0,0.0,0.0,,
300,2400.0,moving_end,297.6708976654277,total,surface_drag,9,0.0,0.0,0.0,,
300,2400.0,moving_end,297.6708976654277,total,transport_microphysics_bcs,9,0.0,0.0,0.0,,
300,2400.0,moving_end,392.33090127881815,les_label,inferred_muscl_label,9,7025.022167730081,8090.562538399552,34756.50592786457,0.23277836256587814,0.868298358042202
300,2400.0,moving_end,392.33090127881815,les_label,local_les,9,-7969.857581369188,7969.857581369188,22221.369444919394,0.35865735462993187,1.0
300,2400.0,moving_end,392.33090127881815,les_label,mask_motion,9,3287.3208580968844,3330.1263725625986,8301.073672090108,0.40116815054408667,0.9871459789579173
300,2400.0,moving_end,392.33090127881815,total,advection,9,-53053.44741151486,53053.44741151486,195437.4244908572,0.27146002128162905,1.0
300,2400.0,moving_end,392.33090127881815,total,buoyancy,9,0.0,0.0,0.0,,
300,2400.0,moving_end,392.33090127881815,total,coriolis,9,4596.312315394157,4596.312315394157,5678.634746966457,0.8094044643123983,1.0
300,2400.0,moving_end,392.33090127881815,total,external_forcing,9,0.0,0.0,0.0,,
300,2400.0,moving_end,392.33090127881815,total,guard,9,0.0,0.0,0.0,,
300,2400.0,moving_end,392.33090127881815,total,initial_bcs,9,0.0,0.0,0.0,,
300,2400.0,moving_end,392.33090127881815,total,les,9,-7969.857581369188,7969.857581369188,22221.369444919394,0.35865735462993187,1.0
300,2400.0,moving_end,392.33090127881815,total,mask_motion,9,40299.72729528654,40299.72729528654,78866.66154302252,0.5109855863913125,1.0
300,2400.0,moving_end,392.33090127881815,total,predictor_bcs,9,0.0,0.0,0.0,,
300,2400.0,moving_end,392.33090127881815,total,projection,9,-1.600778873774814e-11,3.073691242018895e-11,9.651920242814872e-10,0.03184538583715532,0.5208001545149906
300,2400.0,moving_end,392.33090127881815,total,projection_bcs,9,0.0,0.0,0.0,,
300,2400.0,moving_end,392.33090127881815,total,surface_drag,9,0.0,0.0,0.0,,
300,2400.0,moving_end,392.33090127881815,total,transport_microphysics_bcs,9,0.0,0.0,0.0,,
300,2400.0,moving_end,491.72390507287827,les_label,inferred_muscl_label,9,4902.4563020091655,8168.854995625055,32451.55106861116,0.25172463955124785,0.6001399589825923
300,2400.0,moving_end,491.72390507287827,les_label,local_les,9,-6308.256524554167,6308.256524554167,22863.845787732127,0.2759053128296963,1.0
300,2400.0,moving_end,491.72390507287827,les_label,mask_motion,9,3182.2618362099947,3262.5117428550207,7526.046109235129,0.43349611409523897,0.9754024160002565
300,2400.0,moving_end,491.72390507287827,total,advection,9,-61586.904603533374,61586.904603533374,199353.30100714165,0.30893345779775716,1.0
300,2400.0,moving_end,491.72390507287827,total,buoyancy,9,0.0,0.0,0.0,,
300,2400.0,moving_end,491.72390507287827,total,coriolis,9,4801.271776390706,4801.271776390706,5692.287108974785,0.8434697133988105,1.0
300,2400.0,moving_end,491.72390507287827,total,external_forcing,9,0.0,0.0,0.0,,
300,2400.0,moving_end,491.72390507287827,total,guard,9,0.0,0.0,0.0,,
300,2400.0,moving_end,491.72390507287827,total,initial_bcs,9,0.0,0.0,0.0,,
300,2400.0,moving_end,491.72390507287827,total,les,9,-6308.256524554167,6308.256524554167,22863.845787732127,0.2759053128296963,1.0
300,2400.0,moving_end,491.72390507287827,total,mask_motion,9,50648.44266693764,50648.44266693764,98307.79401661202,0.5152027178880556,1.0
300,2400.0,moving_end,491.72390507287827,total,predictor_bcs,9,0.0,0.0,0.0,,
300,2400.0,moving_end,491.72390507287827,total,projection,9,-5.412921697781244e-13,2.4781697994960637e-11,1.0326810207742648e-09,0.023997437249674895,0.021842416524008815
300,2400.0,moving_end,491.72390507287827,total,projection_bcs,9,0.0,0.0,0.0,,
300,2400.0,moving_end,491.72390507287827,total,surface_drag,9,0.0,0.0,0.0,,
300,2400.0,moving_end,491.72390507287827,total,transport_microphysics_bcs,9,0.0,0.0,0.0,,
300,2400.0,moving_end,596.0865590566414,les_label,inferred_muscl_label,9,3567.2654922549177,9142.785287781962,32048.40743244748,0.28528048724584454,0.39017272964094024
300,2400.0,moving_end,596.0865590566414,les_label,local_les,9,-2216.1388371690905,4009.017779718545,21489.07257350582,0.18656076319744574,0.5527884781106347
300,2400.0,moving_end,596.0865590566414,les_label,mask_motion,9,823.5753003164677,1919.4327559947792,8059.06702349081,0.2381705910125774,0.42907223383797866
300,2400.0,moving_end,596.0865590566414,total,advection,9,-78424.98178698681,78424.98178698681,202275.07287421948,0.3877145150542289,1.0
300,2400.0,moving_end,596.0865590566414,total,buoyancy,9,0.0,0.0,0.0,,
300,2400.0,moving_end,596.0865590566414,total,coriolis,9,4935.91480457873,4935.91480457873,5646.712292058338,0.8741218870882992,1.0
300,2400.0,moving_end,596.0865590566414,total,external_forcing,9,0.0,0.0,0.0,,
300,2400.0,moving_end,596.0865590566414,total,guard,9,0.0,0.0,0.0,,
300,2400.0,moving_end,596.0865590566414,total,initial_bcs,9,0.0,0.0,0.0,,
300,2400.0,moving_end,596.0865590566414,total,les,9,-2216.1388371690905,4009.017779718545,21489.07257350582,0.18656076319744574,0.5527884781106347
300,2400.0,moving_end,596.0865590566414,total,mask_motion,9,62213.97592633483,62213.97592633483,118178.46862421178,0.5264408707491811,1.0
300,2400.0,moving_end,596.0865590566414,total,predictor_bcs,9,0.0,0.0,0.0,,
300,2400.0,moving_end,596.0865590566414,total,projection,9,3.6843668451219344e-11,5.3905520870398496e-11,1.107373708493338e-09,0.04867870751938012,0.6834859928317947
300,2400.0,moving_end,596.0865590566414,total,projection_bcs,9,0.0,0.0,0.0,,
300,2400.0,moving_end,596.0865590566414,total,surface_drag,9,0.0,0.0,0.0,,
300,2400.0,moving_end,596.0865590566414,total,transport_microphysics_bcs,9,0.0,0.0,0.0,,
300,2400.0,moving_end,705.6673457395926,les_label,inferred_muscl_label,9,2341.5743922475613,7911.530282817013,33019.02296655128,0.23960522062786355,0.29596984509219504
300,2400.0,moving_end,705.6673457395926,les_label,local_les,9,371.61224525256534,5036.1597180212075,20685.38022406322,0.2434646916551557,0.07378881251974631
300,2400.0,moving_end,705.6673457395926,les_label,mask_motion,9,-325.015803628009,1394.8770692036003,9099.504451310368,0.1532915420468564,0.2330067722839372
300,2400.0,moving_end,705.6673457395926,total,advection,9,-106931.33830864716,106931.33830864716,207049.0494319942,0.5164541378093553,1.0
300,2400.0,moving_end,705.6673457395926,total,buoyancy,9,0.0,0.0,0.0,,
300,2400.0,moving_end,705.6673457395926,total,coriolis,9,4931.6140453034795,4931.6140453034795,5489.245951155533,0.8984137510299266,1.0
300,2400.0,moving_end,705.6673457395926,total,external_forcing,9,0.0,0.0,0.0,,
300,2400.0,moving_end,705.6673457395926,total,guard,9,0.0,0.0,0.0,,
300,2400.0,moving_end,705.6673457395926,total,initial_bcs,9,0.0,0.0,0.0,,
300,2400.0,moving_end,705.6673457395926,total,les,9,371.61224525256534,5036.1597180212075,20685.38022406322,0.2434646916551557,0.07378881251974631
300,2400.0,moving_end,705.6673457395926,total,mask_motion,9,82628.57468239678,82628.57468239678,144853.1768740221,0.5704298412057496,1.0
300,2400.0,moving_end,705.6673457395926,total,predictor_bcs,9,0.0,0.0,0.0,,
300,2400.0,moving_end,705.6673457395926,total,projection,9,2.2478669145028785e-11,5.28254117199328e-11,1.1524436071388716e-09,0.04583774112043579,0.4255275711660346
300,2400.0,moving_end,705.6673457395926,total,projection_bcs,9,0.0,0.0,0.0,,
300,2400.0,moving_end,705.6673457395926,total,surface_drag,9,0.0,0.0,0.0,,
300,2400.0,moving_end,705.6673457395926,total,transport_microphysics_bcs,9,0.0,0.0,0.0,,
300,2400.0,moving_end,820.7271717566915,les_label,inferred_muscl_label,9,-916.902193529825,9234.190786307921,38882.41298221133,0.23749016786927693,0.09929426570754525
300,2400.0,moving_end,820.7271717566915,les_label,local_les,9,2054.7386555782136,4121.863909845718,19408.987172294244,0.21236883064818327,0.49849745176451565
300,2400.0,moving_end,820.7271717566915,les_label,mask_motion,9,95.33943170776585,948.3008003802194,10067.745648727338,0.09419197042389464,0.10053712036258927
300,2400.0,moving_end,820.7271717566915,total,advection,9,-135572.09000837125,135572.09000837125,233035.8113699627,0.5817650480901404,1.0
300,2400.0,moving_end,820.7271717566915,total,buoyancy,9,0.0,0.0,0.0,,
300,2400.0,moving_end,820.7271717566915,total,coriolis,9,4760.303807360905,4760.303807360905,5254.6617973654265,0.9059201126412395,1.0
300,2400.0,moving_end,820.7271717566915,total,external_forcing,9,0.0,0.0,0.0,,
300,2400.0,moving_end,820.7271717566915,total,guard,9,0.0,0.0,0.0,,
300,2400.0,moving_end,820.7271717566915,total,initial_bcs,9,0.0,0.0,0.0,,
300,2400.0,moving_end,820.7271717566915,total,les,9,2054.7386555782136,4121.863909845718,19408.987172294244,0.21236883064818327,0.49849745176451565
300,2400.0,moving_end,820.7271717566915,total,mask_motion,9,104259.76990113052,104259.76990113052,173945.3514077406,0.5993823293198448,1.0
300,2400.0,moving_end,820.7271717566915,total,predictor_bcs,9,0.0,0.0,0.0,,
300,2400.0,moving_end,820.7271717566915,total,projection,9,4.3989346390957396e-11,5.203619327119114e-11,1.1604040463352713e-09,0.04484316771863144,0.8453605774293115
300,2400.0,moving_end,820.7271717566915,total,projection_bcs,9,0.0,0.0,0.0,,
300,2400.0,moving_end,820.7271717566915,total,surface_drag,9,0.0,0.0,0.0,,
300,2400.0,moving_end,820.7271717566915,total,transport_microphysics_bcs,9,0.0,0.0,0.0,,
300,2400.0,moving_end,941.5399890746453,les_label,inferred_muscl_label,9,-3234.6731903192745,9824.257093654212,46171.97433847511,0.21277533036891727,0.3292537195925633
300,2400.0,moving_end,941.5399890746453,les_label,local_les,9,3534.0102146195004,4167.416529087982,20336.851094506575,0.20491945924773436,0.848009837738226
300,2400.0,moving_end,941.5399890746453,les_label,mask_motion,9,-36.88502275933269,2462.640699202243,9829.577355667558,0.2505337320309432,0.014977833660948332
300,2400.0,moving_end,941.5399890746453,total,advection,9,-156734.99105134688,156734.99105134688,266874.13100587105,0.5872993027109803,1.0
300,2400.0,moving_end,941.5399890746453,total,buoyancy,9,0.0,0.0,0.0,,
300,2400.0,moving_end,941.5399890746453,total,coriolis,9,4479.251674435456,4479.251674435456,4950.60795551734,0.9047882027183008,1.0
300,2400.0,moving_end,941.5399890746453,total,external_forcing,9,0.0,0.0,0.0,,
300,2400.0,moving_end,941.5399890746453,total,guard,9,0.0,0.0,0.0,,
300,2400.0,moving_end,941.5399890746453,total,initial_bcs,9,0.0,0.0,0.0,,
300,2400.0,moving_end,941.5399890746453,total,les,9,3534.0102146195004,4167.416529087982,20336.851094506575,0.20491945924773436,0.848009837738226
300,2400.0,moving_end,941.5399890746453,total,mask_motion,9,121368.7845176314,121368.7845176314,201313.93561292568,0.602883174222931,1.0
300,2400.0,moving_end,941.5399890746453,total,predictor_bcs,9,0.0,0.0,0.0,,
300,2400.0,moving_end,941.5399890746453,total,projection,9,-2.674843226551987e-11,5.818111343045126e-11,1.2612704841113054e-09,0.04612897404908815,0.45974424840622036
300,2400.0,moving_end,941.5399890746453,total,projection_bcs,9,0.0,0.0,0.0,,
300,2400.0,moving_end,941.5399890746453,total,surface_drag,9,0.0,0.0,0.0,,
300,2400.0,moving_end,941.5399890746453,total,transport_microphysics_bcs,9,0.0,0.0,0.0,,
300,2400.0,moving_end,1068.3934472584967,les_label,inferred_muscl_label,9,-2607.384524357711,7041.706364230829,48961.71216573708,0.14382067237343357,0.370277371632851
300,2400.0,moving_end,1068.3934472584967,les_label,local_les,9,3518.2921616228646,4278.477318793799,16449.42273969177,0.26009893395650974,0.8223234341265018
300,2400.0,moving_end,1068.3934472584967,les_label,mask_motion,9,-1368.0902923774456,4302.539114871141,10502.952635264912,0.4096504349095943,0.31797277278638275
300,2400.0,moving_end,1068.3934472584967,total,advection,9,-168214.91144056222,168214.91144056222,310085.24125538557,0.5424795800004579,1.0
300,2400.0,moving_end,1068.3934472584967,total,buoyancy,9,0.0,0.0,0.0,,
300,2400.0,moving_end,1068.3934472584967,total,coriolis,9,4132.746081118406,4132.746081118406,4582.293343799188,0.9018947001092555,1.0
300,2400.0,moving_end,1068.3934472584967,total,external_forcing,9,0.0,0.0,0.0,,
300,2400.0,moving_end,1068.3934472584967,total,guard,9,0.0,0.0,0.0,,
300,2400.0,moving_end,1068.3934472584967,total,initial_bcs,9,0.0,0.0,0.0,,
300,2400.0,moving_end,1068.3934472584967,total,les,9,3518.2921616228646,4278.477318793799,16449.42273969177,0.26009893395650974,0.8223234341265018
300,2400.0,moving_end,1068.3934472584967,total,mask_motion,9,134070.28188665822,134070.28188665822,226632.00717023032,0.5915769955033486,1.0
300,2400.0,moving_end,1068.3934472584967,total,predictor_bcs,9,0.0,0.0,0.0,,
300,2400.0,moving_end,1068.3934472584967,total,projection,9,-2.564614170444575e-11,6.902696797939263e-11,1.2694891219787365e-09,0.05437381603695916,0.3715380010911412
300,2400.0,moving_end,1068.3934472584967,total,projection_bcs,9,0.0,0.0,0.0,,
300,2400.0,moving_end,1068.3934472584967,total,surface_drag,9,0.0,0.0,0.0,,
300,2400.0,moving_end,1068.3934472584967,total,transport_microphysics_bcs,9,0.0,0.0,0.0,,
300,2400.0,moving_end,1201.5895783515407,les_label,inferred_muscl_label,9,-492.95747498402,5627.550683110203,47909.57504468379,0.11746192025000345,0.08759716308971117
300,2400.0,moving_end,1201.5895783515407,les_label,local_les,9,1763.7896215499281,3179.0418169519858,12917.643542933822,0.24610075408768944,0.5548179996075111
300,2400.0,moving_end,1201.5895783515407,les_label,mask_motion,9,-1908.2418526913405,2523.6257331781935,10136.344122584056,0.2489680404156253,0.7561508933767871
300,2400.0,moving_end,1201.5895783515407,total,advection,9,-170496.4753776493,170496.4753776493,348837.8913445114,0.4887556071403591,1.0
300,2400.0,moving_end,1201.5895783515407,total,buoyancy,9,0.0,0.0,0.0,,
300,2400.0,moving_end,1201.5895783515407,total,coriolis,9,3743.98011168453,3743.98011168453,4172.532629582964,0.8972919912333276,1.0
300,2400.0,moving_end,1201.5895783515407,total,external_forcing,9,0.0,0.0,0.0,,
300,2400.0,moving_end,1201.5895783515407,total,guard,9,0.0,0.0,0.0,,
300,2400.0,moving_end,1201.5895783515407,total,initial_bcs,9,0.0,0.0,0.0,,
300,2400.0,moving_end,1201.5895783515407,total,les,9,1763.7896215499281,3179.0418169519858,12917.643542933822,0.24610075408768944,0.5548179996075111
300,2400.0,moving_end,1201.5895783515407,total,mask_motion,9,142335.7978476211,142335.7978476211,247209.24443871476,0.5757705306320264,1.0
300,2400.0,moving_end,1201.5895783515407,total,predictor_bcs,9,0.0,0.0,0.0,,
300,2400.0,moving_end,1201.5895783515407,total,projection,9,-3.125597732046549e-11,5.213817928058856e-11,1.368370839864542e-09,0.03810237529305274,0.5994834831545859
300,2400.0,moving_end,1201.5895783515407,total,projection_bcs,9,0.0,0.0,0.0,,
300,2400.0,moving_end,1201.5895783515407,total,surface_drag,9,0.0,0.0,0.0,,
300,2400.0,moving_end,1201.5895783515407,total,transport_microphysics_bcs,9,0.0,0.0,0.0,,
300,2400.0,moving_end,1341.445515999237,les_label,inferred_muscl_label,9,1864.6551236917035,3040.3576626507524,43658.96890754334,0.06963878760145073,0.613301239718617
300,2400.0,moving_end,1341.445515999237,les_label,local_les,9,-103.01564039602505,3452.5488920508665,13241.203952036396,0.26074282252256153,0.0298375616441545
300,2400.0,moving_end,1341.445515999237,les_label,mask_motion,9,-2337.631677139844,2337.631677139844,9304.207116149493,0.25124458730958077,1.0
300,2400.0,moving_end,1341.445515999237,total,advection,9,-165447.63090277175,165447.63090277175,380199.6951741242,0.4351598199651367,1.0
300,2400.0,moving_end,1341.445515999237,total,buoyancy,9,0.0,0.0,0.0,,
300,2400.0,moving_end,1341.445515999237,total,coriolis,9,3324.8471057188012,3324.8471057188012,3737.732704717565,0.8895358144584171,1.0
300,2400.0,moving_end,1341.445515999237,total,external_forcing,9,0.0,0.0,0.0,,
300,2400.0,moving_end,1341.445515999237,total,guard,9,0.0,0.0,0.0,,
300,2400.0,moving_end,1341.445515999237,total,initial_bcs,9,0.0,0.0,0.0,,
300,2400.0,moving_end,1341.445515999237,total,les,9,-103.01564039602505,3452.5488920508665,13241.203952036396,0.26074282252256153,0.0298375616441545
300,2400.0,moving_end,1341.445515999237,total,mask_motion,9,145814.52738679567,145814.52738679567,260696.45899140017,0.5593268429917791,1.0
300,2400.0,moving_end,1341.445515999237,total,predictor_bcs,9,0.0,0.0,0.0,,
300,2400.0,moving_end,1341.445515999237,total,projection,9,2.9827824780427614e-11,6.455803909033789e-11,1.3456768048502633e-09,0.04797440132552587,0.4620311459381332
300,2400.0,moving_end,1341.445515999237,total,projection_bcs,9,0.0,0.0,0.0,,
300,2400.0,moving_end,1341.445515999237,total,surface_drag,9,0.0,0.0,0.0,,
300,2400.0,moving_end,1341.445515999237,total,transport_microphysics_bcs,9,0.0,0.0,0.0,,
300,2400.0,moving_end,1488.294250529318,les_label,inferred_muscl_label,9,1817.1281946564125,1817.1281946564125,41557.10975988354,0.0437260484464814,1.0
300,2400.0,moving_end,1488.294250529318,les_label,local_les,9,-1017.8412242151581,2900.1119556570716,14071.934817339572,0.20609191225669451,0.35096618329844725
300,2400.0,moving_end,1488.294250529318,les_label,mask_motion,9,-1446.406444187688,1639.5517238833177,8734.986651357493,0.18769939661310384,0.8821962876302796
300,2400.0,moving_end,1488.294250529318,total,advection,9,-158035.55239553397,158035.55239553397,407052.47935876116,0.38824367964664136,1.0
300,2400.0,moving_end,1488.294250529318,total,buoyancy,9,0.0,0.0,0.0,,
300,2400.0,moving_end,1488.294250529318,total,coriolis,9,2900.9919178558494,2900.9919178558494,3308.492957385854,0.8768318250095403,1.0
300,2400.0,moving_end,1488.294250529318,total,external_forcing,9,0.0,0.0,0.0,,
300,2400.0,moving_end,1488.294250529318,total,guard,9,0.0,0.0,0.0,,
300,2400.0,moving_end,1488.294250529318,total,initial_bcs,9,0.0,0.0,0.0,,
300,2400.0,moving_end,1488.294250529318,total,les,9,-1017.8412242151581,2900.1119556570716,14071.934817339572,0.20609191225669451,0.35096618329844725
300,2400.0,moving_end,1488.294250529318,total,mask_motion,9,147252.63267969806,147252.63267969806,271225.9350506217,0.5429150153071268,1.0
300,2400.0,moving_end,1488.294250529318,total,predictor_bcs,9,0.0,0.0,0.0,,
300,2400.0,moving_end,1488.294250529318,total,projection,9,-2.386041308075884e-11,6.458482544850362e-11,1.434594125545975e-09,0.04501958031085904,0.36944302187181444
300,2400.0,moving_end,1488.294250529318,total,projection_bcs,9,0.0,0.0,0.0,,
300,2400.0,moving_end,1488.294250529318,total,surface_drag,9,0.0,0.0,0.0,,
300,2400.0,moving_end,1488.294250529318,total,transport_microphysics_bcs,9,0.0,0.0,0.0,,
300,2400.0,moving_end,1642.4854217859033,les_label,inferred_muscl_label,9,882.5934062573929,1149.4914253217678,39620.21192103447,0.029012753076959188,0.7678120835136597
300,2400.0,moving_end,1642.4854217859033,les_label,local_les,9,-1964.75891596503,2802.150287797382,14542.314043077957,0.19268943577320052,0.7011611491792683
300,2400.0,moving_end,1642.4854217859033,les_label,mask_motion,9,124.1945594123707,1403.924842696025,8346.680370099362,0.1682015819996366,0.0884623988659349
300,2400.0,moving_end,1642.4854217859033,total,advection,9,-151685.9693466053,151685.9693466053,426106.8875947007,0.35598103143285537,1.0
300,2400.0,moving_end,1642.4854217859033,total,buoyancy,9,0.0,0.0,0.0,,
300,2400.0,moving_end,1642.4854217859033,total,coriolis,9,2484.318780361117,2484.318780361117,2929.0466929606873,0.8481663287688875,1.0
300,2400.0,moving_end,1642.4854217859033,total,external_forcing,9,0.0,0.0,0.0,,
300,2400.0,moving_end,1642.4854217859033,total,guard,9,0.0,0.0,0.0,,
300,2400.0,moving_end,1642.4854217859033,total,initial_bcs,9,0.0,0.0,0.0,,
300,2400.0,moving_end,1642.4854217859033,total,les,9,-1964.75891596503,2802.150287797382,14542.314043077957,0.19268943577320052,0.7011611491792683
300,2400.0,moving_end,1642.4854217859033,total,mask_motion,9,149997.75324479066,149997.75324479066,280519.58479652606,0.5347140141876049,1.0
300,2400.0,moving_end,1642.4854217859033,total,predictor_bcs,9,0.0,0.0,0.0,,
300,2400.0,moving_end,1642.4854217859033,total,projection,9,-6.889752202211306e-11,9.335855081329776e-11,1.4267682470623672e-09,0.06543357760135017,0.7379883408847803
300,2400.0,moving_end,1642.4854217859033,total,projection_bcs,9,0.0,0.0,0.0,,
300,2400.0,moving_end,1642.4854217859033,total,surface_drag,9,0.0,0.0,0.0,,
300,2400.0,moving_end,1642.4854217859033,total,transport_microphysics_bcs,9,0.0,0.0,0.0,,
300,2400.0,moving_end,1804.3861516053175,les_label,inferred_muscl_label,9,41.221576142777636,2147.943461959972,38466.49745745552,0.055839330428657484,0.019191183042203287
300,2400.0,moving_end,1804.3861516053175,les_label,local_les,9,-2700.5726671305993,3000.3544213365863,13795.500969579063,0.2174878917375144,0.9000845526534691
300,2400.0,moving_end,1804.3861516053175,les_label,mask_motion,9,1372.0574255045387,1585.9305995100553,7722.294147739221,0.20537039501070448,0.8651434217414123
300,2400.0,moving_end,1804.3861516053175,total,advection,9,-146651.26937500387,146651.26937500387,434003.25114123186,0.3379036193608631,1.0
300,2400.0,moving_end,1804.3861516053175,total,buoyancy,9,0.0,0.0,0.0,,
300,2400.0,moving_end,1804.3861516053175,total,coriolis,9,2085.6991790398165,2085.6991790398165,2589.9994316640364,0.8052894350250053,1.0
300,2400.0,moving_end,1804.3861516053175,total,external_forcing,9,0.0,0.0,0.0,,
300,2400.0,moving_end,1804.3861516053175,total,guard,9,0.0,0.0,0.0,,
300,2400.0,moving_end,1804.3861516053175,total,initial_bcs,9,0.0,0.0,0.0,,
300,2400.0,moving_end,1804.3861516053175,total,les,9,-2700.5726671305993,3000.3544213365863,13795.500969579063,0.2174878917375144,0.9000845526534691
300,2400.0,moving_end,1804.3861516053175,total,mask_motion,9,154217.39964194794,154217.39964194794,289670.43816870893,0.5323891544367021,1.0
300,2400.0,moving_end,1804.3861516053175,total,predictor_bcs,9,0.0,0.0,0.0,,
300,2400.0,moving_end,1804.3861516053175,total,projection,9,3.483594943271603e-11,1.5110646803641933e-10,1.5247200627310472e-09,0.09910440068963251,0.23053910190211016
300,2400.0,moving_end,1804.3861516053175,total,projection_bcs,9,0.0,0.0,0.0,,
300,2400.0,moving_end,1804.3861516053175,total,surface_drag,9,0.0,0.0,0.0,,
300,2400.0,moving_end,1804.3861516053175,total,transport_microphysics_bcs,9,0.0,0.0,0.0,,
300,2400.0,moving_end,1974.3819179157026,les_label,inferred_muscl_label,9,-249.57830129079554,2445.6170994677605,35512.73768116702,0.06886591288524374,0.10205125787888515
300,2400.0,moving_end,1974.3819179157026,les_label,local_les,9,-2537.0641074979867,2537.0641074979867,13549.302296688797,0.1872468450362938,1.0
300,2400.0,moving_end,1974.3819179157026,les_label,mask_motion,9,1578.612800175862,2039.4897895971246,7349.015175208757,0.27751878870479957,0.7740233896869358
300,2400.0,moving_end,1974.3819179157026,total,advection,9,-144043.3452306179,144043.3452306179,439725.7549397447,0.32757541174807026,1.0
300,2400.0,moving_end,1974.3819179157026,total,buoyancy,9,0.0,0.0,0.0,,
300,2400.0,moving_end,1974.3819179157026,total,coriolis,9,1728.6006782418058,1728.6006782418058,2315.9872282635447,0.7463774657936507,1.0
300,2400.0,moving_end,1974.3819179157026,total,external_forcing,9,0.0,0.0,0.0,,
300,2400.0,moving_end,1974.3819179157026,total,guard,9,0.0,0.0,0.0,,
300,2400.0,moving_end,1974.3819179157026,total,initial_bcs,9,0.0,0.0,0.0,,
300,2400.0,moving_end,1974.3819179157026,total,les,9,-2537.0641074979867,2537.0641074979867,13549.302296688797,0.1872468450362938,1.0
300,2400.0,moving_end,1974.3819179157026,total,mask_motion,9,161272.0502394541,161272.0502394541,299924.83318114217,0.5377082268544682,1.0
300,2400.0,moving_end,1974.3819179157026,total,predictor_bcs,9,0.0,0.0,0.0,,
300,2400.0,moving_end,1974.3819179157026,total,projection,9,1.5189454060840203e-11,9.340165579058794e-11,1.5237610925269286e-09,0.06129678481007501,0.1626251047936009
300,2400.0,moving_end,1974.3819179157026,total,projection_bcs,9,0.0,0.0,0.0,,
300,2400.0,moving_end,1974.3819179157026,total,surface_drag,9,0.0,0.0,0.0,,
300,2400.0,moving_end,1974.3819179157026,total,transport_microphysics_bcs,9,0.0,0.0,0.0,,
300,2400.0,moving_symmetric,39.88822936505957,les_label,inferred_muscl_label,9,2362.937868822267,2362.937868822267,24206.14371981948,0.09761727833118429,1.0
300,2400.0,moving_symmetric,39.88822936505957,les_label,local_les,9,27.871752094797397,84.24928464218398,10914.540671896088,0.007718994978791727,0.33082479231926787
300,2400.0,moving_symmetric,39.88822936505957,les_label,mask_motion,9,-1220.4692416467815,1344.2263373224491,4104.0475149333715,0.3275367384103672,0.907934332009758
300,2400.0,moving_symmetric,39.88822936505957,total,advection,9,-12780.487073680872,12780.487073680872,192501.71841293413,0.06639154797707071,1.0
300,2400.0,moving_symmetric,39.88822936505957,total,buoyancy,9,0.0,0.0,0.0,,
300,2400.0,moving_symmetric,39.88822936505957,total,coriolis,9,3149.8851363311956,3149.8851363311956,5275.485197645202,0.5970797032540623,1.0
300,2400.0,moving_symmetric,39.88822936505957,total,external_forcing,9,0.0,0.0,0.0,,
300,2400.0,moving_symmetric,39.88822936505957,total,guard,9,0.0,0.0,0.0,,
300,2400.0,moving_symmetric,39.88822936505957,total,initial_bcs,9,0.0,0.0,0.0,,
300,2400.0,moving_symmetric,39.88822936505957,total,les,9,27.871752094797397,84.24928464218398,10914.540671896088,0.007718994978791727,0.33082479231926787
300,2400.0,moving_symmetric,39.88822936505957,total,mask_motion,9,-3668.9195804312253,3913.7378188508874,22909.1882054153,0.17083703637851969,0.937446438736782
300,2400.0,moving_symmetric,39.88822936505957,total,predictor_bcs,9,0.0,0.0,0.0,,
300,2400.0,moving_symmetric,39.88822936505957,total,projection,9,-4.7330665845353405e-12,2.1876164286432757e-11,8.363759228190816e-10,0.0261558991472365,0.21635724263922773
300,2400.0,moving_symmetric,39.88822936505957,total,projection_bcs,9,0.0,0.0,0.0,,
300,2400.0,moving_symmetric,39.88822936505957,total,surface_drag,9,-2536.500123162592,2536.500123162592,5249.024866022164,0.4832326361381504,1.0
300,2400.0,moving_symmetric,39.88822936505957,total,transport_microphysics_bcs,9,0.0,0.0,0.0,,
300,2400.0,moving_symmetric,121.65909956343168,les_label,inferred_muscl_label,9,-4483.3980118086065,4521.411757260626,39041.06351312652,0.11581169544063319,0.9915925052853292
300,2400.0,moving_symmetric,121.65909956343168,les_label,local_les,9,9220.619271272804,9220.619271272804,32524.52392867157,0.2834974400084758,1.0
300,2400.0,moving_symmetric,121.65909956343168,les_label,mask_motion,9,-2189.5197537988943,2365.07947453821,8964.525273612613,0.2638265164469894,0.9257700543980264
300,2400.0,moving_symmetric,121.65909956343168,total,advection,9,-34864.4026471992,34864.4026471992,207549.8471694033,0.16798086398369005,1.0
300,2400.0,moving_symmetric,121.65909956343168,total,buoyancy,9,0.0,0.0,0.0,,
300,2400.0,moving_symmetric,121.65909956343168,total,coriolis,9,3403.0248541420347,3403.0248541420347,5325.764521481569,0.6389739614689818,1.0
300,2400.0,moving_symmetric,121.65909956343168,total,external_forcing,9,0.0,0.0,0.0,,
300,2400.0,moving_symmetric,121.65909956343168,total,guard,9,0.0,0.0,0.0,,
300,2400.0,moving_symmetric,121.65909956343168,total,initial_bcs,9,0.0,0.0,0.0,,
300,2400.0,moving_symmetric,121.65909956343168,total,les,9,9220.619271272804,9220.619271272804,32524.52392867157,0.2834974400084758,1.0
300,2400.0,moving_symmetric,121.65909956343168,total,mask_motion,9,8425.6340310636,8425.6340310636,30292.52158313283,0.27814237939686987,1.0
300,2400.0,moving_symmetric,121.65909956343168,total,predictor_bcs,9,0.0,0.0,0.0,,
300,2400.0,moving_symmetric,121.65909956343168,total,projection,9,-3.3702748786512026e-12,1.5764470979762155e-11,8.471312114141624e-10,0.018609243488320614,0.21378927862392824
300,2400.0,moving_symmetric,121.65909956343168,total,projection_bcs,9,0.0,0.0,0.0,,
300,2400.0,moving_symmetric,121.65909956343168,total,surface_drag,9,-2916.693045117907,2916.693045117907,4679.900897620475,0.6232382071596683,1.0
300,2400.0,moving_symmetric,121.65909956343168,total,transport_microphysics_bcs,9,0.0,0.0,0.0,,
300,2400.0,moving_symmetric,207.51851327172238,les_label,inferred_muscl_label,9,2916.4958416900754,4255.316512704607,35759.5380273725,0.11899808407612346,0.685376947398068
300,2400.0,moving_symmetric,207.51851327172238,les_label,local_les,9,-128.7594627417907,3988.2712730035164,25076.82237360966,0.15904213115935664,0.03228452979449003
300,2400.0,moving_symmetric,207.51851327172238,les_label,mask_motion,9,770.1489881915923,2077.0601402142524,6728.623692358481,0.3086901921076541,0.3707880062212113
300,2400.0,moving_symmetric,207.51851327172238,total,advection,9,-42020.30451481002,42020.30451481002,203766.4955087522,0.2062179280744668,1.0
300,2400.0,moving_symmetric,207.51851327172238,total,buoyancy,9,0.0,0.0,0.0,,
300,2400.0,moving_symmetric,207.51851327172238,total,coriolis,9,3690.9724247633662,3690.9724247633662,5421.190608280236,0.6808416621850256,1.0
300,2400.0,moving_symmetric,207.51851327172238,total,external_forcing,9,0.0,0.0,0.0,,
300,2400.0,moving_symmetric,207.51851327172238,total,guard,9,0.0,0.0,0.0,,
300,2400.0,moving_symmetric,207.51851327172238,total,initial_bcs,9,0.0,0.0,0.0,,
300,2400.0,moving_symmetric,207.51851327172238,total,les,9,-128.7594627417907,3988.2712730035164,25076.82237360966,0.15904213115935664,0.03228452979449003
300,2400.0,moving_symmetric,207.51851327172238,total,mask_motion,9,23167.995355961968,23167.995355961968,45784.19793860091,0.5060260176891491,1.0
300,2400.0,moving_symmetric,207.51851327172238,total,predictor_bcs,9,0.0,0.0,0.0,,
300,2400.0,moving_symmetric,207.51851327172238,total,projection,9,-2.8061640383207414e-12,3.222932518094472e-11,8.166838806327473e-10,0.039463647985771684,0.08706865634220164
300,2400.0,moving_symmetric,207.51851327172238,total,projection_bcs,9,0.0,0.0,0.0,,
300,2400.0,moving_symmetric,207.51851327172238,total,surface_drag,9,0.0,0.0,0.0,,
300,2400.0,moving_symmetric,207.51851327172238,total,transport_microphysics_bcs,9,0.0,0.0,0.0,,
300,2400.0,moving_symmetric,297.6708976654277,les_label,inferred_muscl_label,9,5793.481857105597,7231.398622875788,35997.644185748126,0.2008853297610731,0.8011564787451367
300,2400.0,moving_symmetric,297.6708976654277,les_label,local_les,9,-4814.090277999783,5694.3859107935195,21488.32200344777,0.2649990962477137,0.8454099095874122
300,2400.0,moving_symmetric,297.6708976654277,les_label,mask_motion,9,2187.8146263827666,2760.3598169918946,7666.317391650059,0.3600633362764764,0.7925831309799822
300,2400.0,moving_symmetric,297.6708976654277,total,advection,9,-51043.01310290683,51043.01310290683,201646.50883454632,0.2531311521231856,1.0
300,2400.0,moving_symmetric,297.6708976654277,total,buoyancy,9,0.0,0.0,0.0,,
300,2400.0,moving_symmetric,297.6708976654277,total,coriolis,9,3970.0450869502133,3970.0450869502133,5452.67287366657,0.7280915578345735,1.0
300,2400.0,moving_symmetric,297.6708976654277,total,external_forcing,9,0.0,0.0,0.0,,
300,2400.0,moving_symmetric,297.6708976654277,total,guard,9,0.0,0.0,0.0,,
300,2400.0,moving_symmetric,297.6708976654277,total,initial_bcs,9,0.0,0.0,0.0,,
300,2400.0,moving_symmetric,297.6708976654277,total,les,9,-4814.090277999783,5694.3859107935195,21488.32200344777,0.2649990962477137,0.8454099095874122
300,2400.0,moving_symmetric,297.6708976654277,total,mask_motion,9,35952.13579766864,35952.13579766864,63070.077757258725,0.5700347466835161,1.0
300,2400.0,moving_symmetric,297.6708976654277,total,predictor_bcs,9,0.0,0.0,0.0,,
300,2400.0,moving_symmetric,297.6708976654277,total,projection,9,2.572309888286854e-12,2.8863382478772027e-11,8.760437177010594e-10,0.032947422480828006,0.08912018160652843
300,2400.0,moving_symmetric,297.6708976654277,total,projection_bcs,9,0.0,0.0,0.0,,
300,2400.0,moving_symmetric,297.6708976654277,total,surface_drag,9,0.0,0.0,0.0,,
300,2400.0,moving_symmetric,297.6708976654277,total,transport_microphysics_bcs,9,0.0,0.0,0.0,,
300,2400.0,moving_symmetric,392.33090127881815,les_label,inferred_muscl_label,9,7155.216069979185,8333.151138418983,35757.061735733696,0.23304910230057516,0.858644701281239
300,2400.0,moving_symmetric,392.33090127881815,les_label,local_les,9,-8204.399607026598,8204.399607026598,22992.012081334993,0.35683695615691513,1.0
300,2400.0,moving_symmetric,392.33090127881815,les_label,mask_motion,9,3391.6689815051936,3526.706062718802,8002.047479530547,0.4407254607949042,0.961710140053604
300,2400.0,moving_symmetric,392.33090127881815,total,advection,9,-62006.23744881137,62006.23744881137,202827.2140380467,0.3057096541156461,1.0
300,2400.0,moving_symmetric,392.33090127881815,total,buoyancy,9,0.0,0.0,0.0,,
300,2400.0,moving_symmetric,392.33090127881815,total,coriolis,9,4211.50862405977,4211.50862405977,5486.286300618849,0.7676428814122798,1.0
300,2400.0,moving_symmetric,392.33090127881815,total,external_forcing,9,0.0,0.0,0.0,,
300,2400.0,moving_symmetric,392.33090127881815,total,guard,9,0.0,0.0,0.0,,
300,2400.0,moving_symmetric,392.33090127881815,total,initial_bcs,9,0.0,0.0,0.0,,
300,2400.0,moving_symmetric,392.33090127881815,total,les,9,-8204.399607026598,8204.399607026598,22992.012081334993,0.35683695615691513,1.0
300,2400.0,moving_symmetric,392.33090127881815,total,mask_motion,9,49871.86304957482,49871.86304957482,82991.41630863778,0.6009279666237499,1.0
300,2400.0,moving_symmetric,392.33090127881815,total,predictor_bcs,9,0.0,0.0,0.0,,
300,2400.0,moving_symmetric,392.33090127881815,total,projection,9,-2.067919238251455e-11,2.647434616807377e-11,9.093685296509294e-10,0.029112890214307532,0.7811030441028314
300,2400.0,moving_symmetric,392.33090127881815,total,projection_bcs,9,0.0,0.0,0.0,,
300,2400.0,moving_symmetric,392.33090127881815,total,surface_drag,9,0.0,0.0,0.0,,
300,2400.0,moving_symmetric,392.33090127881815,total,transport_microphysics_bcs,9,0.0,0.0,0.0,,
300,2400.0,moving_symmetric,491.72390507287827,les_label,inferred_muscl_label,9,5844.53650679686,9280.446284734748,34469.47949636414,0.269236623828731,0.6297689063090038
300,2400.0,moving_symmetric,491.72390507287827,les_label,local_les,9,-6883.30844416055,6883.30844416055,23316.138258318115,0.2952164877348377,1.0
300,2400.0,moving_symmetric,491.72390507287827,les_label,mask_motion,9,2815.233551028684,2997.6447814077196,8057.672839624314,0.3720236402086888,0.9391484836661087
300,2400.0,moving_symmetric,491.72390507287827,total,advection,9,-72832.17648222143,72832.17648222143,210443.0419047377,0.3460897344146486,1.0
300,2400.0,moving_symmetric,491.72390507287827,total,buoyancy,9,0.0,0.0,0.0,,
300,2400.0,moving_symmetric,491.72390507287827,total,coriolis,9,4411.6309565855345,4411.6309565855345,5493.854356530879,0.8030119967307033,1.0
300,2400.0,moving_symmetric,491.72390507287827,total,external_forcing,9,0.0,0.0,0.0,,
300,2400.0,moving_symmetric,491.72390507287827,total,guard,9,0.0,0.0,0.0,,
300,2400.0,moving_symmetric,491.72390507287827,total,initial_bcs,9,0.0,0.0,0.0,,
300,2400.0,moving_symmetric,491.72390507287827,total,les,9,-6883.30844416055,6883.30844416055,23316.138258318115,0.2952164877348377,1.0
300,2400.0,moving_symmetric,491.72390507287827,total,mask_motion,9,62858.40728503726,62858.40728503726,103690.68302394715,0.6062107554110744,1.0
300,2400.0,moving_symmetric,491.72390507287827,total,predictor_bcs,9,0.0,0.0,0.0,,
300,2400.0,moving_symmetric,491.72390507287827,total,projection,9,-4.2686648893354093e-13,1.760215356040899e-11,9.616432558703968e-10,0.01830424479447634,0.024250810417519312
300,2400.0,moving_symmetric,491.72390507287827,total,projection_bcs,9,0.0,0.0,0.0,,
300,2400.0,moving_symmetric,491.72390507287827,total,surface_drag,9,0.0,0.0,0.0,,
300,2400.0,moving_symmetric,491.72390507287827,total,transport_microphysics_bcs,9,0.0,0.0,0.0,,
300,2400.0,moving_symmetric,596.0865590566414,les_label,inferred_muscl_label,9,3445.519493258572,9402.085964852746,34066.0067526401,0.2759961281380327,0.3664633046473677
300,2400.0,moving_symmetric,596.0865590566414,les_label,local_les,9,-2042.041054970342,3969.2599150801984,22428.143599562634,0.17697674787304296,0.5144639299664212
300,2400.0,moving_symmetric,596.0865590566414,les_label,mask_motion,9,771.2235171140644,1522.705803663654,7844.4061528759985,0.19411358539937196,0.5064822865050416
300,2400.0,moving_symmetric,596.0865590566414,total,advection,9,-90229.2831150507,90229.2831150507,217043.19709363615,0.4157203926374354,1.0
300,2400.0,moving_symmetric,596.0865590566414,total,buoyancy,9,0.0,0.0,0.0,,
300,2400.0,moving_symmetric,596.0865590566414,total,coriolis,9,4549.479610723837,4549.479610723837,5462.585437986025,0.8328436529500147,1.0
300,2400.0,moving_symmetric,596.0865590566414,total,external_forcing,9,0.0,0.0,0.0,,
300,2400.0,moving_symmetric,596.0865590566414,total,guard,9,0.0,0.0,0.0,,
300,2400.0,moving_symmetric,596.0865590566414,total,initial_bcs,9,0.0,0.0,0.0,,
300,2400.0,moving_symmetric,596.0865590566414,total,les,9,-2042.041054970342,3969.2599150801984,22428.143599562634,0.17697674787304296,0.5144639299664212
300,2400.0,moving_symmetric,596.0865590566414,total,mask_motion,9,74230.61466605488,74230.61466605488,122466.9927226379,0.6061275206958964,1.0
300,2400.0,moving_symmetric,596.0865590566414,total,predictor_bcs,9,0.0,0.0,0.0,,
300,2400.0,moving_symmetric,596.0865590566414,total,projection,9,2.537489528495532e-11,3.3140709338784296e-11,1.0359113831477353e-09,0.031991838180291506,0.7656714593993103
300,2400.0,moving_symmetric,596.0865590566414,total,projection_bcs,9,0.0,0.0,0.0,,
300,2400.0,moving_symmetric,596.0865590566414,total,surface_drag,9,0.0,0.0,0.0,,
300,2400.0,moving_symmetric,596.0865590566414,total,transport_microphysics_bcs,9,0.0,0.0,0.0,,
300,2400.0,moving_symmetric,705.6673457395926,les_label,inferred_muscl_label,9,1462.783895917783,7215.7716594290705,34698.21402813342,0.20795801344641254,0.20272036934626642
300,2400.0,moving_symmetric,705.6673457395926,les_label,local_les,9,483.09791397104027,4593.883862063778,21046.14129514031,0.2182767756636004,0.10516110734980816
300,2400.0,moving_symmetric,705.6673457395926,les_label,mask_motion,9,442.28902398329365,1096.3420619210162,8184.32334705779,0.1339563474499262,0.4034224712753541
300,2400.0,moving_symmetric,705.6673457395926,total,advection,9,-113034.87261058089,113034.87261058089,225508.45672296788,0.5012444954534088,1.0
300,2400.0,moving_symmetric,705.6673457395926,total,buoyancy,9,0.0,0.0,0.0,,
300,2400.0,moving_symmetric,705.6673457395926,total,coriolis,9,4575.776526605998,4575.776526605998,5348.528879229466,0.855520579570135,1.0
300,2400.0,moving_symmetric,705.6673457395926,total,external_forcing,9,0.0,0.0,0.0,,
300,2400.0,moving_symmetric,705.6673457395926,total,guard,9,0.0,0.0,0.0,,
300,2400.0,moving_symmetric,705.6673457395926,total,initial_bcs,9,0.0,0.0,0.0,,
300,2400.0,moving_symmetric,705.6673457395926,total,les,9,483.09791397104027,4593.883862063778,21046.14129514031,0.2182767756636004,0.10516110734980816
300,2400.0,moving_symmetric,705.6673457395926,total,mask_motion,9,88976.46083430953,88976.46083430953,143546.87562870345,0.6198425458207459,1.0
300,2400.0,moving_symmetric,705.6673457395926,total,predictor_bcs,9,0.0,0.0,0.0,,
300,2400.0,moving_symmetric,705.6673457395926,total,projection,9,2.212494818625539e-11,4.93087135644122e-11,1.0781640353876245e-09,0.04573396250106283,0.448702604203078
300,2400.0,moving_symmetric,705.6673457395926,total,projection_bcs,9,0.0,0.0,0.0,,
300,2400.0,moving_symmetric,705.6673457395926,total,surface_drag,9,0.0,0.0,0.0,,
300,2400.0,moving_symmetric,705.6673457395926,total,transport_microphysics_bcs,9,0.0,0.0,0.0,,
300,2400.0,moving_symmetric,820.7271717566915,les_label,inferred_muscl_label,9,-1134.1350408505907,9417.42133794102,40196.22697127377,0.23428620165447814,0.12042946791404288
300,2400.0,moving_symmetric,820.7271717566915,les_label,local_les,9,1576.8605491580997,3737.8061115174255,19569.137087803512,0.1910051574960358,0.42186793592617533
300,2400.0,moving_symmetric,820.7271717566915,les_label,mask_motion,9,790.4503854486478,1086.3630303479624,8471.498718005127,0.1282374071590227,0.7276116393573024
300,2400.0,moving_symmetric,820.7271717566915,total,advection,9,-136159.8736915767,136159.8736915767,253464.76797341128,0.5371944778765466,1.0
300,2400.0,moving_symmetric,820.7271717566915,total,buoyancy,9,0.0,0.0,0.0,,
300,2400.0,moving_symmetric,820.7271717566915,total,coriolis,9,4457.815920626455,4457.815920626455,5154.860303186404,0.8647791905962844,1.0
300,2400.0,moving_symmetric,820.7271717566915,total,external_forcing,9,0.0,0.0,0.0,,
300,2400.0,moving_symmetric,820.7271717566915,total,guard,9,0.0,0.0,0.0,,
300,2400.0,moving_symmetric,820.7271717566915,total,initial_bcs,9,0.0,0.0,0.0,,
300,2400.0,moving_symmetric,820.7271717566915,total,les,9,1576.8605491580997,3737.8061115174255,19569.137087803512,0.1910051574960358,0.42186793592617533
300,2400.0,moving_symmetric,820.7271717566915,total,mask_motion,9,105627.91957749057,105627.91957749057,168021.36245350933,0.6286576780182775,1.0
300,2400.0,moving_symmetric,820.7271717566915,total,predictor_bcs,9,0.0,0.0,0.0,,
300,2400.0,moving_symmetric,820.7271717566915,total,projection,9,4.6750390042969085e-11,5.0196386887777964e-11,1.0864372965569395e-09,0.04620274639581761,0.9313497034654515
300,2400.0,moving_symmetric,820.7271717566915,total,projection_bcs,9,0.0,0.0,0.0,,
300,2400.0,moving_symmetric,820.7271717566915,total,surface_drag,9,0.0,0.0,0.0,,
300,2400.0,moving_symmetric,820.7271717566915,total,transport_microphysics_bcs,9,0.0,0.0,0.0,,
300,2400.0,moving_symmetric,941.5399890746453,les_label,inferred_muscl_label,9,-3212.039161334991,9685.283642231503,46813.541958614594,0.20689063969553417,0.33164120742208153
300,2400.0,moving_symmetric,941.5399890746453,les_label,local_les,9,3014.1078171937766,3661.3234340237846,20229.109089626032,0.18099281672772224,0.8232290513272902
300,2400.0,moving_symmetric,941.5399890746453,les_label,mask_motion,9,460.38334568210644,1771.9098677641668,8597.812058902176,0.20608846246290427,0.2598232303221088
300,2400.0,moving_symmetric,941.5399890746453,total,advection,9,-154960.6822198893,154960.6822198893,287916.7616538119,0.5382134799300514,1.0
300,2400.0,moving_symmetric,941.5399890746453,total,buoyancy,9,0.0,0.0,0.0,,
300,2400.0,moving_symmetric,941.5399890746453,total,coriolis,9,4239.272429644089,4239.272429644089,4884.385784115104,0.8679233412379017,1.0
300,2400.0,moving_symmetric,941.5399890746453,total,external_forcing,9,0.0,0.0,0.0,,
300,2400.0,moving_symmetric,941.5399890746453,total,guard,9,0.0,0.0,0.0,,
300,2400.0,moving_symmetric,941.5399890746453,total,initial_bcs,9,0.0,0.0,0.0,,
300,2400.0,moving_symmetric,941.5399890746453,total,les,9,3014.1078171937766,3661.3234340237846,20229.109089626032,0.18099281672772224,0.8232290513272902
300,2400.0,moving_symmetric,941.5399890746453,total,mask_motion,9,120354.35732839095,120354.35732839095,192956.15432400652,0.6237394072764081,1.0
300,2400.0,moving_symmetric,941.5399890746453,total,predictor_bcs,9,0.0,0.0,0.0,,
300,2400.0,moving_symmetric,941.5399890746453,total,projection,9,-3.905653037921818e-11,5.720660837738229e-11,1.171044595979666e-09,0.048850922137192145,0.6827275989090084
300,2400.0,moving_symmetric,941.5399890746453,total,projection_bcs,9,0.0,0.0,0.0,,
300,2400.0,moving_symmetric,941.5399890746453,total,surface_drag,9,0.0,0.0,0.0,,
300,2400.0,moving_symmetric,941.5399890746453,total,transport_microphysics_bcs,9,0.0,0.0,0.0,,
300,2400.0,moving_symmetric,1068.3934472584967,les_label,inferred_muscl_label,9,-3460.266977144293,8153.118364569814,49906.79425329434,0.16336690197310413,0.4244102467813085
300,2400.0,moving_symmetric,1068.3934472584967,les_label,local_les,9,3433.5681635884152,3595.4894934599965,16607.343881430414,0.2164999724899002,0.9549654281660098
300,2400.0,moving_symmetric,1068.3934472584967,les_label,mask_motion,9,-430.48384155641446,3026.407159580003,8881.82498848786,0.3407415889755391,0.14224254003422193
300,2400.0,moving_symmetric,1068.3934472584967,total,advection,9,-165537.88373962746,165537.88373962746,330967.57293568016,0.5001634518793111,1.0
300,2400.0,moving_symmetric,1068.3934472584967,total,buoyancy,9,0.0,0.0,0.0,,
300,2400.0,moving_symmetric,1068.3934472584967,total,coriolis,9,3958.7867553486044,3958.7867553486044,4540.347744060955,0.8719126768488015,1.0
300,2400.0,moving_symmetric,1068.3934472584967,total,external_forcing,9,0.0,0.0,0.0,,
300,2400.0,moving_symmetric,1068.3934472584967,total,guard,9,0.0,0.0,0.0,,
300,2400.0,moving_symmetric,1068.3934472584967,total,initial_bcs,9,0.0,0.0,0.0,,
300,2400.0,moving_symmetric,1068.3934472584967,total,les,9,3433.5681635884152,3595.4894934599965,16607.343881430414,0.2164999724899002,0.9549654281660098
300,2400.0,moving_symmetric,1068.3934472584967,total,mask_motion,9,131651.93750952766,131651.93750952766,216942.2289455131,0.6068525162180074,1.0
300,2400.0,moving_symmetric,1068.3934472584967,total,predictor_bcs,9,0.0,0.0,0.0,,
300,2400.0,moving_symmetric,1068.3934472584967,total,projection,9,-1.3327504383301228e-11,5.061762166640345e-11,1.1849394451486205e-09,0.042717475457199214,0.2632977201326534
300,2400.0,moving_symmetric,1068.3934472584967,total,projection_bcs,9,0.0,0.0,0.0,,
300,2400.0,moving_symmetric,1068.3934472584967,total,surface_drag,9,0.0,0.0,0.0,,
300,2400.0,moving_symmetric,1068.3934472584967,total,transport_microphysics_bcs,9,0.0,0.0,0.0,,
300,2400.0,moving_symmetric,1201.5895783515407,les_label,inferred_muscl_label,9,-1936.8093518595842,4777.74050749494,48953.29605086087,0.09759793298761793,0.4053818638373665
300,2400.0,moving_symmetric,1201.5895783515407,les_label,local_les,9,2173.3278512801057,2982.248620229853,12670.658708687895,0.23536650215233193,0.7287547512093742
300,2400.0,moving_symmetric,1201.5895783515407,les_label,mask_motion,9,-873.928205545955,1841.7234189532285,8199.563464385767,0.22461237442122695,0.4745165297635545
300,2400.0,moving_symmetric,1201.5895783515407,total,advection,9,-168422.01490277238,168422.01490277238,368913.7099375393,0.45653498464800313,1.0
300,2400.0,moving_symmetric,1201.5895783515407,total,buoyancy,9,0.0,0.0,0.0,,
300,2400.0,moving_symmetric,1201.5895783515407,total,coriolis,9,3639.7945102904546,3639.7945102904546,4153.2097129874555,0.8763811032485295,1.0
300,2400.0,moving_symmetric,1201.5895783515407,total,external_forcing,9,0.0,0.0,0.0,,
300,2400.0,moving_symmetric,1201.5895783515407,total,guard,9,0.0,0.0,0.0,,
300,2400.0,moving_symmetric,1201.5895783515407,total,initial_bcs,9,0.0,0.0,0.0,,
300,2400.0,moving_symmetric,1201.5895783515407,total,les,9,2173.3278512801057,2982.248620229853,12670.658708687895,0.23536650215233193,0.7287547512093742
300,2400.0,moving_symmetric,1201.5895783515407,total,mask_motion,9,139955.98474440808,139955.98474440808,236259.20640727968,0.5923832000990574,1.0
300,2400.0,moving_symmetric,1201.5895783515407,total,predictor_bcs,9,0.0,0.0,0.0,,
300,2400.0,moving_symmetric,1201.5895783515407,total,projection,9,-1.989802782743785e-11,6.321063631874414e-11,1.2848855276952869e-09,0.04919553917937401,0.31478923463292835
300,2400.0,moving_symmetric,1201.5895783515407,total,projection_bcs,9,0.0,0.0,0.0,,
300,2400.0,moving_symmetric,1201.5895783515407,total,surface_drag,9,0.0,0.0,0.0,,
300,2400.0,moving_symmetric,1201.5895783515407,total,transport_microphysics_bcs,9,0.0,0.0,0.0,,
300,2400.0,moving_symmetric,1341.445515999237,les_label,inferred_muscl_label,9,893.8353536532339,2515.9416177333296,44351.32229204528,0.05672754469790817,0.3552687182218922
300,2400.0,moving_symmetric,1341.445515999237,les_label,local_les,9,655.570991383016,2430.7889234888244,12613.829525007433,0.19270824285913218,0.26969474192028914
300,2400.0,moving_symmetric,1341.445515999237,les_label,mask_motion,9,-2125.398538880415,2125.398538880415,8254.733449748503,0.25747633788770846,1.0
300,2400.0,moving_symmetric,1341.445515999237,total,advection,9,-166184.96545024434,166184.96545024434,395980.3509984166,0.41967982762586337,1.0
300,2400.0,moving_symmetric,1341.445515999237,total,buoyancy,9,0.0,0.0,0.0,,
300,2400.0,moving_symmetric,1341.445515999237,total,coriolis,9,3287.0719585951347,3287.0719585951347,3737.2567559049126,0.8795413784192161,1.0
300,2400.0,moving_symmetric,1341.445515999237,total,external_forcing,9,0.0,0.0,0.0,,
300,2400.0,moving_symmetric,1341.445515999237,total,guard,9,0.0,0.0,0.0,,
300,2400.0,moving_symmetric,1341.445515999237,total,initial_bcs,9,0.0,0.0,0.0,,
300,2400.0,moving_symmetric,1341.445515999237,total,les,9,655.570991383016,2430.7889234888244,12613.829525007433,0.19270824285913218,0.26969474192028914
300,2400.0,moving_symmetric,1341.445515999237,total,mask_motion,9,145831.05044961293,145831.05044961293,251568.83425120573,0.5796864738181057,1.0
300,2400.0,moving_symmetric,1341.445515999237,total,predictor_bcs,9,0.0,0.0,0.0,,
300,2400.0,moving_symmetric,1341.445515999237,total,projection,9,3.5679238494343464e-11,4.119941997423552e-11,1.2504896562817247e-09,0.03294662995993118,0.8660131263172113
300,2400.0,moving_symmetric,1341.445515999237,total,projection_bcs,9,0.0,0.0,0.0,,
300,2400.0,moving_symmetric,1341.445515999237,total,surface_drag,9,0.0,0.0,0.0,,
300,2400.0,moving_symmetric,1341.445515999237,total,transport_microphysics_bcs,9,0.0,0.0,0.0,,
300,2400.0,moving_symmetric,1488.294250529318,les_label,inferred_muscl_label,9,2004.3925544442434,2004.3925544442434,41926.67856019872,0.047807091409979394,1.0
300,2400.0,moving_symmetric,1488.294250529318,les_label,local_les,9,-249.79936898624788,2124.195932379893,13547.558557804106,0.15679547892828588,0.11759714119515298
300,2400.0,moving_symmetric,1488.294250529318,les_label,mask_motion,9,-2401.7126592044283,2402.583035803479,7917.2929630415765,0.30346016586968405,0.9996377329790145
300,2400.0,moving_symmetric,1488.294250529318,total,advection,9,-161977.46342463564,161977.46342463564,417554.89921180427,0.3879189628247488,1.0
300,2400.0,moving_symmetric,1488.294250529318,total,buoyancy,9,0.0,0.0,0.0,,
300,2400.0,moving_symmetric,1488.294250529318,total,coriolis,9,2919.789177336176,2919.789177336176,3319.0250029349536,0.8797129201359615,1.0
300,2400.0,moving_symmetric,1488.294250529318,total,external_forcing,9,0.0,0.0,0.0,,
300,2400.0,moving_symmetric,1488.294250529318,total,guard,9,0.0,0.0,0.0,,
300,2400.0,moving_symmetric,1488.294250529318,total,initial_bcs,9,0.0,0.0,0.0,,
300,2400.0,moving_symmetric,1488.294250529318,total,les,9,-249.79936898624788,2124.195932379893,13547.558557804106,0.15679547892828588,0.11759714119515298
300,2400.0,moving_symmetric,1488.294250529318,total,mask_motion,9,150407.7045940905,150407.7045940905,264666.87116031745,0.5682906362050262,1.0
300,2400.0,moving_symmetric,1488.294250529318,total,predictor_bcs,9,0.0,0.0,0.0,,
300,2400.0,moving_symmetric,1488.294250529318,total,projection,9,-2.2438134648035727e-11,7.668947683618329e-11,1.3531648926825554e-09,0.056674154976154995,0.2925842706681377
300,2400.0,moving_symmetric,1488.294250529318,total,projection_bcs,9,0.0,0.0,0.0,,
300,2400.0,moving_symmetric,1488.294250529318,total,surface_drag,9,0.0,0.0,0.0,,
300,2400.0,moving_symmetric,1488.294250529318,total,transport_microphysics_bcs,9,0.0,0.0,0.0,,
300,2400.0,moving_symmetric,1642.4854217859033,les_label,inferred_muscl_label,9,1759.896387130807,1977.7678412780056,39697.99626588166,0.04982034428215696,0.8898397225397228
300,2400.0,moving_symmetric,1642.4854217859033,les_label,local_les,9,-1244.8963599812164,2208.398979888956,14040.984268639902,0.1572823484192163,0.563709896317654
300,2400.0,moving_symmetric,1642.4854217859033,les_label,mask_motion,9,-1472.9709774448568,1943.1927292612816,7627.778418375094,0.25475212082461485,0.7580158958318134
300,2400.0,moving_symmetric,1642.4854217859033,total,advection,9,-158510.04136978535,158510.04136978535,432620.7816330599,0.3663948846179801,1.0
300,2400.0,moving_symmetric,1642.4854217859033,total,buoyancy,9,0.0,0.0,0.0,,
300,2400.0,moving_symmetric,1642.4854217859033,total,coriolis,9,2547.4212145141555,2547.4212145141555,2935.1075902438183,0.8679140836205401,1.0
300,2400.0,moving_symmetric,1642.4854217859033,total,external_forcing,9,0.0,0.0,0.0,,
300,2400.0,moving_symmetric,1642.4854217859033,total,guard,9,0.0,0.0,0.0,,
300,2400.0,moving_symmetric,1642.4854217859033,total,initial_bcs,9,0.0,0.0,0.0,,
300,2400.0,moving_symmetric,1642.4854217859033,total,les,9,-1244.8963599812164,2208.398979888956,14040.984268639902,0.1572823484192163,0.563709896317654
300,2400.0,moving_symmetric,1642.4854217859033,total,mask_motion,9,156038.86027783388,156038.86027783388,278134.759163194,0.5610189130883816,1.0
300,2400.0,moving_symmetric,1642.4854217859033,total,predictor_bcs,9,0.0,0.0,0.0,,
300,2400.0,moving_symmetric,1642.4854217859033,total,projection,9,-5.1233429177436105e-11,7.63782676669392e-11,1.317074498836961e-09,0.057990848455713645,0.6707854307569325
300,2400.0,moving_symmetric,1642.4854217859033,total,projection_bcs,9,0.0,0.0,0.0,,
300,2400.0,moving_symmetric,1642.4854217859033,total,surface_drag,9,0.0,0.0,0.0,,
300,2400.0,moving_symmetric,1642.4854217859033,total,transport_microphysics_bcs,9,0.0,0.0,0.0,,
300,2400.0,moving_symmetric,1804.3861516053175,les_label,inferred_muscl_label,9,1110.503972732897,1877.3989934552053,38540.78027616492,0.0487120130937323,0.5915119676766747
300,2400.0,moving_symmetric,1804.3861516053175,les_label,local_les,9,-2201.659029337507,2620.92724764052,13292.818872067264,0.19716865721746799,0.8400305774681622
300,2400.0,moving_symmetric,1804.3861516053175,les_label,mask_motion,9,-196.13860887867293,1620.5997166454779,7314.959874624658,0.22154594754063955,0.12102841118883163
300,2400.0,moving_symmetric,1804.3861516053175,total,advection,9,-155366.37788055727,155366.37788055727,437214.0437462145,0.3553554148199808,1.0
300,2400.0,moving_symmetric,1804.3861516053175,total,buoyancy,9,0.0,0.0,0.0,,
300,2400.0,moving_symmetric,1804.3861516053175,total,coriolis,9,2176.233825475048,2176.233825475048,2589.230328285402,0.8404944904674272,1.0
300,2400.0,moving_symmetric,1804.3861516053175,total,external_forcing,9,0.0,0.0,0.0,,
300,2400.0,moving_symmetric,1804.3861516053175,total,guard,9,0.0,0.0,0.0,,
300,2400.0,moving_symmetric,1804.3861516053175,total,initial_bcs,9,0.0,0.0,0.0,,
300,2400.0,moving_symmetric,1804.3861516053175,total,les,9,-2201.659029337507,2620.92724764052,13292.818872067264,0.19716865721746799,0.8400305774681622
300,2400.0,moving_symmetric,1804.3861516053175,total,mask_motion,9,162343.05986327294,162343.05986327294,291292.80082070123,0.5573191627320703,1.0
300,2400.0,moving_symmetric,1804.3861516053175,total,predictor_bcs,9,0.0,0.0,0.0,,
300,2400.0,moving_symmetric,1804.3861516053175,total,projection,9,4.467659610183283e-11,1.1570193503236464e-10,1.422475304355879e-09,0.08133844902478392,0.3861352542577244
300,2400.0,moving_symmetric,1804.3861516053175,total,projection_bcs,9,0.0,0.0,0.0,,
300,2400.0,moving_symmetric,1804.3861516053175,total,surface_drag,9,0.0,0.0,0.0,,
300,2400.0,moving_symmetric,1804.3861516053175,total,transport_microphysics_bcs,9,0.0,0.0,0.0,,
300,2400.0,moving_symmetric,1974.3819179157026,les_label,inferred_muscl_label,9,95.8091023341955,1973.3659691960481,35890.57621654335,0.05498284444612644,0.048551107006891504
300,2400.0,moving_symmetric,1974.3819179157026,les_label,local_les,9,-1946.9098345061739,1946.9098345061739,12895.03518746939,0.15098135105502172,1.0
300,2400.0,moving_symmetric,1974.3819179157026,les_label,mask_motion,9,643.0711235590577,1651.5352316464487,7168.110390202288,0.2304003624028789,0.3893777808893409
300,2400.0,moving_symmetric,1974.3819179157026,total,advection,9,-154009.847795447,154009.847795447,439985.51865001547,0.35003390172473714,1.0
300,2400.0,moving_symmetric,1974.3819179157026,total,buoyancy,9,0.0,0.0,0.0,,
300,2400.0,moving_symmetric,1974.3819179157026,total,coriolis,9,1828.0307383406043,1828.0307383406043,2299.0802030537957,0.7951139485749513,1.0
300,2400.0,moving_symmetric,1974.3819179157026,total,external_forcing,9,0.0,0.0,0.0,,
300,2400.0,moving_symmetric,1974.3819179157026,total,guard,9,0.0,0.0,0.0,,
300,2400.0,moving_symmetric,1974.3819179157026,total,initial_bcs,9,0.0,0.0,0.0,,
300,2400.0,moving_symmetric,1974.3819179157026,total,les,9,-1946.9098345061739,1946.9098345061739,12895.03518746939,0.15098135105502172,1.0
300,2400.0,moving_symmetric,1974.3819179157026,total,mask_motion,9,170548.9684711926,170548.9684711926,303633.6630819737,0.5616932152386165,1.0
300,2400.0,moving_symmetric,1974.3819179157026,total,predictor_bcs,9,0.0,0.0,0.0,,
300,2400.0,moving_symmetric,1974.3819179157026,total,projection,9,2.326208435929057e-12,6.216946732427164e-11,1.4289940638298987e-09,0.04350575618043437,0.03741721677935111
300,2400.0,moving_symmetric,1974.3819179157026,total,projection_bcs,9,0.0,0.0,0.0,,
300,2400.0,moving_symmetric,1974.3819179157026,total,surface_drag,9,0.0,0.0,0.0,,
300,2400.0,moving_symmetric,1974.3819179157026,total,transport_microphysics_bcs,9,0.0,0.0,0.0,,
300,4200.0,fixed_initial,39.88822936505957,les_label,inferred_muscl_label,9,-8644.083363782885,8794.851152970625,122513.44209558569,0.07178682602117106,0.9828572665340886
300,4200.0,fixed_initial,39.88822936505957,les_label,local_les,9,-48.703534479179794,103.80690975084877,17975.882900180302,0.0057747878269616216,0.4691743025206621
300,4200.0,fixed_initial,39.88822936505957,les_label,mask_motion,9,0.0,0.0,0.0,,
300,4200.0,fixed_initial,39.88822936505957,total,advection,9,-17446.476234494883,17446.476234494883,312668.37642017804,0.05579865937912925,1.0
300,4200.0,fixed_initial,39.88822936505957,total,buoyancy,9,0.0,0.0,0.0,,
300,4200.0,fixed_initial,39.88822936505957,total,coriolis,9,3570.855846123397,3614.1165548125973,11135.540394960895,0.32455690757927413,0.9880300737308558
300,4200.0,fixed_initial,39.88822936505957,total,external_forcing,9,0.0,0.0,0.0,,
300,4200.0,fixed_initial,39.88822936505957,total,guard,9,0.0,0.0,0.0,,
300,4200.0,fixed_initial,39.88822936505957,total,initial_bcs,9,0.0,0.0,0.0,,
300,4200.0,fixed_initial,39.88822936505957,total,les,9,-48.703534479179794,103.80690975084877,17975.882900180302,0.0057747878269616216,0.4691743025206621
300,4200.0,fixed_initial,39.88822936505957,total,mask_motion,9,0.0,0.0,0.0,,
300,4200.0,fixed_initial,39.88822936505957,total,predictor_bcs,9,0.0,0.0,0.0,,
300,4200.0,fixed_initial,39.88822936505957,total,projection,9,-1.620940944602096e-11,6.390154580752175e-11,2.760392475978199e-09,0.02314944210419824,0.2536622430832178
300,4200.0,fixed_initial,39.88822936505957,total,projection_bcs,9,0.0,0.0,0.0,,
300,4200.0,fixed_initial,39.88822936505957,total,surface_drag,9,-3848.5125949850117,3855.6881732939473,13300.015684680242,0.2899010245330132,0.9981389630109
300,4200.0,fixed_initial,39.88822936505957,total,transport_microphysics_bcs,9,0.0,0.0,0.0,,
300,4200.0,fixed_initial,121.65909956343168,les_label,inferred_muscl_label,9,-2193.5966069014166,8510.772851961308,211662.22885487234,0.040209218706644054,0.2577435263585847
300,4200.0,fixed_initial,121.65909956343168,les_label,local_les,9,-1308.7985004870586,4282.726294128551,147270.57399314857,0.029080665458177644,0.30559938006810516
300,4200.0,fixed_initial,121.65909956343168,les_label,mask_motion,9,0.0,0.0,0.0,,
300,4200.0,fixed_initial,121.65909956343168,total,advection,9,-34531.093648059374,34531.093648059374,413940.18777823384,0.08342049085255578,1.0
300,4200.0,fixed_initial,121.65909956343168,total,buoyancy,9,0.0,0.0,0.0,,
300,4200.0,fixed_initial,121.65909956343168,total,coriolis,9,3958.816445325263,3958.816445325263,11181.30673423791,0.3540566893852488,1.0
300,4200.0,fixed_initial,121.65909956343168,total,external_forcing,9,0.0,0.0,0.0,,
300,4200.0,fixed_initial,121.65909956343168,total,guard,9,0.0,0.0,0.0,,
300,4200.0,fixed_initial,121.65909956343168,total,initial_bcs,9,0.0,0.0,0.0,,
300,4200.0,fixed_initial,121.65909956343168,total,les,9,-1308.7985004870586,4282.726294128551,147270.57399314857,0.029080665458177644,0.30559938006810516
300,4200.0,fixed_initial,121.65909956343168,total,mask_motion,9,0.0,0.0,0.0,,
300,4200.0,fixed_initial,121.65909956343168,total,predictor_bcs,9,0.0,0.0,0.0,,
300,4200.0,fixed_initial,121.65909956343168,total,projection,9,-3.343434919181776e-13,3.9721953639229644e-11,2.484654461394094e-09,0.015986912569300436,0.008417095869825947
300,4200.0,fixed_initial,121.65909956343168,total,projection_bcs,9,0.0,0.0,0.0,,
300,4200.0,fixed_initial,121.65909956343168,total,surface_drag,9,-1772.427417161862,1867.1734706539057,12895.11474821054,0.14479696436303632,0.9492569624723393
300,4200.0,fixed_initial,121.65909956343168,total,transport_microphysics_bcs,9,0.0,0.0,0.0,,
300,4200.0,fixed_initial,207.51851327172238,les_label,inferred_muscl_label,9,-1615.3440192450296,9422.227766785601,203777.81995969746,0.046237749371590586,0.17143971247853895
300,4200.0,fixed_initial,207.51851327172238,les_label,local_les,9,5735.419167774423,9537.218700476913,133243.90539476517,0.07157714772935203,0.601372302334602
300,4200.0,fixed_initial,207.51851327172238,les_label,mask_motion,9,0.0,0.0,0.0,,
300,4200.0,fixed_initial,207.51851327172238,total,advection,9,-59253.22699219578,59253.22699219578,431460.4995629076,0.13733175354921817,1.0
300,4200.0,fixed_initial,207.51851327172238,total,buoyancy,9,0.0,0.0,0.0,,
300,4200.0,fixed_initial,207.51851327172238,total,coriolis,9,4405.035393214342,4405.035393214342,11425.807595376318,0.3855338326366468,1.0
300,4200.0,fixed_initial,207.51851327172238,total,external_forcing,9,0.0,0.0,0.0,,
300,4200.0,fixed_initial,207.51851327172238,total,guard,9,0.0,0.0,0.0,,
300,4200.0,fixed_initial,207.51851327172238,total,initial_bcs,9,0.0,0.0,0.0,,
300,4200.0,fixed_initial,207.51851327172238,total,les,9,5735.419167774423,9537.218700476913,133243.90539476517,0.07157714772935203,0.601372302334602
300,4200.0,fixed_initial,207.51851327172238,total,mask_motion,9,0.0,0.0,0.0,,
300,4200.0,fixed_initial,207.51851327172238,total,predictor_bcs,9,0.0,0.0,0.0,,
300,4200.0,fixed_initial,207.51851327172238,total,projection,9,2.035264847585381e-11,5.593815853941885e-11,2.457654422226757e-09,0.02276079095316261,0.363841946307753
300,4200.0,fixed_initial,207.51851327172238,total,projection_bcs,9,0.0,0.0,0.0,,
300,4200.0,fixed_initial,207.51851327172238,total,surface_drag,9,0.0,0.0,0.0,,
300,4200.0,fixed_initial,207.51851327172238,total,transport_microphysics_bcs,9,0.0,0.0,0.0,,
300,4200.0,fixed_initial,297.6708976654277,les_label,inferred_muscl_label,9,-8154.562997925313,13848.703889446253,166405.68818978377,0.0832225390856349,0.5888322158537665
300,4200.0,fixed_initial,297.6708976654277,les_label,local_les,9,17141.75135918025,19541.042376770994,108431.76891995942,0.18021510274535424,0.8772178591433355
300,4200.0,fixed_initial,297.6708976654277,les_label,mask_motion,9,0.0,0.0,0.0,,
300,4200.0,fixed_initial,297.6708976654277,total,advection,9,-86042.46492567711,86042.46492567711,449942.54795171844,0.19122989216594377,1.0
300,4200.0,fixed_initial,297.6708976654277,total,buoyancy,9,0.0,0.0,0.0,,
300,4200.0,fixed_initial,297.6708976654277,total,coriolis,9,4803.435862887481,4803.435862887481,11585.776226253309,0.41459767296410577,1.0
300,4200.0,fixed_initial,297.6708976654277,total,external_forcing,9,0.0,0.0,0.0,,
300,4200.0,fixed_initial,297.6708976654277,total,guard,9,0.0,0.0,0.0,,
300,4200.0,fixed_initial,297.6708976654277,total,initial_bcs,9,0.0,0.0,0.0,,
300,4200.0,fixed_initial,297.6708976654277,total,les,9,17141.75135918025,19541.042376770994,108431.76891995942,0.18021510274535424,0.8772178591433355
300,4200.0,fixed_initial,297.6708976654277,total,mask_motion,9,0.0,0.0,0.0,,
300,4200.0,fixed_initial,297.6708976654277,total,predictor_bcs,9,0.0,0.0,0.0,,
300,4200.0,fixed_initial,297.6708976654277,total,projection,9,8.140079796738024e-12,4.0396753553967216e-11,2.559444917891104e-09,0.01578340415594987,0.20150331599947632
300,4200.0,fixed_initial,297.6708976654277,total,projection_bcs,9,0.0,0.0,0.0,,
300,4200.0,fixed_initial,297.6708976654277,total,surface_drag,9,0.0,0.0,0.0,,
300,4200.0,fixed_initial,297.6708976654277,total,transport_microphysics_bcs,9,0.0,0.0,0.0,,
300,4200.0,fixed_initial,392.33090127881815,les_label,inferred_muscl_label,9,-10761.316437540958,13506.724548913444,149930.14532847508,0.09008678354391093,0.7967376841490899
300,4200.0,fixed_initial,392.33090127881815,les_label,local_les,9,21418.36032021064,21581.925154271543,98974.3947638089,0.2180556416209904,0.9924212120609393
300,4200.0,fixed_initial,392.33090127881815,les_label,mask_motion,9,0.0,0.0,0.0,,
300,4200.0,fixed_initial,392.33090127881815,total,advection,9,-105277.58045187402,105277.58045187402,472414.1287129519,0.2228501944653792,1.0
300,4200.0,fixed_initial,392.33090127881815,total,buoyancy,9,0.0,0.0,0.0,,
300,4200.0,fixed_initial,392.33090127881815,total,coriolis,9,5207.387377854331,5207.387377854331,11755.47553912304,0.4429754764512745,1.0
300,4200.0,fixed_initial,392.33090127881815,total,external_forcing,9,0.0,0.0,0.0,,
300,4200.0,fixed_initial,392.33090127881815,total,guard,9,0.0,0.0,0.0,,
300,4200.0,fixed_initial,392.33090127881815,total,initial_bcs,9,0.0,0.0,0.0,,
300,4200.0,fixed_initial,392.33090127881815,total,les,9,21418.36032021064,21581.925154271543,98974.3947638089,0.2180556416209904,0.9924212120609393
300,4200.0,fixed_initial,392.33090127881815,total,mask_motion,9,0.0,0.0,0.0,,
300,4200.0,fixed_initial,392.33090127881815,total,predictor_bcs,9,0.0,0.0,0.0,,
300,4200.0,fixed_initial,392.33090127881815,total,projection,9,8.535362015255228e-12,4.968712685708704e-11,2.7331194930167548e-09,0.018179639413512624,0.17178216079599704
300,4200.0,fixed_initial,392.33090127881815,total,projection_bcs,9,0.0,0.0,0.0,,
300,4200.0,fixed_initial,392.33090127881815,total,surface_drag,9,0.0,0.0,0.0,,
300,4200.0,fixed_initial,392.33090127881815,total,transport_microphysics_bcs,9,0.0,0.0,0.0,,
300,4200.0,fixed_initial,491.72390507287827,les_label,inferred_muscl_label,9,-8945.14023361347,8945.14023361347,135024.41673357846,0.06624831604541162,1.0
300,4200.0,fixed_initial,491.72390507287827,les_label,local_les,9,18714.250024974965,18714.250024974965,85504.86727574412,0.21886765772787523,1.0
300,4200.0,fixed_initial,491.72390507287827,les_label,mask_motion,9,0.0,0.0,0.0,,
300,4200.0,fixed_initial,491.72390507287827,total,advection,9,-113411.37062511986,113411.37062511986,516550.6908711733,0.2195551620187542,1.0
300,4200.0,fixed_initial,491.72390507287827,total,buoyancy,9,0.0,0.0,0.0,,
300,4200.0,fixed_initial,491.72390507287827,total,coriolis,9,5570.43143351979,5570.43143351979,11889.814053285623,0.4685045038177414,1.0
300,4200.0,fixed_initial,491.72390507287827,total,external_forcing,9,0.0,0.0,0.0,,
300,4200.0,fixed_initial,491.72390507287827,total,guard,9,0.0,0.0,0.0,,
300,4200.0,fixed_initial,491.72390507287827,total,initial_bcs,9,0.0,0.0,0.0,,
300,4200.0,fixed_initial,491.72390507287827,total,les,9,18714.250024974965,18714.250024974965,85504.86727574412,0.21886765772787523,1.0
300,4200.0,fixed_initial,491.72390507287827,total,mask_motion,9,0.0,0.0,0.0,,
300,4200.0,fixed_initial,491.72390507287827,total,predictor_bcs,9,0.0,0.0,0.0,,
300,4200.0,fixed_initial,491.72390507287827,total,projection,9,-2.670178721990576e-11,4.667164138986285e-11,2.984468951345689e-09,0.015638172871196645,0.5721201660095336
300,4200.0,fixed_initial,491.72390507287827,total,projection_bcs,9,0.0,0.0,0.0,,
300,4200.0,fixed_initial,491.72390507287827,total,surface_drag,9,0.0,0.0,0.0,,
300,4200.0,fixed_initial,491.72390507287827,total,transport_microphysics_bcs,9,0.0,0.0,0.0,,
300,4200.0,fixed_initial,596.0865590566414,les_label,inferred_muscl_label,9,-2849.978818894805,4534.609923508591,119148.74392384982,0.03805839469366748,0.6284948136596662
300,4200.0,fixed_initial,596.0865590566414,les_label,local_les,9,7993.623963400357,7993.623963400357,73976.44705338292,0.108056337953511,1.0
300,4200.0,fixed_initial,596.0865590566414,les_label,mask_motion,9,0.0,0.0,0.0,,
300,4200.0,fixed_initial,596.0865590566414,total,advection,9,-110629.81597477116,110629.81597477116,563015.8309610785,0.19649503600267154,1.0
300,4200.0,fixed_initial,596.0865590566414,total,buoyancy,9,0.0,0.0,0.0,,
300,4200.0,fixed_initial,596.0865590566414,total,coriolis,9,5821.913956728543,5821.913956728543,11879.718948809725,0.49007169124248207,1.0
300,4200.0,fixed_initial,596.0865590566414,total,external_forcing,9,0.0,0.0,0.0,,
300,4200.0,fixed_initial,596.0865590566414,total,guard,9,0.0,0.0,0.0,,
300,4200.0,fixed_initial,596.0865590566414,total,initial_bcs,9,0.0,0.0,0.0,,
300,4200.0,fixed_initial,596.0865590566414,total,les,9,7993.623963400357,7993.623963400357,73976.44705338292,0.108056337953511,1.0
300,4200.0,fixed_initial,596.0865590566414,total,mask_motion,9,0.0,0.0,0.0,,
300,4200.0,fixed_initial,596.0865590566414,total,predictor_bcs,9,0.0,0.0,0.0,,
300,4200.0,fixed_initial,596.0865590566414,total,projection,9,3.678073337384276e-11,6.98356043937523e-11,3.1493161493181232e-09,0.02217484719940639,0.5266759512305913
300,4200.0,fixed_initial,596.0865590566414,total,projection_bcs,9,0.0,0.0,0.0,,
300,4200.0,fixed_initial,596.0865590566414,total,surface_drag,9,0.0,0.0,0.0,,
300,4200.0,fixed_initial,596.0865590566414,total,transport_microphysics_bcs,9,0.0,0.0,0.0,,
300,4200.0,fixed_initial,705.6673457395926,les_label,inferred_muscl_label,9,-4951.514347889252,7647.408797636759,115495.81919017684,0.06621372835188467,0.6474760901260299
300,4200.0,fixed_initial,705.6673457395926,les_label,local_les,9,5279.759012908652,6234.380560092244,66856.28950198536,0.09325047211761742,0.846877883378767
300,4200.0,fixed_initial,705.6673457395926,les_label,mask_motion,9,0.0,0.0,0.0,,
300,4200.0,fixed_initial,705.6673457395926,total,advection,9,-111136.19087913167,111136.19087913167,614476.7571288863,0.18086313207095137,1.0
300,4200.0,fixed_initial,705.6673457395926,total,buoyancy,9,0.0,0.0,0.0,,
300,4200.0,fixed_initial,705.6673457395926,total,coriolis,9,5956.081231454816,5956.081231454816,11716.361572256974,0.5083558743661638,1.0
300,4200.0,fixed_initial,705.6673457395926,total,external_forcing,9,0.0,0.0,0.0,,
300,4200.0,fixed_initial,705.6673457395926,total,guard,9,0.0,0.0,0.0,,
300,4200.0,fixed_initial,705.6673457395926,total,initial_bcs,9,0.0,0.0,0.0,,
300,4200.0,fixed_initial,705.6673457395926,total,les,9,5279.759012908652,6234.380560092244,66856.28950198536,0.09325047211761742,0.846877883378767
300,4200.0,fixed_initial,705.6673457395926,total,mask_motion,9,0.0,0.0,0.0,,
300,4200.0,fixed_initial,705.6673457395926,total,predictor_bcs,9,0.0,0.0,0.0,,
300,4200.0,fixed_initial,705.6673457395926,total,projection,9,2.0289562979818733e-11,5.547601848422663e-11,3.405076597956372e-09,0.016292149937984283,0.36573574553818455
300,4200.0,fixed_initial,705.6673457395926,total,projection_bcs,9,0.0,0.0,0.0,,
300,4200.0,fixed_initial,705.6673457395926,total,surface_drag,9,0.0,0.0,0.0,,
300,4200.0,fixed_initial,705.6673457395926,total,transport_microphysics_bcs,9,0.0,0.0,0.0,,
300,4200.0,fixed_initial,820.7271717566915,les_label,inferred_muscl_label,9,-18866.818037565674,18866.818037565674,125742.9347126208,0.15004276845203943,1.0
300,4200.0,fixed_initial,820.7271717566915,les_label,local_les,9,17753.480800989135,17753.480800989135,67794.95303774845,0.26187024262859127,1.0
300,4200.0,fixed_initial,820.7271717566915,les_label,mask_motion,9,0.0,0.0,0.0,,
300,4200.0,fixed_initial,820.7271717566915,total,advection,9,-120572.57548674282,120572.57548674282,690723.8671576054,0.17455973540180458,1.0
300,4200.0,fixed_initial,820.7271717566915,total,buoyancy,9,0.0,0.0,0.0,,
300,4200.0,fixed_initial,820.7271717566915,total,coriolis,9,5929.00139314601,5929.00139314601,11308.008675390422,0.5243187870954923,1.0
300,4200.0,fixed_initial,820.7271717566915,total,external_forcing,9,0.0,0.0,0.0,,
300,4200.0,fixed_initial,820.7271717566915,total,guard,9,0.0,0.0,0.0,,
300,4200.0,fixed_initial,820.7271717566915,total,initial_bcs,9,0.0,0.0,0.0,,
300,4200.0,fixed_initial,820.7271717566915,total,les,9,17753.480800989135,17753.480800989135,67794.95303774845,0.26187024262859127,1.0
300,4200.0,fixed_initial,820.7271717566915,total,mask_motion,9,0.0,0.0,0.0,,
300,4200.0,fixed_initial,820.7271717566915,total,predictor_bcs,9,0.0,0.0,0.0,,
300,4200.0,fixed_initial,820.7271717566915,total,projection,9,-3.2370268022296485e-11,5.741655634596891e-11,3.504554937399346e-09,0.0163834088412312,0.5637793361769445
300,4200.0,fixed_initial,820.7271717566915,total,projection_bcs,9,0.0,0.0,0.0,,
300,4200.0,fixed_initial,820.7271717566915,total,surface_drag,9,0.0,0.0,0.0,,
300,4200.0,fixed_initial,820.7271717566915,total,transport_microphysics_bcs,9,0.0,0.0,0.0,,
300,4200.0,fixed_initial,941.5399890746453,les_label,inferred_muscl_label,9,-26518.79655456878,26518.79655456878,135022.95327935054,0.19640213689967023,1.0
300,4200.0,fixed_initial,941.5399890746453,les_label,local_les,9,26329.356014083645,26329.356014083645,69745.21201127091,0.37750772067090127,1.0
300,4200.0,fixed_initial,941.5399890746453,les_label,mask_motion,9,0.0,0.0,0.0,,
300,4200.0,fixed_initial,941.5399890746453,total,advection,9,-127360.33182233058,127360.33182233058,769755.4486067999,0.16545557690152543,1.0
300,4200.0,fixed_initial,941.5399890746453,total,buoyancy,9,0.0,0.0,0.0,,
300,4200.0,fixed_initial,941.5399890746453,total,coriolis,9,5744.01098608573,5744.01098608573,10574.351542759412,0.5432021966414416,1.0
300,4200.0,fixed_initial,941.5399890746453,total,external_forcing,9,0.0,0.0,0.0,,
300,4200.0,fixed_initial,941.5399890746453,total,guard,9,0.0,0.0,0.0,,
300,4200.0,fixed_initial,941.5399890746453,total,initial_bcs,9,0.0,0.0,0.0,,
300,4200.0,fixed_initial,941.5399890746453,total,les,9,26329.356014083645,26329.356014083645,69745.21201127091,0.37750772067090127,1.0
300,4200.0,fixed_initial,941.5399890746453,total,mask_motion,9,0.0,0.0,0.0,,
300,4200.0,fixed_initial,941.5399890746453,total,predictor_bcs,9,0.0,0.0,0.0,,
300,4200.0,fixed_initial,941.5399890746453,total,projection,9,-5.428673334226621e-12,1.0660239666407444e-10,3.7816038885970024e-09,0.02818973107826599,0.05092449610990887
300,4200.0,fixed_initial,941.5399890746453,total,projection_bcs,9,0.0,0.0,0.0,,
300,4200.0,fixed_initial,941.5399890746453,total,surface_drag,9,0.0,0.0,0.0,,
300,4200.0,fixed_initial,941.5399890746453,total,transport_microphysics_bcs,9,0.0,0.0,0.0,,
300,4200.0,fixed_initial,1068.3934472584967,les_label,inferred_muscl_label,9,-11689.45734480768,13860.740051651892,135251.1830290302,0.10248146996745186,0.8433501603267249
300,4200.0,fixed_initial,1068.3934472584967,les_label,local_les,9,12227.261164514439,13451.08378561302,58166.05385678692,0.23125316045560693,0.9090168018723105
300,4200.0,fixed_initial,1068.3934472584967,les_label,mask_motion,9,0.0,0.0,0.0,,
300,4200.0,fixed_initial,1068.3934472584967,total,advection,9,-118939.60726342759,118939.60726342759,843593.2375999746,0.14099165564888969,1.0
300,4200.0,fixed_initial,1068.3934472584967,total,buoyancy,9,0.0,0.0,0.0,,
300,4200.0,fixed_initial,1068.3934472584967,total,coriolis,9,5500.428261988151,5500.428261988151,9873.45388914845,0.5570926166003033,1.0
300,4200.0,fixed_initial,1068.3934472584967,total,external_forcing,9,0.0,0.0,0.0,,
300,4200.0,fixed_initial,1068.3934472584967,total,guard,9,0.0,0.0,0.0,,
300,4200.0,fixed_initial,1068.3934472584967,total,initial_bcs,9,0.0,0.0,0.0,,
300,4200.0,fixed_initial,1068.3934472584967,total,les,9,12227.261164514439,13451.08378561302,58166.05385678692,0.23125316045560693,0.9090168018723105
300,4200.0,fixed_initial,1068.3934472584967,total,mask_motion,9,0.0,0.0,0.0,,
300,4200.0,fixed_initial,1068.3934472584967,total,predictor_bcs,9,0.0,0.0,0.0,,
300,4200.0,fixed_initial,1068.3934472584967,total,projection,9,-3.153657716745042e-12,7.557794779263258e-11,3.847330421814176e-09,0.01964425705785739,0.04172722082105098
300,4200.0,fixed_initial,1068.3934472584967,total,projection_bcs,9,0.0,0.0,0.0,,
300,4200.0,fixed_initial,1068.3934472584967,total,surface_drag,9,0.0,0.0,0.0,,
300,4200.0,fixed_initial,1068.3934472584967,total,transport_microphysics_bcs,9,0.0,0.0,0.0,,
300,4200.0,fixed_initial,1201.5895783515407,les_label,inferred_muscl_label,9,7841.159952057227,21526.473242634158,133052.99181410862,0.16178872003651962,0.3642565999398106
300,4200.0,fixed_initial,1201.5895783515407,les_label,local_les,9,-4975.934181763425,12074.300515716437,45856.04669157567,0.2633087975709567,0.41210951932880346
300,4200.0,fixed_initial,1201.5895783515407,les_label,mask_motion,9,0.0,0.0,0.0,,
300,4200.0,fixed_initial,1201.5895783515407,total,advection,9,-112081.60725480475,128836.01015173756,923642.6606547424,0.13948685529575863,0.8699555902328845
300,4200.0,fixed_initial,1201.5895783515407,total,buoyancy,9,0.0,0.0,0.0,,
300,4200.0,fixed_initial,1201.5895783515407,total,coriolis,9,5249.604355657586,5249.604355657586,9301.802440969852,0.5643642067192987,1.0
300,4200.0,fixed_initial,1201.5895783515407,total,external_forcing,9,0.0,0.0,0.0,,
300,4200.0,fixed_initial,1201.5895783515407,total,guard,9,0.0,0.0,0.0,,
300,4200.0,fixed_initial,1201.5895783515407,total,initial_bcs,9,0.0,0.0,0.0,,
300,4200.0,fixed_initial,1201.5895783515407,total,les,9,-4975.934181763425,12074.300515716437,45856.04669157567,0.2633087975709567,0.41210951932880346
300,4200.0,fixed_initial,1201.5895783515407,total,mask_motion,9,0.0,0.0,0.0,,
300,4200.0,fixed_initial,1201.5895783515407,total,predictor_bcs,9,0.0,0.0,0.0,,
300,4200.0,fixed_initial,1201.5895783515407,total,projection,9,1.2414447120323864e-11,1.157241037871097e-10,4.068337146499045e-09,0.028445062348555494,0.10727624335861728
300,4200.0,fixed_initial,1201.5895783515407,total,projection_bcs,9,0.0,0.0,0.0,,
300,4200.0,fixed_initial,1201.5895783515407,total,surface_drag,9,0.0,0.0,0.0,,
300,4200.0,fixed_initial,1201.5895783515407,total,transport_microphysics_bcs,9,0.0,0.0,0.0,,
300,4200.0,fixed_initial,1341.445515999237,les_label,inferred_muscl_label,9,14459.710705282929,20977.589830627257,122004.66742139342,0.17194087959088075,0.6892932325415081
300,4200.0,fixed_initial,1341.445515999237,les_label,local_les,9,-10286.158098363598,13354.083712382511,42946.738855902084,0.3109452328194015,0.770263113509301
300,4200.0,fixed_initial,1341.445515999237,les_label,mask_motion,9,0.0,0.0,0.0,,
300,4200.0,fixed_initial,1341.445515999237,total,advection,9,-113464.61708674322,142671.69719109347,1002505.5651859593,0.14231511738753155,0.7952846943060439
300,4200.0,fixed_initial,1341.445515999237,total,buoyancy,9,0.0,0.0,0.0,,
300,4200.0,fixed_initial,1341.445515999237,total,coriolis,9,5054.816339952111,5054.816339952111,8757.665186024376,0.5771876673269798,1.0
300,4200.0,fixed_initial,1341.445515999237,total,external_forcing,9,0.0,0.0,0.0,,
300,4200.0,fixed_initial,1341.445515999237,total,guard,9,0.0,0.0,0.0,,
300,4200.0,fixed_initial,1341.445515999237,total,initial_bcs,9,0.0,0.0,0.0,,
300,4200.0,fixed_initial,1341.445515999237,total,les,9,-10286.158098363598,13354.083712382511,42946.738855902084,0.3109452328194015,0.770263113509301
300,4200.0,fixed_initial,1341.445515999237,total,mask_motion,9,0.0,0.0,0.0,,
300,4200.0,fixed_initial,1341.445515999237,total,predictor_bcs,9,0.0,0.0,0.0,,
300,4200.0,fixed_initial,1341.445515999237,total,projection,9,1.0757270652177433e-11,8.379270135225606e-11,4.0286237468834226e-09,0.02079933660150785,0.12837956622206215
300,4200.0,fixed_initial,1341.445515999237,total,projection_bcs,9,0.0,0.0,0.0,,
300,4200.0,fixed_initial,1341.445515999237,total,surface_drag,9,0.0,0.0,0.0,,
300,4200.0,fixed_initial,1341.445515999237,total,transport_microphysics_bcs,9,0.0,0.0,0.0,,
300,4200.0,fixed_initial,1488.294250529318,les_label,inferred_muscl_label,9,12296.097097792697,13650.848925168055,110630.31685157973,0.12339157397046838,0.9007569540325362
300,4200.0,fixed_initial,1488.294250529318,les_label,local_les,9,-9434.943759949292,10991.44057458843,37584.51065592926,0.2924460205218727,0.8583900987248506
300,4200.0,fixed_initial,1488.294250529318,les_label,mask_motion,9,0.0,0.0,0.0,,
300,4200.0,fixed_initial,1488.294250529318,total,advection,9,-115651.73813353076,151706.14792546575,1062728.59656339,0.14275154391821876,0.7623404833293325
300,4200.0,fixed_initial,1488.294250529318,total,buoyancy,9,0.0,0.0,0.0,,
300,4200.0,fixed_initial,1488.294250529318,total,coriolis,9,4951.210536410607,4951.210536410607,8165.0866674050685,0.6063879953872116,1.0
300,4200.0,fixed_initial,1488.294250529318,total,external_forcing,9,0.0,0.0,0.0,,
300,4200.0,fixed_initial,1488.294250529318,total,guard,9,0.0,0.0,0.0,,
300,4200.0,fixed_initial,1488.294250529318,total,initial_bcs,9,0.0,0.0,0.0,,
300,4200.0,fixed_initial,1488.294250529318,total,les,9,-9434.943759949292,10991.44057458843,37584.51065592926,0.2924460205218727,0.8583900987248506
300,4200.0,fixed_initial,1488.294250529318,total,mask_motion,9,0.0,0.0,0.0,,
300,4200.0,fixed_initial,1488.294250529318,total,predictor_bcs,9,0.0,0.0,0.0,,
300,4200.0,fixed_initial,1488.294250529318,total,projection,9,-6.563153026650757e-11,1.1919100588482157e-10,4.1574809653103214e-09,0.02866904427929833,0.550641634234798
300,4200.0,fixed_initial,1488.294250529318,total,projection_bcs,9,0.0,0.0,0.0,,
300,4200.0,fixed_initial,1488.294250529318,total,surface_drag,9,0.0,0.0,0.0,,
300,4200.0,fixed_initial,1488.294250529318,total,transport_microphysics_bcs,9,0.0,0.0,0.0,,
300,4200.0,fixed_initial,1642.4854217859033,les_label,inferred_muscl_label,9,6753.461082628971,9864.962164538878,104536.79573087899,0.09436832357034719,0.684590672522326
300,4200.0,fixed_initial,1642.4854217859033,les_label,local_les,9,-4922.99196113324,6303.48735716496,36010.043411951,0.17504803548981449,0.7809949766199566
300,4200.0,fixed_initial,1642.4854217859033,les_label,mask_motion,9,0.0,0.0,0.0,,
300,4200.0,fixed_initial,1642.4854217859033,total,advection,9,-118153.57021181358,161401.1538860252,1111642.034763767,0.14519166137894765,0.7320491047743608
300,4200.0,fixed_initial,1642.4854217859033,total,buoyancy,9,0.0,0.0,0.0,,
300,4200.0,fixed_initial,1642.4854217859033,total,coriolis,9,4985.843367333809,4985.843367333809,7587.438237719051,0.6571181485930172,1.0
300,4200.0,fixed_initial,1642.4854217859033,total,external_forcing,9,0.0,0.0,0.0,,
300,4200.0,fixed_initial,1642.4854217859033,total,guard,9,0.0,0.0,0.0,,
300,4200.0,fixed_initial,1642.4854217859033,total,initial_bcs,9,0.0,0.0,0.0,,
300,4200.0,fixed_initial,1642.4854217859033,total,les,9,-4922.99196113324,6303.48735716496,36010.043411951,0.17504803548981449,0.7809949766199566
300,4200.0,fixed_initial,1642.4854217859033,total,mask_motion,9,0.0,0.0,0.0,,
300,4200.0,fixed_initial,1642.4854217859033,total,predictor_bcs,9,0.0,0.0,0.0,,
300,4200.0,fixed_initial,1642.4854217859033,total,projection,9,-1.3770207675196015e-11,1.0849984886732974e-10,4.215266151519901e-09,0.025739738599473223,0.1269145332362057
300,4200.0,fixed_initial,1642.4854217859033,total,projection_bcs,9,0.0,0.0,0.0,,
300,4200.0,fixed_initial,1642.4854217859033,total,surface_drag,9,0.0,0.0,0.0,,
300,4200.0,fixed_initial,1642.4854217859033,total,transport_microphysics_bcs,9,0.0,0.0,0.0,,
300,4200.0,fixed_initial,1804.3861516053175,les_label,inferred_muscl_label,9,3027.7943625143976,6187.904365846837,98255.56272901504,0.0629776492442757,0.48930852571442945
300,4200.0,fixed_initial,1804.3861516053175,les_label,local_les,9,-1596.231949565918,2681.200496469358,34058.50235933025,0.07872338214351488,0.5953422549592462
300,4200.0,fixed_initial,1804.3861516053175,les_label,mask_motion,9,0.0,0.0,0.0,,
300,4200.0,fixed_initial,1804.3861516053175,total,advection,9,-117719.24872376918,154887.87856343845,1136197.6768352233,0.13632124208778945,0.7600288015795512
300,4200.0,fixed_initial,1804.3861516053175,total,buoyancy,9,0.0,0.0,0.0,,
300,4200.0,fixed_initial,1804.3861516053175,total,coriolis,9,5026.7543543694255,5026.7543543694255,6903.86535601178,0.7281072406767326,1.0
300,4200.0,fixed_initial,1804.3861516053175,total,external_forcing,9,0.0,0.0,0.0,,
300,4200.0,fixed_initial,1804.3861516053175,total,guard,9,0.0,0.0,0.0,,
300,4200.0,fixed_initial,1804.3861516053175,total,initial_bcs,9,0.0,0.0,0.0,,
300,4200.0,fixed_initial,1804.3861516053175,total,les,9,-1596.231949565918,2681.200496469358,34058.50235933025,0.07872338214351488,0.5953422549592462
300,4200.0,fixed_initial,1804.3861516053175,total,mask_motion,9,0.0,0.0,0.0,,
300,4200.0,fixed_initial,1804.3861516053175,total,predictor_bcs,9,0.0,0.0,0.0,,
300,4200.0,fixed_initial,1804.3861516053175,total,projection,9,3.4081805294831186e-12,8.917573615423792e-11,4.309098677816808e-09,0.020694753780718368,0.038218698005344706
300,4200.0,fixed_initial,1804.3861516053175,total,projection_bcs,9,0.0,0.0,0.0,,
300,4200.0,fixed_initial,1804.3861516053175,total,surface_drag,9,0.0,0.0,0.0,,
300,4200.0,fixed_initial,1804.3861516053175,total,transport_microphysics_bcs,9,0.0,0.0,0.0,,
300,4200.0,fixed_initial,1974.3819179157026,les_label,inferred_muscl_label,9,1688.8315067729038,4934.762535541849,98427.36464157877,0.05013608312598519,0.34223156526972903
300,4200.0,fixed_initial,1974.3819179157026,les_label,local_les,9,-1042.6967946956709,2420.434158378975,37283.123663720595,0.0649203693394995,0.4307891586664728
300,4200.0,fixed_initial,1974.3819179157026,les_label,mask_motion,9,0.0,0.0,0.0,,
300,4200.0,fixed_initial,1974.3819179157026,total,advection,9,-103751.11366307031,154460.52076543737,1127091.4196968626,0.13704347142220316,0.671699882590879
300,4200.0,fixed_initial,1974.3819179157026,total,buoyancy,9,0.0,0.0,0.0,,
300,4200.0,fixed_initial,1974.3819179157026,total,coriolis,9,4946.178319467899,4946.178319467899,6407.208416233073,0.7719708800070307,1.0
300,4200.0,fixed_initial,1974.3819179157026,total,external_forcing,9,0.0,0.0,0.0,,
300,4200.0,fixed_initial,1974.3819179157026,total,guard,9,0.0,0.0,0.0,,
300,4200.0,fixed_initial,1974.3819179157026,total,initial_bcs,9,0.0,0.0,0.0,,
300,4200.0,fixed_initial,1974.3819179157026,total,les,9,-1042.6967946956709,2420.434158378975,37283.123663720595,0.0649203693394995,0.4307891586664728
300,4200.0,fixed_initial,1974.3819179157026,total,mask_motion,9,0.0,0.0,0.0,,
300,4200.0,fixed_initial,1974.3819179157026,total,predictor_bcs,9,0.0,0.0,0.0,,
300,4200.0,fixed_initial,1974.3819179157026,total,projection,9,-4.905152259789027e-11,1.216656851674211e-10,4.497386057031325e-09,0.02705253309913343,0.4031664518256869
300,4200.0,fixed_initial,1974.3819179157026,total,projection_bcs,9,0.0,0.0,0.0,,
300,4200.0,fixed_initial,1974.3819179157026,total,surface_drag,9,0.0,0.0,0.0,,
300,4200.0,fixed_initial,1974.3819179157026,total,transport_microphysics_bcs,9,0.0,0.0,0.0,,
300,4200.0,moving_end,39.88822936505957,les_label,inferred_muscl_label,9,3769.827939209963,5290.364886099289,52918.77341912637,0.09997141929573142,0.7125837291706255
300,4200.0,moving_end,39.88822936505957,les_label,local_les,9,-127.36764081158731,127.36764081158731,15785.581941536644,0.008068605977486614,1.0
300,4200.0,moving_end,39.88822936505957,les_label,mask_motion,9,-829.4177896311903,1421.2966985137314,8014.010270342537,0.17735149451623825,0.5835641428693413
300,4200.0,moving_end,39.88822936505957,total,advection,9,-9356.663813594761,9356.663813594761,283547.52330991556,0.03299857358784965,1.0
300,4200.0,moving_end,39.88822936505957,total,buoyancy,9,0.0,0.0,0.0,,
300,4200.0,moving_end,39.88822936505957,total,coriolis,9,5602.020273067397,5602.020273067397,11268.109325924508,0.4971570749831868,1.0
300,4200.0,moving_end,39.88822936505957,total,external_forcing,9,0.0,0.0,0.0,,
300,4200.0,moving_end,39.88822936505957,total,guard,9,0.0,0.0,0.0,,
300,4200.0,moving_end,39.88822936505957,total,initial_bcs,9,0.0,0.0,0.0,,
300,4200.0,moving_end,39.88822936505957,total,les,9,-127.36764081158731,127.36764081158731,15785.581941536644,0.008068605977486614,1.0
300,4200.0,moving_end,39.88822936505957,total,mask_motion,9,-15869.73532333318,15929.78282728832,25719.272516484045,0.6193714389502492,0.9962304882240908
300,4200.0,moving_end,39.88822936505957,total,predictor_bcs,9,0.0,0.0,0.0,,
300,4200.0,moving_end,39.88822936505957,total,projection,9,1.3050465375145407e-12,5.473001601214155e-11,3.0144936262066914e-09,0.01815562505634203,0.0238451700292765
300,4200.0,moving_end,39.88822936505957,total,projection_bcs,9,0.0,0.0,0.0,,
300,4200.0,moving_end,39.88822936505957,total,surface_drag,9,-1183.186757793129,1333.8686757739497,12232.126418817781,0.10904634485480295,0.8870339181678506
300,4200.0,moving_end,39.88822936505957,total,transport_microphysics_bcs,9,0.0,0.0,0.0,,
300,4200.0,moving_end,121.65909956343168,les_label,inferred_muscl_label,9,3911.3395733499474,10101.908476582325,116826.25943514064,0.08646950202313616,0.3871881815616321
300,4200.0,moving_end,121.65909956343168,les_label,local_les,9,869.3238473682503,4674.546725528606,95706.16201064343,0.04884269337860139,0.1859696561852092
300,4200.0,moving_end,121.65909956343168,les_label,mask_motion,9,256.78706439527815,3239.192989755693,22628.604147999995,0.14314594787067259,0.07927501238962782
300,4200.0,moving_end,121.65909956343168,total,advection,9,-22515.952631463,22515.952631463,353627.0140994204,0.06367147229632393,1.0
300,4200.0,moving_end,121.65909956343168,total,buoyancy,9,0.0,0.0,0.0,,
300,4200.0,moving_end,121.65909956343168,total,coriolis,9,6087.228470719127,6087.228470719127,11368.912340632825,0.535427513937564,1.0
300,4200.0,moving_end,121.65909956343168,total,external_forcing,9,0.0,0.0,0.0,,
300,4200.0,moving_end,121.65909956343168,total,guard,9,0.0,0.0,0.0,,
300,4200.0,moving_end,121.65909956343168,total,initial_bcs,9,0.0,0.0,0.0,,
300,4200.0,moving_end,121.65909956343168,total,les,9,869.3238473682503,4674.546725528606,95706.16201064343,0.04884269337860139,0.1859696561852092
300,4200.0,moving_end,121.65909956343168,total,mask_motion,9,-13513.478465649616,14228.266299331211,47532.224645204486,0.2993393725106594,0.9497628299439972
300,4200.0,moving_end,121.65909956343168,total,predictor_bcs,9,0.0,0.0,0.0,,
300,4200.0,moving_end,121.65909956343168,total,projection,9,-5.674481766124227e-12,5.736024638972883e-11,3.048415211360752e-09,0.018816415223215067,0.09892708144190127
300,4200.0,moving_end,121.65909956343168,total,projection_bcs,9,0.0,0.0,0.0,,
300,4200.0,moving_end,121.65909956343168,total,surface_drag,9,215.45830028500123,822.348945332116,13643.829539182165,0.06027259010899436,0.2620034980381542
300,4200.0,moving_end,121.65909956343168,total,transport_microphysics_bcs,9,0.0,0.0,0.0,,
300,4200.0,moving_end,207.51851327172238,les_label,inferred_muscl_label,9,-688.8875054803696,9013.11464165033,117758.74593365172,0.07653881306385982,0.07643168126331876
300,4200.0,moving_end,207.51851327172238,les_label,local_les,9,11099.421165176542,14176.495737107032,84092.9863775423,0.1685811902726406,0.7829453322603388
300,4200.0,moving_end,207.51851327172238,les_label,mask_motion,9,2243.154990886663,3798.836431379813,24892.059352757937,0.1526123804199799,0.5904847527409609
300,4200.0,moving_end,207.51851327172238,total,advection,9,-39876.5611057114,39876.5611057114,367847.4247047384,0.10840516591279463,1.0
300,4200.0,moving_end,207.51851327172238,total,buoyancy,9,0.0,0.0,0.0,,
300,4200.0,moving_end,207.51851327172238,total,coriolis,9,6572.4878915967265,6572.4878915967265,11666.704755061244,0.5633542658003283,1.0
300,4200.0,moving_end,207.51851327172238,total,external_forcing,9,0.0,0.0,0.0,,
300,4200.0,moving_end,207.51851327172238,total,guard,9,0.0,0.0,0.0,,
300,4200.0,moving_end,207.51851327172238,total,initial_bcs,9,0.0,0.0,0.0,,
300,4200.0,moving_end,207.51851327172238,total,les,9,11099.421165176542,14176.495737107032,84092.9863775423,0.1685811902726406,0.7829453322603388
300,4200.0,moving_end,207.51851327172238,total,mask_motion,9,-11821.878283190274,13161.165979353842,72014.79563621656,0.18275641641528223,0.8982394342367133
300,4200.0,moving_end,207.51851327172238,total,predictor_bcs,9,0.0,0.0,0.0,,
300,4200.0,moving_end,207.51851327172238,total,projection,9,-2.1929794177488163e-12,5.879077227638024e-11,3.1536161459561776e-09,0.018642336148540634,0.03730142219325577
300,4200.0,moving_end,207.51851327172238,total,projection_bcs,9,0.0,0.0,0.0,,
300,4200.0,moving_end,207.51851327172238,total,surface_drag,9,0.0,0.0,0.0,,
300,4200.0,moving_end,207.51851327172238,total,transport_microphysics_bcs,9,0.0,0.0,0.0,,
300,4200.0,moving_end,297.6708976654277,les_label,inferred_muscl_label,9,-4708.665368776626,8926.298602473353,117055.29701447682,0.0762571095041465,0.5275048010910054
300,4200.0,moving_end,297.6708976654277,les_label,local_les,9,17068.78612089088,18718.482796506843,78529.20081764038,0.23836334257335298,0.9118680347360298
300,4200.0,moving_end,297.6708976654277,les_label,mask_motion,9,-1199.2036568017404,2629.6116877579307,19865.071337259946,0.1323736342605373,0.4560383049651753
300,4200.0,moving_end,297.6708976654277,total,advection,9,-52299.30813731253,52299.30813731253,385044.05199955706,0.13582681738808602,1.0
300,4200.0,moving_end,297.6708976654277,total,buoyancy,9,0.0,0.0,0.0,,
300,4200.0,moving_end,297.6708976654277,total,coriolis,9,6957.235554206293,6957.235554206293,11863.126032778533,0.5864588755934171,1.0
300,4200.0,moving_end,297.6708976654277,total,external_forcing,9,0.0,0.0,0.0,,
300,4200.0,moving_end,297.6708976654277,total,guard,9,0.0,0.0,0.0,,
300,4200.0,moving_end,297.6708976654277,total,initial_bcs,9,0.0,0.0,0.0,,
300,4200.0,moving_end,297.6708976654277,total,les,9,17068.78612089088,18718.482796506843,78529.20081764038,0.23836334257335298,0.9118680347360298
300,4200.0,moving_end,297.6708976654277,total,mask_motion,9,-8707.543112925217,14406.632228610095,92538.11179598862,0.15568323093052996,0.6044121189984242
300,4200.0,moving_end,297.6708976654277,total,predictor_bcs,9,0.0,0.0,0.0,,
300,4200.0,moving_end,297.6708976654277,total,projection,9,2.8591669132369425e-11,6.481653554638977e-11,3.388628860773177e-09,0.01912765847470257,0.4411168985097346
300,4200.0,moving_end,297.6708976654277,total,projection_bcs,9,0.0,0.0,0.0,,
300,4200.0,moving_end,297.6708976654277,total,surface_drag,9,0.0,0.0,0.0,,
300,4200.0,moving_end,297.6708976654277,total,transport_microphysics_bcs,9,0.0,0.0,0.0,,
300,4200.0,moving_end,392.33090127881815,les_label,inferred_muscl_label,9,-6635.947712741499,8082.965714739047,114372.53180079692,0.07067226358875381,0.820979322062575
300,4200.0,moving_end,392.33090127881815,les_label,local_les,9,15948.978296770587,15948.978296770587,80467.27021861856,0.19820454022411094,1.0
300,4200.0,moving_end,392.33090127881815,les_label,mask_motion,9,-1513.2984308341963,2238.223743119893,17378.703055096525,0.1287911840155129,0.6761157973978006
300,4200.0,moving_end,392.33090127881815,total,advection,9,-57991.854902009836,57991.854902009836,409610.8632668606,0.1415779221271001,1.0
300,4200.0,moving_end,392.33090127881815,total,buoyancy,9,0.0,0.0,0.0,,
300,4200.0,moving_end,392.33090127881815,total,coriolis,9,7326.490181676038,7326.490181676038,12115.836490342024,0.604703619722522,1.0
300,4200.0,moving_end,392.33090127881815,total,external_forcing,9,0.0,0.0,0.0,,
300,4200.0,moving_end,392.33090127881815,total,guard,9,0.0,0.0,0.0,,
300,4200.0,moving_end,392.33090127881815,total,initial_bcs,9,0.0,0.0,0.0,,
300,4200.0,moving_end,392.33090127881815,total,les,9,15948.978296770587,15948.978296770587,80467.27021861856,0.19820454022411094,1.0
300,4200.0,moving_end,392.33090127881815,total,mask_motion,9,-3429.1057470230558,21254.707323150873,111371.2357989217,0.19084557310224856,0.16133394334195486
300,4200.0,moving_end,392.33090127881815,total,predictor_bcs,9,0.0,0.0,0.0,,
300,4200.0,moving_end,392.33090127881815,total,projection,9,7.979430257412353e-11,8.637305500951717e-11,3.756050989338182e-09,0.022995708858770354,0.9238332783914063
300,4200.0,moving_end,392.33090127881815,total,projection_bcs,9,0.0,0.0,0.0,,
300,4200.0,moving_end,392.33090127881815,total,surface_drag,9,0.0,0.0,0.0,,
300,4200.0,moving_end,392.33090127881815,total,transport_microphysics_bcs,9,0.0,0.0,0.0,,
300,4200.0,moving_end,491.72390507287827,les_label,inferred_muscl_label,9,-4573.631756699144,6053.274278384914,109756.31604103607,0.0551519447511494,0.7555632780478342
300,4200.0,moving_end,491.72390507287827,les_label,local_les,9,10053.572701389889,10053.572701389889,74720.7352817323,0.1345486318286777,1.0
300,4200.0,moving_end,491.72390507287827,les_label,mask_motion,9,-1608.7494444697086,3054.0069603891293,13717.14918558432,0.22264152114046104,0.5267667904282471
300,4200.0,moving_end,491.72390507287827,total,advection,9,-54694.73274808963,54694.73274808963,451005.1814685131,0.12127295870526077,1.0
300,4200.0,moving_end,491.72390507287827,total,buoyancy,9,0.0,0.0,0.0,,
300,4200.0,moving_end,491.72390507287827,total,coriolis,9,7626.346902765795,7626.346902765795,12305.315641673355,0.6197603641257524,1.0
300,4200.0,moving_end,491.72390507287827,total,external_forcing,9,0.0,0.0,0.0,,
300,4200.0,moving_end,491.72390507287827,total,guard,9,0.0,0.0,0.0,,
300,4200.0,moving_end,491.72390507287827,total,initial_bcs,9,0.0,0.0,0.0,,
300,4200.0,moving_end,491.72390507287827,total,les,9,10053.572701389889,10053.572701389889,74720.7352817323,0.1345486318286777,1.0
300,4200.0,moving_end,491.72390507287827,total,mask_motion,9,-687.502089596479,23987.66638437577,129279.15170489016,0.18554937952511646,0.02866064912609755
300,4200.0,moving_end,491.72390507287827,total,predictor_bcs,9,0.0,0.0,0.0,,
300,4200.0,moving_end,491.72390507287827,total,projection,9,-9.957835794951802e-13,4.657852282280645e-11,3.989508585015944e-09,0.011675253187259477,0.021378599387604672
300,4200.0,moving_end,491.72390507287827,total,projection_bcs,9,0.0,0.0,0.0,,
300,4200.0,moving_end,491.72390507287827,total,surface_drag,9,0.0,0.0,0.0,,
300,4200.0,moving_end,491.72390507287827,total,transport_microphysics_bcs,9,0.0,0.0,0.0,,
300,4200.0,moving_end,596.0865590566414,les_label,inferred_muscl_label,9,-1151.0453899541483,6917.349089934393,106227.86637391818,0.065118027181169,0.16639978335473382
300,4200.0,moving_end,596.0865590566414,les_label,local_les,9,2166.4131366372076,4954.225642060201,71557.73491152184,0.0692339639898593,0.43728592380711806
300,4200.0,moving_end,596.0865590566414,les_label,mask_motion,9,-1011.2867526933832,1896.6389912044249,10479.11671235996,0.18099225757905413,0.5331993897537584
300,4200.0,moving_end,596.0865590566414,total,advection,9,-49381.58665699255,49381.58665699255,500983.7534217312,0.09856923766432567,1.0
300,4200.0,moving_end,596.0865590566414,total,buoyancy,9,0.0,0.0,0.0,,
300,4200.0,moving_end,596.0865590566414,total,coriolis,9,7789.7099553761955,7789.7099553761955,12233.636451087541,0.6367452544892086,1.0
300,4200.0,moving_end,596.0865590566414,total,external_forcing,9,0.0,0.0,0.0,,
300,4200.0,moving_end,596.0865590566414,total,guard,9,0.0,0.0,0.0,,
300,4200.0,moving_end,596.0865590566414,total,initial_bcs,9,0.0,0.0,0.0,,
300,4200.0,moving_end,596.0865590566414,total,les,9,2166.4131366372076,4954.225642060201,71557.73491152184,0.0692339639898593,0.43728592380711806
300,4200.0,moving_end,596.0865590566414,total,mask_motion,9,2272.8630741007732,23553.005270499536,141435.76504029523,0.16652793063896712,0.09649991786600437
300,4200.0,moving_end,596.0865590566414,total,predictor_bcs,9,0.0,0.0,0.0,,
300,4200.0,moving_end,596.0865590566414,total,projection,9,1.7662306134553845e-11,8.930639945668137e-11,4.14456779424001e-09,0.021547819673934782,0.19777201009118117
300,4200.0,moving_end,596.0865590566414,total,projection_bcs,9,0.0,0.0,0.0,,
300,4200.0,moving_end,596.0865590566414,total,surface_drag,9,0.0,0.0,0.0,,
300,4200.0,moving_end,596.0865590566414,total,transport_microphysics_bcs,9,0.0,0.0,0.0,,
300,4200.0,moving_end,705.6673457395926,les_label,inferred_muscl_label,9,-2884.4764652730046,5594.6066129781175,111197.243602222,0.05031245768097729,0.5155816422519727
300,4200.0,moving_end,705.6673457395926,les_label,local_les,9,1802.0844671735604,3794.134016669966,72390.97096989899,0.052411702258388156,0.47496594987311835
300,4200.0,moving_end,705.6673457395926,les_label,mask_motion,9,-1253.3254325371036,1363.5771260048716,11064.448488531028,0.12323950239528901,0.9191452457179352
300,4200.0,moving_end,705.6673457395926,total,advection,9,-48616.9870625262,48616.9870625262,563098.8311693582,0.08633828445632859,1.0
300,4200.0,moving_end,705.6673457395926,total,buoyancy,9,0.0,0.0,0.0,,
300,4200.0,moving_end,705.6673457395926,total,coriolis,9,7764.927824001023,7764.927824001023,11841.131493615423,0.6557589389314498,1.0
300,4200.0,moving_end,705.6673457395926,total,external_forcing,9,0.0,0.0,0.0,,
300,4200.0,moving_end,705.6673457395926,total,guard,9,0.0,0.0,0.0,,
300,4200.0,moving_end,705.6673457395926,total,initial_bcs,9,0.0,0.0,0.0,,
300,4200.0,moving_end,705.6673457395926,total,les,9,1802.0844671735604,3794.134016669966,72390.97096989899,0.052411702258388156,0.47496594987311835
300,4200.0,moving_end,705.6673457395926,total,mask_motion,9,8201.536886415557,25367.200428663076,147664.9132558932,0.17178895019362828,0.32331265365603457
300,4200.0,moving_end,705.6673457395926,total,predictor_bcs,9,0.0,0.0,0.0,,
300,4200.0,moving_end,705.6673457395926,total,projection,9,-3.902663488487633e-11,9.292091615746036e-11,4.441308868882088e-09,0.02092196667710014,0.41999838678670837
300,4200.0,moving_end,705.6673457395926,total,projection_bcs,9,0.0,0.0,0.0,,
300,4200.0,moving_end,705.6673457395926,total,surface_drag,9,0.0,0.0,0.0,,
300,4200.0,moving_end,705.6673457395926,total,transport_microphysics_bcs,9,0.0,0.0,0.0,,
300,4200.0,moving_end,820.7271717566915,les_label,inferred_muscl_label,9,-8464.74546432691,8464.74546432691,126366.11892289072,0.06698587830723948,1.0
300,4200.0,moving_end,820.7271717566915,les_label,local_les,9,7981.909698321843,8493.739029958828,75609.1337428851,0.11233747312649377,0.9397403982119444
300,4200.0,moving_end,820.7271717566915,les_label,mask_motion,9,-2866.956737082726,2950.9021661324778,11791.539995992982,0.2502558755798867,0.971552622105472
300,4200.0,moving_end,820.7271717566915,total,advection,9,-45358.97855302938,48187.813783049314,659385.7945089366,0.07307984822289985,0.9412956304107116
300,4200.0,moving_end,820.7271717566915,total,buoyancy,9,0.0,0.0,0.0,,
300,4200.0,moving_end,820.7271717566915,total,coriolis,9,7473.515520392917,7473.515520392917,11313.704947715583,0.660571895319043,1.0
300,4200.0,moving_end,820.7271717566915,total,external_forcing,9,0.0,0.0,0.0,,
300,4200.0,moving_end,820.7271717566915,total,guard,9,0.0,0.0,0.0,,
300,4200.0,moving_end,820.7271717566915,total,initial_bcs,9,0.0,0.0,0.0,,
300,4200.0,moving_end,820.7271717566915,total,les,9,7981.909698321843,8493.739029958828,75609.1337428851,0.11233747312649377,0.9397403982119444
300,4200.0,moving_end,820.7271717566915,total,mask_motion,9,9256.710476451495,31370.59630067963,161458.8735399153,0.19429465605013216,0.29507601282832335
300,4200.0,moving_end,820.7271717566915,total,predictor_bcs,9,0.0,0.0,0.0,,
300,4200.0,moving_end,820.7271717566915,total,projection,9,1.8154570978553706e-12,6.931624587744553e-11,4.534013738433742e-09,0.015288053781105343,0.026190932224823403
300,4200.0,moving_end,820.7271717566915,total,projection_bcs,9,0.0,0.0,0.0,,
300,4200.0,moving_end,820.7271717566915,total,surface_drag,9,0.0,0.0,0.0,,
300,4200.0,moving_end,820.7271717566915,total,transport_microphysics_bcs,9,0.0,0.0,0.0,,
300,4200.0,moving_end,941.5399890746453,les_label,inferred_muscl_label,9,-15971.49049525328,15971.49049525328,142985.3465690975,0.11170019081315492,1.0
300,4200.0,moving_end,941.5399890746453,les_label,local_les,9,16865.51416621919,16865.51416621919,79254.52356708459,0.21280191220812097,1.0
300,4200.0,moving_end,941.5399890746453,les_label,mask_motion,9,-4537.087742319655,4537.087742319655,12734.423113571082,0.3562852986629978,1.0
300,4200.0,moving_end,941.5399890746453,total,advection,9,-42658.610383368694,49082.9091004132,757667.1767084734,0.06478162260326974,0.8691133261090586
300,4200.0,moving_end,941.5399890746453,total,buoyancy,9,0.0,0.0,0.0,,
300,4200.0,moving_end,941.5399890746453,total,coriolis,9,6965.098321591382,6965.098321591382,10684.55791872436,0.6518845584977606,1.0
300,4200.0,moving_end,941.5399890746453,total,external_forcing,9,0.0,0.0,0.0,,
300,4200.0,moving_end,941.5399890746453,total,guard,9,0.0,0.0,0.0,,
300,4200.0,moving_end,941.5399890746453,total,initial_bcs,9,0.0,0.0,0.0,,
300,4200.0,moving_end,941.5399890746453,total,les,9,16865.51416621919,16865.51416621919,79254.52356708459,0.21280191220812097,1.0
300,4200.0,moving_end,941.5399890746453,total,mask_motion,9,946.7600075490905,28630.553794812084,180744.92683933102,0.15840308381248536,0.03306816956228927
300,4200.0,moving_end,941.5399890746453,total,predictor_bcs,9,0.0,0.0,0.0,,
300,4200.0,moving_end,941.5399890746453,total,projection,9,-7.545357847438283e-12,8.993960475975284e-11,4.871475947165497e-09,0.01846249591195967,0.08389360691092076
300,4200.0,moving_end,941.5399890746453,total,projection_bcs,9,0.0,0.0,0.0,,
300,4200.0,moving_end,941.5399890746453,total,surface_drag,9,0.0,0.0,0.0,,
300,4200.0,moving_end,941.5399890746453,total,transport_microphysics_bcs,9,0.0,0.0,0.0,,
300,4200.0,moving_end,1068.3934472584967,les_label,inferred_muscl_label,9,-12805.871395833039,12954.342390282922,147767.12756665904,0.08766728164516228,0.9885389014759058
300,4200.0,moving_end,1068.3934472584967,les_label,local_les,9,14067.017715765765,14255.157849424922,72090.07550812338,0.19774091993867585,0.9868019606905477
300,4200.0,moving_end,1068.3934472584967,les_label,mask_motion,9,-3125.5964904623315,5904.107316099252,13090.973545273237,0.4510059771857877,0.5293935768984909
300,4200.0,moving_end,1068.3934472584967,total,advection,9,-26584.604841767883,35210.59031550483,853413.7560974387,0.04125852209896257,0.7550173002939252
300,4200.0,moving_end,1068.3934472584967,total,buoyancy,9,0.0,0.0,0.0,,
300,4200.0,moving_end,1068.3934472584967,total,coriolis,9,6300.285923254154,6300.285923254154,10047.352722168402,0.627059295863402,1.0
300,4200.0,moving_end,1068.3934472584967,total,external_forcing,9,0.0,0.0,0.0,,
300,4200.0,moving_end,1068.3934472584967,total,guard,9,0.0,0.0,0.0,,
300,4200.0,moving_end,1068.3934472584967,total,initial_bcs,9,0.0,0.0,0.0,,
300,4200.0,moving_end,1068.3934472584967,total,les,9,14067.017715765765,14255.157849424922,72090.07550812338,0.19774091993867585,0.9868019606905477
300,4200.0,moving_end,1068.3934472584967,total,mask_motion,9,-17678.50897055272,43036.791603823476,205486.17287083747,0.20943886881807433,0.41077664741583864
300,4200.0,moving_end,1068.3934472584967,total,predictor_bcs,9,0.0,0.0,0.0,,
300,4200.0,moving_end,1068.3934472584967,total,projection,9,4.532078371646104e-12,5.883710762557301e-11,5.085058913176024e-09,0.011570585243981874,0.07702755207627299
300,4200.0,moving_end,1068.3934472584967,total,projection_bcs,9,0.0,0.0,0.0,,
300,4200.0,moving_end,1068.3934472584967,total,surface_drag,9,0.0,0.0,0.0,,
300,4200.0,moving_end,1068.3934472584967,total,transport_microphysics_bcs,9,0.0,0.0,0.0,,
300,4200.0,moving_end,1201.5895783515407,les_label,inferred_muscl_label,9,-3133.847320623349,8046.740424067505,144029.9149296801,0.05586853556079774,0.3894555006708215
300,4200.0,moving_end,1201.5895783515407,les_label,local_les,9,3505.699850551091,10326.923584723128,61318.874880467665,0.1684134551531479,0.339471849654931
300,4200.0,moving_end,1201.5895783515407,les_label,mask_motion,9,127.61706858398938,4957.789316858129,14186.215251792595,0.34947935223467397,0.025740720395287676
300,4200.0,moving_end,1201.5895783515407,total,advection,9,-6453.247323994182,39403.972276139895,939269.6282659132,0.041951715556786194,0.16377149183768427
300,4200.0,moving_end,1201.5895783515407,total,buoyancy,9,0.0,0.0,0.0,,
300,4200.0,moving_end,1201.5895783515407,total,coriolis,9,5524.177326624453,5524.177326624453,9478.078167631893,0.5828372829303933,1.0
300,4200.0,moving_end,1201.5895783515407,total,external_forcing,9,0.0,0.0,0.0,,
300,4200.0,moving_end,1201.5895783515407,total,guard,9,0.0,0.0,0.0,,
300,4200.0,moving_end,1201.5895783515407,total,initial_bcs,9,0.0,0.0,0.0,,
300,4200.0,moving_end,1201.5895783515407,total,les,9,3505.699850551091,10326.923584723128,61318.874880467665,0.1684134551531479,0.339471849654931
300,4200.0,moving_end,1201.5895783515407,total,mask_motion,9,-37426.669326290576,52700.20786131432,229648.40371309005,0.22948214317725033,0.7101806775560063
300,4200.0,moving_end,1201.5895783515407,total,predictor_bcs,9,0.0,0.0,0.0,,
300,4200.0,moving_end,1201.5895783515407,total,projection,9,-3.518150944410959e-11,8.232923523109738e-11,5.245622401713208e-09,0.01569484589744943,0.42732705272137445
300,4200.0,moving_end,1201.5895783515407,total,projection_bcs,9,0.0,0.0,0.0,,
300,4200.0,moving_end,1201.5895783515407,total,surface_drag,9,0.0,0.0,0.0,,
300,4200.0,moving_end,1201.5895783515407,total,transport_microphysics_bcs,9,0.0,0.0,0.0,,
300,4200.0,moving_end,1341.445515999237,les_label,inferred_muscl_label,9,-279.01127339530007,8493.340632292797,134973.7707553578,0.06292586022277703,0.03285059265543437
300,4200.0,moving_end,1341.445515999237,les_label,local_les,9,-155.0601335518127,11765.850888866806,61317.94774512995,0.19188265950732644,0.013178828715102548
300,4200.0,moving_end,1341.445515999237,les_label,mask_motion,9,449.5457256014063,3914.342283816013,14105.673009575215,0.277501277759585,0.11484578838699645
300,4200.0,moving_end,1341.445515999237,total,advection,9,8480.51642298682,42827.16060660635,1004441.8055643627,0.04263777191406642,0.1980172465993146
300,4200.0,moving_end,1341.445515999237,total,buoyancy,9,0.0,0.0,0.0,,
300,4200.0,moving_end,1341.445515999237,total,coriolis,9,4650.244102024154,4650.244102024154,9025.735025760281,0.5152205431194167,1.0
300,4200.0,moving_end,1341.445515999237,total,external_forcing,9,0.0,0.0,0.0,,
300,4200.0,moving_end,1341.445515999237,total,guard,9,0.0,0.0,0.0,,
300,4200.0,moving_end,1341.445515999237,total,initial_bcs,9,0.0,0.0,0.0,,
300,4200.0,moving_end,1341.445515999237,total,les,9,-155.0601335518127,11765.850888866806,61317.94774512995,0.19188265950732644,0.013178828715102548
300,4200.0,moving_end,1341.445515999237,total,mask_motion,9,-54028.56161934926,58190.50657093645,243169.44221337195,0.2393002428318131,0.9284772517573185
300,4200.0,moving_end,1341.445515999237,total,predictor_bcs,9,0.0,0.0,0.0,,
300,4200.0,moving_end,1341.445515999237,total,projection,9,-3.288382449526346e-11,1.3456855406716253e-10,5.449166955322329e-09,0.024695252535018454,0.24436484974677888
300,4200.0,moving_end,1341.445515999237,total,projection_bcs,9,0.0,0.0,0.0,,
300,4200.0,moving_end,1341.445515999237,total,surface_drag,9,0.0,0.0,0.0,,
300,4200.0,moving_end,1341.445515999237,total,transport_microphysics_bcs,9,0.0,0.0,0.0,,
300,4200.0,moving_end,1488.294250529318,les_label,inferred_muscl_label,9,3384.247732075168,10913.022855339497,121143.18021721435,0.0900836748364376,0.3101109359831801
300,4200.0,moving_end,1488.294250529318,les_label,local_les,9,-3623.666129144642,10874.961153045051,57221.10661057818,0.19005157007981827,0.33321186881941134
300,4200.0,moving_end,1488.294250529318,les_label,mask_motion,9,-341.67177690104444,1723.4070638001247,12042.35875510292,0.14311208450502566,0.1982536709276657
300,4200.0,moving_end,1488.294250529318,total,advection,9,27837.786195374854,49271.94524488563,1051228.6101914686,0.04687081836168,0.564982487641167
300,4200.0,moving_end,1488.294250529318,total,buoyancy,9,0.0,0.0,0.0,,
300,4200.0,moving_end,1488.294250529318,total,coriolis,9,3691.962182324187,3691.962182324187,8668.252219656439,0.42591771544812246,1.0
300,4200.0,moving_end,1488.294250529318,total,external_forcing,9,0.0,0.0,0.0,,
300,4200.0,moving_end,1488.294250529318,total,guard,9,0.0,0.0,0.0,,
300,4200.0,moving_end,1488.294250529318,total,initial_bcs,9,0.0,0.0,0.0,,
300,4200.0,moving_end,1488.294250529318,total,les,9,-3623.666129144642,10874.961153045051,57221.10661057818,0.19005157007981827,0.33321186881941134
300,4200.0,moving_end,1488.294250529318,total,mask_motion,9,-68927.09869081537,76602.86934374478,244314.07317248083,0.31354259846367794,0.8997978702535874
300,4200.0,moving_end,1488.294250529318,total,predictor_bcs,9,0.0,0.0,0.0,,
300,4200.0,moving_end,1488.294250529318,total,projection,9,4.3547759792889556e-11,1.838191793031921e-10,5.658233850692773e-09,0.03248702407036181,0.23690541954309186
300,4200.0,moving_end,1488.294250529318,total,projection_bcs,9,0.0,0.0,0.0,,
300,4200.0,moving_end,1488.294250529318,total,surface_drag,9,0.0,0.0,0.0,,
300,4200.0,moving_end,1488.294250529318,total,transport_microphysics_bcs,9,0.0,0.0,0.0,,
300,4200.0,moving_end,1642.4854217859033,les_label,inferred_muscl_label,9,5861.707552862314,11728.082845151048,112963.85397587878,0.1038215538189353,0.49980100160068575
300,4200.0,moving_end,1642.4854217859033,les_label,local_les,9,-7074.920207335748,12239.488902001156,54464.644950615366,0.22472355990017095,0.5780404936826242
300,4200.0,moving_end,1642.4854217859033,les_label,mask_motion,9,9.547675266550954,2110.2411052895504,11695.501574093316,0.18043186022598137,0.004524447582135833
300,4200.0,moving_end,1642.4854217859033,total,advection,9,49164.84672710753,60052.74779573296,1087865.1527692783,0.055202382062576605,0.8186943733922019
300,4200.0,moving_end,1642.4854217859033,total,buoyancy,9,0.0,0.0,0.0,,
300,4200.0,moving_end,1642.4854217859033,total,coriolis,9,2695.4094229079215,2695.4094229079215,8496.95884155226,0.3172204871379032,1.0
300,4200.0,moving_end,1642.4854217859033,total,external_forcing,9,0.0,0.0,0.0,,
300,4200.0,moving_end,1642.4854217859033,total,guard,9,0.0,0.0,0.0,,
300,4200.0,moving_end,1642.4854217859033,total,initial_bcs,9,0.0,0.0,0.0,,
300,4200.0,moving_end,1642.4854217859033,total,les,9,-7074.920207335748,12239.488902001156,54464.644950615366,0.22472355990017095,0.5780404936826242
300,4200.0,moving_end,1642.4854217859033,total,mask_motion,9,-82681.39691233492,92735.0017720835,240409.02793325842,0.385738433241485,0.8915878075415634
300,4200.0,moving_end,1642.4854217859033,total,predictor_bcs,9,0.0,0.0,0.0,,
300,4200.0,moving_end,1642.4854217859033,total,projection,9,3.6526385658696746e-11,1.0783958026602346e-10,5.615407739545189e-09,0.019204229731456284,0.33871038415201393
300,4200.0,moving_end,1642.4854217859033,total,projection_bcs,9,0.0,0.0,0.0,,
300,4200.0,moving_end,1642.4854217859033,total,surface_drag,9,0.0,0.0,0.0,,
300,4200.0,moving_end,1642.4854217859033,total,transport_microphysics_bcs,9,0.0,0.0,0.0,,
300,4200.0,moving_end,1804.3861516053175,les_label,inferred_muscl_label,9,5333.724156674294,8753.950253186244,103979.2562662098,0.08418939091826357,0.6092934049668534
300,4200.0,moving_end,1804.3861516053175,les_label,local_les,9,-6088.667747433075,8188.465460841374,48732.73970613414,0.16802801382025864,0.7435663955047639
300,4200.0,moving_end,1804.3861516053175,les_label,mask_motion,9,239.32702551197153,1422.6702492300503,10329.406187156701,0.13773010988753248,0.16822382111490375
300,4200.0,moving_end,1804.3861516053175,total,advection,9,63563.749957947635,65019.8201792681,1103377.3859500547,0.05892799780673706,0.9776057482579021
300,4200.0,moving_end,1804.3861516053175,total,buoyancy,9,0.0,0.0,0.0,,
300,4200.0,moving_end,1804.3861516053175,total,coriolis,9,1756.6585199592726,1756.6585199592726,8471.117474007624,0.2073703410853787,1.0
300,4200.0,moving_end,1804.3861516053175,total,external_forcing,9,0.0,0.0,0.0,,
300,4200.0,moving_end,1804.3861516053175,total,guard,9,0.0,0.0,0.0,,
300,4200.0,moving_end,1804.3861516053175,total,initial_bcs,9,0.0,0.0,0.0,,
300,4200.0,moving_end,1804.3861516053175,total,les,9,-6088.667747433075,8188.465460841374,48732.73970613414,0.16802801382025864,0.7435663955047639
300,4200.0,moving_end,1804.3861516053175,total,mask_motion,9,-88109.25437604674,93259.98818596579,231348.44519579102,0.4031148258076233,0.9447701644605809
300,4200.0,moving_end,1804.3861516053175,total,predictor_bcs,9,0.0,0.0,0.0,,
300,4200.0,moving_end,1804.3861516053175,total,projection,9,2.666534309795455e-11,1.1653713863511494e-10,5.741343970412135e-09,0.020297884822035747,0.22881412234983223
300,4200.0,moving_end,1804.3861516053175,total,projection_bcs,9,0.0,0.0,0.0,,
300,4200.0,moving_end,1804.3861516053175,total,surface_drag,9,0.0,0.0,0.0,,
300,4200.0,moving_end,1804.3861516053175,total,transport_microphysics_bcs,9,0.0,0.0,0.0,,
300,4200.0,moving_end,1974.3819179157026,les_label,inferred_muscl_label,9,4046.5768203322245,5466.839557075889,99368.24752539762,0.05501596026113488,0.7402040572225359
300,4200.0,moving_end,1974.3819179157026,les_label,local_les,9,-3937.7497322979584,4272.07942512226,48977.99300903441,0.08722446884122503,0.9217407591117683
300,4200.0,moving_end,1974.3819179157026,les_label,mask_motion,9,530.9355211112478,1102.5532279520992,8832.65523135736,0.12482692905728464,0.4815509198566461
300,4200.0,moving_end,1974.3819179157026,total,advection,9,83456.34428678639,83456.34428678639,1109788.7928018214,0.07520020460477786,1.0
300,4200.0,moving_end,1974.3819179157026,total,buoyancy,9,0.0,0.0,0.0,,
300,4200.0,moving_end,1974.3819179157026,total,coriolis,9,985.0581650332547,1287.0675810889068,8493.832698494116,0.15152966002227627,0.7653507706253149
300,4200.0,moving_end,1974.3819179157026,total,external_forcing,9,0.0,0.0,0.0,,
300,4200.0,moving_end,1974.3819179157026,total,guard,9,0.0,0.0,0.0,,
300,4200.0,moving_end,1974.3819179157026,total,initial_bcs,9,0.0,0.0,0.0,,
300,4200.0,moving_end,1974.3819179157026,total,les,9,-3937.7497322979584,4272.07942512226,48977.99300903441,0.08722446884122503,0.9217407591117683
300,4200.0,moving_end,1974.3819179157026,total,mask_motion,9,-94049.84513779473,94049.84513779473,231767.77404524022,0.405793452196838,1.0
300,4200.0,moving_end,1974.3819179157026,total,predictor_bcs,9,0.0,0.0,0.0,,
300,4200.0,moving_end,1974.3819179157026,total,projection,9,-1.3468594926023173e-11,8.764486624479224e-11,5.946762211937626e-09,0.014738249676244415,0.15367237698104722
300,4200.0,moving_end,1974.3819179157026,total,projection_bcs,9,0.0,0.0,0.0,,
300,4200.0,moving_end,1974.3819179157026,total,surface_drag,9,0.0,0.0,0.0,,
300,4200.0,moving_end,1974.3819179157026,total,transport_microphysics_bcs,9,0.0,0.0,0.0,,
300,4200.0,moving_symmetric,39.88822936505957,les_label,inferred_muscl_label,9,2543.6033193216886,4752.002811985727,57196.31541330635,0.08308232405614374,0.5352697420351039
300,4200.0,moving_symmetric,39.88822936505957,les_label,local_les,9,-91.84851929184507,92.7517870446385,16093.3266752103,0.005763369433587072,0.9902614517566252
300,4200.0,moving_symmetric,39.88822936505957,les_label,mask_motion,9,361.28770873734277,1203.601005720345,9200.985950425047,0.1308121773259249,0.3001723220737217
300,4200.0,moving_symmetric,39.88822936505957,total,advection,9,-10454.369892287372,10454.369892287372,288237.7620029661,0.03626995234642362,1.0
300,4200.0,moving_symmetric,39.88822936505957,total,buoyancy,9,0.0,0.0,0.0,,
300,4200.0,moving_symmetric,39.88822936505957,total,coriolis,9,5525.4490158450935,5525.4490158450935,11288.508329817345,0.48947556704637685,1.0
300,4200.0,moving_symmetric,39.88822936505957,total,external_forcing,9,0.0,0.0,0.0,,
300,4200.0,moving_symmetric,39.88822936505957,total,guard,9,0.0,0.0,0.0,,
300,4200.0,moving_symmetric,39.88822936505957,total,initial_bcs,9,0.0,0.0,0.0,,
300,4200.0,moving_symmetric,39.88822936505957,total,les,9,-91.84851929184507,92.7517870446385,16093.3266752103,0.005763369433587072,0.9902614517566252
300,4200.0,moving_symmetric,39.88822936505957,total,mask_motion,9,-14483.321459297043,14787.004108086592,24442.568342115064,0.6049693265092879,0.9794628684370573
300,4200.0,moving_symmetric,39.88822936505957,total,predictor_bcs,9,0.0,0.0,0.0,,
300,4200.0,moving_symmetric,39.88822936505957,total,projection,9,-1.8586596369628975e-12,4.140523695734811e-11,2.9560404182650113e-09,0.01400699283457365,0.044889481948322596
300,4200.0,moving_symmetric,39.88822936505957,total,projection_bcs,9,0.0,0.0,0.0,,
300,4200.0,moving_symmetric,39.88822936505957,total,surface_drag,9,-1430.8424074340935,1459.3394408153054,12240.224815956884,0.11922488865668934,0.9804726490738227
300,4200.0,moving_symmetric,39.88822936505957,total,transport_microphysics_bcs,9,0.0,0.0,0.0,,
300,4200.0,moving_symmetric,121.65909956343168,les_label,inferred_muscl_label,9,3283.773145426066,10076.071109384851,125226.41227407851,0.08046282670249882,0.3258981710011514
300,4200.0,moving_symmetric,121.65909956343168,les_label,local_les,9,564.1818303127197,4577.993580566867,101582.57593756687,0.04506672072758348,0.12323779410867157
300,4200.0,moving_symmetric,121.65909956343168,les_label,mask_motion,9,1189.4955093746921,2899.0557530952015,24956.355412535966,0.11616502911474648,0.410304461411174
300,4200.0,moving_symmetric,121.65909956343168,total,advection,9,-22831.184605043738,22831.184605043738,362023.9897059308,0.06306539139461262,1.0
300,4200.0,moving_symmetric,121.65909956343168,total,buoyancy,9,0.0,0.0,0.0,,
300,4200.0,moving_symmetric,121.65909956343168,total,coriolis,9,6003.835542778055,6003.835542778055,11385.529447809029,0.5273215945116546,1.0
300,4200.0,moving_symmetric,121.65909956343168,total,external_forcing,9,0.0,0.0,0.0,,
300,4200.0,moving_symmetric,121.65909956343168,total,guard,9,0.0,0.0,0.0,,
300,4200.0,moving_symmetric,121.65909956343168,total,initial_bcs,9,0.0,0.0,0.0,,
300,4200.0,moving_symmetric,121.65909956343168,total,les,9,564.1818303127197,4577.993580566867,101582.57593756687,0.04506672072758348,0.12323779410867157
300,4200.0,moving_symmetric,121.65909956343168,total,mask_motion,9,-12555.756960808485,13499.772551170392,44772.001286044644,0.3015226517331993,0.9300717410768478
300,4200.0,moving_symmetric,121.65909956343168,total,predictor_bcs,9,0.0,0.0,0.0,,
300,4200.0,moving_symmetric,121.65909956343168,total,projection,9,3.693644396993211e-12,4.716813239887392e-11,2.960580265363942e-09,0.01593205661427172,0.0783080484458908
300,4200.0,moving_symmetric,121.65909956343168,total,projection_bcs,9,0.0,0.0,0.0,,
300,4200.0,moving_symmetric,121.65909956343168,total,surface_drag,9,-38.49628597879689,746.976517870676,13440.176400558727,0.055577880498623757,0.05153613943385266
300,4200.0,moving_symmetric,121.65909956343168,total,transport_microphysics_bcs,9,0.0,0.0,0.0,,
300,4200.0,moving_symmetric,207.51851327172238,les_label,inferred_muscl_label,9,-1605.8068132780727,9737.037242842438,127329.03565091736,0.07647145989181366,0.16491739460670946
300,4200.0,moving_symmetric,207.51851327172238,les_label,local_les,9,10444.268382956183,13633.612667485511,89710.92922121205,0.15197270595500487,0.7660675594711942
300,4200.0,moving_symmetric,207.51851327172238,les_label,mask_motion,9,3815.227080904726,4442.528217234452,27134.139563009296,0.1637246763221762,0.8587963642197793
300,4200.0,moving_symmetric,207.51851327172238,total,advection,9,-39896.37785216556,39896.37785216556,377461.392886,0.10569657878684026,1.0
300,4200.0,moving_symmetric,207.51851327172238,total,buoyancy,9,0.0,0.0,0.0,,
300,4200.0,moving_symmetric,207.51851327172238,total,coriolis,9,6488.036016803081,6488.036016803081,11678.61177432186,0.5555485653755984,1.0
300,4200.0,moving_symmetric,207.51851327172238,total,external_forcing,9,0.0,0.0,0.0,,
300,4200.0,moving_symmetric,207.51851327172238,total,guard,9,0.0,0.0,0.0,,
300,4200.0,moving_symmetric,207.51851327172238,total,initial_bcs,9,0.0,0.0,0.0,,
300,4200.0,moving_symmetric,207.51851327172238,total,les,9,10444.268382956183,13633.612667485511,89710.92922121205,0.15197270595500487,0.7660675594711942
300,4200.0,moving_symmetric,207.51851327172238,total,mask_motion,9,-11062.456879722104,12684.584078667778,67355.90739328467,0.18832177561804211,0.8721182193373075
300,4200.0,moving_symmetric,207.51851327172238,total,predictor_bcs,9,0.0,0.0,0.0,,
300,4200.0,moving_symmetric,207.51851327172238,total,projection,9,5.480054352807067e-12,5.0957144235398493e-11,3.0319848156510037e-09,0.016806530155546767,0.10754241500449367
300,4200.0,moving_symmetric,207.51851327172238,total,projection_bcs,9,0.0,0.0,0.0,,
300,4200.0,moving_symmetric,207.51851327172238,total,surface_drag,9,0.0,0.0,0.0,,
300,4200.0,moving_symmetric,207.51851327172238,total,transport_microphysics_bcs,9,0.0,0.0,0.0,,
300,4200.0,moving_symmetric,297.6708976654277,les_label,inferred_muscl_label,9,-6201.721532127916,10889.410373787667,122182.31212600262,0.08912427817340511,0.5695185799091865
300,4200.0,moving_symmetric,297.6708976654277,les_label,local_les,9,17230.614655320514,19089.074691339483,81584.83745316211,0.23397821564942786,0.9026427385261302
300,4200.0,moving_symmetric,297.6708976654277,les_label,mask_motion,9,132.0239721199126,2018.601628436881,21299.41099588468,0.0947726502308867,0.0654036785961311
300,4200.0,moving_symmetric,297.6708976654277,total,advection,9,-52698.41478056146,52698.41478056146,395767.72072867205,0.1331549088529383,1.0
300,4200.0,moving_symmetric,297.6708976654277,total,buoyancy,9,0.0,0.0,0.0,,
300,4200.0,moving_symmetric,297.6708976654277,total,coriolis,9,6876.24001648967,6876.24001648967,11879.65436103598,0.5788249226377339,1.0
300,4200.0,moving_symmetric,297.6708976654277,total,external_forcing,9,0.0,0.0,0.0,,
300,4200.0,moving_symmetric,297.6708976654277,total,guard,9,0.0,0.0,0.0,,
300,4200.0,moving_symmetric,297.6708976654277,total,initial_bcs,9,0.0,0.0,0.0,,
300,4200.0,moving_symmetric,297.6708976654277,total,les,9,17230.614655320514,19089.074691339483,81584.83745316211,0.23397821564942786,0.9026427385261302
300,4200.0,moving_symmetric,297.6708976654277,total,mask_motion,9,-8389.269466389283,13824.745258626013,85856.30374593452,0.16102190119360507,0.6068299494455249
300,4200.0,moving_symmetric,297.6708976654277,total,predictor_bcs,9,0.0,0.0,0.0,,
300,4200.0,moving_symmetric,297.6708976654277,total,projection,9,1.2863464794686248e-11,4.9549693114417067e-11,3.2570623787447743e-09,0.015213000966076928,0.25960735548821134
300,4200.0,moving_symmetric,297.6708976654277,total,projection_bcs,9,0.0,0.0,0.0,,
300,4200.0,moving_symmetric,297.6708976654277,total,surface_drag,9,0.0,0.0,0.0,,
300,4200.0,moving_symmetric,297.6708976654277,total,transport_microphysics_bcs,9,0.0,0.0,0.0,,
300,4200.0,moving_symmetric,392.33090127881815,les_label,inferred_muscl_label,9,-8050.029648781757,9940.739221956643,119211.91631481661,0.08338712713672843,0.8098019140267985
300,4200.0,moving_symmetric,392.33090127881815,les_label,local_les,9,17015.078437941123,17030.945152492448,82989.8448942705,0.20521721873549664,0.9990683597176049
300,4200.0,moving_symmetric,392.33090127881815,les_label,mask_motion,9,-1165.3166359644804,1874.9415662330484,18236.19204832182,0.10281431349619886,0.6215215753660643
300,4200.0,moving_symmetric,392.33090127881815,total,advection,9,-59734.74432413076,59734.74432413076,420918.0138858245,0.14191539053573038,1.0
300,4200.0,moving_symmetric,392.33090127881815,total,buoyancy,9,0.0,0.0,0.0,,
300,4200.0,moving_symmetric,392.33090127881815,total,coriolis,9,7252.431927525683,7252.431927525683,12141.785102098966,0.5973118340129365,1.0
300,4200.0,moving_symmetric,392.33090127881815,total,external_forcing,9,0.0,0.0,0.0,,
300,4200.0,moving_symmetric,392.33090127881815,total,guard,9,0.0,0.0,0.0,,
300,4200.0,moving_symmetric,392.33090127881815,total,initial_bcs,9,0.0,0.0,0.0,,
300,4200.0,moving_symmetric,392.33090127881815,total,les,9,17015.078437941123,17030.945152492448,82989.8448942705,0.20521721873549664,0.9990683597176049
300,4200.0,moving_symmetric,392.33090127881815,total,mask_motion,9,-2678.258211922276,18153.35063539348,101244.60001633002,0.17930191469436865,0.1475351997388566
300,4200.0,moving_symmetric,392.33090127881815,total,predictor_bcs,9,0.0,0.0,0.0,,
300,4200.0,moving_symmetric,392.33090127881815,total,projection,9,5.586035326925762e-11,7.706714447516675e-11,3.606147248794557e-09,0.021371047591284113,0.7248270796805951
300,4200.0,moving_symmetric,392.33090127881815,total,projection_bcs,9,0.0,0.0,0.0,,
300,4200.0,moving_symmetric,392.33090127881815,total,surface_drag,9,0.0,0.0,0.0,,
300,4200.0,moving_symmetric,392.33090127881815,total,transport_microphysics_bcs,9,0.0,0.0,0.0,,
300,4200.0,moving_symmetric,491.72390507287827,les_label,inferred_muscl_label,9,-5602.798855820288,6271.282255233835,113987.59076585737,0.055017236640396365,0.8934056270779952
300,4200.0,moving_symmetric,491.72390507287827,les_label,local_les,9,11302.511796415884,11302.511796415884,76001.19545056767,0.14871492125103755,1.0
300,4200.0,moving_symmetric,491.72390507287827,les_label,mask_motion,9,-1828.52144037456,2901.930073252626,14308.71149589523,0.2028086228508492,0.6301052727728422
300,4200.0,moving_symmetric,491.72390507287827,total,advection,9,-57959.873913874726,57959.873913874726,462214.3574231042,0.12539609162512258,1.0
300,4200.0,moving_symmetric,491.72390507287827,total,buoyancy,9,0.0,0.0,0.0,,
300,4200.0,moving_symmetric,491.72390507287827,total,coriolis,9,7563.9910288043875,7563.9910288043875,12353.32972236405,0.6123038240540762,1.0
300,4200.0,moving_symmetric,491.72390507287827,total,external_forcing,9,0.0,0.0,0.0,,
300,4200.0,moving_symmetric,491.72390507287827,total,guard,9,0.0,0.0,0.0,,
300,4200.0,moving_symmetric,491.72390507287827,total,initial_bcs,9,0.0,0.0,0.0,,
300,4200.0,moving_symmetric,491.72390507287827,total,les,9,11302.511796415884,11302.511796415884,76001.19545056767,0.14871492125103755,1.0
300,4200.0,moving_symmetric,491.72390507287827,total,mask_motion,9,1391.055855124066,23749.95924576174,118419.00540413124,0.20055867860661145,0.058570873353069215
300,4200.0,moving_symmetric,491.72390507287827,total,predictor_bcs,9,0.0,0.0,0.0,,
300,4200.0,moving_symmetric,491.72390507287827,total,projection,9,-1.3016073662001871e-11,4.971102112713349e-11,3.855192932619868e-09,0.012894561179160349,0.2618347675601735
300,4200.0,moving_symmetric,491.72390507287827,total,projection_bcs,9,0.0,0.0,0.0,,
300,4200.0,moving_symmetric,491.72390507287827,total,surface_drag,9,0.0,0.0,0.0,,
300,4200.0,moving_symmetric,491.72390507287827,total,transport_microphysics_bcs,9,0.0,0.0,0.0,,
300,4200.0,moving_symmetric,596.0865590566414,les_label,inferred_muscl_label,9,-1022.9235947053131,5591.031482465568,108401.88835341654,0.05157688272216665,0.18295793860459858
300,4200.0,moving_symmetric,596.0865590566414,les_label,local_les,9,2856.5868148334725,5102.026853994949,71784.54465071876,0.07107416894290858,0.5598925479188198
300,4200.0,moving_symmetric,596.0865590566414,les_label,mask_motion,9,-1829.5822261384826,2700.242780369739,11800.153015542053,0.22883116658006325,0.6775621212430244
300,4200.0,moving_symmetric,596.0865590566414,total,advection,9,-53784.790803218166,53784.790803218166,513272.90896334534,0.10478790106387464,1.0
300,4200.0,moving_symmetric,596.0865590566414,total,buoyancy,9,0.0,0.0,0.0,,
300,4200.0,moving_symmetric,596.0865590566414,total,coriolis,9,7741.546264009313,7741.546264009313,12322.504116918366,0.6282445670584472,1.0
300,4200.0,moving_symmetric,596.0865590566414,total,external_forcing,9,0.0,0.0,0.0,,
300,4200.0,moving_symmetric,596.0865590566414,total,guard,9,0.0,0.0,0.0,,
300,4200.0,moving_symmetric,596.0865590566414,total,initial_bcs,9,0.0,0.0,0.0,,
300,4200.0,moving_symmetric,596.0865590566414,total,les,9,2856.5868148334725,5102.026853994949,71784.54465071876,0.07107416894290858,0.5598925479188198
300,4200.0,moving_symmetric,596.0865590566414,total,mask_motion,9,6034.05723349702,25390.63462076877,131356.06149732435,0.19329625394779337,0.23764893330241316
300,4200.0,moving_symmetric,596.0865590566414,total,predictor_bcs,9,0.0,0.0,0.0,,
300,4200.0,moving_symmetric,596.0865590566414,total,projection,9,1.2582293796031959e-11,7.774246849154043e-11,4.010695541357207e-09,0.019383787098741636,0.16184582301243888
300,4200.0,moving_symmetric,596.0865590566414,total,projection_bcs,9,0.0,0.0,0.0,,
300,4200.0,moving_symmetric,596.0865590566414,total,surface_drag,9,0.0,0.0,0.0,,
300,4200.0,moving_symmetric,596.0865590566414,total,transport_microphysics_bcs,9,0.0,0.0,0.0,,
300,4200.0,moving_symmetric,705.6673457395926,les_label,inferred_muscl_label,9,-3154.784879244035,5842.4364043344585,113155.13307231915,0.05163209344290612,0.5399776156576603
300,4200.0,moving_symmetric,705.6673457395926,les_label,local_les,9,2548.416481911727,4141.830660389277,72196.7454886031,0.05736866159767689,0.6152874636531397
300,4200.0,moving_symmetric,705.6673457395926,les_label,mask_motion,9,-1729.3490333042394,1854.0466756307912,11086.519840883655,0.16723432621241888,0.9327429864816501
300,4200.0,moving_symmetric,705.6673457395926,total,advection,9,-54289.15668870023,54289.15668870023,574056.0899267966,0.09457117107776551,1.0
300,4200.0,moving_symmetric,705.6673457395926,total,buoyancy,9,0.0,0.0,0.0,,
300,4200.0,moving_symmetric,705.6673457395926,total,coriolis,9,7725.793327701576,7725.793327701576,11969.93689854758,0.6454330873405871,1.0
300,4200.0,moving_symmetric,705.6673457395926,total,external_forcing,9,0.0,0.0,0.0,,
300,4200.0,moving_symmetric,705.6673457395926,total,guard,9,0.0,0.0,0.0,,
300,4200.0,moving_symmetric,705.6673457395926,total,initial_bcs,9,0.0,0.0,0.0,,
300,4200.0,moving_symmetric,705.6673457395926,total,les,9,2548.416481911727,4141.830660389277,72196.7454886031,0.05736866159767689,0.6152874636531397
300,4200.0,moving_symmetric,705.6673457395926,total,mask_motion,9,13166.508994150827,27740.609736755927,138561.6700130785,0.20020406606053145,0.47462940141165616
300,4200.0,moving_symmetric,705.6673457395926,total,predictor_bcs,9,0.0,0.0,0.0,,
300,4200.0,moving_symmetric,705.6673457395926,total,projection,9,-1.738454659831775e-11,7.744538866317306e-11,4.306588669877721e-09,0.017983001071094164,0.2244749093316188
300,4200.0,moving_symmetric,705.6673457395926,total,projection_bcs,9,0.0,0.0,0.0,,
300,4200.0,moving_symmetric,705.6673457395926,total,surface_drag,9,0.0,0.0,0.0,,
300,4200.0,moving_symmetric,705.6673457395926,total,transport_microphysics_bcs,9,0.0,0.0,0.0,,
300,4200.0,moving_symmetric,820.7271717566915,les_label,inferred_muscl_label,9,-10095.910205061393,10095.910205061393,127802.156318826,0.07899639955898151,1.0
300,4200.0,moving_symmetric,820.7271717566915,les_label,local_les,9,10032.31996729902,10209.056414956845,74702.32432144295,0.13666316955584182,0.9826882680950908
300,4200.0,moving_symmetric,820.7271717566915,les_label,mask_motion,9,-3286.2022653254194,3286.2022653254194,11504.137129011193,0.28565395461414117,1.0
300,4200.0,moving_symmetric,820.7271717566915,total,advection,9,-52691.36647718824,52691.36647718824,668719.492110657,0.0787944229214558,1.0
300,4200.0,moving_symmetric,820.7271717566915,total,buoyancy,9,0.0,0.0,0.0,,
300,4200.0,moving_symmetric,820.7271717566915,total,coriolis,9,7444.836598184714,7444.836598184714,11424.700702967319,0.6516439066321518,1.0
300,4200.0,moving_symmetric,820.7271717566915,total,external_forcing,9,0.0,0.0,0.0,,
300,4200.0,moving_symmetric,820.7271717566915,total,guard,9,0.0,0.0,0.0,,
300,4200.0,moving_symmetric,820.7271717566915,total,initial_bcs,9,0.0,0.0,0.0,,
300,4200.0,moving_symmetric,820.7271717566915,total,les,9,10032.31996729902,10209.056414956845,74702.32432144295,0.13666316955584182,0.9826882680950908
300,4200.0,moving_symmetric,820.7271717566915,total,mask_motion,9,14567.367053841363,33752.690039916764,149961.59260270844,0.22507556404350404,0.43159129054939427
300,4200.0,moving_symmetric,820.7271717566915,total,predictor_bcs,9,0.0,0.0,0.0,,
300,4200.0,moving_symmetric,820.7271717566915,total,projection,9,1.1459956347376494e-11,5.826094125647185e-11,4.386320334601142e-09,0.01328241824859097,0.1967005012316631
300,4200.0,moving_symmetric,820.7271717566915,total,projection_bcs,9,0.0,0.0,0.0,,
300,4200.0,moving_symmetric,820.7271717566915,total,surface_drag,9,0.0,0.0,0.0,,
300,4200.0,moving_symmetric,820.7271717566915,total,transport_microphysics_bcs,9,0.0,0.0,0.0,,
300,4200.0,moving_symmetric,941.5399890746453,les_label,inferred_muscl_label,9,-17669.938825780322,17669.938825780322,143033.74839767598,0.12353685073436434,1.0
300,4200.0,moving_symmetric,941.5399890746453,les_label,local_les,9,18946.587461840172,18946.587461840172,77766.38872878224,0.24363465722856462,1.0
300,4200.0,moving_symmetric,941.5399890746453,les_label,mask_motion,9,-4919.712707413595,5406.670590442444,12567.355392083102,0.4302154607522611,0.9099338724482936
300,4200.0,moving_symmetric,941.5399890746453,total,advection,9,-50175.062167725926,50410.87132366392,766581.7118492855,0.06576059739548679,0.9953222558994471
300,4200.0,moving_symmetric,941.5399890746453,total,buoyancy,9,0.0,0.0,0.0,,
300,4200.0,moving_symmetric,941.5399890746453,total,coriolis,9,6945.944052274953,6945.944052274953,10730.678693787579,0.6472977386133311,1.0
300,4200.0,moving_symmetric,941.5399890746453,total,external_forcing,9,0.0,0.0,0.0,,
300,4200.0,moving_symmetric,941.5399890746453,total,guard,9,0.0,0.0,0.0,,
300,4200.0,moving_symmetric,941.5399890746453,total,initial_bcs,9,0.0,0.0,0.0,,
300,4200.0,moving_symmetric,941.5399890746453,total,les,9,18946.587461840172,18946.587461840172,77766.38872878224,0.24363465722856462,1.0
300,4200.0,moving_symmetric,941.5399890746453,total,mask_motion,9,6401.2927656017655,31987.09935774874,164496.32048215298,0.19445480156633155,0.2001210767506207
300,4200.0,moving_symmetric,941.5399890746453,total,predictor_bcs,9,0.0,0.0,0.0,,
300,4200.0,moving_symmetric,941.5399890746453,total,projection,9,1.173811376162313e-11,7.939189733791551e-11,4.7334731254099134e-09,0.016772440707802743,0.14785027383414492
300,4200.0,moving_symmetric,941.5399890746453,total,projection_bcs,9,0.0,0.0,0.0,,
300,4200.0,moving_symmetric,941.5399890746453,total,surface_drag,9,0.0,0.0,0.0,,
300,4200.0,moving_symmetric,941.5399890746453,total,transport_microphysics_bcs,9,0.0,0.0,0.0,,
300,4200.0,moving_symmetric,1068.3934472584967,les_label,inferred_muscl_label,9,-13832.88930931583,14012.381197003046,147785.64504006147,0.09481557693377185,0.9871904792509066
300,4200.0,moving_symmetric,1068.3934472584967,les_label,local_les,9,15277.31863263471,15876.11007211376,69388.40222599736,0.22880062896397907,0.9622834915631617
300,4200.0,moving_symmetric,1068.3934472584967,les_label,mask_motion,9,-3308.8794938484853,7251.217605699118,13203.004289867009,0.5492096682316656,0.4563205345331052
300,4200.0,moving_symmetric,1068.3934472584967,total,advection,9,-35263.35367328546,36897.23968356591,861028.4646762355,0.04285252020958452,0.9557179337995796
300,4200.0,moving_symmetric,1068.3934472584967,total,buoyancy,9,0.0,0.0,0.0,,
300,4200.0,moving_symmetric,1068.3934472584967,total,coriolis,9,6299.805112598332,6299.805112598332,10050.095774205636,0.6268403062155168,1.0
300,4200.0,moving_symmetric,1068.3934472584967,total,external_forcing,9,0.0,0.0,0.0,,
300,4200.0,moving_symmetric,1068.3934472584967,total,guard,9,0.0,0.0,0.0,,
300,4200.0,moving_symmetric,1068.3934472584967,total,initial_bcs,9,0.0,0.0,0.0,,
300,4200.0,moving_symmetric,1068.3934472584967,total,les,9,15277.31863263471,15876.11007211376,69388.40222599736,0.22880062896397907,0.9622834915631617
300,4200.0,moving_symmetric,1068.3934472584967,total,mask_motion,9,-10209.58024524821,38536.714753402244,187583.08220686132,0.20543811467446219,0.26493125609122786
300,4200.0,moving_symmetric,1068.3934472584967,total,predictor_bcs,9,0.0,0.0,0.0,,
300,4200.0,moving_symmetric,1068.3934472584967,total,projection,9,-3.204913903844886e-11,8.046137913656892e-11,4.9531944936611716e-09,0.0162443407460658,0.39831704828289277
300,4200.0,moving_symmetric,1068.3934472584967,total,projection_bcs,9,0.0,0.0,0.0,,
300,4200.0,moving_symmetric,1068.3934472584967,total,surface_drag,9,0.0,0.0,0.0,,
300,4200.0,moving_symmetric,1068.3934472584967,total,transport_microphysics_bcs,9,0.0,0.0,0.0,,
300,4200.0,moving_symmetric,1201.5895783515407,les_label,inferred_muscl_label,9,-1035.4380836087018,7037.491227107794,143791.26738172484,0.048942410448509784,0.14713170506277662
300,4200.0,moving_symmetric,1201.5895783515407,les_label,local_les,9,2899.3047066056815,11537.791047110946,58882.69621986458,0.1959453589562119,0.251287676711017
300,4200.0,moving_symmetric,1201.5895783515407,les_label,mask_motion,9,-1364.3970244852462,4590.412947135688,13835.39615785591,0.33178760439969,0.2972275131231055
300,4200.0,moving_symmetric,1201.5895783515407,total,advection,9,-14502.665071627012,39975.543258067795,949198.2532866925,0.042115061969033904,0.36278844237345315
300,4200.0,moving_symmetric,1201.5895783515407,total,buoyancy,9,0.0,0.0,0.0,,
300,4200.0,moving_symmetric,1201.5895783515407,total,coriolis,9,5556.93128832579,5556.93128832579,9454.82604593388,0.5877349050451954,1.0
300,4200.0,moving_symmetric,1201.5895783515407,total,external_forcing,9,0.0,0.0,0.0,,
300,4200.0,moving_symmetric,1201.5895783515407,total,guard,9,0.0,0.0,0.0,,
300,4200.0,moving_symmetric,1201.5895783515407,total,initial_bcs,9,0.0,0.0,0.0,,
300,4200.0,moving_symmetric,1201.5895783515407,total,les,9,2899.3047066056815,11537.791047110946,58882.69621986458,0.1959453589562119,0.251287676711017
300,4200.0,moving_symmetric,1201.5895783515407,total,mask_motion,9,-28803.61039641369,47050.014496456766,210467.8402593799,0.22354966173678825,0.6121913182105996
300,4200.0,moving_symmetric,1201.5895783515407,total,predictor_bcs,9,0.0,0.0,0.0,,
300,4200.0,moving_symmetric,1201.5895783515407,total,projection,9,-2.028944732756139e-11,6.322076592289462e-11,5.135974993601555e-09,0.012309399092023545,0.32093010945654826
300,4200.0,moving_symmetric,1201.5895783515407,total,projection_bcs,9,0.0,0.0,0.0,,
300,4200.0,moving_symmetric,1201.5895783515407,total,surface_drag,9,0.0,0.0,0.0,,
300,4200.0,moving_symmetric,1201.5895783515407,total,transport_microphysics_bcs,9,0.0,0.0,0.0,,
300,4200.0,moving_symmetric,1341.445515999237,les_label,inferred_muscl_label,9,3623.1146023354386,13164.384367132854,132625.02053078925,0.09926018721389535,0.27522096752060554
300,4200.0,moving_symmetric,1341.445515999237,les_label,local_les,9,-3606.1884159433585,12462.896534952966,57214.5634076233,0.21782734661735448,0.28935395602696207
300,4200.0,moving_symmetric,1341.445515999237,les_label,mask_motion,9,-1.451867737787932,3592.352323825142,14008.77661819732,0.2564358346009099,0.0004041551626656656
300,4200.0,moving_symmetric,1341.445515999237,total,advection,9,4177.7170288548405,46221.3127904361,1019672.501095504,0.04532956683717309,0.09038507945017248
300,4200.0,moving_symmetric,1341.445515999237,total,buoyancy,9,0.0,0.0,0.0,,
300,4200.0,moving_symmetric,1341.445515999237,total,coriolis,9,4741.9072143601625,4741.9072143601625,8967.95229539252,0.5287614226936086,1.0
300,4200.0,moving_symmetric,1341.445515999237,total,external_forcing,9,0.0,0.0,0.0,,
300,4200.0,moving_symmetric,1341.445515999237,total,guard,9,0.0,0.0,0.0,,
300,4200.0,moving_symmetric,1341.445515999237,total,initial_bcs,9,0.0,0.0,0.0,,
300,4200.0,moving_symmetric,1341.445515999237,total,les,9,-3606.1884159433585,12462.896534952966,57214.5634076233,0.21782734661735448,0.28935395602696207
300,4200.0,moving_symmetric,1341.445515999237,total,mask_motion,9,-46366.29705516175,50131.315502240235,219855.3173543554,0.22801957262393738,0.924896875149621
300,4200.0,moving_symmetric,1341.445515999237,total,predictor_bcs,9,0.0,0.0,0.0,,
300,4200.0,moving_symmetric,1341.445515999237,total,projection,9,-2.3622067141475443e-11,1.394794959824345e-10,5.30821973533962e-09,0.026276134549187157,0.16935870735043604
300,4200.0,moving_symmetric,1341.445515999237,total,projection_bcs,9,0.0,0.0,0.0,,
300,4200.0,moving_symmetric,1341.445515999237,total,surface_drag,9,0.0,0.0,0.0,,
300,4200.0,moving_symmetric,1341.445515999237,total,transport_microphysics_bcs,9,0.0,0.0,0.0,,
300,4200.0,moving_symmetric,1488.294250529318,les_label,inferred_muscl_label,9,4802.028822364908,12873.945023254062,120663.0905198404,0.10669331415091861,0.37300367631608317
300,4200.0,moving_symmetric,1488.294250529318,les_label,local_les,9,-5013.574044014127,12969.585544658943,54302.05307666581,0.23884153194627766,0.3865639365846033
300,4200.0,moving_symmetric,1488.294250529318,les_label,mask_motion,9,-369.5449523212985,1916.8890496038384,11935.946482314816,0.1605979929990507,0.19278369418285948
300,4200.0,moving_symmetric,1488.294250529318,total,advection,9,23459.16793895997,54549.362408902765,1069502.0088392503,0.05100445063035101,0.43005393469331
300,4200.0,moving_symmetric,1488.294250529318,total,buoyancy,9,0.0,0.0,0.0,,
300,4200.0,moving_symmetric,1488.294250529318,total,coriolis,9,3880.588047235949,3880.588047235949,8582.39472414379,0.4521567897965786,1.0
300,4200.0,moving_symmetric,1488.294250529318,total,external_forcing,9,0.0,0.0,0.0,,
300,4200.0,moving_symmetric,1488.294250529318,total,guard,9,0.0,0.0,0.0,,
300,4200.0,moving_symmetric,1488.294250529318,total,initial_bcs,9,0.0,0.0,0.0,,
300,4200.0,moving_symmetric,1488.294250529318,total,les,9,-5013.574044014127,12969.585544658943,54302.05307666581,0.23884153194627766,0.3865639365846033
300,4200.0,moving_symmetric,1488.294250529318,total,mask_motion,9,-63347.19838444275,68521.76165728699,218516.01187086623,0.3135777605980676,0.9244829212254506
300,4200.0,moving_symmetric,1488.294250529318,total,predictor_bcs,9,0.0,0.0,0.0,,
300,4200.0,moving_symmetric,1488.294250529318,total,projection,9,3.8214177553695254e-11,1.4938573992701132e-10,5.526055132191304e-09,0.02703298037270465,0.2558087376503701
300,4200.0,moving_symmetric,1488.294250529318,total,projection_bcs,9,0.0,0.0,0.0,,
300,4200.0,moving_symmetric,1488.294250529318,total,surface_drag,9,0.0,0.0,0.0,,
300,4200.0,moving_symmetric,1488.294250529318,total,transport_microphysics_bcs,9,0.0,0.0,0.0,,
300,4200.0,moving_symmetric,1642.4854217859033,les_label,inferred_muscl_label,9,6220.445391895049,10869.093177454211,112926.99375108973,0.09624884906979406,0.5723058299654782
300,4200.0,moving_symmetric,1642.4854217859033,les_label,local_les,9,-6950.4191959548925,11432.705553628406,51802.22778918981,0.2206991097014983,0.607941765258621
300,4200.0,moving_symmetric,1642.4854217859033,les_label,mask_motion,9,-473.69117514704124,2166.9216656523513,11177.72760858849,0.19386066126601448,0.21860096867158169
300,4200.0,moving_symmetric,1642.4854217859033,total,advection,9,44599.79390197663,64425.229372996604,1109564.6861208477,0.05806351822374037,0.692272178710633
300,4200.0,moving_symmetric,1642.4854217859033,total,buoyancy,9,0.0,0.0,0.0,,
300,4200.0,moving_symmetric,1642.4854217859033,total,coriolis,9,3012.2065343289455,3012.2065343289455,8367.877308780258,0.3599725979691759,1.0
300,4200.0,moving_symmetric,1642.4854217859033,total,external_forcing,9,0.0,0.0,0.0,,
300,4200.0,moving_symmetric,1642.4854217859033,total,guard,9,0.0,0.0,0.0,,
300,4200.0,moving_symmetric,1642.4854217859033,total,initial_bcs,9,0.0,0.0,0.0,,
300,4200.0,moving_symmetric,1642.4854217859033,total,les,9,-6950.4191959548925,11432.705553628406,51802.22778918981,0.2206991097014983,0.607941765258621
300,4200.0,moving_symmetric,1642.4854217859033,total,mask_motion,9,-78557.64221000591,85129.47341151131,213861.78863773303,0.39805836261715133,0.9228019281907511
300,4200.0,moving_symmetric,1642.4854217859033,total,predictor_bcs,9,0.0,0.0,0.0,,
300,4200.0,moving_symmetric,1642.4854217859033,total,projection,9,4.418699822047674e-11,1.0902557462294525e-10,5.468644187306262e-09,0.01993649081723288,0.4052902117076047
300,4200.0,moving_symmetric,1642.4854217859033,total,projection_bcs,9,0.0,0.0,0.0,,
300,4200.0,moving_symmetric,1642.4854217859033,total,surface_drag,9,0.0,0.0,0.0,,
300,4200.0,moving_symmetric,1642.4854217859033,total,transport_microphysics_bcs,9,0.0,0.0,0.0,,
300,4200.0,moving_symmetric,1804.3861516053175,les_label,inferred_muscl_label,9,6154.790832606912,9163.512664832146,104264.14294556425,0.08788747891608686,0.6716628281890036
300,4200.0,moving_symmetric,1804.3861516053175,les_label,local_les,9,-6585.486291172903,8521.459007067333,46893.22206159884,0.18172048395125337,0.7728120602013321
300,4200.0,moving_symmetric,1804.3861516053175,les_label,mask_motion,9,-84.92110668081604,1272.897286945203,10048.100264201119,0.12668039265892073,0.06671481473938581
300,4200.0,moving_symmetric,1804.3861516053175,total,advection,9,60641.648324800975,66428.10219547489,1127755.0486656602,0.05890295261730057,0.9128914769588572
300,4200.0,moving_symmetric,1804.3861516053175,total,buoyancy,9,0.0,0.0,0.0,,
300,4200.0,moving_symmetric,1804.3861516053175,total,coriolis,9,2191.8018980852703,2191.8018980852703,8247.929685372876,0.26573964397056843,1.0
300,4200.0,moving_symmetric,1804.3861516053175,total,external_forcing,9,0.0,0.0,0.0,,
300,4200.0,moving_symmetric,1804.3861516053175,total,guard,9,0.0,0.0,0.0,,
300,4200.0,moving_symmetric,1804.3861516053175,total,initial_bcs,9,0.0,0.0,0.0,,
300,4200.0,moving_symmetric,1804.3861516053175,total,les,9,-6585.486291172903,8521.459007067333,46893.22206159884,0.18172048395125337,0.7728120602013321
300,4200.0,moving_symmetric,1804.3861516053175,total,mask_motion,9,-85125.47757728623,86150.04305885368,213117.96647801995,0.40423641649067077,0.9881071971041556
300,4200.0,moving_symmetric,1804.3861516053175,total,predictor_bcs,9,0.0,0.0,0.0,,
300,4200.0,moving_symmetric,1804.3861516053175,total,projection,9,4.7000429404438226e-11,1.0829422056825077e-10,5.593503951529113e-09,0.01936071226670825,0.4340068117930349
300,4200.0,moving_symmetric,1804.3861516053175,total,projection_bcs,9,0.0,0.0,0.0,,
300,4200.0,moving_symmetric,1804.3861516053175,total,surface_drag,9,0.0,0.0,0.0,,
300,4200.0,moving_symmetric,1804.3861516053175,total,transport_microphysics_bcs,9,0.0,0.0,0.0,,
300,4200.0,moving_symmetric,1974.3819179157026,les_label,inferred_muscl_label,9,3624.764450795014,5240.3236984758805,99843.95579279258,0.052485137000693266,0.691706211173416
300,4200.0,moving_symmetric,1974.3819179157026,les_label,local_les,9,-3897.8126027935837,3972.2392307232367,47616.04228211054,0.08342228879899194,0.9812633067630969
300,4200.0,moving_symmetric,1974.3819179157026,les_label,mask_motion,9,912.8107611440826,974.7867166279954,9012.316555819194,0.10816161533946363,0.9364210094098313
300,4200.0,moving_symmetric,1974.3819179157026,total,advection,9,82366.66707282637,82366.66707282637,1133616.5291604165,0.0726583151833796,1.0
300,4200.0,moving_symmetric,1974.3819179157026,total,buoyancy,9,0.0,0.0,0.0,,
300,4200.0,moving_symmetric,1974.3819179157026,total,coriolis,9,1511.701633941853,1610.7497165002212,8217.623019931525,0.19601163409338812,0.9385080863005978
300,4200.0,moving_symmetric,1974.3819179157026,total,external_forcing,9,0.0,0.0,0.0,,
300,4200.0,moving_symmetric,1974.3819179157026,total,guard,9,0.0,0.0,0.0,,
300,4200.0,moving_symmetric,1974.3819179157026,total,initial_bcs,9,0.0,0.0,0.0,,
300,4200.0,moving_symmetric,1974.3819179157026,total,les,9,-3897.8126027935837,3972.2392307232367,47616.04228211054,0.08342228879899194,0.9812633067630969
300,4200.0,moving_symmetric,1974.3819179157026,total,mask_motion,9,-93526.74852224765,93526.74852224765,214414.63600655814,0.43619572928494965,1.0
300,4200.0,moving_symmetric,1974.3819179157026,total,predictor_bcs,9,0.0,0.0,0.0,,
300,4200.0,moving_symmetric,1974.3819179157026,total,projection,9,-1.0864295779692076e-11,7.06530242750772e-11,5.808069491375625e-09,0.01216463135986743,0.1537697202796802
300,4200.0,moving_symmetric,1974.3819179157026,total,projection_bcs,9,0.0,0.0,0.0,,
300,4200.0,moving_symmetric,1974.3819179157026,total,surface_drag,9,0.0,0.0,0.0,,
300,4200.0,moving_symmetric,1974.3819179157026,total,transport_microphysics_bcs,9,0.0,0.0,0.0,,
300,6000.0,fixed_initial,39.88822936505957,les_label,inferred_muscl_label,9,-6485.540014415672,18702.104292008353,236070.76685052662,0.07922244902033973,0.3467812986791559
300,6000.0,fixed_initial,39.88822936505957,les_label,local_les,9,-576.0008377753509,576.0008377753509,24109.16991001055,0.02389135917683276,1.0
300,6000.0,fixed_initial,39.88822936505957,les_label,mask_motion,9,0.0,0.0,0.0,,
300,6000.0,fixed_initial,39.88822936505957,total,advection,9,-5955.856056149631,9959.644765966648,413931.08131322294,0.024061118421861524,0.5979988439448699
300,6000.0,fixed_initial,39.88822936505957,total,buoyancy,9,0.0,0.0,0.0,,
300,6000.0,fixed_initial,39.88822936505957,total,coriolis,9,2944.95485684422,2944.95485684422,19697.39606222875,0.14950985640642087,1.0
300,6000.0,fixed_initial,39.88822936505957,total,external_forcing,9,0.0,0.0,0.0,,
300,6000.0,fixed_initial,39.88822936505957,total,guard,9,0.0,0.0,0.0,,
300,6000.0,fixed_initial,39.88822936505957,total,initial_bcs,9,0.0,0.0,0.0,,
300,6000.0,fixed_initial,39.88822936505957,total,les,9,-576.0008377753509,576.0008377753509,24109.16991001055,0.02389135917683276,1.0
300,6000.0,fixed_initial,39.88822936505957,total,mask_motion,9,0.0,0.0,0.0,,
300,6000.0,fixed_initial,39.88822936505957,total,predictor_bcs,9,0.0,0.0,0.0,,
300,6000.0,fixed_initial,39.88822936505957,total,projection,9,-4.522012035645538e-11,8.468023780618177e-11,5.884244712427944e-09,0.014391012261493998,0.5340103137163634
300,6000.0,fixed_initial,39.88822936505957,total,projection_bcs,9,0.0,0.0,0.0,,
300,6000.0,fixed_initial,39.88822936505957,total,surface_drag,9,-5564.424509302818,5618.0080894613475,24099.26978856841,0.23311943219650055,0.9904621746168281
300,6000.0,fixed_initial,39.88822936505957,total,transport_microphysics_bcs,9,0.0,0.0,0.0,,
300,6000.0,fixed_initial,121.65909956343168,les_label,inferred_muscl_label,9,54802.3302351522,55304.83776104952,409465.48027932114,0.1350659345528291,0.9909138595059539
300,6000.0,fixed_initial,121.65909956343168,les_label,local_les,9,-46027.61369716296,46027.61369716296,273715.9975999966,0.16815828852074202,1.0
300,6000.0,fixed_initial,121.65909956343168,les_label,mask_motion,9,0.0,0.0,0.0,,
300,6000.0,fixed_initial,121.65909956343168,total,advection,9,11335.03025720499,14275.599359167269,598081.432896216,0.02386898936159499,0.7940143157580314
300,6000.0,fixed_initial,121.65909956343168,total,buoyancy,9,0.0,0.0,0.0,,
300,6000.0,fixed_initial,121.65909956343168,total,coriolis,9,3525.2985169178883,3525.2985169178883,19421.660160583742,0.1815137577204899,1.0
300,6000.0,fixed_initial,121.65909956343168,total,external_forcing,9,0.0,0.0,0.0,,
300,6000.0,fixed_initial,121.65909956343168,total,guard,9,0.0,0.0,0.0,,
300,6000.0,fixed_initial,121.65909956343168,total,initial_bcs,9,0.0,0.0,0.0,,
300,6000.0,fixed_initial,121.65909956343168,total,les,9,-46027.61369716296,46027.61369716296,273715.9975999966,0.16815828852074202,1.0
300,6000.0,fixed_initial,121.65909956343168,total,mask_motion,9,0.0,0.0,0.0,,
300,6000.0,fixed_initial,121.65909956343168,total,predictor_bcs,9,0.0,0.0,0.0,,
300,6000.0,fixed_initial,121.65909956343168,total,projection,9,8.277045570248249e-12,5.4652917348610885e-11,5.5677721238228305e-09,0.009815940044451067,0.15144746102851225
300,6000.0,fixed_initial,121.65909956343168,total,projection_bcs,9,0.0,0.0,0.0,,
300,6000.0,fixed_initial,121.65909956343168,total,surface_drag,9,-2040.4562927518566,2740.235963216807,27428.83758334537,0.09990346673971566,0.7446279518047535
300,6000.0,fixed_initial,121.65909956343168,total,transport_microphysics_bcs,9,0.0,0.0,0.0,,
300,6000.0,fixed_initial,207.51851327172238,les_label,inferred_muscl_label,9,42119.34643836682,42119.34643836682,395133.73112470034,0.10659516796624575,1.0
300,6000.0,fixed_initial,207.51851327172238,les_label,local_les,9,-22172.135563605923,22345.34687682328,271421.36263283395,0.08232714868155391,0.9922484392758738
300,6000.0,fixed_initial,207.51851327172238,les_label,mask_motion,9,0.0,0.0,0.0,,
300,6000.0,fixed_initial,207.51851327172238,total,advection,9,-32953.64040548336,32953.64040548336,640673.7884398879,0.05143591169185983,1.0
300,6000.0,fixed_initial,207.51851327172238,total,buoyancy,9,0.0,0.0,0.0,,
300,6000.0,fixed_initial,207.51851327172238,total,coriolis,9,4188.046289235995,4188.046289235995,19459.71126603848,0.2152162605076811,1.0
300,6000.0,fixed_initial,207.51851327172238,total,external_forcing,9,0.0,0.0,0.0,,
300,6000.0,fixed_initial,207.51851327172238,total,guard,9,0.0,0.0,0.0,,
300,6000.0,fixed_initial,207.51851327172238,total,initial_bcs,9,0.0,0.0,0.0,,
300,6000.0,fixed_initial,207.51851327172238,total,les,9,-22172.135563605923,22345.34687682328,271421.36263283395,0.08232714868155391,0.9922484392758738
300,6000.0,fixed_initial,207.51851327172238,total,mask_motion,9,0.0,0.0,0.0,,
300,6000.0,fixed_initial,207.51851327172238,total,predictor_bcs,9,0.0,0.0,0.0,,
300,6000.0,fixed_initial,207.51851327172238,total,projection,9,-3.747042015732612e-12,5.483258162285828e-11,5.618346448887283e-09,0.009759558639129117,0.06833604956821086
300,6000.0,fixed_initial,207.51851327172238,total,projection_bcs,9,0.0,0.0,0.0,,
300,6000.0,fixed_initial,207.51851327172238,total,surface_drag,9,0.0,0.0,0.0,,
300,6000.0,fixed_initial,207.51851327172238,total,transport_microphysics_bcs,9,0.0,0.0,0.0,,
300,6000.0,fixed_initial,297.6708976654277,les_label,inferred_muscl_label,9,7105.413040748291,15677.07483104543,320878.2876069831,0.048856764189189904,0.45323589491818894
300,6000.0,fixed_initial,297.6708976654277,les_label,local_les,9,22349.183254171392,26514.21091218377,219935.43058066643,0.12055452294421962,0.8429133843806579
300,6000.0,fixed_initial,297.6708976654277,les_label,mask_motion,9,0.0,0.0,0.0,,
300,6000.0,fixed_initial,297.6708976654277,total,advection,9,-90523.56433565552,90523.56433565552,684333.412421469,0.13227991311332266,1.0
300,6000.0,fixed_initial,297.6708976654277,total,buoyancy,9,0.0,0.0,0.0,,
300,6000.0,fixed_initial,297.6708976654277,total,coriolis,9,4815.012300037222,4815.012300037222,19409.253313216133,0.24807818324255618,1.0
300,6000.0,fixed_initial,297.6708976654277,total,external_forcing,9,0.0,0.0,0.0,,
300,6000.0,fixed_initial,297.6708976654277,total,guard,9,0.0,0.0,0.0,,
300,6000.0,fixed_initial,297.6708976654277,total,initial_bcs,9,0.0,0.0,0.0,,
300,6000.0,fixed_initial,297.6708976654277,total,les,9,22349.183254171392,26514.21091218377,219935.43058066643,0.12055452294421962,0.8429133843806579
300,6000.0,fixed_initial,297.6708976654277,total,mask_motion,9,0.0,0.0,0.0,,
300,6000.0,fixed_initial,297.6708976654277,total,predictor_bcs,9,0.0,0.0,0.0,,
300,6000.0,fixed_initial,297.6708976654277,total,projection,9,-1.6322360495443932e-11,3.514258343290486e-11,6.065237941776581e-09,0.00579409806676293,0.46446102992419463
300,6000.0,fixed_initial,297.6708976654277,total,projection_bcs,9,0.0,0.0,0.0,,
300,6000.0,fixed_initial,297.6708976654277,total,surface_drag,9,0.0,0.0,0.0,,
300,6000.0,fixed_initial,297.6708976654277,total,transport_microphysics_bcs,9,0.0,0.0,0.0,,
300,6000.0,fixed_initial,392.33090127881815,les_label,inferred_muscl_label,9,-14252.988804176315,15768.656461855418,280890.8522253393,0.0561380206472702,0.9038809893952904
300,6000.0,fixed_initial,392.33090127881815,les_label,local_les,9,42798.279134091,42798.279134091,181326.4573769283,0.23602887164516226,1.0
300,6000.0,fixed_initial,392.33090127881815,les_label,mask_motion,9,0.0,0.0,0.0,,
300,6000.0,fixed_initial,392.33090127881815,total,advection,9,-118694.93251438132,118694.93251438132,748603.7551786457,0.15855508564214474,1.0
300,6000.0,fixed_initial,392.33090127881815,total,buoyancy,9,0.0,0.0,0.0,,
300,6000.0,fixed_initial,392.33090127881815,total,coriolis,9,5401.8071529638555,5401.8071529638555,19300.672128067585,0.2798766341980596,1.0
300,6000.0,fixed_initial,392.33090127881815,total,external_forcing,9,0.0,0.0,0.0,,
300,6000.0,fixed_initial,392.33090127881815,total,guard,9,0.0,0.0,0.0,,
300,6000.0,fixed_initial,392.33090127881815,total,initial_bcs,9,0.0,0.0,0.0,,
300,6000.0,fixed_initial,392.33090127881815,total,les,9,42798.279134091,42798.279134091,181326.4573769283,0.23602887164516226,1.0
300,6000.0,fixed_initial,392.33090127881815,total,mask_motion,9,0.0,0.0,0.0,,
300,6000.0,fixed_initial,392.33090127881815,total,predictor_bcs,9,0.0,0.0,0.0,,
300,6000.0,fixed_initial,392.33090127881815,total,projection,9,-4.6956250018794014e-11,7.122825440807385e-11,6.712766736495796e-09,0.010610863926020536,0.6592362877486359
300,6000.0,fixed_initial,392.33090127881815,total,projection_bcs,9,0.0,0.0,0.0,,
300,6000.0,fixed_initial,392.33090127881815,total,surface_drag,9,0.0,0.0,0.0,,
300,6000.0,fixed_initial,392.33090127881815,total,transport_microphysics_bcs,9,0.0,0.0,0.0,,
300,6000.0,fixed_initial,491.72390507287827,les_label,inferred_muscl_label,9,-32593.564592858453,32593.564592858453,262813.75146425783,0.12401772894783672,1.0
300,6000.0,fixed_initial,491.72390507287827,les_label,local_les,9,50651.08263622618,50651.08263622618,161093.81700398558,0.3144197808347482,1.0
300,6000.0,fixed_initial,491.72390507287827,les_label,mask_motion,9,0.0,0.0,0.0,,
300,6000.0,fixed_initial,491.72390507287827,total,advection,9,-125983.47691446444,125983.47691446444,824080.352532403,0.1528776611738365,1.0
300,6000.0,fixed_initial,491.72390507287827,total,buoyancy,9,0.0,0.0,0.0,,
300,6000.0,fixed_initial,491.72390507287827,total,coriolis,9,5834.885556662706,5834.885556662706,19271.93880881188,0.3027658822782672,1.0
300,6000.0,fixed_initial,491.72390507287827,total,external_forcing,9,0.0,0.0,0.0,,
300,6000.0,fixed_initial,491.72390507287827,total,guard,9,0.0,0.0,0.0,,
300,6000.0,fixed_initial,491.72390507287827,total,initial_bcs,9,0.0,0.0,0.0,,
300,6000.0,fixed_initial,491.72390507287827,total,les,9,50651.08263622618,50651.08263622618,161093.81700398558,0.3144197808347482,1.0
300,6000.0,fixed_initial,491.72390507287827,total,mask_motion,9,0.0,0.0,0.0,,
300,6000.0,fixed_initial,491.72390507287827,total,predictor_bcs,9,0.0,0.0,0.0,,
300,6000.0,fixed_initial,491.72390507287827,total,projection,9,4.884943734498544e-11,6.903996450882817e-11,7.3976007688303154e-09,0.009332750802088032,0.7075530483324487
300,6000.0,fixed_initial,491.72390507287827,total,projection_bcs,9,0.0,0.0,0.0,,
300,6000.0,fixed_initial,491.72390507287827,total,surface_drag,9,0.0,0.0,0.0,,
300,6000.0,fixed_initial,491.72390507287827,total,transport_microphysics_bcs,9,0.0,0.0,0.0,,
300,6000.0,fixed_initial,596.0865590566414,les_label,inferred_muscl_label,9,-28456.07763114261,28456.07763114261,234572.46145970395,0.12131039361596561,1.0
300,6000.0,fixed_initial,596.0865590566414,les_label,local_les,9,35562.925377238185,35562.925377238185,145234.2336990179,0.24486599661439648,1.0
300,6000.0,fixed_initial,596.0865590566414,les_label,mask_motion,9,0.0,0.0,0.0,,
300,6000.0,fixed_initial,596.0865590566414,total,advection,9,-110675.16814705388,110675.16814705388,890841.9410145682,0.12423659355441592,1.0
300,6000.0,fixed_initial,596.0865590566414,total,buoyancy,9,0.0,0.0,0.0,,
300,6000.0,fixed_initial,596.0865590566414,total,coriolis,9,6038.942652068548,6038.942652068548,19047.371855536705,0.31704860375858857,1.0
300,6000.0,fixed_initial,596.0865590566414,total,external_forcing,9,0.0,0.0,0.0,,
300,6000.0,fixed_initial,596.0865590566414,total,guard,9,0.0,0.0,0.0,,
300,6000.0,fixed_initial,596.0865590566414,total,initial_bcs,9,0.0,0.0,0.0,,
300,6000.0,fixed_initial,596.0865590566414,total,les,9,35562.925377238185,35562.925377238185,145234.2336990179,0.24486599661439648,1.0
300,6000.0,fixed_initial,596.0865590566414,total,mask_motion,9,0.0,0.0,0.0,,
300,6000.0,fixed_initial,596.0865590566414,total,predictor_bcs,9,0.0,0.0,0.0,,
300,6000.0,fixed_initial,596.0865590566414,total,projection,9,-1.4912625958925165e-11,9.061155070285375e-11,7.994493310069963e-09,0.011334245609877279,0.16457753832984012
300,6000.0,fixed_initial,596.0865590566414,total,projection_bcs,9,0.0,0.0,0.0,,
300,6000.0,fixed_initial,596.0865590566414,total,surface_drag,9,0.0,0.0,0.0,,
300,6000.0,fixed_initial,596.0865590566414,total,transport_microphysics_bcs,9,0.0,0.0,0.0,,
300,6000.0,fixed_initial,705.6673457395926,les_label,inferred_muscl_label,9,-13888.739137216902,13888.739137216902,218230.37097010587,0.06364255843710884,1.0
300,6000.0,fixed_initial,705.6673457395926,les_label,local_les,9,14602.198369341364,14602.198369341364,128097.70129053405,0.11399266514722706,1.0
300,6000.0,fixed_initial,705.6673457395926,les_label,mask_motion,9,0.0,0.0,0.0,,
300,6000.0,fixed_initial,705.6673457395926,total,advection,9,-85782.01034987158,85782.01034987158,969971.1330989453,0.08843769409488302,1.0
300,6000.0,fixed_initial,705.6673457395926,total,buoyancy,9,0.0,0.0,0.0,,
300,6000.0,fixed_initial,705.6673457395926,total,coriolis,9,6151.498040287309,6151.498040287309,18356.503527221943,0.3351127316356783,1.0
300,6000.0,fixed_initial,705.6673457395926,total,external_forcing,9,0.0,0.0,0.0,,
300,6000.0,fixed_initial,705.6673457395926,total,guard,9,0.0,0.0,0.0,,
300,6000.0,fixed_initial,705.6673457395926,total,initial_bcs,9,0.0,0.0,0.0,,
300,6000.0,fixed_initial,705.6673457395926,total,les,9,14602.198369341364,14602.198369341364,128097.70129053405,0.11399266514722706,1.0
300,6000.0,fixed_initial,705.6673457395926,total,mask_motion,9,0.0,0.0,0.0,,
300,6000.0,fixed_initial,705.6673457395926,total,predictor_bcs,9,0.0,0.0,0.0,,
300,6000.0,fixed_initial,705.6673457395926,total,projection,9,-7.940404555227384e-12,1.1943110194389368e-10,8.698057679194061e-09,0.013730778335670895,0.0664852322886347
300,6000.0,fixed_initial,705.6673457395926,total,projection_bcs,9,0.0,0.0,0.0,,
300,6000.0,fixed_initial,705.6673457395926,total,surface_drag,9,0.0,0.0,0.0,,
300,6000.0,fixed_initial,705.6673457395926,total,transport_microphysics_bcs,9,0.0,0.0,0.0,,
300,6000.0,fixed_initial,820.7271717566915,les_label,inferred_muscl_label,9,-7082.411797745273,7082.411797745273,215548.8279074236,0.03285757508636099,1.0
300,6000.0,fixed_initial,820.7271717566915,les_label,local_les,9,7536.169258930465,7536.169258930465,125727.2788288347,0.05994060580274085,1.0
300,6000.0,fixed_initial,820.7271717566915,les_label,mask_motion,9,0.0,0.0,0.0,,
300,6000.0,fixed_initial,820.7271717566915,total,advection,9,-65076.892981127006,65076.892981127006,1105212.7083101012,0.058881781300389915,1.0
300,6000.0,fixed_initial,820.7271717566915,total,buoyancy,9,0.0,0.0,0.0,,
300,6000.0,fixed_initial,820.7271717566915,total,coriolis,9,6461.323978922568,6461.323978922568,17186.62032181003,0.3759508185982947,1.0
300,6000.0,fixed_initial,820.7271717566915,total,external_forcing,9,0.0,0.0,0.0,,
300,6000.0,fixed_initial,820.7271717566915,total,guard,9,0.0,0.0,0.0,,
300,6000.0,fixed_initial,820.7271717566915,total,initial_bcs,9,0.0,0.0,0.0,,
300,6000.0,fixed_initial,820.7271717566915,total,les,9,7536.169258930465,7536.169258930465,125727.2788288347,0.05994060580274085,1.0
300,6000.0,fixed_initial,820.7271717566915,total,mask_motion,9,0.0,0.0,0.0,,
300,6000.0,fixed_initial,820.7271717566915,total,predictor_bcs,9,0.0,0.0,0.0,,
300,6000.0,fixed_initial,820.7271717566915,total,projection,9,1.7868703686787066e-11,6.915350360922041e-11,9.015098211207166e-09,0.00767085415922057,0.2583918782736062
300,6000.0,fixed_initial,820.7271717566915,total,projection_bcs,9,0.0,0.0,0.0,,
300,6000.0,fixed_initial,820.7271717566915,total,surface_drag,9,0.0,0.0,0.0,,
300,6000.0,fixed_initial,820.7271717566915,total,transport_microphysics_bcs,9,0.0,0.0,0.0,,
300,6000.0,fixed_initial,941.5399890746453,les_label,inferred_muscl_label,9,-6591.550756180911,6596.1378108835,227019.32983764177,0.029055401650603423,0.9993045847685261
300,6000.0,fixed_initial,941.5399890746453,les_label,local_les,9,6246.678467715374,6246.678467715374,126337.55957466467,0.04944434963557791,1.0
300,6000.0,fixed_initial,941.5399890746453,les_label,mask_motion,9,0.0,0.0,0.0,,
300,6000.0,fixed_initial,941.5399890746453,total,advection,9,-50169.84396408929,51071.51739125209,1250645.745337141,0.040836118126707864,0.9823448866761643
300,6000.0,fixed_initial,941.5399890746453,total,buoyancy,9,0.0,0.0,0.0,,
300,6000.0,fixed_initial,941.5399890746453,total,coriolis,9,7029.0919497552695,7029.0919497552695,16035.567130066556,0.438343832353505,1.0
300,6000.0,fixed_initial,941.5399890746453,total,external_forcing,9,0.0,0.0,0.0,,
300,6000.0,fixed_initial,941.5399890746453,total,guard,9,0.0,0.0,0.0,,
300,6000.0,fixed_initial,941.5399890746453,total,initial_bcs,9,0.0,0.0,0.0,,
300,6000.0,fixed_initial,941.5399890746453,total,les,9,6246.678467715374,6246.678467715374,126337.55957466467,0.04944434963557791,1.0
300,6000.0,fixed_initial,941.5399890746453,total,mask_motion,9,0.0,0.0,0.0,,
300,6000.0,fixed_initial,941.5399890746453,total,predictor_bcs,9,0.0,0.0,0.0,,
300,6000.0,fixed_initial,941.5399890746453,total,projection,9,-6.966802051332481e-11,1.0036177554605997e-10,9.56647344692054e-09,0.010490989820116687,0.6941688719063307
300,6000.0,fixed_initial,941.5399890746453,total,projection_bcs,9,0.0,0.0,0.0,,
300,6000.0,fixed_initial,941.5399890746453,total,surface_drag,9,0.0,0.0,0.0,,
300,6000.0,fixed_initial,941.5399890746453,total,transport_microphysics_bcs,9,0.0,0.0,0.0,,
300,6000.0,fixed_initial,1068.3934472584967,les_label,inferred_muscl_label,9,-6551.363878658895,6551.363878658895,234745.29427701343,0.027908392791584125,1.0
300,6000.0,fixed_initial,1068.3934472584967,les_label,local_les,9,6135.4758155246645,6135.4758155246645,121186.69196913566,0.05062829685199488,1.0
300,6000.0,fixed_initial,1068.3934472584967,les_label,mask_motion,9,0.0,0.0,0.0,,
300,6000.0,fixed_initial,1068.3934472584967,total,advection,9,-49141.01601752211,49141.01601752211,1399032.9168556724,0.0351249891446204,1.0
300,6000.0,fixed_initial,1068.3934472584967,total,buoyancy,9,0.0,0.0,0.0,,
300,6000.0,fixed_initial,1068.3934472584967,total,coriolis,9,7510.69900404036,7510.69900404036,15404.90457845147,0.48755245225902916,1.0
300,6000.0,fixed_initial,1068.3934472584967,total,external_forcing,9,0.0,0.0,0.0,,
300,6000.0,fixed_initial,1068.3934472584967,total,guard,9,0.0,0.0,0.0,,
300,6000.0,fixed_initial,1068.3934472584967,total,initial_bcs,9,0.0,0.0,0.0,,
300,6000.0,fixed_initial,1068.3934472584967,total,les,9,6135.4758155246645,6135.4758155246645,121186.69196913566,0.05062829685199488,1.0
300,6000.0,fixed_initial,1068.3934472584967,total,mask_motion,9,0.0,0.0,0.0,,
300,6000.0,fixed_initial,1068.3934472584967,total,predictor_bcs,9,0.0,0.0,0.0,,
300,6000.0,fixed_initial,1068.3934472584967,total,projection,9,-2.32360913004195e-11,1.3547502477216354e-10,9.695943829718629e-09,0.013972340099261378,0.17151568224104058
300,6000.0,fixed_initial,1068.3934472584967,total,projection_bcs,9,0.0,0.0,0.0,,
300,6000.0,fixed_initial,1068.3934472584967,total,surface_drag,9,0.0,0.0,0.0,,
300,6000.0,fixed_initial,1068.3934472584967,total,transport_microphysics_bcs,9,0.0,0.0,0.0,,
300,6000.0,fixed_initial,1201.5895783515407,les_label,inferred_muscl_label,9,-6412.104780071948,6412.104780071948,246092.7350770179,0.026055644341005015,1.0
300,6000.0,fixed_initial,1201.5895783515407,les_label,local_les,9,7798.581942914799,7798.581942914799,117576.99621929595,0.06632744664074815,1.0
300,6000.0,fixed_initial,1201.5895783515407,les_label,mask_motion,9,0.0,0.0,0.0,,
300,6000.0,fixed_initial,1201.5895783515407,total,advection,9,-59469.231283728244,59469.231283728244,1559819.1278046288,0.03812572254286198,1.0
300,6000.0,fixed_initial,1201.5895783515407,total,buoyancy,9,0.0,0.0,0.0,,
300,6000.0,fixed_initial,1201.5895783515407,total,coriolis,9,7671.80809327786,7671.80809327786,15447.624571651631,0.4966335152497563,1.0
300,6000.0,fixed_initial,1201.5895783515407,total,external_forcing,9,0.0,0.0,0.0,,
300,6000.0,fixed_initial,1201.5895783515407,total,guard,9,0.0,0.0,0.0,,
300,6000.0,fixed_initial,1201.5895783515407,total,initial_bcs,9,0.0,0.0,0.0,,
300,6000.0,fixed_initial,1201.5895783515407,total,les,9,7798.581942914799,7798.581942914799,117576.99621929595,0.06632744664074815,1.0
300,6000.0,fixed_initial,1201.5895783515407,total,mask_motion,9,0.0,0.0,0.0,,
300,6000.0,fixed_initial,1201.5895783515407,total,predictor_bcs,9,0.0,0.0,0.0,,
300,6000.0,fixed_initial,1201.5895783515407,total,projection,9,6.761623333188245e-11,9.207142702559007e-11,9.870324054840466e-09,0.009328105796125072,0.7343888925832482
300,6000.0,fixed_initial,1201.5895783515407,total,projection_bcs,9,0.0,0.0,0.0,,
300,6000.0,fixed_initial,1201.5895783515407,total,surface_drag,9,0.0,0.0,0.0,,
300,6000.0,fixed_initial,1201.5895783515407,total,transport_microphysics_bcs,9,0.0,0.0,0.0,,
300,6000.0,fixed_initial,1341.445515999237,les_label,inferred_muscl_label,9,-9442.698778361771,9442.698778361771,246453.71279156618,0.038314289005448116,1.0
300,6000.0,fixed_initial,1341.445515999237,les_label,local_les,9,10766.76791810846,10766.76791810846,128155.18410510235,0.08401351840186537,1.0
300,6000.0,fixed_initial,1341.445515999237,les_label,mask_motion,9,0.0,0.0,0.0,,
300,6000.0,fixed_initial,1341.445515999237,total,advection,9,-71611.63210738535,71611.63210738535,1700666.5013671704,0.04210798063571933,1.0
300,6000.0,fixed_initial,1341.445515999237,total,buoyancy,9,0.0,0.0,0.0,,
300,6000.0,fixed_initial,1341.445515999237,total,coriolis,9,7346.964807398219,7346.964807398219,15638.796540786445,0.46979093232891145,1.0
300,6000.0,fixed_initial,1341.445515999237,total,external_forcing,9,0.0,0.0,0.0,,
300,6000.0,fixed_initial,1341.445515999237,total,guard,9,0.0,0.0,0.0,,
300,6000.0,fixed_initial,1341.445515999237,total,initial_bcs,9,0.0,0.0,0.0,,
300,6000.0,fixed_initial,1341.445515999237,total,les,9,10766.76791810846,10766.76791810846,128155.18410510235,0.08401351840186537,1.0
300,6000.0,fixed_initial,1341.445515999237,total,mask_motion,9,0.0,0.0,0.0,,
300,6000.0,fixed_initial,1341.445515999237,total,predictor_bcs,9,0.0,0.0,0.0,,
300,6000.0,fixed_initial,1341.445515999237,total,projection,9,-3.377739157975534e-11,9.758453358007213e-11,1.0087013684964757e-08,0.00967427393555807,0.34613468282901205
300,6000.0,fixed_initial,1341.445515999237,total,projection_bcs,9,0.0,0.0,0.0,,
300,6000.0,fixed_initial,1341.445515999237,total,surface_drag,9,0.0,0.0,0.0,,
300,6000.0,fixed_initial,1341.445515999237,total,transport_microphysics_bcs,9,0.0,0.0,0.0,,
300,6000.0,fixed_initial,1488.294250529318,les_label,inferred_muscl_label,9,-11041.912061059298,11041.912061059298,236068.8618592557,0.04677411486671414,1.0
300,6000.0,fixed_initial,1488.294250529318,les_label,local_les,9,11330.675937265663,11330.675937265663,131966.2310429961,0.08586041934905302,1.0
300,6000.0,fixed_initial,1488.294250529318,les_label,mask_motion,9,0.0,0.0,0.0,,
300,6000.0,fixed_initial,1488.294250529318,total,advection,9,-78205.42684080872,78205.42684080872,1796219.252667217,0.043538909141899576,1.0
300,6000.0,fixed_initial,1488.294250529318,total,buoyancy,9,0.0,0.0,0.0,,
300,6000.0,fixed_initial,1488.294250529318,total,coriolis,9,6515.826400091281,6515.826400091281,15650.795525593887,0.41632557204110754,1.0
300,6000.0,fixed_initial,1488.294250529318,total,external_forcing,9,0.0,0.0,0.0,,
300,6000.0,fixed_initial,1488.294250529318,total,guard,9,0.0,0.0,0.0,,
300,6000.0,fixed_initial,1488.294250529318,total,initial_bcs,9,0.0,0.0,0.0,,
300,6000.0,fixed_initial,1488.294250529318,total,les,9,11330.675937265663,11330.675937265663,131966.2310429961,0.08586041934905302,1.0
300,6000.0,fixed_initial,1488.294250529318,total,mask_motion,9,0.0,0.0,0.0,,
300,6000.0,fixed_initial,1488.294250529318,total,predictor_bcs,9,0.0,0.0,0.0,,
300,6000.0,fixed_initial,1488.294250529318,total,projection,9,-1.5361455522490087e-10,2.095219061172369e-10,1.0182900001791833e-08,0.0205758581622493,0.7331670376220548
300,6000.0,fixed_initial,1488.294250529318,total,projection_bcs,9,0.0,0.0,0.0,,
300,6000.0,fixed_initial,1488.294250529318,total,surface_drag,9,0.0,0.0,0.0,,
300,6000.0,fixed_initial,1488.294250529318,total,transport_microphysics_bcs,9,0.0,0.0,0.0,,
300,6000.0,fixed_initial,1642.4854217859033,les_label,inferred_muscl_label,9,-3358.539835593304,3676.9067811403866,219370.926579842,0.016761139857802185,0.9134144637062728
300,6000.0,fixed_initial,1642.4854217859033,les_label,local_les,9,3904.8445896131657,4362.031023384739,128749.68675943757,0.03387993503654093,0.8951895501612419
300,6000.0,fixed_initial,1642.4854217859033,les_label,mask_motion,9,0.0,0.0,0.0,,
300,6000.0,fixed_initial,1642.4854217859033,total,advection,9,-71861.8059448915,74173.69166046112,1891069.0042601314,0.03922315446626502,0.9688314594593384
300,6000.0,fixed_initial,1642.4854217859033,total,buoyancy,9,0.0,0.0,0.0,,
300,6000.0,fixed_initial,1642.4854217859033,total,coriolis,9,5252.722898757239,5252.722898757239,15396.193762623421,0.3411702255598403,1.0
300,6000.0,fixed_initial,1642.4854217859033,total,external_forcing,9,0.0,0.0,0.0,,
300,6000.0,fixed_initial,1642.4854217859033,total,guard,9,0.0,0.0,0.0,,
300,6000.0,fixed_initial,1642.4854217859033,total,initial_bcs,9,0.0,0.0,0.0,,
300,6000.0,fixed_initial,1642.4854217859033,total,les,9,3904.8445896131657,4362.031023384739,128749.68675943757,0.03387993503654093,0.8951895501612419
300,6000.0,fixed_initial,1642.4854217859033,total,mask_motion,9,0.0,0.0,0.0,,
300,6000.0,fixed_initial,1642.4854217859033,total,predictor_bcs,9,0.0,0.0,0.0,,
300,6000.0,fixed_initial,1642.4854217859033,total,projection,9,6.981574272845372e-11,9.191125426986076e-11,1.0242276250983765e-08,0.008973713656769678,0.7595994993547539
300,6000.0,fixed_initial,1642.4854217859033,total,projection_bcs,9,0.0,0.0,0.0,,
300,6000.0,fixed_initial,1642.4854217859033,total,surface_drag,9,0.0,0.0,0.0,,
300,6000.0,fixed_initial,1642.4854217859033,total,transport_microphysics_bcs,9,0.0,0.0,0.0,,
300,6000.0,fixed_initial,1804.3861516053175,les_label,inferred_muscl_label,9,12082.696387552029,13489.934927599963,204022.12729487437,0.06611996015561038,0.8956823329689478
300,6000.0,fixed_initial,1804.3861516053175,les_label,local_les,9,-10663.607548129577,14546.494139820565,119835.51574958542,0.12138717014593305,0.7330706248276202
300,6000.0,fixed_initial,1804.3861516053175,les_label,mask_motion,9,0.0,0.0,0.0,,
300,6000.0,fixed_initial,1804.3861516053175,total,advection,9,-48929.291638148454,62424.18149620813,1944979.1534336328,0.03209503885221883,0.7838195145757834
300,6000.0,fixed_initial,1804.3861516053175,total,buoyancy,9,0.0,0.0,0.0,,
300,6000.0,fixed_initial,1804.3861516053175,total,coriolis,9,3779.3245019247397,3779.3245019247397,14723.120028566052,0.2566931801542084,1.0
300,6000.0,fixed_initial,1804.3861516053175,total,external_forcing,9,0.0,0.0,0.0,,
300,6000.0,fixed_initial,1804.3861516053175,total,guard,9,0.0,0.0,0.0,,
300,6000.0,fixed_initial,1804.3861516053175,total,initial_bcs,9,0.0,0.0,0.0,,
300,6000.0,fixed_initial,1804.3861516053175,total,les,9,-10663.607548129577,14546.494139820565,119835.51574958542,0.12138717014593305,0.7330706248276202
300,6000.0,fixed_initial,1804.3861516053175,total,mask_motion,9,0.0,0.0,0.0,,
300,6000.0,fixed_initial,1804.3861516053175,total,predictor_bcs,9,0.0,0.0,0.0,,
300,6000.0,fixed_initial,1804.3861516053175,total,projection,9,9.700590035986099e-12,9.53442909150066e-11,1.0345716805012021e-08,0.009215822616449033,0.1017427466594047
300,6000.0,fixed_initial,1804.3861516053175,total,projection_bcs,9,0.0,0.0,0.0,,
300,6000.0,fixed_initial,1804.3861516053175,total,surface_drag,9,0.0,0.0,0.0,,
300,6000.0,fixed_initial,1804.3861516053175,total,transport_microphysics_bcs,9,0.0,0.0,0.0,,
300,6000.0,fixed_initial,1974.3819179157026,les_label,inferred_muscl_label,9,14922.339986950825,14922.339986950825,197746.34635026733,0.07546202628957271,1.0
300,6000.0,fixed_initial,1974.3819179157026,les_label,local_les,9,-15541.101735930359,15541.101735930359,113728.23152293642,0.1366512213178666,1.0
300,6000.0,fixed_initial,1974.3819179157026,les_label,mask_motion,9,0.0,0.0,0.0,,
300,6000.0,fixed_initial,1974.3819179157026,total,advection,9,-26109.070696455416,50707.066874331154,1953189.8726052665,0.025961155945732724,0.5149000387098372
300,6000.0,fixed_initial,1974.3819179157026,total,buoyancy,9,0.0,0.0,0.0,,
300,6000.0,fixed_initial,1974.3819179157026,total,coriolis,9,2349.659414659238,2349.659414659238,14411.446990117194,0.16304118637570136,1.0
300,6000.0,fixed_initial,1974.3819179157026,total,external_forcing,9,0.0,0.0,0.0,,
300,6000.0,fixed_initial,1974.3819179157026,total,guard,9,0.0,0.0,0.0,,
300,6000.0,fixed_initial,1974.3819179157026,total,initial_bcs,9,0.0,0.0,0.0,,
300,6000.0,fixed_initial,1974.3819179157026,total,les,9,-15541.101735930359,15541.101735930359,113728.23152293642,0.1366512213178666,1.0
300,6000.0,fixed_initial,1974.3819179157026,total,mask_motion,9,0.0,0.0,0.0,,
300,6000.0,fixed_initial,1974.3819179157026,total,predictor_bcs,9,0.0,0.0,0.0,,
300,6000.0,fixed_initial,1974.3819179157026,total,projection,9,-2.0668554906011568e-11,2.1674101010062442e-10,1.0690409432366803e-08,0.02027434135912595,0.09536060986527636
300,6000.0,fixed_initial,1974.3819179157026,total,projection_bcs,9,0.0,0.0,0.0,,
300,6000.0,fixed_initial,1974.3819179157026,total,surface_drag,9,0.0,0.0,0.0,,
300,6000.0,fixed_initial,1974.3819179157026,total,transport_microphysics_bcs,9,0.0,0.0,0.0,,
300,6000.0,moving_end,39.88822936505957,les_label,inferred_muscl_label,9,-15921.990405073855,15921.990405073855,137987.41054267855,0.11538726860990911,1.0
300,6000.0,moving_end,39.88822936505957,les_label,local_les,9,-96.70257397133027,425.0653536827474,21234.93805140153,0.020017263655482745,0.22750048465136818
300,6000.0,moving_end,39.88822936505957,les_label,mask_motion,9,14393.376014303332,14393.376014303332,21792.481953865215,0.6604743803286921,1.0
300,6000.0,moving_end,39.88822936505957,total,advection,9,-7611.675740997327,10570.20758533703,369176.6797929695,0.028631839885619792,0.7201065522645201
300,6000.0,moving_end,39.88822936505957,total,buoyancy,9,0.0,0.0,0.0,,
300,6000.0,moving_end,39.88822936505957,total,coriolis,9,5631.464869018816,5631.464869018816,17666.88678643026,0.31875819079478573,1.0
300,6000.0,moving_end,39.88822936505957,total,external_forcing,9,0.0,0.0,0.0,,
300,6000.0,moving_end,39.88822936505957,total,guard,9,0.0,0.0,0.0,,
300,6000.0,moving_end,39.88822936505957,total,initial_bcs,9,0.0,0.0,0.0,,
300,6000.0,moving_end,39.88822936505957,total,les,9,-96.70257397133027,425.0653536827474,21234.93805140153,0.020017263655482745,0.22750048465136818
300,6000.0,moving_end,39.88822936505957,total,mask_motion,9,-20924.108929532707,20924.108929532707,29833.90722372517,0.7013532881436656,1.0
300,6000.0,moving_end,39.88822936505957,total,predictor_bcs,9,0.0,0.0,0.0,,
300,6000.0,moving_end,39.88822936505957,total,projection,9,-1.1696981200639486e-11,5.931851630719545e-11,6.043820665286239e-09,0.009814737993121126,0.19718937574338186
300,6000.0,moving_end,39.88822936505957,total,projection_bcs,9,0.0,0.0,0.0,,
300,6000.0,moving_end,39.88822936505957,total,surface_drag,9,-1840.4621598890078,1869.2607960007124,20755.516976461804,0.09006091238876796,0.984593569729104
300,6000.0,moving_end,39.88822936505957,total,transport_microphysics_bcs,9,0.0,0.0,0.0,,
300,6000.0,moving_end,121.65909956343168,les_label,inferred_muscl_label,9,-4660.360151595597,20396.425770116726,277244.02754343615,0.07356849469704517,0.22848906000107128
300,6000.0,moving_end,121.65909956343168,les_label,local_les,9,-7827.64366489111,22337.323289455777,203204.01104667643,0.10992560222802315,0.3504289015947632
300,6000.0,moving_end,121.65909956343168,les_label,mask_motion,9,17279.61896273689,17779.98968712744,39070.392246121104,0.45507579179455593,0.9718576482216515
300,6000.0,moving_end,121.65909956343168,total,advection,9,-18129.137481053636,24955.641823916165,518429.1485797657,0.0481370345249337,0.726454467048795
300,6000.0,moving_end,121.65909956343168,total,buoyancy,9,0.0,0.0,0.0,,
300,6000.0,moving_end,121.65909956343168,total,coriolis,9,5974.1338490557255,5974.1338490557255,17739.114815039637,0.3367774497964642,1.0
300,6000.0,moving_end,121.65909956343168,total,external_forcing,9,0.0,0.0,0.0,,
300,6000.0,moving_end,121.65909956343168,total,guard,9,0.0,0.0,0.0,,
300,6000.0,moving_end,121.65909956343168,total,initial_bcs,9,0.0,0.0,0.0,,
300,6000.0,moving_end,121.65909956343168,total,les,9,-7827.64366489111,22337.323289455777,203204.01104667643,0.10992560222802315,0.3504289015947632
300,6000.0,moving_end,121.65909956343168,total,mask_motion,9,-29201.099662984914,29401.245091802288,51677.75463067592,0.5689342600490949,0.9931926206460835
300,6000.0,moving_end,121.65909956343168,total,predictor_bcs,9,0.0,0.0,0.0,,
300,6000.0,moving_end,121.65909956343168,total,projection,9,1.0700362148046112e-11,5.74677116435038e-11,6.007438133131354e-09,0.00956609296175123,0.1861978116411686
300,6000.0,moving_end,121.65909956343168,total,projection_bcs,9,0.0,0.0,0.0,,
300,6000.0,moving_end,121.65909956343168,total,surface_drag,9,2525.7798452537218,2525.7798452537218,24662.147462359946,0.10241524381072804,1.0
300,6000.0,moving_end,121.65909956343168,total,transport_microphysics_bcs,9,0.0,0.0,0.0,,
300,6000.0,moving_end,207.51851327172238,les_label,inferred_muscl_label,9,-8672.803263070053,32940.59718283728,286918.25984837837,0.11480829836429617,0.2632861576531697
300,6000.0,moving_end,207.51851327172238,les_label,local_les,9,13008.815759080238,37447.74280722802,199723.1081116383,0.18749829782488678,0.3473858444832441
300,6000.0,moving_end,207.51851327172238,les_label,mask_motion,9,8735.178736244574,11277.805641175371,36467.39697564862,0.3092572153890285,0.7745459546094993
300,6000.0,moving_end,207.51851327172238,total,advection,9,-46506.07595442538,46506.07595442538,550615.5296018547,0.08446197655931266,1.0
300,6000.0,moving_end,207.51851327172238,total,buoyancy,9,0.0,0.0,0.0,,
300,6000.0,moving_end,207.51851327172238,total,coriolis,9,6336.4586509441115,6336.4586509441115,18135.201589427925,0.3494010595745462,1.0
300,6000.0,moving_end,207.51851327172238,total,external_forcing,9,0.0,0.0,0.0,,
300,6000.0,moving_end,207.51851327172238,total,guard,9,0.0,0.0,0.0,,
300,6000.0,moving_end,207.51851327172238,total,initial_bcs,9,0.0,0.0,0.0,,
300,6000.0,moving_end,207.51851327172238,total,les,9,13008.815759080238,37447.74280722802,199723.1081116383,0.18749829782488678,0.3473858444832441
300,6000.0,moving_end,207.51851327172238,total,mask_motion,9,-32195.30968525295,36529.718690803194,72095.20544908021,0.5066872125997838,0.881345677960518
300,6000.0,moving_end,207.51851327172238,total,predictor_bcs,9,0.0,0.0,0.0,,
300,6000.0,moving_end,207.51851327172238,total,projection,9,-3.193294570572248e-11,5.8024993082173677e-11,6.236907471993213e-09,0.009303487881251161,0.5503308834608522
300,6000.0,moving_end,207.51851327172238,total,projection_bcs,9,0.0,0.0,0.0,,
300,6000.0,moving_end,207.51851327172238,total,surface_drag,9,0.0,0.0,0.0,,
300,6000.0,moving_end,207.51851327172238,total,transport_microphysics_bcs,9,0.0,0.0,0.0,,
300,6000.0,moving_end,297.6708976654277,les_label,inferred_muscl_label,9,-15305.88021206209,24867.573644697077,238832.3830348418,0.10412144839282242,0.6154955216278616
300,6000.0,moving_end,297.6708976654277,les_label,local_les,9,28715.157283858058,33735.08202587572,166556.02593661493,0.20254495048239232,0.8511957155412503
300,6000.0,moving_end,297.6708976654277,les_label,mask_motion,9,-934.8561293878465,6503.1748249663,30127.74092206273,0.21585338382288013,0.14375380557183332
300,6000.0,moving_end,297.6708976654277,total,advection,9,-71317.381455028,71317.381455028,576096.9479870789,0.12379406227409409,1.0
300,6000.0,moving_end,297.6708976654277,total,buoyancy,9,0.0,0.0,0.0,,
300,6000.0,moving_end,297.6708976654277,total,coriolis,9,6619.997236127874,6619.997236127874,18419.26802237217,0.35940609735887336,1.0
300,6000.0,moving_end,297.6708976654277,total,external_forcing,9,0.0,0.0,0.0,,
300,6000.0,moving_end,297.6708976654277,total,guard,9,0.0,0.0,0.0,,
300,6000.0,moving_end,297.6708976654277,total,initial_bcs,9,0.0,0.0,0.0,,
300,6000.0,moving_end,297.6708976654277,total,les,9,28715.157283858058,33735.08202587572,166556.02593661493,0.20254495048239232,0.8511957155412503
300,6000.0,moving_end,297.6708976654277,total,mask_motion,9,-26031.82253553419,35116.705818640636,87871.75264470003,0.39963588709367454,0.7412945471017384
300,6000.0,moving_end,297.6708976654277,total,predictor_bcs,9,0.0,0.0,0.0,,
300,6000.0,moving_end,297.6708976654277,total,projection,9,-1.27445044435492e-11,4.8668131530812435e-11,6.867598777439109e-09,0.007086630000968187,0.26186549683914795
300,6000.0,moving_end,297.6708976654277,total,projection_bcs,9,0.0,0.0,0.0,,
300,6000.0,moving_end,297.6708976654277,total,surface_drag,9,0.0,0.0,0.0,,
300,6000.0,moving_end,297.6708976654277,total,transport_microphysics_bcs,9,0.0,0.0,0.0,,
300,6000.0,moving_end,392.33090127881815,les_label,inferred_muscl_label,9,-22051.023773294397,24679.956307809345,212443.0326356845,0.11617211447989752,0.8934790442200625
300,6000.0,moving_end,392.33090127881815,les_label,local_les,9,37522.527110692456,37522.527110692456,149602.91764092701,0.25081413987361556,1.0
300,6000.0,moving_end,392.33090127881815,les_label,mask_motion,9,-5663.296868739323,6835.250867919446,25569.773118198224,0.26731761898406287,0.8285426501782737
300,6000.0,moving_end,392.33090127881815,total,advection,9,-90453.29342152459,90453.29342152459,615826.0004313331,0.14688125112965325,1.0
300,6000.0,moving_end,392.33090127881815,total,buoyancy,9,0.0,0.0,0.0,,
300,6000.0,moving_end,392.33090127881815,total,coriolis,9,6919.931609286045,6919.931609286045,18657.854036731474,0.37088571899334544,1.0
300,6000.0,moving_end,392.33090127881815,total,external_forcing,9,0.0,0.0,0.0,,
300,6000.0,moving_end,392.33090127881815,total,guard,9,0.0,0.0,0.0,,
300,6000.0,moving_end,392.33090127881815,total,initial_bcs,9,0.0,0.0,0.0,,
300,6000.0,moving_end,392.33090127881815,total,les,9,37522.527110692456,37522.527110692456,149602.91764092701,0.25081413987361556,1.0
300,6000.0,moving_end,392.33090127881815,total,mask_motion,9,-13497.605172095642,33218.21739494507,101138.56557241945,0.3284426391351125,0.4063314118159037
300,6000.0,moving_end,392.33090127881815,total,predictor_bcs,9,0.0,0.0,0.0,,
300,6000.0,moving_end,392.33090127881815,total,projection,9,-7.910676222506807e-11,1.1129192946089005e-10,7.673865962956506e-09,0.014502720010763996,0.7108041221701308
300,6000.0,moving_end,392.33090127881815,total,projection_bcs,9,0.0,0.0,0.0,,
300,6000.0,moving_end,392.33090127881815,total,surface_drag,9,0.0,0.0,0.0,,
300,6000.0,moving_end,392.33090127881815,total,transport_microphysics_bcs,9,0.0,0.0,0.0,,
300,6000.0,moving_end,491.72390507287827,les_label,inferred_muscl_label,9,-23213.775688062608,23213.775688062608,194308.18206417531,0.11946885324878216,1.0
300,6000.0,moving_end,491.72390507287827,les_label,local_les,9,34788.2012708185,34788.2012708185,134277.1968081747,0.25907750606766183,1.0
300,6000.0,moving_end,491.72390507287827,les_label,mask_motion,9,-5795.088812054514,6024.220857295071,19434.594296814437,0.3099740990365059,0.9619648663838265
300,6000.0,moving_end,491.72390507287827,total,advection,9,-95491.34471807547,95491.34471807547,677372.8315151087,0.14097309528119972,1.0
300,6000.0,moving_end,491.72390507287827,total,buoyancy,9,0.0,0.0,0.0,,
300,6000.0,moving_end,491.72390507287827,total,coriolis,9,7215.688226821535,7215.688226821535,18802.27507027017,0.38376676225904466,1.0
300,6000.0,moving_end,491.72390507287827,total,external_forcing,9,0.0,0.0,0.0,,
300,6000.0,moving_end,491.72390507287827,total,guard,9,0.0,0.0,0.0,,
300,6000.0,moving_end,491.72390507287827,total,initial_bcs,9,0.0,0.0,0.0,,
300,6000.0,moving_end,491.72390507287827,total,les,9,34788.2012708185,34788.2012708185,134277.1968081747,0.25907750606766183,1.0
300,6000.0,moving_end,491.72390507287827,total,mask_motion,9,1607.5115148065602,27010.313447883644,111666.3093327765,0.24188417804147422,0.05951473010145739
300,6000.0,moving_end,491.72390507287827,total,predictor_bcs,9,0.0,0.0,0.0,,
300,6000.0,moving_end,491.72390507287827,total,projection,9,-1.1804364972988217e-12,8.001121632991013e-11,8.550265852982628e-09,0.009357746028680435,0.014753387730434313
300,6000.0,moving_end,491.72390507287827,total,projection_bcs,9,0.0,0.0,0.0,,
300,6000.0,moving_end,491.72390507287827,total,surface_drag,9,0.0,0.0,0.0,,
300,6000.0,moving_end,491.72390507287827,total,transport_microphysics_bcs,9,0.0,0.0,0.0,,
300,6000.0,moving_end,596.0865590566414,les_label,inferred_muscl_label,9,-17030.177822110367,17030.177822110367,182545.27377904192,0.09329289917811943,1.0
300,6000.0,moving_end,596.0865590566414,les_label,local_les,9,21516.513685431928,21516.513685431928,128096.76820176563,0.1679707769952572,1.0
300,6000.0,moving_end,596.0865590566414,les_label,mask_motion,9,-5459.965518094257,6130.607720088554,16720.706906190335,0.36664763962933183,0.8906075494282956
300,6000.0,moving_end,596.0865590566414,total,advection,9,-85726.9880328672,85726.9880328672,747554.8384737149,0.11467652086620998,1.0
300,6000.0,moving_end,596.0865590566414,total,buoyancy,9,0.0,0.0,0.0,,
300,6000.0,moving_end,596.0865590566414,total,coriolis,9,7394.226274707296,7394.226274707296,18437.16255941691,0.40105012096509635,1.0
300,6000.0,moving_end,596.0865590566414,total,external_forcing,9,0.0,0.0,0.0,,
300,6000.0,moving_end,596.0865590566414,total,guard,9,0.0,0.0,0.0,,
300,6000.0,moving_end,596.0865590566414,total,initial_bcs,9,0.0,0.0,0.0,,
300,6000.0,moving_end,596.0865590566414,total,les,9,21516.513685431928,21516.513685431928,128096.76820176563,0.1679707769952572,1.0
300,6000.0,moving_end,596.0865590566414,total,mask_motion,9,10321.175359134464,24019.90218227421,124800.70395746348,0.19246607928158038,0.4296926474059959
300,6000.0,moving_end,596.0865590566414,total,predictor_bcs,9,0.0,0.0,0.0,,
300,6000.0,moving_end,596.0865590566414,total,projection,9,4.4045461595794054e-11,8.645433662200794e-11,8.996083203737702e-09,0.009610219766096407,0.509465034569264
300,6000.0,moving_end,596.0865590566414,total,projection_bcs,9,0.0,0.0,0.0,,
300,6000.0,moving_end,596.0865590566414,total,surface_drag,9,0.0,0.0,0.0,,
300,6000.0,moving_end,596.0865590566414,total,transport_microphysics_bcs,9,0.0,0.0,0.0,,
300,6000.0,moving_end,705.6673457395926,les_label,inferred_muscl_label,9,-14633.073293666961,14633.073293666961,182361.65982375757,0.08024204927619663,1.0
300,6000.0,moving_end,705.6673457395926,les_label,local_les,9,11900.888848700326,11900.888848700326,122917.46220434742,0.09682016399684021,1.0
300,6000.0,moving_end,705.6673457395926,les_label,mask_motion,9,-4811.267676086186,4811.267676086186,13618.742785077875,0.35328280679167506,1.0
300,6000.0,moving_end,705.6673457395926,total,advection,9,-75039.41371535028,75039.41371535028,839968.0571105838,0.0893360325789998,1.0
300,6000.0,moving_end,705.6673457395926,total,buoyancy,9,0.0,0.0,0.0,,
300,6000.0,moving_end,705.6673457395926,total,coriolis,9,7535.380099932876,7535.380099932876,17426.027784195532,0.43242098504898857,1.0
300,6000.0,moving_end,705.6673457395926,total,external_forcing,9,0.0,0.0,0.0,,
300,6000.0,moving_end,705.6673457395926,total,guard,9,0.0,0.0,0.0,,
300,6000.0,moving_end,705.6673457395926,total,initial_bcs,9,0.0,0.0,0.0,,
300,6000.0,moving_end,705.6673457395926,total,les,9,11900.888848700326,11900.888848700326,122917.46220434742,0.09682016399684021,1.0
300,6000.0,moving_end,705.6673457395926,total,mask_motion,9,20958.965564844944,23646.777634314352,136501.27632573838,0.17323484637524644,0.8863349539190886
300,6000.0,moving_end,705.6673457395926,total,predictor_bcs,9,0.0,0.0,0.0,,
300,6000.0,moving_end,705.6673457395926,total,projection,9,-1.2878824322705857e-12,8.991089080192615e-11,9.654159965807854e-09,0.009313175990491522,0.014323987014073667
300,6000.0,moving_end,705.6673457395926,total,projection_bcs,9,0.0,0.0,0.0,,
300,6000.0,moving_end,705.6673457395926,total,surface_drag,9,0.0,0.0,0.0,,
300,6000.0,moving_end,705.6673457395926,total,transport_microphysics_bcs,9,0.0,0.0,0.0,,
300,6000.0,moving_end,820.7271717566915,les_label,inferred_muscl_label,9,-12085.95677402147,12085.95677402147,197726.21841391092,0.061124705013683556,1.0
300,6000.0,moving_end,820.7271717566915,les_label,local_les,9,5989.12864174038,5989.12864174038,126043.95953233546,0.04751618930381128,1.0
300,6000.0,moving_end,820.7271717566915,les_label,mask_motion,9,-4193.088144173667,4365.246485153699,11892.640198729214,0.3670544481468586,0.9605615990836839
300,6000.0,moving_end,820.7271717566915,total,advection,9,-54475.419381452964,54475.419381452964,975589.1174105762,0.055838486109851725,1.0
300,6000.0,moving_end,820.7271717566915,total,buoyancy,9,0.0,0.0,0.0,,
300,6000.0,moving_end,820.7271717566915,total,coriolis,9,7578.19825364388,7578.19825364388,16562.537610837997,0.45755055364734376,1.0
300,6000.0,moving_end,820.7271717566915,total,external_forcing,9,0.0,0.0,0.0,,
300,6000.0,moving_end,820.7271717566915,total,guard,9,0.0,0.0,0.0,,
300,6000.0,moving_end,820.7271717566915,total,initial_bcs,9,0.0,0.0,0.0,,
300,6000.0,moving_end,820.7271717566915,total,les,9,5989.12864174038,5989.12864174038,126043.95953233546,0.04751618930381128,1.0
300,6000.0,moving_end,820.7271717566915,total,mask_motion,9,26716.66285310524,28330.730908666592,137567.43115968292,0.20594068428726697,0.9430276592310721
300,6000.0,moving_end,820.7271717566915,total,predictor_bcs,9,0.0,0.0,0.0,,
300,6000.0,moving_end,820.7271717566915,total,projection,9,-1.5417640766363571e-12,1.2454602626321308e-10,1.0003541059628516e-08,0.012450193938409057,0.012379070797313306
300,6000.0,moving_end,820.7271717566915,total,projection_bcs,9,0.0,0.0,0.0,,
300,6000.0,moving_end,820.7271717566915,total,surface_drag,9,0.0,0.0,0.0,,
300,6000.0,moving_end,820.7271717566915,total,transport_microphysics_bcs,9,0.0,0.0,0.0,,
300,6000.0,moving_end,941.5399890746453,les_label,inferred_muscl_label,9,-11530.303336443416,11610.205110611709,214872.8939923687,0.05403289775128197,0.9931179704917303
300,6000.0,moving_end,941.5399890746453,les_label,local_les,9,4541.335699005371,4541.335699005371,128535.1671753794,0.03533146452292671,1.0
300,6000.0,moving_end,941.5399890746453,les_label,mask_motion,9,-2279.7678789424954,2540.3517149888958,9529.014098578167,0.2665912431977558,0.8974221425683414
300,6000.0,moving_end,941.5399890746453,total,advection,9,-27417.776732394825,28603.94671750241,1114399.8389649906,0.02566757972979303,0.9585312475644564
300,6000.0,moving_end,941.5399890746453,total,buoyancy,9,0.0,0.0,0.0,,
300,6000.0,moving_end,941.5399890746453,total,coriolis,9,7749.637618627508,7749.637618627508,15741.983763606777,0.4922910438100925,1.0
300,6000.0,moving_end,941.5399890746453,total,external_forcing,9,0.0,0.0,0.0,,
300,6000.0,moving_end,941.5399890746453,total,guard,9,0.0,0.0,0.0,,
300,6000.0,moving_end,941.5399890746453,total,initial_bcs,9,0.0,0.0,0.0,,
300,6000.0,moving_end,941.5399890746453,total,les,9,4541.335699005371,4541.335699005371,128535.1671753794,0.03533146452292671,1.0
300,6000.0,moving_end,941.5399890746453,total,mask_motion,9,18502.200766186103,21656.196837240608,137633.45110048325,0.15734689978404945,0.8543605742615524
300,6000.0,moving_end,941.5399890746453,total,predictor_bcs,9,0.0,0.0,0.0,,
300,6000.0,moving_end,941.5399890746453,total,projection,9,-7.728054913227155e-11,7.867660342494767e-11,1.0737496507087522e-08,0.007327276276459363,0.9822557884821773
300,6000.0,moving_end,941.5399890746453,total,projection_bcs,9,0.0,0.0,0.0,,
300,6000.0,moving_end,941.5399890746453,total,surface_drag,9,0.0,0.0,0.0,,
300,6000.0,moving_end,941.5399890746453,total,transport_microphysics_bcs,9,0.0,0.0,0.0,,
300,6000.0,moving_end,1068.3934472584967,les_label,inferred_muscl_label,9,-8508.68198574926,8508.68198574926,218740.32119524648,0.03889855303885402,1.0
300,6000.0,moving_end,1068.3934472584967,les_label,local_les,9,3872.093421845539,3872.093421845539,117588.68601096034,0.03292913249736139,1.0
300,6000.0,moving_end,1068.3934472584967,les_label,mask_motion,9,-1369.1951397347093,1467.9945707568816,9113.352515317403,0.16108172796888168,0.9326976863604935
300,6000.0,moving_end,1068.3934472584967,total,advection,9,-5750.47087814879,14662.164358932578,1248186.1237087534,0.011746777247744653,0.39219795504784744
300,6000.0,moving_end,1068.3934472584967,total,buoyancy,9,0.0,0.0,0.0,,
300,6000.0,moving_end,1068.3934472584967,total,coriolis,9,7835.116847061562,7835.116847061562,15250.495253499834,0.5137614691735,1.0
300,6000.0,moving_end,1068.3934472584967,total,external_forcing,9,0.0,0.0,0.0,,
300,6000.0,moving_end,1068.3934472584967,total,guard,9,0.0,0.0,0.0,,
300,6000.0,moving_end,1068.3934472584967,total,initial_bcs,9,0.0,0.0,0.0,,
300,6000.0,moving_end,1068.3934472584967,total,les,9,3872.093421845539,3872.093421845539,117588.68601096034,0.03292913249736139,1.0
300,6000.0,moving_end,1068.3934472584967,total,mask_motion,9,3224.4527173563,20305.414595571758,144727.87419566675,0.14030064843016754,0.15879767941598666
300,6000.0,moving_end,1068.3934472584967,total,predictor_bcs,9,0.0,0.0,0.0,,
300,6000.0,moving_end,1068.3934472584967,total,projection,9,-1.152408971167565e-12,8.856079341090485e-11,1.1091579386628016e-08,0.007984507014183531,0.013012631513141616
300,6000.0,moving_end,1068.3934472584967,total,projection_bcs,9,0.0,0.0,0.0,,
300,6000.0,moving_end,1068.3934472584967,total,surface_drag,9,0.0,0.0,0.0,,
300,6000.0,moving_end,1068.3934472584967,total,transport_microphysics_bcs,9,0.0,0.0,0.0,,
300,6000.0,moving_end,1201.5895783515407,les_label,inferred_muscl_label,9,-8410.26844453193,8410.26844453193,223211.7251305901,0.037678434856464195,1.0
300,6000.0,moving_end,1201.5895783515407,les_label,local_les,9,3571.618178971987,3799.2381063261573,110309.1089227522,0.034441744144508554,0.9400880068624398
300,6000.0,moving_end,1201.5895783515407,les_label,mask_motion,9,176.45993002974663,2382.4789543402517,9338.124847182688,0.2551346221355185,0.07406568259848967
300,6000.0,moving_end,1201.5895783515407,total,advection,9,4158.750521779551,15744.061880351392,1383104.6280681186,0.011383131515033864,0.26414724188614097
300,6000.0,moving_end,1201.5895783515407,total,buoyancy,9,0.0,0.0,0.0,,
300,6000.0,moving_end,1201.5895783515407,total,coriolis,9,7685.552524123325,7685.552524123325,15228.332030451733,0.5046877431326496,1.0
300,6000.0,moving_end,1201.5895783515407,total,external_forcing,9,0.0,0.0,0.0,,
300,6000.0,moving_end,1201.5895783515407,total,guard,9,0.0,0.0,0.0,,
300,6000.0,moving_end,1201.5895783515407,total,initial_bcs,9,0.0,0.0,0.0,,
300,6000.0,moving_end,1201.5895783515407,total,les,9,3571.618178971987,3799.2381063261573,110309.1089227522,0.034441744144508554,0.9400880068624398
300,6000.0,moving_end,1201.5895783515407,total,mask_motion,9,-10622.208845017676,22485.134228936575,160168.85310334133,0.14038393728416793,0.4724102928123836
300,6000.0,moving_end,1201.5895783515407,total,predictor_bcs,9,0.0,0.0,0.0,,
300,6000.0,moving_end,1201.5895783515407,total,projection,9,6.085078130223914e-11,1.561742344126499e-10,1.1041621930380409e-08,0.014144138913409557,0.3896339337349126
300,6000.0,moving_end,1201.5895783515407,total,projection_bcs,9,0.0,0.0,0.0,,
300,6000.0,moving_end,1201.5895783515407,total,surface_drag,9,0.0,0.0,0.0,,
300,6000.0,moving_end,1201.5895783515407,total,transport_microphysics_bcs,9,0.0,0.0,0.0,,
300,6000.0,moving_end,1341.445515999237,les_label,inferred_muscl_label,9,-6858.124551326577,6858.124551326577,219612.0268882851,0.03122836507863593,1.0
300,6000.0,moving_end,1341.445515999237,les_label,local_les,9,3174.8085597894305,3174.8085597894305,121081.07712688441,0.026220517979555595,1.0
300,6000.0,moving_end,1341.445515999237,les_label,mask_motion,9,459.364305820451,2071.924501907622,10285.505032655812,0.20144120248149178,0.2217089982755231
300,6000.0,moving_end,1341.445515999237,total,advection,9,8015.404777468738,18920.26191448943,1507768.6023182613,0.012548518310700122,0.4236413223926047
300,6000.0,moving_end,1341.445515999237,total,buoyancy,9,0.0,0.0,0.0,,
300,6000.0,moving_end,1341.445515999237,total,coriolis,9,7261.616304781702,7261.616304781702,15577.50733862551,0.4661603520337314,1.0
300,6000.0,moving_end,1341.445515999237,total,external_forcing,9,0.0,0.0,0.0,,
300,6000.0,moving_end,1341.445515999237,total,guard,9,0.0,0.0,0.0,,
300,6000.0,moving_end,1341.445515999237,total,initial_bcs,9,0.0,0.0,0.0,,
300,6000.0,moving_end,1341.445515999237,total,les,9,3174.8085597894305,3174.8085597894305,121081.07712688441,0.026220517979555595,1.0
300,6000.0,moving_end,1341.445515999237,total,mask_motion,9,-21057.515697174927,29270.857477349793,180804.20982591616,0.16189256602781912,0.719402078106852
300,6000.0,moving_end,1341.445515999237,total,predictor_bcs,9,0.0,0.0,0.0,,
300,6000.0,moving_end,1341.445515999237,total,projection,9,-4.283571411892554e-11,1.0625921610388734e-10,1.1169873723422123e-08,0.00951301856538201,0.4031246953397999
300,6000.0,moving_end,1341.445515999237,total,projection_bcs,9,0.0,0.0,0.0,,
300,6000.0,moving_end,1341.445515999237,total,surface_drag,9,0.0,0.0,0.0,,
300,6000.0,moving_end,1341.445515999237,total,transport_microphysics_bcs,9,0.0,0.0,0.0,,
300,6000.0,moving_end,1488.294250529318,les_label,inferred_muscl_label,9,-5689.421703071899,6150.534448568264,215390.22149277307,0.02855530954906712,0.9250288329652874
300,6000.0,moving_end,1488.294250529318,les_label,local_les,9,3798.5946952847607,3798.5946952847607,129640.22941146205,0.029301048852887257,1.0
300,6000.0,moving_end,1488.294250529318,les_label,mask_motion,9,193.40291726400363,1451.476318968435,9497.903034818437,0.15282071354565913,0.13324565804935432
300,6000.0,moving_end,1488.294250529318,total,advection,9,4420.590035521264,22676.39010040888,1606248.2080684456,0.014117612699271314,0.19494240555693898
300,6000.0,moving_end,1488.294250529318,total,buoyancy,9,0.0,0.0,0.0,,
300,6000.0,moving_end,1488.294250529318,total,coriolis,9,6585.488535757826,6585.488535757826,16102.805830461522,0.4089652825161762,1.0
300,6000.0,moving_end,1488.294250529318,total,external_forcing,9,0.0,0.0,0.0,,
300,6000.0,moving_end,1488.294250529318,total,guard,9,0.0,0.0,0.0,,
300,6000.0,moving_end,1488.294250529318,total,initial_bcs,9,0.0,0.0,0.0,,
300,6000.0,moving_end,1488.294250529318,total,les,9,3798.5946952847607,3798.5946952847607,129640.22941146205,0.029301048852887257,1.0
300,6000.0,moving_end,1488.294250529318,total,mask_motion,9,-21169.96675801346,27330.231897952584,205003.6804417547,0.13331581091158803,0.7745988704764479
300,6000.0,moving_end,1488.294250529318,total,predictor_bcs,9,0.0,0.0,0.0,,
300,6000.0,moving_end,1488.294250529318,total,projection,9,-4.286925245464652e-11,1.4762908048145745e-10,1.1359133760827011e-08,0.012996508676618418,0.29038487752439124
300,6000.0,moving_end,1488.294250529318,total,projection_bcs,9,0.0,0.0,0.0,,
300,6000.0,moving_end,1488.294250529318,total,surface_drag,9,0.0,0.0,0.0,,
300,6000.0,moving_end,1488.294250529318,total,transport_microphysics_bcs,9,0.0,0.0,0.0,,
300,6000.0,moving_end,1642.4854217859033,les_label,inferred_muscl_label,9,-4144.327184813087,4869.652657203189,214723.41332438219,0.02267872227723306,0.8510519079184835
300,6000.0,moving_end,1642.4854217859033,les_label,local_les,9,2539.6560984379066,3162.1579736277927,135693.47038568123,0.02330368561316914,0.8031401718758158
300,6000.0,moving_end,1642.4854217859033,les_label,mask_motion,9,-273.99218414233553,872.393883837027,8282.374917207419,0.10533136842483985,0.31406935470162045
300,6000.0,moving_end,1642.4854217859033,total,advection,9,-4864.364278913382,26476.79551756206,1693489.971279843,0.015634456634870068,0.1837217904895949
300,6000.0,moving_end,1642.4854217859033,total,buoyancy,9,0.0,0.0,0.0,,
300,6000.0,moving_end,1642.4854217859033,total,coriolis,9,5661.99063314811,5661.99063314811,16524.33190179438,0.3426456613676026,1.0
300,6000.0,moving_end,1642.4854217859033,total,external_forcing,9,0.0,0.0,0.0,,
300,6000.0,moving_end,1642.4854217859033,total,guard,9,0.0,0.0,0.0,,
300,6000.0,moving_end,1642.4854217859033,total,initial_bcs,9,0.0,0.0,0.0,,
300,6000.0,moving_end,1642.4854217859033,total,les,9,2539.6560984379066,3162.1579736277927,135693.47038568123,0.02330368561316914,0.8031401718758158
300,6000.0,moving_end,1642.4854217859033,total,mask_motion,9,-9127.630185227341,20111.82317145585,229420.74462197267,0.08766349008497486,0.4538439955151322
300,6000.0,moving_end,1642.4854217859033,total,predictor_bcs,9,0.0,0.0,0.0,,
300,6000.0,moving_end,1642.4854217859033,total,projection,9,-8.920290248608984e-12,1.4428999917927566e-10,1.1349933711676316e-08,0.012712849505969926,0.06182195785811747
300,6000.0,moving_end,1642.4854217859033,total,projection_bcs,9,0.0,0.0,0.0,,
300,6000.0,moving_end,1642.4854217859033,total,surface_drag,9,0.0,0.0,0.0,,
300,6000.0,moving_end,1642.4854217859033,total,transport_microphysics_bcs,9,0.0,0.0,0.0,,
300,6000.0,moving_end,1804.3861516053175,les_label,inferred_muscl_label,9,140.5030065411436,1916.526847024487,202879.075324819,0.009446646205164515,0.07331126446743087
300,6000.0,moving_end,1804.3861516053175,les_label,local_les,9,-2095.8464606435255,2414.331842184975,133131.24640916058,0.01813497512646173,0.8680854984486227
300,6000.0,moving_end,1804.3861516053175,les_label,mask_motion,9,-139.66684195729215,1914.3893939817656,7954.976706924853,0.24065304833831613,0.07295633918384656
300,6000.0,moving_end,1804.3861516053175,total,advection,9,-3505.9787664195383,23197.76586818711,1745644.8076215852,0.013288938143031353,0.15113432846684421
300,6000.0,moving_end,1804.3861516053175,total,buoyancy,9,0.0,0.0,0.0,,
300,6000.0,moving_end,1804.3861516053175,total,coriolis,9,4412.921056681137,4412.921056681137,16574.32585632743,0.26625041011827677,1.0
300,6000.0,moving_end,1804.3861516053175,total,external_forcing,9,0.0,0.0,0.0,,
300,6000.0,moving_end,1804.3861516053175,total,guard,9,0.0,0.0,0.0,,
300,6000.0,moving_end,1804.3861516053175,total,initial_bcs,9,0.0,0.0,0.0,,
300,6000.0,moving_end,1804.3861516053175,total,les,9,-2095.8464606435255,2414.331842184975,133131.24640916058,0.01813497512646173,0.8680854984486227
300,6000.0,moving_end,1804.3861516053175,total,mask_motion,9,-8732.701419511352,34252.83580527924,248284.29266549056,0.1379581262976935,0.2549482754991462
300,6000.0,moving_end,1804.3861516053175,total,predictor_bcs,9,0.0,0.0,0.0,,
300,6000.0,moving_end,1804.3861516053175,total,projection,9,-8.430196257408707e-12,1.3702751863865924e-10,1.1503040891849705e-08,0.011912286492500247,0.06152192159035649
300,6000.0,moving_end,1804.3861516053175,total,projection_bcs,9,0.0,0.0,0.0,,
300,6000.0,moving_end,1804.3861516053175,total,surface_drag,9,0.0,0.0,0.0,,
300,6000.0,moving_end,1804.3861516053175,total,transport_microphysics_bcs,9,0.0,0.0,0.0,,
300,6000.0,moving_end,1974.3819179157026,les_label,inferred_muscl_label,9,4652.718440378349,4652.718440378349,195666.04008712157,0.023778875671561076,1.0
300,6000.0,moving_end,1974.3819179157026,les_label,local_les,9,-5736.366615079931,5736.366615079931,128459.98113610862,0.04465489224229307,1.0
300,6000.0,moving_end,1974.3819179157026,les_label,mask_motion,9,-1053.5943232208801,1856.0276905149462,8806.560052562729,0.21075512793157392,0.5676608859906423
300,6000.0,moving_end,1974.3819179157026,total,advection,9,-1827.5306708311875,24084.82338454895,1756697.1019231537,0.013710288107256486,0.07587893179252445
300,6000.0,moving_end,1974.3819179157026,total,buoyancy,9,0.0,0.0,0.0,,
300,6000.0,moving_end,1974.3819179157026,total,coriolis,9,2796.675342884929,2796.675342884929,16580.25995895814,0.16867499965667995,1.0
300,6000.0,moving_end,1974.3819179157026,total,external_forcing,9,0.0,0.0,0.0,,
300,6000.0,moving_end,1974.3819179157026,total,guard,9,0.0,0.0,0.0,,
300,6000.0,moving_end,1974.3819179157026,total,initial_bcs,9,0.0,0.0,0.0,,
300,6000.0,moving_end,1974.3819179157026,total,les,9,-5736.366615079931,5736.366615079931,128459.98113610862,0.04465489224229307,1.0
300,6000.0,moving_end,1974.3819179157026,total,mask_motion,9,-13597.798347469608,45212.05773068127,255101.78122552254,0.1772314466542732,0.30075601576174293
300,6000.0,moving_end,1974.3819179157026,total,predictor_bcs,9,0.0,0.0,0.0,,
300,6000.0,moving_end,1974.3819179157026,total,projection,9,3.9738555749693625e-11,1.021914834438573e-10,1.197496176363807e-08,0.008533762817862299,0.38886367445214237
300,6000.0,moving_end,1974.3819179157026,total,projection_bcs,9,0.0,0.0,0.0,,
300,6000.0,moving_end,1974.3819179157026,total,surface_drag,9,0.0,0.0,0.0,,
300,6000.0,moving_end,1974.3819179157026,total,transport_microphysics_bcs,9,0.0,0.0,0.0,,
300,6000.0,moving_symmetric,39.88822936505957,les_label,inferred_muscl_label,9,-16552.97727965109,16552.97727965109,149977.36559414773,0.1103698362354553,1.0
300,6000.0,moving_symmetric,39.88822936505957,les_label,local_les,9,-222.7731243518868,456.41105534595755,21641.083470411402,0.02109002795400618,0.48809756412018934
300,6000.0,moving_symmetric,39.88822936505957,les_label,mask_motion,9,15150.433439261125,15150.433439261125,22936.125171584317,0.6605489517484442,1.0
300,6000.0,moving_symmetric,39.88822936505957,total,advection,9,-7631.619680848348,10958.47999359056,375498.3112240397,0.029183832965502265,0.6964122474386923
300,6000.0,moving_symmetric,39.88822936505957,total,buoyancy,9,0.0,0.0,0.0,,
300,6000.0,moving_symmetric,39.88822936505957,total,coriolis,9,5393.151216668633,5393.151216668633,17831.86470702653,0.3024446015757117,1.0
300,6000.0,moving_symmetric,39.88822936505957,total,external_forcing,9,0.0,0.0,0.0,,
300,6000.0,moving_symmetric,39.88822936505957,total,guard,9,0.0,0.0,0.0,,
300,6000.0,moving_symmetric,39.88822936505957,total,initial_bcs,9,0.0,0.0,0.0,,
300,6000.0,moving_symmetric,39.88822936505957,total,les,9,-222.7731243518868,456.41105534595755,21641.083470411402,0.02109002795400618,0.48809756412018934
300,6000.0,moving_symmetric,39.88822936505957,total,mask_motion,9,-20158.61381748672,20158.61381748672,29470.81073568122,0.6840196558651188,1.0
300,6000.0,moving_symmetric,39.88822936505957,total,predictor_bcs,9,0.0,0.0,0.0,,
300,6000.0,moving_symmetric,39.88822936505957,total,projection,9,-1.544260218625418e-11,7.330592182508763e-11,6.014483999971815e-09,0.012188231247340779,0.21065968207999847
300,6000.0,moving_symmetric,39.88822936505957,total,projection_bcs,9,0.0,0.0,0.0,,
300,6000.0,moving_symmetric,39.88822936505957,total,surface_drag,9,-2221.6291293532317,2262.82023748835,21186.13558063446,0.10680665328870632,0.981796561895328
300,6000.0,moving_symmetric,39.88822936505957,total,transport_microphysics_bcs,9,0.0,0.0,0.0,,
300,6000.0,moving_symmetric,121.65909956343168,les_label,inferred_muscl_label,9,2496.9417199923705,22889.984691680456,295420.4138602259,0.07748274532751329,0.10908446439022318
300,6000.0,moving_symmetric,121.65909956343168,les_label,local_les,9,-14011.65896559681,23177.870920440735,212400.74613199063,0.10912330273094936,0.6045274397157775
300,6000.0,moving_symmetric,121.65909956343168,les_label,mask_motion,9,16306.332391854634,16866.06574044974,38688.80428593019,0.4359417679543887,0.9668130459581512
300,6000.0,moving_symmetric,121.65909956343168,total,advection,9,-13286.549049386746,21525.479536406598,528290.830006889,0.04074551045325906,0.6172475287677035
300,6000.0,moving_symmetric,121.65909956343168,total,buoyancy,9,0.0,0.0,0.0,,
300,6000.0,moving_symmetric,121.65909956343168,total,coriolis,9,5747.203333600536,5747.203333600536,17884.651619194265,0.3213483525411527,1.0
300,6000.0,moving_symmetric,121.65909956343168,total,external_forcing,9,0.0,0.0,0.0,,
300,6000.0,moving_symmetric,121.65909956343168,total,guard,9,0.0,0.0,0.0,,
300,6000.0,moving_symmetric,121.65909956343168,total,initial_bcs,9,0.0,0.0,0.0,,
300,6000.0,moving_symmetric,121.65909956343168,total,les,9,-14011.65896559681,23177.870920440735,212400.74613199063,0.10912330273094936,0.6045274397157775
300,6000.0,moving_symmetric,121.65909956343168,total,mask_motion,9,-27182.225292382624,27424.65346425463,50103.90536078277,0.5473556056514589,0.9911602102032762
300,6000.0,moving_symmetric,121.65909956343168,total,predictor_bcs,9,0.0,0.0,0.0,,
300,6000.0,moving_symmetric,121.65909956343168,total,projection,9,1.4917606115608326e-12,5.605060514101706e-11,5.940237452095443e-09,0.009435751616502296,0.02661453177548627
300,6000.0,moving_symmetric,121.65909956343168,total,projection_bcs,9,0.0,0.0,0.0,,
300,6000.0,moving_symmetric,121.65909956343168,total,surface_drag,9,2075.262859145431,2075.262859145431,25037.725236389397,0.08288543945395166,1.0
300,6000.0,moving_symmetric,121.65909956343168,total,transport_microphysics_bcs,9,0.0,0.0,0.0,,
300,6000.0,moving_symmetric,207.51851327172238,les_label,inferred_muscl_label,9,-633.2397696054495,36340.81559041088,302568.27262472815,0.12010781988197408,0.01742502911168951
300,6000.0,moving_symmetric,207.51851327172238,les_label,local_les,9,6785.780928737058,33423.46396366038,209824.28994430188,0.15929263467319577,0.20302446616888334
300,6000.0,moving_symmetric,207.51851327172238,les_label,mask_motion,9,6918.65007312314,10469.871078014672,37164.8736078402,0.2817141580647264,0.6608152117222703
300,6000.0,moving_symmetric,207.51851327172238,total,advection,9,-42986.89363253016,42986.89363253016,562009.3265432988,0.07648786524046827,1.0
300,6000.0,moving_symmetric,207.51851327172238,total,buoyancy,9,0.0,0.0,0.0,,
300,6000.0,moving_symmetric,207.51851327172238,total,coriolis,9,6127.394372436915,6127.394372436915,18263.094586268424,0.3355069067563146,1.0
300,6000.0,moving_symmetric,207.51851327172238,total,external_forcing,9,0.0,0.0,0.0,,
300,6000.0,moving_symmetric,207.51851327172238,total,guard,9,0.0,0.0,0.0,,
300,6000.0,moving_symmetric,207.51851327172238,total,initial_bcs,9,0.0,0.0,0.0,,
300,6000.0,moving_symmetric,207.51851327172238,total,les,9,6785.780928737058,33423.46396366038,209824.28994430188,0.15929263467319577,0.20302446616888334
300,6000.0,moving_symmetric,207.51851327172238,total,mask_motion,9,-29282.3928982978,33408.855342262235,69660.83215535436,0.47959311292399365,0.8764859675169877
300,6000.0,moving_symmetric,207.51851327172238,total,predictor_bcs,9,0.0,0.0,0.0,,
300,6000.0,moving_symmetric,207.51851327172238,total,projection,9,-1.3883614335700382e-11,3.211991181756551e-11,6.138860639080186e-09,0.005232226907561496,0.4322432270224294
300,6000.0,moving_symmetric,207.51851327172238,total,projection_bcs,9,0.0,0.0,0.0,,
300,6000.0,moving_symmetric,207.51851327172238,total,surface_drag,9,0.0,0.0,0.0,,
300,6000.0,moving_symmetric,207.51851327172238,total,transport_microphysics_bcs,9,0.0,0.0,0.0,,
300,6000.0,moving_symmetric,297.6708976654277,les_label,inferred_muscl_label,9,-11232.22972613649,25258.63562126204,250116.22433862276,0.10098759361993784,0.44468869556364715
300,6000.0,moving_symmetric,297.6708976654277,les_label,local_les,9,27306.40588823589,32420.166709450215,173467.45691087085,0.18689480601602404,0.8422660541186019
300,6000.0,moving_symmetric,297.6708976654277,les_label,mask_motion,9,-3599.755219691282,6649.879594704443,31761.160654110587,0.2093714290583963,0.5413263756772239
300,6000.0,moving_symmetric,297.6708976654277,total,advection,9,-73520.03161796923,73520.03161796923,588791.0775899332,0.12486607629807303,1.0
300,6000.0,moving_symmetric,297.6708976654277,total,buoyancy,9,0.0,0.0,0.0,,
300,6000.0,moving_symmetric,297.6708976654277,total,coriolis,9,6433.384025304197,6433.384025304197,18534.63022332912,0.34710074858718476,1.0
300,6000.0,moving_symmetric,297.6708976654277,total,external_forcing,9,0.0,0.0,0.0,,
300,6000.0,moving_symmetric,297.6708976654277,total,guard,9,0.0,0.0,0.0,,
300,6000.0,moving_symmetric,297.6708976654277,total,initial_bcs,9,0.0,0.0,0.0,,
300,6000.0,moving_symmetric,297.6708976654277,total,les,9,27306.40588823589,32420.166709450215,173467.45691087085,0.18689480601602404,0.8422660541186019
300,6000.0,moving_symmetric,297.6708976654277,total,mask_motion,9,-22233.8077661471,33573.18847657196,83554.93274883652,0.4018097719914622,0.6622489187067322
300,6000.0,moving_symmetric,297.6708976654277,total,predictor_bcs,9,0.0,0.0,0.0,,
300,6000.0,moving_symmetric,297.6708976654277,total,projection,9,-2.6889278624524988e-11,3.5497528883682633e-11,6.755303593568129e-09,0.005254764407254857,0.7574971968509433
300,6000.0,moving_symmetric,297.6708976654277,total,projection_bcs,9,0.0,0.0,0.0,,
300,6000.0,moving_symmetric,297.6708976654277,total,surface_drag,9,0.0,0.0,0.0,,
300,6000.0,moving_symmetric,297.6708976654277,total,transport_microphysics_bcs,9,0.0,0.0,0.0,,
300,6000.0,moving_symmetric,392.33090127881815,les_label,inferred_muscl_label,9,-20415.095344632875,22865.127066298428,220458.1290799209,0.10371641618172908,0.8928485411621996
300,6000.0,moving_symmetric,392.33090127881815,les_label,local_les,9,37870.048478137454,37870.048478137454,153614.01924642295,0.24652729395347356,1.0
300,6000.0,moving_symmetric,392.33090127881815,les_label,mask_motion,9,-7646.746664845843,7646.746664845843,26093.446873885492,0.29305237831567443,1.0
300,6000.0,moving_symmetric,392.33090127881815,total,advection,9,-95408.04881038738,95408.04881038738,632467.9439673651,0.1508504102388316,1.0
300,6000.0,moving_symmetric,392.33090127881815,total,buoyancy,9,0.0,0.0,0.0,,
300,6000.0,moving_symmetric,392.33090127881815,total,coriolis,9,6760.745635999968,6760.745635999968,18746.254527301404,0.36064514253521146,1.0
300,6000.0,moving_symmetric,392.33090127881815,total,external_forcing,9,0.0,0.0,0.0,,
300,6000.0,moving_symmetric,392.33090127881815,total,guard,9,0.0,0.0,0.0,,
300,6000.0,moving_symmetric,392.33090127881815,total,initial_bcs,9,0.0,0.0,0.0,,
300,6000.0,moving_symmetric,392.33090127881815,total,les,9,37870.048478137454,37870.048478137454,153614.01924642295,0.24652729395347356,1.0
300,6000.0,moving_symmetric,392.33090127881815,total,mask_motion,9,-8731.185177391766,29551.725372264304,94089.01693027797,0.3140826244806318,0.29545432855119846
300,6000.0,moving_symmetric,392.33090127881815,total,predictor_bcs,9,0.0,0.0,0.0,,
300,6000.0,moving_symmetric,392.33090127881815,total,projection,9,-7.479540687519104e-11,9.996012787494415e-11,7.561343095041118e-09,0.01321989051660677,0.7482524128897112
300,6000.0,moving_symmetric,392.33090127881815,total,projection_bcs,9,0.0,0.0,0.0,,
300,6000.0,moving_symmetric,392.33090127881815,total,surface_drag,9,0.0,0.0,0.0,,
300,6000.0,moving_symmetric,392.33090127881815,total,transport_microphysics_bcs,9,0.0,0.0,0.0,,
300,6000.0,moving_symmetric,491.72390507287827,les_label,inferred_muscl_label,9,-22930.922328686876,22930.922328686876,201739.45344253216,0.11366602782642621,1.0
300,6000.0,moving_symmetric,491.72390507287827,les_label,local_les,9,36130.50177803247,36130.50177803247,137659.2661931315,0.2624632745560516,1.0
300,6000.0,moving_symmetric,491.72390507287827,les_label,mask_motion,9,-7420.24267864422,7551.00931355969,19929.191946659903,0.3788918955555158,0.9826822310123964
300,6000.0,moving_symmetric,491.72390507287827,total,advection,9,-100350.5039664801,100350.5039664801,697058.8192995136,0.1439627491799387,1.0
300,6000.0,moving_symmetric,491.72390507287827,total,buoyancy,9,0.0,0.0,0.0,,
300,6000.0,moving_symmetric,491.72390507287827,total,coriolis,9,7068.0539282240525,7068.0539282240525,18873.26309430148,0.3745008954152795,1.0
300,6000.0,moving_symmetric,491.72390507287827,total,external_forcing,9,0.0,0.0,0.0,,
300,6000.0,moving_symmetric,491.72390507287827,total,guard,9,0.0,0.0,0.0,,
300,6000.0,moving_symmetric,491.72390507287827,total,initial_bcs,9,0.0,0.0,0.0,,
300,6000.0,moving_symmetric,491.72390507287827,total,les,9,36130.50177803247,36130.50177803247,137659.2661931315,0.2624632745560516,1.0
300,6000.0,moving_symmetric,491.72390507287827,total,mask_motion,9,5272.004554594661,24088.332247581846,103772.49328198464,0.2321263707341576,0.21886133504007535
300,6000.0,moving_symmetric,491.72390507287827,total,predictor_bcs,9,0.0,0.0,0.0,,
300,6000.0,moving_symmetric,491.72390507287827,total,projection,9,9.958176461015276e-12,7.990758237820915e-11,8.425694722251045e-09,0.009483797480483686,0.12462117066541206
300,6000.0,moving_symmetric,491.72390507287827,total,projection_bcs,9,0.0,0.0,0.0,,
300,6000.0,moving_symmetric,491.72390507287827,total,surface_drag,9,0.0,0.0,0.0,,
300,6000.0,moving_symmetric,491.72390507287827,total,transport_microphysics_bcs,9,0.0,0.0,0.0,,
300,6000.0,moving_symmetric,596.0865590566414,les_label,inferred_muscl_label,9,-17909.050560076186,17909.050560076186,188715.18544580461,0.09489989116545855,1.0
300,6000.0,moving_symmetric,596.0865590566414,les_label,local_les,9,23445.373002640656,23445.373002640656,131231.055543017,0.17865720050506917,1.0
300,6000.0,moving_symmetric,596.0865590566414,les_label,mask_motion,9,-6509.952097337175,7139.261698239324,17762.755657179106,0.40192309324222875,0.9118522856421766
300,6000.0,moving_symmetric,596.0865590566414,total,advection,9,-90802.52426936889,90802.52426936889,769364.9445927971,0.11802269509098583,1.0
300,6000.0,moving_symmetric,596.0865590566414,total,buoyancy,9,0.0,0.0,0.0,,
300,6000.0,moving_symmetric,596.0865590566414,total,coriolis,9,7238.702386746006,7238.702386746006,18521.43691799962,0.3908283368506492,1.0
300,6000.0,moving_symmetric,596.0865590566414,total,external_forcing,9,0.0,0.0,0.0,,
300,6000.0,moving_symmetric,596.0865590566414,total,guard,9,0.0,0.0,0.0,,
300,6000.0,moving_symmetric,596.0865590566414,total,initial_bcs,9,0.0,0.0,0.0,,
300,6000.0,moving_symmetric,596.0865590566414,total,les,9,23445.373002640656,23445.373002640656,131231.055543017,0.17865720050506917,1.0
300,6000.0,moving_symmetric,596.0865590566414,total,mask_motion,9,13623.376166388702,22340.511795464226,115866.20662483755,0.19281300774608448,0.6098059118392554
300,6000.0,moving_symmetric,596.0865590566414,total,predictor_bcs,9,0.0,0.0,0.0,,
300,6000.0,moving_symmetric,596.0865590566414,total,projection,9,2.7401304780271517e-11,8.426404530963935e-11,8.839543673313638e-09,0.009532623902750817,0.32518382756941955
300,6000.0,moving_symmetric,596.0865590566414,total,projection_bcs,9,0.0,0.0,0.0,,
300,6000.0,moving_symmetric,596.0865590566414,total,surface_drag,9,0.0,0.0,0.0,,
300,6000.0,moving_symmetric,596.0865590566414,total,transport_microphysics_bcs,9,0.0,0.0,0.0,,
300,6000.0,moving_symmetric,705.6673457395926,les_label,inferred_muscl_label,9,-14951.732540873509,14951.732540873509,186681.97615483202,0.08009199842877548,1.0
300,6000.0,moving_symmetric,705.6673457395926,les_label,local_les,9,12733.325322347071,12733.325322347071,124635.04136329074,0.10216489025130189,1.0
300,6000.0,moving_symmetric,705.6673457395926,les_label,mask_motion,9,-5325.0449025263815,5325.0449025263815,14363.195443737492,0.3707423548878992,1.0
300,6000.0,moving_symmetric,705.6673457395926,total,advection,9,-78194.44047981291,78194.44047981291,861855.1913989591,0.09072804951477763,1.0
300,6000.0,moving_symmetric,705.6673457395926,total,buoyancy,9,0.0,0.0,0.0,,
300,6000.0,moving_symmetric,705.6673457395926,total,coriolis,9,7358.203509703354,7358.203509703354,17549.062297954322,0.4192932582250331,1.0
300,6000.0,moving_symmetric,705.6673457395926,total,external_forcing,9,0.0,0.0,0.0,,
300,6000.0,moving_symmetric,705.6673457395926,total,guard,9,0.0,0.0,0.0,,
300,6000.0,moving_symmetric,705.6673457395926,total,initial_bcs,9,0.0,0.0,0.0,,
300,6000.0,moving_symmetric,705.6673457395926,total,les,9,12733.325322347071,12733.325322347071,124635.04136329074,0.10216489025130189,1.0
300,6000.0,moving_symmetric,705.6673457395926,total,mask_motion,9,23458.73244589033,25346.358372126568,127532.51647724639,0.1987442816330588,0.9255267404286345
300,6000.0,moving_symmetric,705.6673457395926,total,predictor_bcs,9,0.0,0.0,0.0,,
300,6000.0,moving_symmetric,705.6673457395926,total,projection,9,-2.9342762537165303e-12,8.985847230033422e-11,9.515838461670152e-09,0.0094430430552478,0.032654419539977164
300,6000.0,moving_symmetric,705.6673457395926,total,projection_bcs,9,0.0,0.0,0.0,,
300,6000.0,moving_symmetric,705.6673457395926,total,surface_drag,9,0.0,0.0,0.0,,
300,6000.0,moving_symmetric,705.6673457395926,total,transport_microphysics_bcs,9,0.0,0.0,0.0,,
300,6000.0,moving_symmetric,820.7271717566915,les_label,inferred_muscl_label,9,-12109.341963243382,12109.341963243382,200676.69698131047,0.060342541737026675,1.0
300,6000.0,moving_symmetric,820.7271717566915,les_label,local_les,9,6600.4516485097765,6600.4516485097765,126721.1860251177,0.05208640998042337,1.0
300,6000.0,moving_symmetric,820.7271717566915,les_label,mask_motion,9,-4781.025961721157,4781.025961721157,12851.75764346385,0.3720133925924671,1.0
300,6000.0,moving_symmetric,820.7271717566915,total,advection,9,-56898.21099404302,56898.21099404302,998551.386662508,0.05698075407437551,1.0
300,6000.0,moving_symmetric,820.7271717566915,total,buoyancy,9,0.0,0.0,0.0,,
300,6000.0,moving_symmetric,820.7271717566915,total,coriolis,9,7415.587469120364,7415.587469120364,16646.707143907963,0.4454687287409977,1.0
300,6000.0,moving_symmetric,820.7271717566915,total,external_forcing,9,0.0,0.0,0.0,,
300,6000.0,moving_symmetric,820.7271717566915,total,guard,9,0.0,0.0,0.0,,
300,6000.0,moving_symmetric,820.7271717566915,total,initial_bcs,9,0.0,0.0,0.0,,
300,6000.0,moving_symmetric,820.7271717566915,total,les,9,6600.4516485097765,6600.4516485097765,126721.1860251177,0.05208640998042337,1.0
300,6000.0,moving_symmetric,820.7271717566915,total,mask_motion,9,28690.74224344938,29614.55385718578,128052.63837145548,0.23126859574169642,0.96880548603935
300,6000.0,moving_symmetric,820.7271717566915,total,predictor_bcs,9,0.0,0.0,0.0,,
300,6000.0,moving_symmetric,820.7271717566915,total,projection,9,4.8071316748388485e-12,8.124251450871361e-11,9.881212578856105e-09,0.008221917488401877,0.05917014883042872
300,6000.0,moving_symmetric,820.7271717566915,total,projection_bcs,9,0.0,0.0,0.0,,
300,6000.0,moving_symmetric,820.7271717566915,total,surface_drag,9,0.0,0.0,0.0,,
300,6000.0,moving_symmetric,820.7271717566915,total,transport_microphysics_bcs,9,0.0,0.0,0.0,,
300,6000.0,moving_symmetric,941.5399890746453,les_label,inferred_muscl_label,9,-11443.817829428473,11486.062243863913,217265.29496431843,0.05286653004452586,0.9963221151393283
300,6000.0,moving_symmetric,941.5399890746453,les_label,local_les,9,4776.7271736129405,4776.7271736129405,128847.90139848481,0.03707260360291062,1.0
300,6000.0,moving_symmetric,941.5399890746453,les_label,mask_motion,9,-2601.644860565011,2881.4674231522404,10305.779176145239,0.2795972409172094,0.9028888682416157
300,6000.0,moving_symmetric,941.5399890746453,total,advection,9,-29722.720851584865,30846.642461387706,1137104.663186654,0.027127355519712855,0.9635642157421278
300,6000.0,moving_symmetric,941.5399890746453,total,buoyancy,9,0.0,0.0,0.0,,
300,6000.0,moving_symmetric,941.5399890746453,total,coriolis,9,7631.689897233904,7631.689897233904,15783.363981460257,0.4835274600648112,1.0
300,6000.0,moving_symmetric,941.5399890746453,total,external_forcing,9,0.0,0.0,0.0,,
300,6000.0,moving_symmetric,941.5399890746453,total,guard,9,0.0,0.0,0.0,,
300,6000.0,moving_symmetric,941.5399890746453,total,initial_bcs,9,0.0,0.0,0.0,,
300,6000.0,moving_symmetric,941.5399890746453,total,les,9,4776.7271736129405,4776.7271736129405,128847.90139848481,0.03707260360291062,1.0
300,6000.0,moving_symmetric,941.5399890746453,total,mask_motion,9,20689.70113216215,23252.154379156204,127028.43933254227,0.1830468397575553,0.8897971686747832
300,6000.0,moving_symmetric,941.5399890746453,total,predictor_bcs,9,0.0,0.0,0.0,,
300,6000.0,moving_symmetric,941.5399890746453,total,projection,9,-7.991403597517384e-11,1.0206260923381714e-10,1.060505406064276e-08,0.009623959354680672,0.782990328927387
300,6000.0,moving_symmetric,941.5399890746453,total,projection_bcs,9,0.0,0.0,0.0,,
300,6000.0,moving_symmetric,941.5399890746453,total,surface_drag,9,0.0,0.0,0.0,,
300,6000.0,moving_symmetric,941.5399890746453,total,transport_microphysics_bcs,9,0.0,0.0,0.0,,
300,6000.0,moving_symmetric,1068.3934472584967,les_label,inferred_muscl_label,9,-8536.635027095888,8536.635027095888,220953.5548848164,0.03863542739353552,1.0
300,6000.0,moving_symmetric,1068.3934472584967,les_label,local_les,9,3821.4208077422727,3821.4208077422727,118301.5837536505,0.03230236389480587,1.0
300,6000.0,moving_symmetric,1068.3934472584967,les_label,mask_motion,9,-1290.569484284812,1436.2734500175202,10019.224827838132,0.14335175372318976,0.8985541606085312
300,6000.0,moving_symmetric,1068.3934472584967,total,advection,9,-7925.99989566016,16141.347166544181,1271347.4992858015,0.0126962511631256,0.491037074779496
300,6000.0,moving_symmetric,1068.3934472584967,total,buoyancy,9,0.0,0.0,0.0,,
300,6000.0,moving_symmetric,1068.3934472584967,total,coriolis,9,7774.500455514772,7774.500455514772,15287.219361137046,0.5085621048441941,1.0
300,6000.0,moving_symmetric,1068.3934472584967,total,external_forcing,9,0.0,0.0,0.0,,
300,6000.0,moving_symmetric,1068.3934472584967,total,guard,9,0.0,0.0,0.0,,
300,6000.0,moving_symmetric,1068.3934472584967,total,initial_bcs,9,0.0,0.0,0.0,,
300,6000.0,moving_symmetric,1068.3934472584967,total,les,9,3821.4208077422727,3821.4208077422727,118301.5837536505,0.03230236389480587,1.0
300,6000.0,moving_symmetric,1068.3934472584967,total,mask_motion,9,5511.270740517719,20107.588795484055,135317.60252920294,0.14859551469768784,0.27408909126665104
300,6000.0,moving_symmetric,1068.3934472584967,total,predictor_bcs,9,0.0,0.0,0.0,,
300,6000.0,moving_symmetric,1068.3934472584967,total,projection,9,-1.3688305478722486e-11,1.0177028439943428e-10,1.0907371616931288e-08,0.009330413226359536,0.13450198709279204
300,6000.0,moving_symmetric,1068.3934472584967,total,projection_bcs,9,0.0,0.0,0.0,,
300,6000.0,moving_symmetric,1068.3934472584967,total,surface_drag,9,0.0,0.0,0.0,,
300,6000.0,moving_symmetric,1068.3934472584967,total,transport_microphysics_bcs,9,0.0,0.0,0.0,,
300,6000.0,moving_symmetric,1201.5895783515407,les_label,inferred_muscl_label,9,-7994.101288921622,7994.101288921622,226375.14969556025,0.03531351077921962,1.0
300,6000.0,moving_symmetric,1201.5895783515407,les_label,local_les,9,3553.0784086369413,3784.388094377501,111534.23045988199,0.033930283813082086,0.9388779163309866
300,6000.0,moving_symmetric,1201.5895783515407,les_label,mask_motion,9,-221.1674552455168,2032.9384786093776,9835.14720999397,0.20670137774283748,0.10879200604083475
300,6000.0,moving_symmetric,1201.5895783515407,total,advection,9,1780.4838253325188,14175.479816559866,1408097.227575886,0.010067117198265993,0.1256030729381413
300,6000.0,moving_symmetric,1201.5895783515407,total,buoyancy,9,0.0,0.0,0.0,,
300,6000.0,moving_symmetric,1201.5895783515407,total,coriolis,9,7682.946829989987,7682.946829989987,15286.313572925894,0.5026029849078534,1.0
300,6000.0,moving_symmetric,1201.5895783515407,total,external_forcing,9,0.0,0.0,0.0,,
300,6000.0,moving_symmetric,1201.5895783515407,total,guard,9,0.0,0.0,0.0,,
300,6000.0,moving_symmetric,1201.5895783515407,total,initial_bcs,9,0.0,0.0,0.0,,
300,6000.0,moving_symmetric,1201.5895783515407,total,les,9,3553.0784086369413,3784.388094377501,111534.23045988199,0.033930283813082086,0.9388779163309866
300,6000.0,moving_symmetric,1201.5895783515407,total,mask_motion,9,-8222.79668410225,23344.365359815107,151616.38568849803,0.15396993704741813,0.35223903316116434
300,6000.0,moving_symmetric,1201.5895783515407,total,predictor_bcs,9,0.0,0.0,0.0,,
300,6000.0,moving_symmetric,1201.5895783515407,total,projection,9,6.105839225398472e-11,1.3207039041559727e-10,1.093853688461662e-08,0.012073862510929966,0.4623170421609796
300,6000.0,moving_symmetric,1201.5895783515407,total,projection_bcs,9,0.0,0.0,0.0,,
300,6000.0,moving_symmetric,1201.5895783515407,total,surface_drag,9,0.0,0.0,0.0,,
300,6000.0,moving_symmetric,1201.5895783515407,total,transport_microphysics_bcs,9,0.0,0.0,0.0,,
300,6000.0,moving_symmetric,1341.445515999237,les_label,inferred_muscl_label,9,-6739.663294438272,6739.663294438272,223457.97158081384,0.030160764669793238,1.0
300,6000.0,moving_symmetric,1341.445515999237,les_label,local_les,9,3703.0975828131736,3703.0975828131736,122925.32118077239,0.03012477451547551,1.0
300,6000.0,moving_symmetric,1341.445515999237,les_label,mask_motion,9,-187.38597409159814,2510.2941311146424,10427.684983515457,0.2407335985967188,0.07464701915563712
300,6000.0,moving_symmetric,1341.445515999237,total,advection,9,2694.7500157988497,18619.293944959893,1534687.5575267915,0.012132302665544254,0.14472890453122145
300,6000.0,moving_symmetric,1341.445515999237,total,buoyancy,9,0.0,0.0,0.0,,
300,6000.0,moving_symmetric,1341.445515999237,total,coriolis,9,7294.412804418205,7294.412804418205,15646.201722458527,0.4662098146125663,1.0
300,6000.0,moving_symmetric,1341.445515999237,total,external_forcing,9,0.0,0.0,0.0,,
300,6000.0,moving_symmetric,1341.445515999237,total,guard,9,0.0,0.0,0.0,,
300,6000.0,moving_symmetric,1341.445515999237,total,initial_bcs,9,0.0,0.0,0.0,,
300,6000.0,moving_symmetric,1341.445515999237,total,les,9,3703.0975828131736,3703.0975828131736,122925.32118077239,0.03012477451547551,1.0
300,6000.0,moving_symmetric,1341.445515999237,total,mask_motion,9,-16297.946458165292,26990.50233182044,170685.2279917894,0.1581302767051334,0.60384005669101
300,6000.0,moving_symmetric,1341.445515999237,total,predictor_bcs,9,0.0,0.0,0.0,,
300,6000.0,moving_symmetric,1341.445515999237,total,projection,9,-3.0880036239031e-11,1.1881628393526108e-10,1.1052281272790771e-08,0.010750385463657244,0.2598973408043671
300,6000.0,moving_symmetric,1341.445515999237,total,projection_bcs,9,0.0,0.0,0.0,,
300,6000.0,moving_symmetric,1341.445515999237,total,surface_drag,9,0.0,0.0,0.0,,
300,6000.0,moving_symmetric,1341.445515999237,total,transport_microphysics_bcs,9,0.0,0.0,0.0,,
300,6000.0,moving_symmetric,1488.294250529318,les_label,inferred_muscl_label,9,-5816.062420944239,6175.107269243234,218947.04783074145,0.02820365622840891,0.9418560953447216
300,6000.0,moving_symmetric,1488.294250529318,les_label,local_les,9,4495.76562674645,4495.76562674645,131195.2966072122,0.03426773476648632,1.0
300,6000.0,moving_symmetric,1488.294250529318,les_label,mask_motion,9,-377.1272963253465,1873.6055757467016,9690.167675533694,0.19335120283597274,0.20128425171613146
300,6000.0,moving_symmetric,1488.294250529318,total,advection,9,-4136.917596867843,24703.35456465323,1635444.834288729,0.015104975751381405,0.16746379873392367
300,6000.0,moving_symmetric,1488.294250529318,total,buoyancy,9,0.0,0.0,0.0,,
300,6000.0,moving_symmetric,1488.294250529318,total,coriolis,9,6607.1435024300135,6607.1435024300135,16132.633121539086,0.4095514633385327,1.0
300,6000.0,moving_symmetric,1488.294250529318,total,external_forcing,9,0.0,0.0,0.0,,
300,6000.0,moving_symmetric,1488.294250529318,total,guard,9,0.0,0.0,0.0,,
300,6000.0,moving_symmetric,1488.294250529318,total,initial_bcs,9,0.0,0.0,0.0,,
300,6000.0,moving_symmetric,1488.294250529318,total,les,9,4495.76562674645,4495.76562674645,131195.2966072122,0.03426773476648632,1.0
300,6000.0,moving_symmetric,1488.294250529318,total,mask_motion,9,-13331.285023758184,21505.654348141652,193884.94302274237,0.1109196723214297,0.6198967400826921
300,6000.0,moving_symmetric,1488.294250529318,total,predictor_bcs,9,0.0,0.0,0.0,,
300,6000.0,moving_symmetric,1488.294250529318,total,projection,9,-8.931215444998792e-11,1.5211999066958683e-10,1.1235359166908835e-08,0.013539397219950143,0.587116486510829
300,6000.0,moving_symmetric,1488.294250529318,total,projection_bcs,9,0.0,0.0,0.0,,
300,6000.0,moving_symmetric,1488.294250529318,total,surface_drag,9,0.0,0.0,0.0,,
300,6000.0,moving_symmetric,1488.294250529318,total,transport_microphysics_bcs,9,0.0,0.0,0.0,,
300,6000.0,moving_symmetric,1642.4854217859033,les_label,inferred_muscl_label,9,-4181.118628776559,4818.633598909428,217450.5845935979,0.022159671853332404,0.8676979776430492
300,6000.0,moving_symmetric,1642.4854217859033,les_label,local_les,9,2938.6741399245902,3678.7601818715893,136917.78857974094,0.026868387373413346,0.7988218841787952
300,6000.0,moving_symmetric,1642.4854217859033,les_label,mask_motion,9,-636.2187816655477,1652.9020679919686,8962.182179200041,0.1844307597125308,0.38491014923737094
300,6000.0,moving_symmetric,1642.4854217859033,total,advection,9,-12377.777608324699,26884.420497415173,1725464.2373281477,0.01558097810189636,0.4604070825895158
300,6000.0,moving_symmetric,1642.4854217859033,total,buoyancy,9,0.0,0.0,0.0,,
300,6000.0,moving_symmetric,1642.4854217859033,total,coriolis,9,5634.463875268299,5634.463875268299,16482.435811591877,0.341846553487298,1.0
300,6000.0,moving_symmetric,1642.4854217859033,total,external_forcing,9,0.0,0.0,0.0,,
300,6000.0,moving_symmetric,1642.4854217859033,total,guard,9,0.0,0.0,0.0,,
300,6000.0,moving_symmetric,1642.4854217859033,total,initial_bcs,9,0.0,0.0,0.0,,
300,6000.0,moving_symmetric,1642.4854217859033,total,les,9,2938.6741399245902,3678.7601818715893,136917.78857974094,0.026868387373413346,0.7988218841787952
300,6000.0,moving_symmetric,1642.4854217859033,total,mask_motion,9,-1985.708139422905,20241.479774208816,218951.22741753192,0.0924474368696233,0.0981009373609653
300,6000.0,moving_symmetric,1642.4854217859033,total,predictor_bcs,9,0.0,0.0,0.0,,
300,6000.0,moving_symmetric,1642.4854217859033,total,projection,9,3.417548250658608e-12,1.3305163062136783e-10,1.1228165567021314e-08,0.011849810178446156,0.025685880245873188
300,6000.0,moving_symmetric,1642.4854217859033,total,projection_bcs,9,0.0,0.0,0.0,,
300,6000.0,moving_symmetric,1642.4854217859033,total,surface_drag,9,0.0,0.0,0.0,,
300,6000.0,moving_symmetric,1642.4854217859033,total,transport_microphysics_bcs,9,0.0,0.0,0.0,,
300,6000.0,moving_symmetric,1804.3861516053175,les_label,inferred_muscl_label,9,556.3373076977049,2560.198273470767,204504.97121218406,0.012519002634974748,0.2173024306213201
300,6000.0,moving_symmetric,1804.3861516053175,les_label,local_les,9,-2297.378517137575,2659.4876583153664,133281.41019689312,0.01995392796629759,0.8638425186724998
300,6000.0,moving_symmetric,1804.3861516053175,les_label,mask_motion,9,-353.969086619808,2374.5186766496117,8716.921079054988,0.27240336984983193,0.14906982627706675
300,6000.0,moving_symmetric,1804.3861516053175,total,advection,9,-5844.947131810516,24976.445920537306,1774524.7717374251,0.014075005499124726,0.23401836876256318
300,6000.0,moving_symmetric,1804.3861516053175,total,buoyancy,9,0.0,0.0,0.0,,
300,6000.0,moving_symmetric,1804.3861516053175,total,coriolis,9,4332.749961381036,4332.749961381036,16446.179607847396,0.2634502397939055,1.0
300,6000.0,moving_symmetric,1804.3861516053175,total,external_forcing,9,0.0,0.0,0.0,,
300,6000.0,moving_symmetric,1804.3861516053175,total,guard,9,0.0,0.0,0.0,,
300,6000.0,moving_symmetric,1804.3861516053175,total,initial_bcs,9,0.0,0.0,0.0,,
300,6000.0,moving_symmetric,1804.3861516053175,total,les,9,-2297.378517137575,2659.4876583153664,133281.41019689312,0.01995392796629759,0.8638425186724998
300,6000.0,moving_symmetric,1804.3861516053175,total,mask_motion,9,-6112.029902326204,34877.78841253449,236398.77650055784,0.14753793961557238,0.17524132637176165
300,6000.0,moving_symmetric,1804.3861516053175,total,predictor_bcs,9,0.0,0.0,0.0,,
300,6000.0,moving_symmetric,1804.3861516053175,total,projection,9,-1.859103567426862e-11,1.2655359996262638e-10,1.1368807032660785e-08,0.01113165168509395,0.14690246409236005
300,6000.0,moving_symmetric,1804.3861516053175,total,projection_bcs,9,0.0,0.0,0.0,,
300,6000.0,moving_symmetric,1804.3861516053175,total,surface_drag,9,0.0,0.0,0.0,,
300,6000.0,moving_symmetric,1804.3861516053175,total,transport_microphysics_bcs,9,0.0,0.0,0.0,,
300,6000.0,moving_symmetric,1974.3819179157026,les_label,inferred_muscl_label,9,4811.597289321537,4811.597289321537,197388.343569823,0.02437629903723018,1.0
300,6000.0,moving_symmetric,1974.3819179157026,les_label,local_les,9,-5972.121198548841,5972.121198548841,128362.1233792458,0.046525571884661124,1.0
300,6000.0,moving_symmetric,1974.3819179157026,les_label,mask_motion,9,-976.7185886951531,1711.4422828258737,8983.237000120165,0.19051509860009042,0.570699110625238
300,6000.0,moving_symmetric,1974.3819179157026,total,advection,9,-259.5630994069882,25303.338225630625,1783436.773968381,0.014187964830021629,0.010258057537406972
300,6000.0,moving_symmetric,1974.3819179157026,total,buoyancy,9,0.0,0.0,0.0,,
300,6000.0,moving_symmetric,1974.3819179157026,total,coriolis,9,2695.7466051187757,2695.7466051187757,16414.23380945258,0.16423225332432861,1.0
300,6000.0,moving_symmetric,1974.3819179157026,total,external_forcing,9,0.0,0.0,0.0,,
300,6000.0,moving_symmetric,1974.3819179157026,total,guard,9,0.0,0.0,0.0,,
300,6000.0,moving_symmetric,1974.3819179157026,total,initial_bcs,9,0.0,0.0,0.0,,
300,6000.0,moving_symmetric,1974.3819179157026,total,les,9,-5972.121198548841,5972.121198548841,128362.1233792458,0.046525571884661124,1.0
300,6000.0,moving_symmetric,1974.3819179157026,total,mask_motion,9,-14829.082597658742,42529.7331461928,244185.10535017276,0.17417005466080002,0.3486756558449326
300,6000.0,moving_symmetric,1974.3819179157026,total,predictor_bcs,9,0.0,0.0,0.0,,
300,6000.0,moving_symmetric,1974.3819179157026,total,projection,9,3.40864960044744e-11,1.1237370144291032e-10,1.1811658721551558e-08,0.009513795148675707,0.30333161199456893
300,6000.0,moving_symmetric,1974.3819179157026,total,projection_bcs,9,0.0,0.0,0.0,,
300,6000.0,moving_symmetric,1974.3819179157026,total,surface_drag,9,0.0,0.0,0.0,,
300,6000.0,moving_symmetric,1974.3819179157026,total,transport_microphysics_bcs,9,0.0,0.0,0.0,,
600,1200.0,fixed_initial,39.88822936505957,les_label,inferred_muscl_label,9,738.7770810443105,1618.9001747425366,2673.691372940857,0.6054925378174332,0.4563450499113095
600,1200.0,fixed_initial,39.88822936505957,les_label,local_les,9,-66.03620082497812,411.3547028759144,1198.9809756737845,0.34308693067022833,0.16053347722366507
600,1200.0,fixed_initial,39.88822936505957,les_label,mask_motion,9,0.0,0.0,0.0,,
600,1200.0,fixed_initial,39.88822936505957,total,advection,9,-12894.199786599529,14839.348618580265,27733.418722517603,0.5350710190854238,0.8689195272664983
600,1200.0,fixed_initial,39.88822936505957,total,buoyancy,9,0.0,0.0,0.0,,
600,1200.0,fixed_initial,39.88822936505957,total,coriolis,9,-236.49180258437462,749.7189822035663,957.4425173354965,0.7830433353743136,0.3154405960074272
600,1200.0,fixed_initial,39.88822936505957,total,external_forcing,9,0.0,0.0,0.0,,
600,1200.0,fixed_initial,39.88822936505957,total,guard,9,0.0,0.0,0.0,,
600,1200.0,fixed_initial,39.88822936505957,total,initial_bcs,9,0.0,0.0,0.0,,
600,1200.0,fixed_initial,39.88822936505957,total,les,9,-66.03620082497812,411.3547028759144,1198.9809756737845,0.34308693067022833,0.16053347722366507
600,1200.0,fixed_initial,39.88822936505957,total,mask_motion,9,0.0,0.0,0.0,,
600,1200.0,fixed_initial,39.88822936505957,total,predictor_bcs,9,0.0,0.0,0.0,,
600,1200.0,fixed_initial,39.88822936505957,total,projection,9,1.0630839470445602e-11,2.6065880411128145e-11,1.1414544846431382e-10,0.22835672172489055,0.40784501819117697
600,1200.0,fixed_initial,39.88822936505957,total,projection_bcs,9,0.0,0.0,0.0,,
600,1200.0,fixed_initial,39.88822936505957,total,surface_drag,9,-581.4366741075888,1147.1272613925737,1358.1234787494323,0.8446413594505081,0.5068632693828097
600,1200.0,fixed_initial,39.88822936505957,total,transport_microphysics_bcs,9,0.0,0.0,0.0,,
600,1200.0,fixed_initial,121.65909956343168,les_label,inferred_muscl_label,9,-2605.809689180869,3250.5415118501933,6096.825777954197,0.5331530914995113,0.8016540258541889
600,1200.0,fixed_initial,121.65909956343168,les_label,local_les,9,3260.9749065428255,3260.9749065428255,5769.328243349469,0.5652261006819779,1.0
600,1200.0,fixed_initial,121.65909956343168,les_label,mask_motion,9,0.0,0.0,0.0,,
600,1200.0,fixed_initial,121.65909956343168,total,advection,9,-19448.706668399114,19448.706668399114,32210.681850925994,0.6037968012726189,1.0
600,1200.0,fixed_initial,121.65909956343168,total,buoyancy,9,0.0,0.0,0.0,,
600,1200.0,fixed_initial,121.65909956343168,total,coriolis,9,-187.2188320311518,708.5865542399656,910.6230336439313,0.7781337919868988,0.264214485740509
600,1200.0,fixed_initial,121.65909956343168,total,external_forcing,9,0.0,0.0,0.0,,
600,1200.0,fixed_initial,121.65909956343168,total,guard,9,0.0,0.0,0.0,,
600,1200.0,fixed_initial,121.65909956343168,total,initial_bcs,9,0.0,0.0,0.0,,
600,1200.0,fixed_initial,121.65909956343168,total,les,9,3260.9749065428255,3260.9749065428255,5769.328243349469,0.5652261006819779,1.0
600,1200.0,fixed_initial,121.65909956343168,total,mask_motion,9,0.0,0.0,0.0,,
600,1200.0,fixed_initial,121.65909956343168,total,predictor_bcs,9,0.0,0.0,0.0,,
600,1200.0,fixed_initial,121.65909956343168,total,projection,9,-2.075061314183585e-13,2.736565246868987e-11,1.045649467891225e-10,0.26170961980096963,0.007582721868436154
600,1200.0,fixed_initial,121.65909956343168,total,projection_bcs,9,0.0,0.0,0.0,,
600,1200.0,fixed_initial,121.65909956343168,total,surface_drag,9,-237.55834384154485,1114.373270340875,1415.084062223679,0.7874961637188792,0.21317663494286637
600,1200.0,fixed_initial,121.65909956343168,total,transport_microphysics_bcs,9,0.0,0.0,0.0,,
600,1200.0,fixed_initial,207.51851327172238,les_label,inferred_muscl_label,9,-1899.6543982914554,2152.6891085777656,3133.5318822458044,0.6869849069590228,0.8824564544512957
600,1200.0,fixed_initial,207.51851327172238,les_label,local_les,9,1814.0146223505733,1814.0146223505733,2931.4184607900024,0.6188180386438944,1.0
600,1200.0,fixed_initial,207.51851327172238,les_label,mask_motion,9,0.0,0.0,0.0,,
600,1200.0,fixed_initial,207.51851327172238,total,advection,9,-21255.073207784673,23502.903588635952,36599.02328072005,0.6421729729879708,0.9043594604226627
600,1200.0,fixed_initial,207.51851327172238,total,buoyancy,9,0.0,0.0,0.0,,
600,1200.0,fixed_initial,207.51851327172238,total,coriolis,9,-154.77102252084782,666.6757870201632,876.2213657582403,0.7608531508966957,0.23215335780023894
600,1200.0,fixed_initial,207.51851327172238,total,external_forcing,9,0.0,0.0,0.0,,
600,1200.0,fixed_initial,207.51851327172238,total,guard,9,0.0,0.0,0.0,,
600,1200.0,fixed_initial,207.51851327172238,total,initial_bcs,9,0.0,0.0,0.0,,
600,1200.0,fixed_initial,207.51851327172238,total,les,9,1814.0146223505733,1814.0146223505733,2931.4184607900024,0.6188180386438944,1.0
600,1200.0,fixed_initial,207.51851327172238,total,mask_motion,9,0.0,0.0,0.0,,
600,1200.0,fixed_initial,207.51851327172238,total,predictor_bcs,9,0.0,0.0,0.0,,
600,1200.0,fixed_initial,207.51851327172238,total,projection,9,2.578503816713651e-11,2.9444220499275087e-11,1.0844108814037079e-10,0.27152273187411424,0.875724937862469
600,1200.0,fixed_initial,207.51851327172238,total,projection_bcs,9,0.0,0.0,0.0,,
600,1200.0,fixed_initial,207.51851327172238,total,surface_drag,9,0.0,0.0,0.0,,
600,1200.0,fixed_initial,207.51851327172238,total,transport_microphysics_bcs,9,0.0,0.0,0.0,,
600,1200.0,fixed_initial,297.6708976654277,les_label,inferred_muscl_label,9,-1106.284546101178,1663.808872963241,2251.2230106872566,0.739068881698802,0.6649108344583395
600,1200.0,fixed_initial,297.6708976654277,les_label,local_les,9,1148.0005485859392,1363.1596612188064,1722.6684909605463,0.7913070148852142,0.842161473263893
600,1200.0,fixed_initial,297.6708976654277,les_label,mask_motion,9,0.0,0.0,0.0,,
600,1200.0,fixed_initial,297.6708976654277,total,advection,9,-24175.844384532436,25443.70686079471,36838.735895942445,0.6906780659538639,0.9501698992525386
600,1200.0,fixed_initial,297.6708976654277,total,buoyancy,9,0.0,0.0,0.0,,
600,1200.0,fixed_initial,297.6708976654277,total,coriolis,9,-79.28542605456305,629.1769332238232,802.1883986010129,0.784325645099187,0.12601451494465082
600,1200.0,fixed_initial,297.6708976654277,total,external_forcing,9,0.0,0.0,0.0,,
600,1200.0,fixed_initial,297.6708976654277,total,guard,9,0.0,0.0,0.0,,
600,1200.0,fixed_initial,297.6708976654277,total,initial_bcs,9,0.0,0.0,0.0,,
600,1200.0,fixed_initial,297.6708976654277,total,les,9,1148.0005485859392,1363.1596612188064,1722.6684909605463,0.7913070148852142,0.842161473263893
600,1200.0,fixed_initial,297.6708976654277,total,mask_motion,9,0.0,0.0,0.0,,
600,1200.0,fixed_initial,297.6708976654277,total,predictor_bcs,9,0.0,0.0,0.0,,
600,1200.0,fixed_initial,297.6708976654277,total,projection,9,-8.503310817926718e-12,2.1230556832826713e-11,8.71715000293346e-11,0.24354928876619414,0.4005222700885023
600,1200.0,fixed_initial,297.6708976654277,total,projection_bcs,9,0.0,0.0,0.0,,
600,1200.0,fixed_initial,297.6708976654277,total,surface_drag,9,0.0,0.0,0.0,,
600,1200.0,fixed_initial,297.6708976654277,total,transport_microphysics_bcs,9,0.0,0.0,0.0,,
600,1200.0,fixed_initial,392.33090127881815,les_label,inferred_muscl_label,9,-227.67659298444264,1823.0653464262127,2285.0753659090124,0.7978140999743305,0.12488668792413891
600,1200.0,fixed_initial,392.33090127881815,les_label,local_les,9,728.6842871287093,1222.2279139745426,1632.2917851821799,0.7487802885916809,0.5961934585171705
600,1200.0,fixed_initial,392.33090127881815,les_label,mask_motion,9,0.0,0.0,0.0,,
600,1200.0,fixed_initial,392.33090127881815,total,advection,9,-28538.004005332456,28538.004005332456,37287.40582933599,0.7653523588085092,1.0
600,1200.0,fixed_initial,392.33090127881815,total,buoyancy,9,0.0,0.0,0.0,,
600,1200.0,fixed_initial,392.33090127881815,total,coriolis,9,0.4102483087084643,598.22518013865,734.8532190208542,0.8140743820048139,0.0006857757284863561
600,1200.0,fixed_initial,392.33090127881815,total,external_forcing,9,0.0,0.0,0.0,,
600,1200.0,fixed_initial,392.33090127881815,total,guard,9,0.0,0.0,0.0,,
600,1200.0,fixed_initial,392.33090127881815,total,initial_bcs,9,0.0,0.0,0.0,,
600,1200.0,fixed_initial,392.33090127881815,total,les,9,728.6842871287093,1222.2279139745426,1632.2917851821799,0.7487802885916809,0.5961934585171705
600,1200.0,fixed_initial,392.33090127881815,total,mask_motion,9,0.0,0.0,0.0,,
600,1200.0,fixed_initial,392.33090127881815,total,predictor_bcs,9,0.0,0.0,0.0,,
600,1200.0,fixed_initial,392.33090127881815,total,projection,9,-2.3196928996800995e-12,2.184752927885964e-11,7.050489647675035e-11,0.3098725105718589,0.10617644082640995
600,1200.0,fixed_initial,392.33090127881815,total,projection_bcs,9,0.0,0.0,0.0,,
600,1200.0,fixed_initial,392.33090127881815,total,surface_drag,9,0.0,0.0,0.0,,
600,1200.0,fixed_initial,392.33090127881815,total,transport_microphysics_bcs,9,0.0,0.0,0.0,,
600,1200.0,fixed_initial,491.72390507287827,les_label,inferred_muscl_label,9,151.50057638120308,1137.1061595694898,2144.6283829591507,0.530211279774501,0.13323344975860604
600,1200.0,fixed_initial,491.72390507287827,les_label,local_les,9,420.89424859801676,1221.5649385834304,1746.4384450982811,0.6994606320148241,0.3445533146081456
600,1200.0,fixed_initial,491.72390507287827,les_label,mask_motion,9,0.0,0.0,0.0,,
600,1200.0,fixed_initial,491.72390507287827,total,advection,9,-33896.55386907573,33896.55386907573,39854.63059006373,0.8505047811816019,1.0
600,1200.0,fixed_initial,491.72390507287827,total,buoyancy,9,0.0,0.0,0.0,,
600,1200.0,fixed_initial,491.72390507287827,total,coriolis,9,72.84301071537202,576.0228052264521,692.8961646494135,0.831326300554577,0.126458553471221
600,1200.0,fixed_initial,491.72390507287827,total,external_forcing,9,0.0,0.0,0.0,,
600,1200.0,fixed_initial,491.72390507287827,total,guard,9,0.0,0.0,0.0,,
600,1200.0,fixed_initial,491.72390507287827,total,initial_bcs,9,0.0,0.0,0.0,,
600,1200.0,fixed_initial,491.72390507287827,total,les,9,420.89424859801676,1221.5649385834304,1746.4384450982811,0.6994606320148241,0.3445533146081456
600,1200.0,fixed_initial,491.72390507287827,total,mask_motion,9,0.0,0.0,0.0,,
600,1200.0,fixed_initial,491.72390507287827,total,predictor_bcs,9,0.0,0.0,0.0,,
600,1200.0,fixed_initial,491.72390507287827,total,projection,9,-7.933926800452904e-12,1.3342045821423216e-11,6.144093031587128e-11,0.21715240561676083,0.5946559400743072
600,1200.0,fixed_initial,491.72390507287827,total,projection_bcs,9,0.0,0.0,0.0,,
600,1200.0,fixed_initial,491.72390507287827,total,surface_drag,9,0.0,0.0,0.0,,
600,1200.0,fixed_initial,491.72390507287827,total,transport_microphysics_bcs,9,0.0,0.0,0.0,,
600,1200.0,fixed_initial,596.0865590566414,les_label,inferred_muscl_label,9,79.63349350580992,1141.7576432875221,2149.5931192922835,0.5311505852155993,0.06974640719418972
600,1200.0,fixed_initial,596.0865590566414,les_label,local_les,9,516.9830185619637,973.9137594444348,1385.8349836401499,0.7027631506936501,0.5308303877510413
600,1200.0,fixed_initial,596.0865590566414,les_label,mask_motion,9,0.0,0.0,0.0,,
600,1200.0,fixed_initial,596.0865590566414,total,advection,9,-40562.244653927184,40562.244653927184,45506.894708772204,0.8913428374647621,1.0
600,1200.0,fixed_initial,596.0865590566414,total,buoyancy,9,0.0,0.0,0.0,,
600,1200.0,fixed_initial,596.0865590566414,total,coriolis,9,131.53437986999137,573.7130718786,675.0752669100679,0.8498505277857097,0.22926857747774063
600,1200.0,fixed_initial,596.0865590566414,total,external_forcing,9,0.0,0.0,0.0,,
600,1200.0,fixed_initial,596.0865590566414,total,guard,9,0.0,0.0,0.0,,
600,1200.0,fixed_initial,596.0865590566414,total,initial_bcs,9,0.0,0.0,0.0,,
600,1200.0,fixed_initial,596.0865590566414,total,les,9,516.9830185619637,973.9137594444348,1385.8349836401499,0.7027631506936501,0.5308303877510413
600,1200.0,fixed_initial,596.0865590566414,total,mask_motion,9,0.0,0.0,0.0,,
600,1200.0,fixed_initial,596.0865590566414,total,predictor_bcs,9,0.0,0.0,0.0,,
600,1200.0,fixed_initial,596.0865590566414,total,projection,9,6.330842832391256e-12,1.7112318642176563e-11,6.228400973684427e-11,0.2747465796514659,0.36995821342338087
600,1200.0,fixed_initial,596.0865590566414,total,projection_bcs,9,0.0,0.0,0.0,,
600,1200.0,fixed_initial,596.0865590566414,total,surface_drag,9,0.0,0.0,0.0,,
600,1200.0,fixed_initial,596.0865590566414,total,transport_microphysics_bcs,9,0.0,0.0,0.0,,
600,1200.0,fixed_initial,705.6673457395926,les_label,inferred_muscl_label,9,381.88980809564663,832.1099393540491,1991.1071854570655,0.4179131818878125,0.4589415292792925
600,1200.0,fixed_initial,705.6673457395926,les_label,local_les,9,455.6252532556925,1150.0099127835583,1690.1647149549926,0.6804129222483395,0.39619245729183994
600,1200.0,fixed_initial,705.6673457395926,les_label,mask_motion,9,0.0,0.0,0.0,,
600,1200.0,fixed_initial,705.6673457395926,total,advection,9,-46356.35242394281,46356.35242394281,51442.95450595621,0.9011215018487233,1.0
600,1200.0,fixed_initial,705.6673457395926,total,buoyancy,9,0.0,0.0,0.0,,
600,1200.0,fixed_initial,705.6673457395926,total,coriolis,9,179.60612454361572,578.8024023395037,680.7851605617917,0.8501983237441153,0.3103064600589987
600,1200.0,fixed_initial,705.6673457395926,total,external_forcing,9,0.0,0.0,0.0,,
600,1200.0,fixed_initial,705.6673457395926,total,guard,9,0.0,0.0,0.0,,
600,1200.0,fixed_initial,705.6673457395926,total,initial_bcs,9,0.0,0.0,0.0,,
600,1200.0,fixed_initial,705.6673457395926,total,les,9,455.6252532556925,1150.0099127835583,1690.1647149549926,0.6804129222483395,0.39619245729183994
600,1200.0,fixed_initial,705.6673457395926,total,mask_motion,9,0.0,0.0,0.0,,
600,1200.0,fixed_initial,705.6673457395926,total,predictor_bcs,9,0.0,0.0,0.0,,
600,1200.0,fixed_initial,705.6673457395926,total,projection,9,-7.551942469812e-12,1.0684202546122623e-11,5.1681681395403245e-11,0.20673093942862536,0.7068325817683657
600,1200.0,fixed_initial,705.6673457395926,total,projection_bcs,9,0.0,0.0,0.0,,
600,1200.0,fixed_initial,705.6673457395926,total,surface_drag,9,0.0,0.0,0.0,,
600,1200.0,fixed_initial,705.6673457395926,total,transport_microphysics_bcs,9,0.0,0.0,0.0,,
600,1200.0,fixed_initial,820.7271717566915,les_label,inferred_muscl_label,9,482.4754163612368,1289.8190384160857,2310.046966116272,0.5583518678776357,0.37406442453642397
600,1200.0,fixed_initial,820.7271717566915,les_label,local_les,9,809.0889119395143,987.0718594309535,1901.5246913924311,0.519094947280516,0.8196859268239637
600,1200.0,fixed_initial,820.7271717566915,les_label,mask_motion,9,0.0,0.0,0.0,,
600,1200.0,fixed_initial,820.7271717566915,total,advection,9,-51183.944762801206,51183.944762801206,58119.89578739705,0.8806613306746524,1.0
600,1200.0,fixed_initial,820.7271717566915,total,buoyancy,9,0.0,0.0,0.0,,
600,1200.0,fixed_initial,820.7271717566915,total,coriolis,9,228.84477819386117,577.6941905680013,695.1583422726671,0.8310253296815189,0.39613480961069747
600,1200.0,fixed_initial,820.7271717566915,total,external_forcing,9,0.0,0.0,0.0,,
600,1200.0,fixed_initial,820.7271717566915,total,guard,9,0.0,0.0,0.0,,
600,1200.0,fixed_initial,820.7271717566915,total,initial_bcs,9,0.0,0.0,0.0,,
600,1200.0,fixed_initial,820.7271717566915,total,les,9,809.0889119395143,987.0718594309535,1901.5246913924311,0.519094947280516,0.8196859268239637
600,1200.0,fixed_initial,820.7271717566915,total,mask_motion,9,0.0,0.0,0.0,,
600,1200.0,fixed_initial,820.7271717566915,total,predictor_bcs,9,0.0,0.0,0.0,,
600,1200.0,fixed_initial,820.7271717566915,total,projection,9,7.807056088030787e-12,2.188271079232385e-11,5.916611957448381e-11,0.3698520529942116,0.35676823416088804
600,1200.0,fixed_initial,820.7271717566915,total,projection_bcs,9,0.0,0.0,0.0,,
600,1200.0,fixed_initial,820.7271717566915,total,surface_drag,9,0.0,0.0,0.0,,
600,1200.0,fixed_initial,820.7271717566915,total,transport_microphysics_bcs,9,0.0,0.0,0.0,,
600,1200.0,fixed_initial,941.5399890746453,les_label,inferred_muscl_label,9,-45.44061542582259,924.3485738331716,2680.2703497606967,0.3448713947515408,0.04915961003475709
600,1200.0,fixed_initial,941.5399890746453,les_label,local_les,9,1252.5256168617827,1252.5256168617827,2109.8960540275825,0.5936432813696368,1.0
600,1200.0,fixed_initial,941.5399890746453,les_label,mask_motion,9,0.0,0.0,0.0,,
600,1200.0,fixed_initial,941.5399890746453,total,advection,9,-55568.82386245598,55568.82386245598,66054.15094399522,0.8412616477285532,1.0
600,1200.0,fixed_initial,941.5399890746453,total,buoyancy,9,0.0,0.0,0.0,,
600,1200.0,fixed_initial,941.5399890746453,total,coriolis,9,282.69416790247203,562.6627961171366,688.3094405333163,0.8174561657634304,0.5024220009805305
600,1200.0,fixed_initial,941.5399890746453,total,external_forcing,9,0.0,0.0,0.0,,
600,1200.0,fixed_initial,941.5399890746453,total,guard,9,0.0,0.0,0.0,,
600,1200.0,fixed_initial,941.5399890746453,total,initial_bcs,9,0.0,0.0,0.0,,
600,1200.0,fixed_initial,941.5399890746453,total,les,9,1252.5256168617827,1252.5256168617827,2109.8960540275825,0.5936432813696368,1.0
600,1200.0,fixed_initial,941.5399890746453,total,mask_motion,9,0.0,0.0,0.0,,
600,1200.0,fixed_initial,941.5399890746453,total,predictor_bcs,9,0.0,0.0,0.0,,
600,1200.0,fixed_initial,941.5399890746453,total,projection,9,1.1336909194617842e-11,2.3894918026656428e-11,6.338237430020786e-11,0.37699625945659887,0.47444854935140346
600,1200.0,fixed_initial,941.5399890746453,total,projection_bcs,9,0.0,0.0,0.0,,
600,1200.0,fixed_initial,941.5399890746453,total,surface_drag,9,0.0,0.0,0.0,,
600,1200.0,fixed_initial,941.5399890746453,total,transport_microphysics_bcs,9,0.0,0.0,0.0,,
600,1200.0,fixed_initial,1068.3934472584967,les_label,inferred_muscl_label,9,273.13603731557765,1401.4265147188753,2678.111416782624,0.5232891006463402,0.1948985797306457
600,1200.0,fixed_initial,1068.3934472584967,les_label,local_les,9,696.1794523406518,701.7368426043304,1452.937847570972,0.4829778808346807,0.9920805208929124
600,1200.0,fixed_initial,1068.3934472584967,les_label,mask_motion,9,0.0,0.0,0.0,,
600,1200.0,fixed_initial,1068.3934472584967,total,advection,9,-58452.7437663208,58452.7437663208,74532.45508238995,0.7842589339329523,1.0
600,1200.0,fixed_initial,1068.3934472584967,total,buoyancy,9,0.0,0.0,0.0,,
600,1200.0,fixed_initial,1068.3934472584967,total,coriolis,9,351.76981189633807,515.0119080777118,657.2227665753131,0.7836184841273223,0.6830323850361502
600,1200.0,fixed_initial,1068.3934472584967,total,external_forcing,9,0.0,0.0,0.0,,
600,1200.0,fixed_initial,1068.3934472584967,total,guard,9,0.0,0.0,0.0,,
600,1200.0,fixed_initial,1068.3934472584967,total,initial_bcs,9,0.0,0.0,0.0,,
600,1200.0,fixed_initial,1068.3934472584967,total,les,9,696.1794523406518,701.7368426043304,1452.937847570972,0.4829778808346807,0.9920805208929124
600,1200.0,fixed_initial,1068.3934472584967,total,mask_motion,9,0.0,0.0,0.0,,
600,1200.0,fixed_initial,1068.3934472584967,total,predictor_bcs,9,0.0,0.0,0.0,,
600,1200.0,fixed_initial,1068.3934472584967,total,projection,9,6.4270488345404e-12,2.208042098770721e-11,5.881983132982258e-11,0.37539075662925425,0.29107456049495245
600,1200.0,fixed_initial,1068.3934472584967,total,projection_bcs,9,0.0,0.0,0.0,,
600,1200.0,fixed_initial,1068.3934472584967,total,surface_drag,9,0.0,0.0,0.0,,
600,1200.0,fixed_initial,1068.3934472584967,total,transport_microphysics_bcs,9,0.0,0.0,0.0,,
600,1200.0,fixed_initial,1201.5895783515407,les_label,inferred_muscl_label,9,545.7594369013835,1353.1318764621751,2673.7880781402287,0.5060729709750801,0.40333055956696284
600,1200.0,fixed_initial,1201.5895783515407,les_label,local_les,9,233.46191631540222,428.2989368587025,844.2185030634154,0.507331852245046,0.5450910479201638
600,1200.0,fixed_initial,1201.5895783515407,les_label,mask_motion,9,0.0,0.0,0.0,,
600,1200.0,fixed_initial,1201.5895783515407,total,advection,9,-60489.72660156625,60489.72660156625,81512.3796905843,0.7420925119740256,1.0
600,1200.0,fixed_initial,1201.5895783515407,total,buoyancy,9,0.0,0.0,0.0,,
600,1200.0,fixed_initial,1201.5895783515407,total,coriolis,9,432.61510061531516,488.8518913823589,611.5727054811408,0.7993356914085397,0.8849614949672809
600,1200.0,fixed_initial,1201.5895783515407,total,external_forcing,9,0.0,0.0,0.0,,
600,1200.0,fixed_initial,1201.5895783515407,total,guard,9,0.0,0.0,0.0,,
600,1200.0,fixed_initial,1201.5895783515407,total,initial_bcs,9,0.0,0.0,0.0,,
600,1200.0,fixed_initial,1201.5895783515407,total,les,9,233.46191631540222,428.2989368587025,844.2185030634154,0.507331852245046,0.5450910479201638
600,1200.0,fixed_initial,1201.5895783515407,total,mask_motion,9,0.0,0.0,0.0,,
600,1200.0,fixed_initial,1201.5895783515407,total,predictor_bcs,9,0.0,0.0,0.0,,
600,1200.0,fixed_initial,1201.5895783515407,total,projection,9,-4.296032523861196e-12,1.6084088406845623e-11,6.19415712569283e-11,0.25966548927424216,0.26709829088185943
600,1200.0,fixed_initial,1201.5895783515407,total,projection_bcs,9,0.0,0.0,0.0,,
600,1200.0,fixed_initial,1201.5895783515407,total,surface_drag,9,0.0,0.0,0.0,,
600,1200.0,fixed_initial,1201.5895783515407,total,transport_microphysics_bcs,9,0.0,0.0,0.0,,
600,1200.0,fixed_initial,1341.445515999237,les_label,inferred_muscl_label,9,892.8167119440761,1236.3908377639987,2394.19377197905,0.5164121852768806,0.7221152767184258
600,1200.0,fixed_initial,1341.445515999237,les_label,local_les,9,112.84553963397275,120.3883122335799,460.0145432826053,0.26170544821149394,0.9373463049720931
600,1200.0,fixed_initial,1341.445515999237,les_label,mask_motion,9,0.0,0.0,0.0,,
600,1200.0,fixed_initial,1341.445515999237,total,advection,9,-61948.72988774966,61948.72988774966,87431.09746434944,0.7085434323069046,1.0
600,1200.0,fixed_initial,1341.445515999237,total,buoyancy,9,0.0,0.0,0.0,,
600,1200.0,fixed_initial,1341.445515999237,total,coriolis,9,514.7414820695595,514.7414820695595,565.8405897522023,0.9096934567648806,1.0
600,1200.0,fixed_initial,1341.445515999237,total,external_forcing,9,0.0,0.0,0.0,,
600,1200.0,fixed_initial,1341.445515999237,total,guard,9,0.0,0.0,0.0,,
600,1200.0,fixed_initial,1341.445515999237,total,initial_bcs,9,0.0,0.0,0.0,,
600,1200.0,fixed_initial,1341.445515999237,total,les,9,112.84553963397275,120.3883122335799,460.0145432826053,0.26170544821149394,0.9373463049720931
600,1200.0,fixed_initial,1341.445515999237,total,mask_motion,9,0.0,0.0,0.0,,
600,1200.0,fixed_initial,1341.445515999237,total,predictor_bcs,9,0.0,0.0,0.0,,
600,1200.0,fixed_initial,1341.445515999237,total,projection,9,-4.9014747338996245e-12,3.486407939689434e-11,6.990075022712122e-11,0.4987654536412574,0.1405881015271048
600,1200.0,fixed_initial,1341.445515999237,total,projection_bcs,9,0.0,0.0,0.0,,
600,1200.0,fixed_initial,1341.445515999237,total,surface_drag,9,0.0,0.0,0.0,,
600,1200.0,fixed_initial,1341.445515999237,total,transport_microphysics_bcs,9,0.0,0.0,0.0,,
600,1200.0,fixed_initial,1488.294250529318,les_label,inferred_muscl_label,9,1115.1488974287324,1240.9742260262165,2119.86938909369,0.585401266894453,0.8986076213682572
600,1200.0,fixed_initial,1488.294250529318,les_label,local_les,9,68.72866557093776,73.27703881151625,316.53264577996794,0.23149915115691885,0.937929079636012
600,1200.0,fixed_initial,1488.294250529318,les_label,mask_motion,9,0.0,0.0,0.0,,
600,1200.0,fixed_initial,1488.294250529318,total,advection,9,-62521.411953981005,62521.411953981005,91526.21490010114,0.683098410900328,1.0
600,1200.0,fixed_initial,1488.294250529318,total,buoyancy,9,0.0,0.0,0.0,,
600,1200.0,fixed_initial,1488.294250529318,total,coriolis,9,587.1683593762317,587.1683593762317,587.2489814125755,0.9998627123436641,1.0
600,1200.0,fixed_initial,1488.294250529318,total,external_forcing,9,0.0,0.0,0.0,,
600,1200.0,fixed_initial,1488.294250529318,total,guard,9,0.0,0.0,0.0,,
600,1200.0,fixed_initial,1488.294250529318,total,initial_bcs,9,0.0,0.0,0.0,,
600,1200.0,fixed_initial,1488.294250529318,total,les,9,68.72866557093776,73.27703881151625,316.53264577996794,0.23149915115691885,0.937929079636012
600,1200.0,fixed_initial,1488.294250529318,total,mask_motion,9,0.0,0.0,0.0,,
600,1200.0,fixed_initial,1488.294250529318,total,predictor_bcs,9,0.0,0.0,0.0,,
600,1200.0,fixed_initial,1488.294250529318,total,projection,9,-1.0827196530695726e-11,2.109063122510504e-11,6.731826323797311e-11,0.31329731651793663,0.5133652196150332
600,1200.0,fixed_initial,1488.294250529318,total,projection_bcs,9,0.0,0.0,0.0,,
600,1200.0,fixed_initial,1488.294250529318,total,surface_drag,9,0.0,0.0,0.0,,
600,1200.0,fixed_initial,1488.294250529318,total,transport_microphysics_bcs,9,0.0,0.0,0.0,,
600,1200.0,fixed_initial,1642.4854217859033,les_label,inferred_muscl_label,9,1276.5560859389202,1284.936590465861,2101.373848214574,0.6114745320341753,0.9934778847539065
600,1200.0,fixed_initial,1642.4854217859033,les_label,local_les,9,35.44912119883537,40.294935706568985,179.6715152962594,0.22427002766758483,0.879741351543002
600,1200.0,fixed_initial,1642.4854217859033,les_label,mask_motion,9,0.0,0.0,0.0,,
600,1200.0,fixed_initial,1642.4854217859033,total,advection,9,-61591.585759541405,61591.585759541405,94497.13419578403,0.6517825782095442,1.0
600,1200.0,fixed_initial,1642.4854217859033,total,buoyancy,9,0.0,0.0,0.0,,
600,1200.0,fixed_initial,1642.4854217859033,total,coriolis,9,644.8045687040175,644.8045687040175,644.8045687040175,1.0,1.0
600,1200.0,fixed_initial,1642.4854217859033,total,external_forcing,9,0.0,0.0,0.0,,
600,1200.0,fixed_initial,1642.4854217859033,total,guard,9,0.0,0.0,0.0,,
600,1200.0,fixed_initial,1642.4854217859033,total,initial_bcs,9,0.0,0.0,0.0,,
600,1200.0,fixed_initial,1642.4854217859033,total,les,9,35.44912119883537,40.294935706568985,179.6715152962594,0.22427002766758483,0.879741351543002
600,1200.0,fixed_initial,1642.4854217859033,total,mask_motion,9,0.0,0.0,0.0,,
600,1200.0,fixed_initial,1642.4854217859033,total,predictor_bcs,9,0.0,0.0,0.0,,
600,1200.0,fixed_initial,1642.4854217859033,total,projection,9,6.110834494671424e-13,2.216122793087527e-11,8.302074847900409e-11,0.2669360170425329,0.027574439980186032
600,1200.0,fixed_initial,1642.4854217859033,total,projection_bcs,9,0.0,0.0,0.0,,
600,1200.0,fixed_initial,1642.4854217859033,total,surface_drag,9,0.0,0.0,0.0,,
600,1200.0,fixed_initial,1642.4854217859033,total,transport_microphysics_bcs,9,0.0,0.0,0.0,,
600,1200.0,fixed_initial,1804.3861516053175,les_label,inferred_muscl_label,9,1301.8338010159944,1303.4864746906744,2149.729367423783,0.6063491034933207,0.9987321129089028
600,1200.0,fixed_initial,1804.3861516053175,les_label,local_les,9,56.0643908606047,59.336708197003325,132.91376326153812,0.44643012688042566,0.94485172103693
600,1200.0,fixed_initial,1804.3861516053175,les_label,mask_motion,9,0.0,0.0,0.0,,
600,1200.0,fixed_initial,1804.3861516053175,total,advection,9,-59166.275391489304,59166.275391489304,95426.86084987485,0.6200169937955881,1.0
600,1200.0,fixed_initial,1804.3861516053175,total,buoyancy,9,0.0,0.0,0.0,,
600,1200.0,fixed_initial,1804.3861516053175,total,coriolis,9,684.2320683952237,684.2320683952237,684.2320683952237,1.0,1.0
600,1200.0,fixed_initial,1804.3861516053175,total,external_forcing,9,0.0,0.0,0.0,,
600,1200.0,fixed_initial,1804.3861516053175,total,guard,9,0.0,0.0,0.0,,
600,1200.0,fixed_initial,1804.3861516053175,total,initial_bcs,9,0.0,0.0,0.0,,
600,1200.0,fixed_initial,1804.3861516053175,total,les,9,56.0643908606047,59.336708197003325,132.91376326153812,0.44643012688042566,0.94485172103693
600,1200.0,fixed_initial,1804.3861516053175,total,mask_motion,9,0.0,0.0,0.0,,
600,1200.0,fixed_initial,1804.3861516053175,total,predictor_bcs,9,0.0,0.0,0.0,,
600,1200.0,fixed_initial,1804.3861516053175,total,projection,9,-1.629342412943005e-11,3.281341263159168e-11,9.466335186428601e-11,0.34663269349087267,0.49654768653179565
600,1200.0,fixed_initial,1804.3861516053175,total,projection_bcs,9,0.0,0.0,0.0,,
600,1200.0,fixed_initial,1804.3861516053175,total,surface_drag,9,0.0,0.0,0.0,,
600,1200.0,fixed_initial,1804.3861516053175,total,transport_microphysics_bcs,9,0.0,0.0,0.0,,
600,1200.0,fixed_initial,1974.3819179157026,les_label,inferred_muscl_label,9,1231.887631013334,1239.283287366681,2266.6771436608947,0.5467400996355056,0.994032311716991
600,1200.0,fixed_initial,1974.3819179157026,les_label,local_les,9,70.88848989958241,72.75354534684891,191.2320442375541,0.38044641334520435,0.974364748296802
600,1200.0,fixed_initial,1974.3819179157026,les_label,mask_motion,9,0.0,0.0,0.0,,
600,1200.0,fixed_initial,1974.3819179157026,total,advection,9,-54975.12328666834,56856.70247974121,95107.24372349892,0.5978167409102737,0.9669066422952809
600,1200.0,fixed_initial,1974.3819179157026,total,buoyancy,9,0.0,0.0,0.0,,
600,1200.0,fixed_initial,1974.3819179157026,total,coriolis,9,702.2085915358747,702.2085915358747,702.2085915358747,1.0,1.0
600,1200.0,fixed_initial,1974.3819179157026,total,external_forcing,9,0.0,0.0,0.0,,
600,1200.0,fixed_initial,1974.3819179157026,total,guard,9,0.0,0.0,0.0,,
600,1200.0,fixed_initial,1974.3819179157026,total,initial_bcs,9,0.0,0.0,0.0,,
600,1200.0,fixed_initial,1974.3819179157026,total,les,9,70.88848989958241,72.75354534684891,191.2320442375541,0.38044641334520435,0.974364748296802
600,1200.0,fixed_initial,1974.3819179157026,total,mask_motion,9,0.0,0.0,0.0,,
600,1200.0,fixed_initial,1974.3819179157026,total,predictor_bcs,9,0.0,0.0,0.0,,
600,1200.0,fixed_initial,1974.3819179157026,total,projection,9,-2.4469867050593702e-11,3.378980445055066e-11,1.035801693439857e-10,0.32621885699313774,0.7241790074992555
600,1200.0,fixed_initial,1974.3819179157026,total,projection_bcs,9,0.0,0.0,0.0,,
600,1200.0,fixed_initial,1974.3819179157026,total,surface_drag,9,0.0,0.0,0.0,,
600,1200.0,fixed_initial,1974.3819179157026,total,transport_microphysics_bcs,9,0.0,0.0,0.0,,
600,1200.0,moving_end,39.88822936505957,les_label,inferred_muscl_label,9,335.1006939867004,342.63251333480486,1748.479127624851,0.19596031083324386,0.9780177914967902
600,1200.0,moving_end,39.88822936505957,les_label,local_les,9,-932.1159554051109,932.1159554051109,1681.8392773622174,0.5542241568213544,1.0
600,1200.0,moving_end,39.88822936505957,les_label,mask_motion,9,282.52502757171555,282.52502757171555,552.9427820116678,0.5109480343406562,1.0
600,1200.0,moving_end,39.88822936505957,total,advection,9,8974.829833451413,8974.829833451413,41064.71329333326,0.21855332994394608,1.0
600,1200.0,moving_end,39.88822936505957,total,buoyancy,9,0.0,0.0,0.0,,
600,1200.0,moving_end,39.88822936505957,total,coriolis,9,1323.3885733613288,1323.3885733613288,1323.9776453845625,0.999555074041252,1.0
600,1200.0,moving_end,39.88822936505957,total,external_forcing,9,0.0,0.0,0.0,,
600,1200.0,moving_end,39.88822936505957,total,guard,9,0.0,0.0,0.0,,
600,1200.0,moving_end,39.88822936505957,total,initial_bcs,9,0.0,0.0,0.0,,
600,1200.0,moving_end,39.88822936505957,total,les,9,-932.1159554051109,932.1159554051109,1681.8392773622174,0.5542241568213544,1.0
600,1200.0,moving_end,39.88822936505957,total,mask_motion,9,-11643.415552994386,11928.032910658065,17315.689780328703,0.6888569304474821,0.9761387850121235
600,1200.0,moving_end,39.88822936505957,total,predictor_bcs,9,0.0,0.0,0.0,,
600,1200.0,moving_end,39.88822936505957,total,projection,9,-3.535989860289912e-12,1.9331460260688105e-11,7.551942469812001e-11,0.2559799725430025,0.18291374850148273
600,1200.0,moving_end,39.88822936505957,total,projection_bcs,9,0.0,0.0,0.0,,
600,1200.0,moving_end,39.88822936505957,total,surface_drag,9,-1496.8427303274393,1496.8427303274393,1532.6837871147504,0.9766154916698236,1.0
600,1200.0,moving_end,39.88822936505957,total,transport_microphysics_bcs,9,0.0,0.0,0.0,,
600,1200.0,moving_end,121.65909956343168,les_label,inferred_muscl_label,9,-1826.3653735299413,1826.3653735299413,2604.504931857494,0.7012332175648464,1.0
600,1200.0,moving_end,121.65909956343168,les_label,local_les,9,1935.539697920956,1935.539697920956,2588.5823737829573,0.7477218872862663,1.0
600,1200.0,moving_end,121.65909956343168,les_label,mask_motion,9,-39.47380954265414,306.00732014478854,1441.4358569960625,0.21229340081944725,0.12899629173569102
600,1200.0,moving_end,121.65909956343168,total,advection,9,2474.1244503552994,3180.4195384968125,38107.052796520205,0.08346012890262762,0.7779239249437717
600,1200.0,moving_end,121.65909956343168,total,buoyancy,9,0.0,0.0,0.0,,
600,1200.0,moving_end,121.65909956343168,total,coriolis,9,1343.900489231551,1343.900489231551,1344.4907179013107,0.9995610020493998,1.0
600,1200.0,moving_end,121.65909956343168,total,external_forcing,9,0.0,0.0,0.0,,
600,1200.0,moving_end,121.65909956343168,total,guard,9,0.0,0.0,0.0,,
600,1200.0,moving_end,121.65909956343168,total,initial_bcs,9,0.0,0.0,0.0,,
600,1200.0,moving_end,121.65909956343168,total,les,9,1935.539697920956,1935.539697920956,2588.5823737829573,0.7477218872862663,1.0
600,1200.0,moving_end,121.65909956343168,total,mask_motion,9,-8099.353847180121,9906.74727546585,20500.992007395795,0.48323258074009107,0.817559348388572
600,1200.0,moving_end,121.65909956343168,total,predictor_bcs,9,0.0,0.0,0.0,,
600,1200.0,moving_end,121.65909956343168,total,projection,9,1.492031595929505e-11,3.062064761905764e-11,8.2305378333071e-11,0.37203701919870774,0.4872632396582286
600,1200.0,moving_end,121.65909956343168,total,projection_bcs,9,0.0,0.0,0.0,,
600,1200.0,moving_end,121.65909956343168,total,surface_drag,9,-1374.8214640827648,1374.8214640827648,1374.8214640827648,1.0,1.0
600,1200.0,moving_end,121.65909956343168,total,transport_microphysics_bcs,9,0.0,0.0,0.0,,
600,1200.0,moving_end,207.51851327172238,les_label,inferred_muscl_label,9,316.39122222830315,786.2473161472055,1406.1897817775675,0.5591331457076217,0.402406743693185
600,1200.0,moving_end,207.51851327172238,les_label,local_les,9,632.4741348161468,632.4741348161468,1670.552384377906,0.37860179706467134,1.0
600,1200.0,moving_end,207.51851327172238,les_label,mask_motion,9,-600.3772189289937,1028.143769739167,1733.0559030161044,0.5932548211225319,0.5839428653847751
600,1200.0,moving_end,207.51851327172238,total,advection,9,-544.8759840317166,2460.287044799789,36600.516368810146,0.06722000913889759,0.2214684604316392
600,1200.0,moving_end,207.51851327172238,total,buoyancy,9,0.0,0.0,0.0,,
600,1200.0,moving_end,207.51851327172238,total,coriolis,9,1358.498551351342,1358.498551351342,1359.423007415999,0.9993199643822314,1.0
600,1200.0,moving_end,207.51851327172238,total,external_forcing,9,0.0,0.0,0.0,,
600,1200.0,moving_end,207.51851327172238,total,guard,9,0.0,0.0,0.0,,
600,1200.0,moving_end,207.51851327172238,total,initial_bcs,9,0.0,0.0,0.0,,
600,1200.0,moving_end,207.51851327172238,total,les,9,632.4741348161468,632.4741348161468,1670.552384377906,0.37860179706467134,1.0
600,1200.0,moving_end,207.51851327172238,total,mask_motion,9,-4721.643064108243,8817.122454286635,25271.817190884565,0.34889150976713035,0.5355083916082751
600,1200.0,moving_end,207.51851327172238,total,predictor_bcs,9,0.0,0.0,0.0,,
600,1200.0,moving_end,207.51851327172238,total,projection,9,2.6597376644871273e-11,2.8729460217064018e-11,6.222317583057246e-11,0.4617163915787823,0.9257875520081514
600,1200.0,moving_end,207.51851327172238,total,projection_bcs,9,0.0,0.0,0.0,,
600,1200.0,moving_end,207.51851327172238,total,surface_drag,9,0.0,0.0,0.0,,
600,1200.0,moving_end,207.51851327172238,total,transport_microphysics_bcs,9,0.0,0.0,0.0,,
600,1200.0,moving_end,297.6708976654277,les_label,inferred_muscl_label,9,1498.3330110883428,1699.6357032615947,2437.850388866854,0.6971862223471428,0.8815612711671373
600,1200.0,moving_end,297.6708976654277,les_label,local_les,9,114.26040779323034,270.95925756120397,1687.0710586048892,0.1606092737938802,0.42168851812498537
600,1200.0,moving_end,297.6708976654277,les_label,mask_motion,9,-1069.3371185907265,1638.9594606715932,2075.360051885279,0.7897229491252591,0.6524487909862922
600,1200.0,moving_end,297.6708976654277,total,advection,9,-3546.088260663459,3546.088260663459,34171.80604623203,0.10377233956747423,1.0
600,1200.0,moving_end,297.6708976654277,total,buoyancy,9,0.0,0.0,0.0,,
600,1200.0,moving_end,297.6708976654277,total,coriolis,9,1366.5181651109742,1366.5181651109742,1366.893882458399,0.9997251305662813,1.0
600,1200.0,moving_end,297.6708976654277,total,external_forcing,9,0.0,0.0,0.0,,
600,1200.0,moving_end,297.6708976654277,total,guard,9,0.0,0.0,0.0,,
600,1200.0,moving_end,297.6708976654277,total,initial_bcs,9,0.0,0.0,0.0,,
600,1200.0,moving_end,297.6708976654277,total,les,9,114.26040779323034,270.95925756120397,1687.0710586048892,0.1606092737938802,0.42168851812498537
600,1200.0,moving_end,297.6708976654277,total,mask_motion,9,-665.6008882226429,7097.890030069368,30146.64679839185,0.23544542374935046,0.09377447176596197
600,1200.0,moving_end,297.6708976654277,total,predictor_bcs,9,0.0,0.0,0.0,,
600,1200.0,moving_end,297.6708976654277,total,projection,9,8.933283800194314e-12,2.108176914289439e-11,7.44472842748034e-11,0.28317714135919786,0.4237445035871326
600,1200.0,moving_end,297.6708976654277,total,projection_bcs,9,0.0,0.0,0.0,,
600,1200.0,moving_end,297.6708976654277,total,surface_drag,9,0.0,0.0,0.0,,
600,1200.0,moving_end,297.6708976654277,total,transport_microphysics_bcs,9,0.0,0.0,0.0,,
600,1200.0,moving_end,392.33090127881815,les_label,inferred_muscl_label,9,2205.029339133227,2303.415816118506,3157.239402916476,0.7295664098169885,0.9572867059882092
600,1200.0,moving_end,392.33090127881815,les_label,local_les,9,-379.35958476657424,519.3024908641293,1930.4703246872773,0.26900309433570424,0.7305175527568001
600,1200.0,moving_end,392.33090127881815,les_label,mask_motion,9,-1333.7595688703698,1925.3191903169613,2606.2197231405144,0.7387401657742568,0.6927472470945432
600,1200.0,moving_end,392.33090127881815,total,advection,9,-5584.562232758823,5584.562232758823,30670.642237769665,0.18208168545886066,1.0
600,1200.0,moving_end,392.33090127881815,total,buoyancy,9,0.0,0.0,0.0,,
600,1200.0,moving_end,392.33090127881815,total,coriolis,9,1372.2308859911498,1372.2308859911498,1372.2308859911498,1.0,1.0
600,1200.0,moving_end,392.33090127881815,total,external_forcing,9,0.0,0.0,0.0,,
600,1200.0,moving_end,392.33090127881815,total,guard,9,0.0,0.0,0.0,,
600,1200.0,moving_end,392.33090127881815,total,initial_bcs,9,0.0,0.0,0.0,,
600,1200.0,moving_end,392.33090127881815,total,les,9,-379.35958476657424,519.3024908641293,1930.4703246872773,0.26900309433570424,0.7305175527568001
600,1200.0,moving_end,392.33090127881815,total,mask_motion,9,2580.2274965551874,7945.633249355883,35595.06595965745,0.22322288314794145,0.3247352873686128
600,1200.0,moving_end,392.33090127881815,total,predictor_bcs,9,0.0,0.0,0.0,,
600,1200.0,moving_end,392.33090127881815,total,projection,9,1.530026105811544e-11,2.249177406821179e-11,6.947567521287112e-11,0.3237359550561798,0.6802603036876356
600,1200.0,moving_end,392.33090127881815,total,projection_bcs,9,0.0,0.0,0.0,,
600,1200.0,moving_end,392.33090127881815,total,surface_drag,9,0.0,0.0,0.0,,
600,1200.0,moving_end,392.33090127881815,total,transport_microphysics_bcs,9,0.0,0.0,0.0,,
600,1200.0,moving_end,491.72390507287827,les_label,inferred_muscl_label,9,2452.8364262631208,2456.9804713388176,3235.1941901284627,0.7594537845164887,0.9983133585618453
600,1200.0,moving_end,491.72390507287827,les_label,local_les,9,-666.6680478050483,771.2887266928736,2015.6497786132143,0.38265016813760544,0.8643560118706556
600,1200.0,moving_end,491.72390507287827,les_label,mask_motion,9,-1233.8826571658565,1811.7144635904494,2954.805759580759,0.613141644832689,0.6810580154670467
600,1200.0,moving_end,491.72390507287827,total,advection,9,-6940.744105434396,6940.744105434396,26583.8560567743,0.2610886882102908,1.0
600,1200.0,moving_end,491.72390507287827,total,buoyancy,9,0.0,0.0,0.0,,
600,1200.0,moving_end,491.72390507287827,total,coriolis,9,1374.588546247876,1374.588546247876,1374.588546247876,1.0,1.0
600,1200.0,moving_end,491.72390507287827,total,external_forcing,9,0.0,0.0,0.0,,
600,1200.0,moving_end,491.72390507287827,total,guard,9,0.0,0.0,0.0,,
600,1200.0,moving_end,491.72390507287827,total,initial_bcs,9,0.0,0.0,0.0,,
600,1200.0,moving_end,491.72390507287827,total,les,9,-666.6680478050483,771.2887266928736,2015.6497786132143,0.38265016813760544,0.8643560118706556
600,1200.0,moving_end,491.72390507287827,total,mask_motion,9,5047.293303307957,9011.450616413531,41190.803097288386,0.2187733653827876,0.5600977598561963
600,1200.0,moving_end,491.72390507287827,total,predictor_bcs,9,0.0,0.0,0.0,,
600,1200.0,moving_end,491.72390507287827,total,projection,9,1.7124973314408543e-12,1.4519635493925875e-11,6.069363761573854e-11,0.23922829581993568,0.11794354838709678
600,1200.0,moving_end,491.72390507287827,total,projection_bcs,9,0.0,0.0,0.0,,
600,1200.0,moving_end,491.72390507287827,total,surface_drag,9,0.0,0.0,0.0,,
600,1200.0,moving_end,491.72390507287827,total,transport_microphysics_bcs,9,0.0,0.0,0.0,,
600,1200.0,moving_end,596.0865590566414,les_label,inferred_muscl_label,9,2102.0606394265174,2269.8039590337257,2982.2577040276574,0.7611025552782597,0.9260978821807069
600,1200.0,moving_end,596.0865590566414,les_label,local_les,9,-280.7755121744249,479.4250082972314,1525.7261960340707,0.31422742137051535,0.5856505341088739
600,1200.0,moving_end,596.0865590566414,les_label,mask_motion,9,-1266.7143685515152,1859.878021979177,3186.399420899232,0.5836926813946952,0.6810738949447607
600,1200.0,moving_end,596.0865590566414,total,advection,9,-8162.882600591371,8162.882600591371,21920.860934508462,0.3723796535628362,1.0
600,1200.0,moving_end,596.0865590566414,total,buoyancy,9,0.0,0.0,0.0,,
600,1200.0,moving_end,596.0865590566414,total,coriolis,9,1373.8131285866725,1373.8131285866725,1373.8131285866725,1.0,1.0
600,1200.0,moving_end,596.0865590566414,total,external_forcing,9,0.0,0.0,0.0,,
600,1200.0,moving_end,596.0865590566414,total,guard,9,0.0,0.0,0.0,,
600,1200.0,moving_end,596.0865590566414,total,initial_bcs,9,0.0,0.0,0.0,,
600,1200.0,moving_end,596.0865590566414,total,les,9,-280.7755121744249,479.4250082972314,1525.7261960340707,0.31422742137051535,0.5856505341088739
600,1200.0,moving_end,596.0865590566414,total,mask_motion,9,6815.844763694241,10335.488752396643,47114.16749906953,0.21937114250401984,0.6594603242264426
600,1200.0,moving_end,596.0865590566414,total,predictor_bcs,9,0.0,0.0,0.0,,
600,1200.0,moving_end,596.0865590566414,total,projection,9,-1.5807667674838655e-12,1.7690926848445976e-11,5.908847629937375e-11,0.29939724217653374,0.08935466078323222
600,1200.0,moving_end,596.0865590566414,total,projection_bcs,9,0.0,0.0,0.0,,
600,1200.0,moving_end,596.0865590566414,total,surface_drag,9,0.0,0.0,0.0,,
600,1200.0,moving_end,596.0865590566414,total,transport_microphysics_bcs,9,0.0,0.0,0.0,,
600,1200.0,moving_end,705.6673457395926,les_label,inferred_muscl_label,9,1662.5380460543556,1811.97262529914,3021.152007105699,0.5997621506754413,0.9175293394843015
600,1200.0,moving_end,705.6673457395926,les_label,local_les,9,180.92807076749526,956.5809521626646,2220.642971652025,0.43076755893408014,0.18914036533808046
600,1200.0,moving_end,705.6673457395926,les_label,mask_motion,9,-1204.1201432014302,1853.0659606015283,3393.208221102865,0.5461103002984127,0.6497988570307329
600,1200.0,moving_end,705.6673457395926,total,advection,9,-9409.204345251603,9409.204345251603,17595.330801746906,0.5347557514700113,1.0
600,1200.0,moving_end,705.6673457395926,total,buoyancy,9,0.0,0.0,0.0,,
600,1200.0,moving_end,705.6673457395926,total,coriolis,9,1374.7745835963271,1374.7745835963271,1374.7745835963271,1.0,1.0
600,1200.0,moving_end,705.6673457395926,total,external_forcing,9,0.0,0.0,0.0,,
600,1200.0,moving_end,705.6673457395926,total,guard,9,0.0,0.0,0.0,,
600,1200.0,moving_end,705.6673457395926,total,initial_bcs,9,0.0,0.0,0.0,,
600,1200.0,moving_end,705.6673457395926,total,les,9,180.92807076749526,956.5809521626646,2220.642971652025,0.43076755893408014,0.18914036533808046
600,1200.0,moving_end,705.6673457395926,total,mask_motion,9,8386.263263987881,11863.316238232503,53123.44565399066,0.223316015973473,0.7069071662239814
600,1200.0,moving_end,705.6673457395926,total,predictor_bcs,9,0.0,0.0,0.0,,
600,1200.0,moving_end,705.6673457395926,total,projection,9,-8.31610171350694e-12,2.303577250825639e-11,8.210961207830159e-11,0.28054903591907066,0.36100815418828763
600,1200.0,moving_end,705.6673457395926,total,projection_bcs,9,0.0,0.0,0.0,,
600,1200.0,moving_end,705.6673457395926,total,surface_drag,9,0.0,0.0,0.0,,
600,1200.0,moving_end,705.6673457395926,total,transport_microphysics_bcs,9,0.0,0.0,0.0,,
600,1200.0,moving_end,820.7271717566915,les_label,inferred_muscl_label,9,965.4885003535862,1623.6553226563963,3470.324857187618,0.4678683954597325,0.5946388293631125
600,1200.0,moving_end,820.7271717566915,les_label,local_les,9,491.5305039539531,1353.3567913014763,3016.1527627893893,0.448702999396446,0.36319358436238036
600,1200.0,moving_end,820.7271717566915,les_label,mask_motion,9,-864.5740191218063,1064.9042990780488,2919.169181862159,0.364797047630771,0.8118795462374596
600,1200.0,moving_end,820.7271717566915,total,advection,9,-11034.902133268579,11034.902133268579,14508.144440421069,0.7606005150130911,1.0
600,1200.0,moving_end,820.7271717566915,total,buoyancy,9,0.0,0.0,0.0,,
600,1200.0,moving_end,820.7271717566915,total,coriolis,9,1363.2002828497896,1363.2002828497896,1363.2002828497896,1.0,1.0
600,1200.0,moving_end,820.7271717566915,total,external_forcing,9,0.0,0.0,0.0,,
600,1200.0,moving_end,820.7271717566915,total,guard,9,0.0,0.0,0.0,,
600,1200.0,moving_end,820.7271717566915,total,initial_bcs,9,0.0,0.0,0.0,,
600,1200.0,moving_end,820.7271717566915,total,les,9,491.5305039539531,1353.3567913014763,3016.1527627893893,0.448702999396446,0.36319358436238036
600,1200.0,moving_end,820.7271717566915,total,mask_motion,9,10184.373278130204,13573.673373282705,58981.269045386456,0.23013532250107535,0.7503033996807585
600,1200.0,moving_end,820.7271717566915,total,predictor_bcs,9,0.0,0.0,0.0,,
600,1200.0,moving_end,820.7271717566915,total,projection,9,-1.531062874138983e-11,3.1297596350503276e-11,7.307692049141751e-11,0.42828291258084705,0.4891950349772989
600,1200.0,moving_end,820.7271717566915,total,projection_bcs,9,0.0,0.0,0.0,,
600,1200.0,moving_end,820.7271717566915,total,surface_drag,9,0.0,0.0,0.0,,
600,1200.0,moving_end,820.7271717566915,total,transport_microphysics_bcs,9,0.0,0.0,0.0,,
600,1200.0,moving_end,941.5399890746453,les_label,inferred_muscl_label,9,813.4821875480346,2179.958297019335,4551.279436307043,0.47897702778455997,0.37316410532270816
600,1200.0,moving_end,941.5399890746453,les_label,local_les,9,-276.4435854961937,882.6262331514733,4257.123333739149,0.20732926061980883,0.31320572073768327
600,1200.0,moving_end,941.5399890746453,les_label,mask_motion,9,-129.97220628778427,1363.0302023986737,2839.278271865732,0.4800622101415252,0.09535533846503029
600,1200.0,moving_end,941.5399890746453,total,advection,9,-12625.732000796124,12625.732000796124,13265.891348287605,0.9517439627172799,1.0
600,1200.0,moving_end,941.5399890746453,total,buoyancy,9,0.0,0.0,0.0,,
600,1200.0,moving_end,941.5399890746453,total,coriolis,9,1330.1293706199106,1330.1293706199106,1330.1293706199106,1.0,1.0
600,1200.0,moving_end,941.5399890746453,total,external_forcing,9,0.0,0.0,0.0,,
600,1200.0,moving_end,941.5399890746453,total,guard,9,0.0,0.0,0.0,,
600,1200.0,moving_end,941.5399890746453,total,initial_bcs,9,0.0,0.0,0.0,,
600,1200.0,moving_end,941.5399890746453,total,les,9,-276.4435854961937,882.6262331514733,4257.123333739149,0.20732926061980883,0.31320572073768327
600,1200.0,moving_end,941.5399890746453,total,mask_motion,9,12990.014392310899,15675.770555926085,64823.30765305352,0.24182305907353177,0.8286683162378987
600,1200.0,moving_end,941.5399890746453,total,predictor_bcs,9,0.0,0.0,0.0,,
600,1200.0,moving_end,941.5399890746453,total,projection,9,-1.9882777065396984e-11,3.115061919349571e-11,1.0035307545890049e-10,0.3104102096627165,0.6382787109910333
600,1200.0,moving_end,941.5399890746453,total,projection_bcs,9,0.0,0.0,0.0,,
600,1200.0,moving_end,941.5399890746453,total,surface_drag,9,0.0,0.0,0.0,,
600,1200.0,moving_end,941.5399890746453,total,transport_microphysics_bcs,9,0.0,0.0,0.0,,
600,1200.0,moving_end,1068.3934472584967,les_label,inferred_muscl_label,9,-896.5937424566855,2460.8116859956194,5012.435643182038,0.4909413030255737,0.36434878278543803
600,1200.0,moving_end,1068.3934472584967,les_label,local_les,9,638.6621778509464,769.7876204337894,2706.1874201169458,0.28445465924179175,0.8296602347164905
600,1200.0,moving_end,1068.3934472584967,les_label,mask_motion,9,311.6864615173764,1490.3432407383732,3004.6543451752723,0.4960115439339949,0.20913736714970102
600,1200.0,moving_end,1068.3934472584967,total,advection,9,-17188.192008420523,17188.192008420523,17298.70651353091,0.9936114006544974,1.0
600,1200.0,moving_end,1068.3934472584967,total,buoyancy,9,0.0,0.0,0.0,,
600,1200.0,moving_end,1068.3934472584967,total,coriolis,9,1266.1705666084342,1266.1705666084342,1266.1705666084342,1.0,1.0
600,1200.0,moving_end,1068.3934472584967,total,external_forcing,9,0.0,0.0,0.0,,
600,1200.0,moving_end,1068.3934472584967,total,guard,9,0.0,0.0,0.0,,
600,1200.0,moving_end,1068.3934472584967,total,initial_bcs,9,0.0,0.0,0.0,,
600,1200.0,moving_end,1068.3934472584967,total,les,9,638.6621778509464,769.7876204337894,2706.1874201169458,0.28445465924179175,0.8296602347164905
600,1200.0,moving_end,1068.3934472584967,total,mask_motion,9,17233.643073805477,19876.9158122588,71316.45091284731,0.2787143156710014,0.8670179637817289
600,1200.0,moving_end,1068.3934472584967,total,predictor_bcs,9,0.0,0.0,0.0,,
600,1200.0,moving_end,1068.3934472584967,total,projection,9,-4.979537290318581e-12,1.9804104645256004e-11,1.0394700237278259e-10,0.19052117130066942,0.25143965756166664
600,1200.0,moving_end,1068.3934472584967,total,projection_bcs,9,0.0,0.0,0.0,,
600,1200.0,moving_end,1068.3934472584967,total,surface_drag,9,0.0,0.0,0.0,,
600,1200.0,moving_end,1068.3934472584967,total,transport_microphysics_bcs,9,0.0,0.0,0.0,,
600,1200.0,moving_end,1201.5895783515407,les_label,inferred_muscl_label,9,-2264.3797381354066,3054.0599468362807,6514.523171726996,0.46880790294689384,0.7414326429581356
600,1200.0,moving_end,1201.5895783515407,les_label,local_les,9,1515.3993037503185,1586.362587925544,1757.789517656456,0.902475849350004,0.9552666680900344
600,1200.0,moving_end,1201.5895783515407,les_label,mask_motion,9,637.0868300720931,1753.779670264039,2846.794649808977,0.6160541542333303,0.36326503315902675
600,1200.0,moving_end,1201.5895783515407,total,advection,9,-22575.116799212807,22575.116799212807,22641.971698987018,0.9970473022109995,1.0
600,1200.0,moving_end,1201.5895783515407,total,buoyancy,9,0.0,0.0,0.0,,
600,1200.0,moving_end,1201.5895783515407,total,coriolis,9,1184.5419582832092,1184.5419582832092,1184.5419582832092,1.0,1.0
600,1200.0,moving_end,1201.5895783515407,total,external_forcing,9,0.0,0.0,0.0,,
600,1200.0,moving_end,1201.5895783515407,total,guard,9,0.0,0.0,0.0,,
600,1200.0,moving_end,1201.5895783515407,total,initial_bcs,9,0.0,0.0,0.0,,
600,1200.0,moving_end,1201.5895783515407,total,les,9,1515.3993037503185,1586.362587925544,1757.789517656456,0.902475849350004,0.9552666680900344
600,1200.0,moving_end,1201.5895783515407,total,mask_motion,9,23058.84783116854,25721.67825715318,78654.52564822539,0.32702095709267703,0.8964752455355781
600,1200.0,moving_end,1201.5895783515407,total,predictor_bcs,9,0.0,0.0,0.0,,
600,1200.0,moving_end,1201.5895783515407,total,projection,9,-5.2274468933209695e-12,3.595055161767849e-11,9.138472449468985e-11,0.3933978224092309,0.14540658371290194
600,1200.0,moving_end,1201.5895783515407,total,projection_bcs,9,0.0,0.0,0.0,,
600,1200.0,moving_end,1201.5895783515407,total,surface_drag,9,0.0,0.0,0.0,,
600,1200.0,moving_end,1201.5895783515407,total,transport_microphysics_bcs,9,0.0,0.0,0.0,,
600,1200.0,moving_end,1341.445515999237,les_label,inferred_muscl_label,9,-1383.9053185675907,1960.8285470603341,4750.82249883896,0.4127345417639862,0.7057757908728612
600,1200.0,moving_end,1341.445515999237,les_label,local_les,9,1041.6682258813644,1044.648702040286,1064.7059948259152,0.9811616606996669,0.9971469105804655
600,1200.0,moving_end,1341.445515999237,les_label,mask_motion,9,101.51135910848345,1711.7219306852096,2794.330584072551,0.612569586591465,0.05930365048711388
600,1200.0,moving_end,1341.445515999237,total,advection,9,-27308.013070819412,27308.013070819412,27341.730714773144,0.998766806523498,1.0
600,1200.0,moving_end,1341.445515999237,total,buoyancy,9,0.0,0.0,0.0,,
600,1200.0,moving_end,1341.445515999237,total,coriolis,9,1089.2039714264463,1089.2039714264463,1089.2039714264463,1.0,1.0
600,1200.0,moving_end,1341.445515999237,total,external_forcing,9,0.0,0.0,0.0,,
600,1200.0,moving_end,1341.445515999237,total,guard,9,0.0,0.0,0.0,,
600,1200.0,moving_end,1341.445515999237,total,initial_bcs,9,0.0,0.0,0.0,,
600,1200.0,moving_end,1341.445515999237,total,les,9,1041.6682258813644,1044.648702040286,1064.7059948259152,0.9811616606996669,0.9971469105804655
600,1200.0,moving_end,1341.445515999237,total,mask_motion,9,30160.002703222606,32833.29646827418,86755.92454253571,0.3784559572317887,0.9185797939102857
600,1200.0,moving_end,1341.445515999237,total,predictor_bcs,9,0.0,0.0,0.0,,
600,1200.0,moving_end,1341.445515999237,total,projection,9,1.0889726620444407e-11,3.1888554297143656e-11,1.0708231176770333e-10,0.29779478767997086,0.34149326805385555
600,1200.0,moving_end,1341.445515999237,total,projection_bcs,9,0.0,0.0,0.0,,
600,1200.0,moving_end,1341.445515999237,total,surface_drag,9,0.0,0.0,0.0,,
600,1200.0,moving_end,1341.445515999237,total,transport_microphysics_bcs,9,0.0,0.0,0.0,,
600,1200.0,moving_end,1488.294250529318,les_label,inferred_muscl_label,9,-564.373864678473,1851.1451401388724,3442.6270585758234,0.5377129467240842,0.30487823587735197
600,1200.0,moving_end,1488.294250529318,les_label,local_les,9,534.2889345237495,534.2889345237495,561.8452984611615,0.9509538230312042,1.0
600,1200.0,moving_end,1488.294250529318,les_label,mask_motion,9,-434.0256546417673,1637.2808802215206,2606.9443835361076,0.6280459570068321,0.26508930745166004
600,1200.0,moving_end,1488.294250529318,total,advection,9,-31993.671522910896,31993.671522910896,31993.671522910896,1.0,1.0
600,1200.0,moving_end,1488.294250529318,total,buoyancy,9,0.0,0.0,0.0,,
600,1200.0,moving_end,1488.294250529318,total,coriolis,9,984.9611914128548,984.9611914128548,984.9611914128548,1.0,1.0
600,1200.0,moving_end,1488.294250529318,total,external_forcing,9,0.0,0.0,0.0,,
600,1200.0,moving_end,1488.294250529318,total,guard,9,0.0,0.0,0.0,,
600,1200.0,moving_end,1488.294250529318,total,initial_bcs,9,0.0,0.0,0.0,,
600,1200.0,moving_end,1488.294250529318,total,les,9,534.2889345237495,534.2889345237495,561.8452984611615,0.9509538230312042,1.0
600,1200.0,moving_end,1488.294250529318,total,mask_motion,9,38482.50722125941,41143.99869150932,95504.86550674928,0.4308052628858128,0.9353127660195277
600,1200.0,moving_end,1488.294250529318,total,predictor_bcs,9,0.0,0.0,0.0,,
600,1200.0,moving_end,1488.294250529318,total,projection,9,-1.7432344630308183e-11,2.764878170163909e-11,1.0849231669302073e-10,0.2548455277240635,0.6304923239809423
600,1200.0,moving_end,1488.294250529318,total,projection_bcs,9,0.0,0.0,0.0,,
600,1200.0,moving_end,1488.294250529318,total,surface_drag,9,0.0,0.0,0.0,,
600,1200.0,moving_end,1488.294250529318,total,transport_microphysics_bcs,9,0.0,0.0,0.0,,
600,1200.0,moving_end,1642.4854217859033,les_label,inferred_muscl_label,9,154.8348467103057,1539.6689218425652,3015.739322208271,0.510544432837499,0.1005637280286274
600,1200.0,moving_end,1642.4854217859033,les_label,local_les,9,273.17499128288193,273.17499128288193,485.58355617361974,0.5625705150221533,1.0
600,1200.0,moving_end,1642.4854217859033,les_label,mask_motion,9,-1345.903297819849,1784.2322496922468,2981.5901267517525,0.5984163395510205,0.7543318971238173
600,1200.0,moving_end,1642.4854217859033,total,advection,9,-36851.6248996998,36851.6248996998,36851.6248996998,1.0,1.0
600,1200.0,moving_end,1642.4854217859033,total,buoyancy,9,0.0,0.0,0.0,,
600,1200.0,moving_end,1642.4854217859033,total,coriolis,9,879.3627641446889,879.3627641446889,879.3627641446889,1.0,1.0
600,1200.0,moving_end,1642.4854217859033,total,external_forcing,9,0.0,0.0,0.0,,
600,1200.0,moving_end,1642.4854217859033,total,guard,9,0.0,0.0,0.0,,
600,1200.0,moving_end,1642.4854217859033,total,initial_bcs,9,0.0,0.0,0.0,,
600,1200.0,moving_end,1642.4854217859033,total,les,9,273.17499128288193,273.17499128288193,485.58355617361974,0.5625705150221533,1.0
600,1200.0,moving_end,1642.4854217859033,total,mask_motion,9,47508.26054251867,50068.789718416425,104095.72900854031,0.48098793481054963,0.9488597749157109
600,1200.0,moving_end,1642.4854217859033,total,predictor_bcs,9,0.0,0.0,0.0,,
600,1200.0,moving_end,1642.4854217859033,total,projection,9,-1.0628704947418521e-11,1.5288063783674977e-11,9.475574621817251e-11,0.16134181190948177,0.6952289771820648
600,1200.0,moving_end,1642.4854217859033,total,projection_bcs,9,0.0,0.0,0.0,,
600,1200.0,moving_end,1642.4854217859033,total,surface_drag,9,0.0,0.0,0.0,,
600,1200.0,moving_end,1642.4854217859033,total,transport_microphysics_bcs,9,0.0,0.0,0.0,,
600,1200.0,moving_end,1804.3861516053175,les_label,inferred_muscl_label,9,788.3161020260951,1476.3889941903699,2735.2340618993185,0.5397669672061558,0.5339487798460568
600,1200.0,moving_end,1804.3861516053175,les_label,local_les,9,158.85322252974387,253.95634550169248,424.1063814407703,0.5988034055015968,0.6255138937990632
600,1200.0,moving_end,1804.3861516053175,les_label,mask_motion,9,-2172.3277672458953,2222.7384384532156,3354.1902242354677,0.6626751286772509,0.9773204663512273
600,1200.0,moving_end,1804.3861516053175,total,advection,9,-40879.1821309673,40879.1821309673,40879.1821309673,1.0,1.0
600,1200.0,moving_end,1804.3861516053175,total,buoyancy,9,0.0,0.0,0.0,,
600,1200.0,moving_end,1804.3861516053175,total,coriolis,9,766.746600409367,766.746600409367,766.746600409367,1.0,1.0
600,1200.0,moving_end,1804.3861516053175,total,external_forcing,9,0.0,0.0,0.0,,
600,1200.0,moving_end,1804.3861516053175,total,guard,9,0.0,0.0,0.0,,
600,1200.0,moving_end,1804.3861516053175,total,initial_bcs,9,0.0,0.0,0.0,,
600,1200.0,moving_end,1804.3861516053175,total,les,9,158.85322252974387,253.95634550169248,424.1063814407703,0.5988034055015968,0.6255138937990632
600,1200.0,moving_end,1804.3861516053175,total,mask_motion,9,56815.603892500236,59156.03223821736,113007.64637179759,0.5234692884726821,0.9604363535354707
600,1200.0,moving_end,1804.3861516053175,total,predictor_bcs,9,0.0,0.0,0.0,,
600,1200.0,moving_end,1804.3861516053175,total,projection,9,2.33759621156974e-11,2.989418557668025e-11,1.240571442570463e-10,0.24097109244058948,0.781956814168319
600,1200.0,moving_end,1804.3861516053175,total,projection_bcs,9,0.0,0.0,0.0,,
600,1200.0,moving_end,1804.3861516053175,total,surface_drag,9,0.0,0.0,0.0,,
600,1200.0,moving_end,1804.3861516053175,total,transport_microphysics_bcs,9,0.0,0.0,0.0,,
600,1200.0,moving_end,1974.3819179157026,les_label,inferred_muscl_label,9,916.6644252973812,1242.5181067843885,2439.6382361901606,0.5093042436999823,0.7377473376783941
600,1200.0,moving_end,1974.3819179157026,les_label,local_les,9,157.87409162350366,159.3933381152562,353.42408890911935,0.45099737996705463,0.990468569704877
600,1200.0,moving_end,1974.3819179157026,les_label,mask_motion,9,-2650.182570631046,2650.7536647994643,3425.217116341683,0.7738936174739816,0.9997845540398559
600,1200.0,moving_end,1974.3819179157026,total,advection,9,-44213.42608032189,44213.42608032189,44305.72829527456,0.9979166979416856,1.0
600,1200.0,moving_end,1974.3819179157026,total,buoyancy,9,0.0,0.0,0.0,,
600,1200.0,moving_end,1974.3819179157026,total,coriolis,9,646.3157419637396,646.3157419637396,646.3157419637396,1.0,1.0
600,1200.0,moving_end,1974.3819179157026,total,external_forcing,9,0.0,0.0,0.0,,
600,1200.0,moving_end,1974.3819179157026,total,guard,9,0.0,0.0,0.0,,
600,1200.0,moving_end,1974.3819179157026,total,initial_bcs,9,0.0,0.0,0.0,,
600,1200.0,moving_end,1974.3819179157026,total,les,9,157.87409162350366,159.3933381152562,353.42408890911935,0.45099737996705463,0.990468569704877
600,1200.0,moving_end,1974.3819179157026,total,mask_motion,9,66329.36371549514,68307.48089364529,121256.49579158949,0.5633304875563061,0.9710409877180206
600,1200.0,moving_end,1974.3819179157026,total,predictor_bcs,9,0.0,0.0,0.0,,
600,1200.0,moving_end,1974.3819179157026,total,projection,9,2.6704712659947338e-11,4.508844469661155e-11,1.458574472139318e-10,0.3091267916576073,0.5922739814965103
600,1200.0,moving_end,1974.3819179157026,total,projection_bcs,9,0.0,0.0,0.0,,
600,1200.0,moving_end,1974.3819179157026,total,surface_drag,9,0.0,0.0,0.0,,
600,1200.0,moving_end,1974.3819179157026,total,transport_microphysics_bcs,9,0.0,0.0,0.0,,
600,1200.0,moving_symmetric,39.88822936505957,les_label,inferred_muscl_label,9,499.8862918000492,499.8862918000492,1866.5157752327252,0.26781787672687696,1.0
600,1200.0,moving_symmetric,39.88822936505957,les_label,local_les,9,-930.2058755184803,930.2058755184803,1700.5691560593987,0.5469967935170461,1.0
600,1200.0,moving_symmetric,39.88822936505957,les_label,mask_motion,9,115.82934987173623,170.33562666833242,588.9937951848729,0.2891976588902225,0.6800065971945632
600,1200.0,moving_symmetric,39.88822936505957,total,advection,9,2115.6042398099694,2174.8208753153503,42569.65635735404,0.051088523173846184,0.9727717182699956
600,1200.0,moving_symmetric,39.88822936505957,total,buoyancy,9,0.0,0.0,0.0,,
600,1200.0,moving_symmetric,39.88822936505957,total,coriolis,9,1152.141654165118,1152.141654165118,1205.4270519323754,0.9557954189912716,1.0
600,1200.0,moving_symmetric,39.88822936505957,total,external_forcing,9,0.0,0.0,0.0,,
600,1200.0,moving_symmetric,39.88822936505957,total,guard,9,0.0,0.0,0.0,,
600,1200.0,moving_symmetric,39.88822936505957,total,initial_bcs,9,0.0,0.0,0.0,,
600,1200.0,moving_symmetric,39.88822936505957,total,les,9,-930.2058755184803,930.2058755184803,1700.5691560593987,0.5469967935170461,1.0
600,1200.0,moving_symmetric,39.88822936505957,total,mask_motion,9,-4455.842855674432,5848.25082040004,17828.85671143859,0.328021640145211,0.7619103544826481
600,1200.0,moving_symmetric,39.88822936505957,total,predictor_bcs,9,0.0,0.0,0.0,,
600,1200.0,moving_symmetric,39.88822936505957,total,projection,9,2.4303069322620385e-12,1.4197017584975657e-11,8.314699026946287e-11,0.17074601905572223,0.17118432922376392
600,1200.0,moving_symmetric,39.88822936505957,total,projection_bcs,9,0.0,0.0,0.0,,
600,1200.0,moving_symmetric,39.88822936505957,total,surface_drag,9,-1655.8529946963781,1655.8529946963781,1683.7423025233838,0.9834361185882134,1.0
600,1200.0,moving_symmetric,39.88822936505957,total,transport_microphysics_bcs,9,0.0,0.0,0.0,,
600,1200.0,moving_symmetric,121.65909956343168,les_label,inferred_muscl_label,9,-1525.1923480825772,1525.1923480825772,2587.800412600237,0.5893778904494629,1.0
600,1200.0,moving_symmetric,121.65909956343168,les_label,local_les,9,1810.8436718870796,1810.8436718870796,2538.4040254445017,0.7133788213915164,1.0
600,1200.0,moving_symmetric,121.65909956343168,les_label,mask_motion,9,-215.95080895614208,625.2265723582092,1644.1958354689227,0.3802628366224363,0.34539608280183276
600,1200.0,moving_symmetric,121.65909956343168,total,advection,9,-4329.616914395841,4357.570443095405,41141.94841730992,0.10591550985616462,0.9935850655624269
600,1200.0,moving_symmetric,121.65909956343168,total,buoyancy,9,0.0,0.0,0.0,,
600,1200.0,moving_symmetric,121.65909956343168,total,coriolis,9,1175.0314447162123,1175.0314447162123,1220.4988363797102,0.9627468783187332,1.0
600,1200.0,moving_symmetric,121.65909956343168,total,external_forcing,9,0.0,0.0,0.0,,
600,1200.0,moving_symmetric,121.65909956343168,total,guard,9,0.0,0.0,0.0,,
600,1200.0,moving_symmetric,121.65909956343168,total,initial_bcs,9,0.0,0.0,0.0,,
600,1200.0,moving_symmetric,121.65909956343168,total,les,9,1810.8436718870796,1810.8436718870796,2538.4040254445017,0.7133788213915164,1.0
600,1200.0,moving_symmetric,121.65909956343168,total,mask_motion,9,-913.3763552171371,4206.641879126415,20315.21642029109,0.20706852401162554,0.21712719586360799
600,1200.0,moving_symmetric,121.65909956343168,total,predictor_bcs,9,0.0,0.0,0.0,,
600,1200.0,moving_symmetric,121.65909956343168,total,projection,9,1.2166552555465011e-11,2.8308730481833334e-11,8.453191454921207e-11,0.33488807905034257,0.4297809314788135
600,1200.0,moving_symmetric,121.65909956343168,total,projection_bcs,9,0.0,0.0,0.0,,
600,1200.0,moving_symmetric,121.65909956343168,total,surface_drag,9,-1463.4925207453884,1463.4925207453884,1490.4708702583598,0.9818994453019435,1.0
600,1200.0,moving_symmetric,121.65909956343168,total,transport_microphysics_bcs,9,0.0,0.0,0.0,,
600,1200.0,moving_symmetric,207.51851327172238,les_label,inferred_muscl_label,9,-140.73671832892705,591.0630635418923,1449.4226820503632,0.4077920615301608,0.23810778749322434
600,1200.0,moving_symmetric,207.51851327172238,les_label,local_les,9,894.0711327445872,894.0711327445872,1873.9171143299268,0.4771134891226436,1.0
600,1200.0,moving_symmetric,207.51851327172238,les_label,mask_motion,9,-404.8462763002038,875.2009969606705,1734.11204024699,0.5046969149905766,0.46257520010388725
600,1200.0,moving_symmetric,207.51851327172238,total,advection,9,-7941.679984482399,7941.679984482399,40874.19751076476,0.19429567962504593,1.0
600,1200.0,moving_symmetric,207.51851327172238,total,buoyancy,9,0.0,0.0,0.0,,
600,1200.0,moving_symmetric,207.51851327172238,total,coriolis,9,1190.224227202943,1190.224227202943,1231.3714401396244,0.9665842396571941,1.0
600,1200.0,moving_symmetric,207.51851327172238,total,external_forcing,9,0.0,0.0,0.0,,
600,1200.0,moving_symmetric,207.51851327172238,total,guard,9,0.0,0.0,0.0,,
600,1200.0,moving_symmetric,207.51851327172238,total,initial_bcs,9,0.0,0.0,0.0,,
600,1200.0,moving_symmetric,207.51851327172238,total,les,9,894.0711327445872,894.0711327445872,1873.9171143299268,0.4771134891226436,1.0
600,1200.0,moving_symmetric,207.51851327172238,total,mask_motion,9,2581.838262562397,5253.563475513354,24814.377448657084,0.21171449843476403,0.49144514472819073
600,1200.0,moving_symmetric,207.51851327172238,total,predictor_bcs,9,0.0,0.0,0.0,,
600,1200.0,moving_symmetric,207.51851327172238,total,projection,9,2.8649568069478992e-11,2.9049638671126143e-11,7.038498202240756e-11,0.41272495689319044,0.9862280351856906
600,1200.0,moving_symmetric,207.51851327172238,total,projection_bcs,9,0.0,0.0,0.0,,
600,1200.0,moving_symmetric,207.51851327172238,total,surface_drag,9,0.0,0.0,0.0,,
600,1200.0,moving_symmetric,207.51851327172238,total,transport_microphysics_bcs,9,0.0,0.0,0.0,,
600,1200.0,moving_symmetric,297.6708976654277,les_label,inferred_muscl_label,9,897.0613136829072,1187.7281857940206,2316.34798226861,0.5127589614712253,0.7552749226736615
600,1200.0,moving_symmetric,297.6708976654277,les_label,local_les,9,448.1978742260259,563.3454889810996,1819.011615885184,0.3096986759520825,0.795600360689252
600,1200.0,moving_symmetric,297.6708976654277,les_label,mask_motion,9,-802.0028876180863,1449.6097897893383,1944.212805252601,0.7456024288457448,0.5532543262795127
600,1200.0,moving_symmetric,297.6708976654277,total,advection,9,-10721.278599648582,10721.278599648582,38973.96329981567,0.2750882304982129,1.0
600,1200.0,moving_symmetric,297.6708976654277,total,buoyancy,9,0.0,0.0,0.0,,
600,1200.0,moving_symmetric,297.6708976654277,total,coriolis,9,1206.3070621107645,1206.3070621107645,1232.3326506424385,0.9788810362866663,1.0
600,1200.0,moving_symmetric,297.6708976654277,total,external_forcing,9,0.0,0.0,0.0,,
600,1200.0,moving_symmetric,297.6708976654277,total,guard,9,0.0,0.0,0.0,,
600,1200.0,moving_symmetric,297.6708976654277,total,initial_bcs,9,0.0,0.0,0.0,,
600,1200.0,moving_symmetric,297.6708976654277,total,les,9,448.1978742260259,563.3454889810996,1819.011615885184,0.3096986759520825,0.795600360689252
600,1200.0,moving_symmetric,297.6708976654277,total,mask_motion,9,6335.863087329889,8317.073028875397,29319.484673026964,0.2836705051820659,0.7617900029653342
600,1200.0,moving_symmetric,297.6708976654277,total,predictor_bcs,9,0.0,0.0,0.0,,
600,1200.0,moving_symmetric,297.6708976654277,total,projection,9,1.2614421226325723e-11,2.056948361639499e-11,7.293726169907422e-11,0.28201612094049966,0.6132590132827325
600,1200.0,moving_symmetric,297.6708976654277,total,projection_bcs,9,0.0,0.0,0.0,,
600,1200.0,moving_symmetric,297.6708976654277,total,surface_drag,9,0.0,0.0,0.0,,
600,1200.0,moving_symmetric,297.6708976654277,total,transport_microphysics_bcs,9,0.0,0.0,0.0,,
600,1200.0,moving_symmetric,392.33090127881815,les_label,inferred_muscl_label,9,1722.4035122154066,1871.2582629640472,2991.2398193669837,0.6255794840816371,0.9204520542702338
600,1200.0,moving_symmetric,392.33090127881815,les_label,local_les,9,10.585851209253956,549.0309624629358,1910.8070485564926,0.2873293579682458,0.01928097308349634
600,1200.0,moving_symmetric,392.33090127881815,les_label,mask_motion,9,-1241.0791779283775,1928.2766027294854,2381.4570825957358,0.8097045362781454,0.6436209287462304
600,1200.0,moving_symmetric,392.33090127881815,total,advection,9,-12554.138950035442,12554.138950035442,36028.58804170673,0.3484493740221725,1.0
600,1200.0,moving_symmetric,392.33090127881815,total,buoyancy,9,0.0,0.0,0.0,,
600,1200.0,moving_symmetric,392.33090127881815,total,coriolis,9,1221.875629493646,1221.875629493646,1235.5389289560705,0.9889414253632876,1.0
600,1200.0,moving_symmetric,392.33090127881815,total,external_forcing,9,0.0,0.0,0.0,,
600,1200.0,moving_symmetric,392.33090127881815,total,guard,9,0.0,0.0,0.0,,
600,1200.0,moving_symmetric,392.33090127881815,total,initial_bcs,9,0.0,0.0,0.0,,
600,1200.0,moving_symmetric,392.33090127881815,total,les,9,10.585851209253956,549.0309624629358,1910.8070485564926,0.2873293579682458,0.01928097308349634
600,1200.0,moving_symmetric,392.33090127881815,total,mask_motion,9,9310.21403435349,11312.840165102376,34133.4046535754,0.3314301717018252,0.8229775987707714
600,1200.0,moving_symmetric,392.33090127881815,total,predictor_bcs,9,0.0,0.0,0.0,,
600,1200.0,moving_symmetric,392.33090127881815,total,projection,9,8.520406060384678e-12,1.834775007706485e-11,6.938724497317778e-11,0.2644254010107669,0.46438424464018613
600,1200.0,moving_symmetric,392.33090127881815,total,projection_bcs,9,0.0,0.0,0.0,,
600,1200.0,moving_symmetric,392.33090127881815,total,surface_drag,9,0.0,0.0,0.0,,
600,1200.0,moving_symmetric,392.33090127881815,total,transport_microphysics_bcs,9,0.0,0.0,0.0,,
600,1200.0,moving_symmetric,491.72390507287827,les_label,inferred_muscl_label,9,2197.081411240089,2197.081411240089,3170.3245654906527,0.6930146632794549,1.0
600,1200.0,moving_symmetric,491.72390507287827,les_label,local_les,9,-266.4849120855738,698.5478356103888,1930.2688116840438,0.36189147924995363,0.3814841282168173
600,1200.0,moving_symmetric,491.72390507287827,les_label,mask_motion,9,-1378.3107778622993,2068.2049848512565,2841.260547172449,0.7279181020232312,0.666428515528129
600,1200.0,moving_symmetric,491.72390507287827,total,advection,9,-13610.65264591583,13610.65264591583,32362.230651611742,0.420572141408861,1.0
600,1200.0,moving_symmetric,491.72390507287827,total,buoyancy,9,0.0,0.0,0.0,,
600,1200.0,moving_symmetric,491.72390507287827,total,coriolis,9,1234.5884425710128,1234.5884425710128,1240.809764830049,0.9949860789015564,1.0
600,1200.0,moving_symmetric,491.72390507287827,total,external_forcing,9,0.0,0.0,0.0,,
600,1200.0,moving_symmetric,491.72390507287827,total,guard,9,0.0,0.0,0.0,,
600,1200.0,moving_symmetric,491.72390507287827,total,initial_bcs,9,0.0,0.0,0.0,,
600,1200.0,moving_symmetric,491.72390507287827,total,les,9,-266.4849120855738,698.5478356103888,1930.2688116840438,0.36189147924995363,0.3814841282168173
600,1200.0,moving_symmetric,491.72390507287827,total,mask_motion,9,11457.018811746777,13508.966365739703,39015.52457939168,0.3462459241897583,0.8481047699402893
600,1200.0,moving_symmetric,491.72390507287827,total,predictor_bcs,9,0.0,0.0,0.0,,
600,1200.0,moving_symmetric,491.72390507287827,total,projection,9,6.212357746146957e-12,1.841695055127316e-11,5.749400665638568e-11,0.3203281806631169,0.3373173929555617
600,1200.0,moving_symmetric,491.72390507287827,total,projection_bcs,9,0.0,0.0,0.0,,
600,1200.0,moving_symmetric,491.72390507287827,total,surface_drag,9,0.0,0.0,0.0,,
600,1200.0,moving_symmetric,491.72390507287827,total,transport_microphysics_bcs,9,0.0,0.0,0.0,,
600,1200.0,moving_symmetric,596.0865590566414,les_label,inferred_muscl_label,9,2056.1008622015265,2110.5835357974875,3003.6592559647747,0.7026707612077551,0.9741859667376896
600,1200.0,moving_symmetric,596.0865590566414,les_label,local_les,9,-14.629644736883707,582.8445823307669,1483.0707795351784,0.3929984936480517,0.025100421588171027
600,1200.0,moving_symmetric,596.0865590566414,les_label,mask_motion,9,-1486.9004587640657,2189.8683101940146,3282.6159401700124,0.6671107281836319,0.678990810471307
600,1200.0,moving_symmetric,596.0865590566414,total,advection,9,-14322.142771137565,14322.142771137565,28024.138601886236,0.511064513867826,1.0
600,1200.0,moving_symmetric,596.0865590566414,total,buoyancy,9,0.0,0.0,0.0,,
600,1200.0,moving_symmetric,596.0865590566414,total,coriolis,9,1243.5470141413455,1243.5470141413455,1245.2177329917051,0.9986582917942024,1.0
600,1200.0,moving_symmetric,596.0865590566414,total,external_forcing,9,0.0,0.0,0.0,,
600,1200.0,moving_symmetric,596.0865590566414,total,guard,9,0.0,0.0,0.0,,
600,1200.0,moving_symmetric,596.0865590566414,total,initial_bcs,9,0.0,0.0,0.0,,
600,1200.0,moving_symmetric,596.0865590566414,total,les,9,-14.629644736883707,582.8445823307669,1483.0707795351784,0.3929984936480517,0.025100421588171027
600,1200.0,moving_symmetric,596.0865590566414,total,mask_motion,9,12839.22518124823,15029.759417398871,44095.65181935857,0.34084447779498767,0.854253539573307
600,1200.0,moving_symmetric,596.0865590566414,total,predictor_bcs,9,0.0,0.0,0.0,,
600,1200.0,moving_symmetric,596.0865590566414,total,projection,9,-6.527981280535222e-12,1.31340251174894e-11,5.540977832813043e-11,0.2370344281060139,0.4970282317979198
600,1200.0,moving_symmetric,596.0865590566414,total,projection_bcs,9,0.0,0.0,0.0,,
600,1200.0,moving_symmetric,596.0865590566414,total,surface_drag,9,0.0,0.0,0.0,,
600,1200.0,moving_symmetric,596.0865590566414,total,transport_microphysics_bcs,9,0.0,0.0,0.0,,
600,1200.0,moving_symmetric,705.6673457395926,les_label,inferred_muscl_label,9,1754.66955841127,1837.3450600097688,3002.1706707724256,0.612005532495939,0.9550027355242355
600,1200.0,moving_symmetric,705.6673457395926,les_label,local_les,9,482.2957806368489,560.5233823379332,1916.2588408738277,0.29250922181386024,0.8604382900588405
600,1200.0,moving_symmetric,705.6673457395926,les_label,mask_motion,9,-1597.619365427698,2232.0718159311464,3581.1251975406426,0.6232878474799021,0.7157562557014879
600,1200.0,moving_symmetric,705.6673457395926,total,advection,9,-15072.53506287625,15072.53506287625,23588.133713187355,0.6389880287328407,1.0
600,1200.0,moving_symmetric,705.6673457395926,total,buoyancy,9,0.0,0.0,0.0,,
600,1200.0,moving_symmetric,705.6673457395926,total,coriolis,9,1251.650489629534,1251.650489629534,1251.650489629534,1.0,1.0
600,1200.0,moving_symmetric,705.6673457395926,total,external_forcing,9,0.0,0.0,0.0,,
600,1200.0,moving_symmetric,705.6673457395926,total,guard,9,0.0,0.0,0.0,,
600,1200.0,moving_symmetric,705.6673457395926,total,initial_bcs,9,0.0,0.0,0.0,,
600,1200.0,moving_symmetric,705.6673457395926,total,les,9,482.2957806368489,560.5233823379332,1916.2588408738277,0.29250922181386024,0.8604382900588405
600,1200.0,moving_symmetric,705.6673457395926,total,mask_motion,9,13871.350365709965,16178.842413768238,49641.04149632609,0.32591665940299874,0.8573759488444864
600,1200.0,moving_symmetric,705.6673457395926,total,predictor_bcs,9,0.0,0.0,0.0,,
600,1200.0,moving_symmetric,705.6673457395926,total,projection,9,-4.694730932133795e-12,1.4974593830555105e-11,6.826448586093325e-11,0.21936140940196902,0.31351307322635824
600,1200.0,moving_symmetric,705.6673457395926,total,projection_bcs,9,0.0,0.0,0.0,,
600,1200.0,moving_symmetric,705.6673457395926,total,surface_drag,9,0.0,0.0,0.0,,
600,1200.0,moving_symmetric,705.6673457395926,total,transport_microphysics_bcs,9,0.0,0.0,0.0,,
600,1200.0,moving_symmetric,820.7271717566915,les_label,inferred_muscl_label,9,1235.290782295407,1816.4741972393244,3580.033607148617,0.5073902640500876,0.6800486261642475
600,1200.0,moving_symmetric,820.7271717566915,les_label,local_les,9,942.5230554716575,1091.4241602633158,2765.0475692459054,0.3947216577402223,0.8635717347912341
600,1200.0,moving_symmetric,820.7271717566915,les_label,mask_motion,9,-1585.3688525813318,1674.740039150618,3270.221888526548,0.5121181669740458,0.9466357855666884
600,1200.0,moving_symmetric,820.7271717566915,total,advection,9,-16284.696827714528,16284.696827714528,19858.551426348433,0.8200344767397235,1.0
600,1200.0,moving_symmetric,820.7271717566915,total,buoyancy,9,0.0,0.0,0.0,,
600,1200.0,moving_symmetric,820.7271717566915,total,coriolis,9,1249.5356173019893,1249.5356173019893,1249.5356173019893,1.0,1.0
600,1200.0,moving_symmetric,820.7271717566915,total,external_forcing,9,0.0,0.0,0.0,,
600,1200.0,moving_symmetric,820.7271717566915,total,guard,9,0.0,0.0,0.0,,
600,1200.0,moving_symmetric,820.7271717566915,total,initial_bcs,9,0.0,0.0,0.0,,
600,1200.0,moving_symmetric,820.7271717566915,total,les,9,942.5230554716575,1091.4241602633158,2765.0475692459054,0.3947216577402223,0.8635717347912341
600,1200.0,moving_symmetric,820.7271717566915,total,mask_motion,9,15096.840086606244,17455.918991041366,55159.524829901704,0.3164624612860805,0.8648550726177272
600,1200.0,moving_symmetric,820.7271717566915,total,predictor_bcs,9,0.0,0.0,0.0,,
600,1200.0,moving_symmetric,820.7271717566915,total,projection,9,-1.180025315742489e-11,2.2437496196951734e-11,6.166758997980942e-11,0.3638458419454691,0.52591666440162
600,1200.0,moving_symmetric,820.7271717566915,total,projection_bcs,9,0.0,0.0,0.0,,
600,1200.0,moving_symmetric,820.7271717566915,total,surface_drag,9,0.0,0.0,0.0,,
600,1200.0,moving_symmetric,820.7271717566915,total,transport_microphysics_bcs,9,0.0,0.0,0.0,,
600,1200.0,moving_symmetric,941.5399890746453,les_label,inferred_muscl_label,9,1068.937560887661,1835.0463985839413,4294.536454126138,0.42729789773256,0.582512552114504
600,1200.0,moving_symmetric,941.5399890746453,les_label,local_les,9,524.4473657422035,889.1045963328769,3733.738507269251,0.238127173234513,0.5898601445828683
600,1200.0,moving_symmetric,941.5399890746453,les_label,mask_motion,9,-1186.3185308658078,1335.8177847481643,2874.0595714506285,0.46478430649714575,0.8880840968062564
600,1200.0,moving_symmetric,941.5399890746453,total,advection,9,-17575.9475570967,17575.9475570967,18190.03063743253,0.9662406791623466,1.0
600,1200.0,moving_symmetric,941.5399890746453,total,buoyancy,9,0.0,0.0,0.0,,
600,1200.0,moving_symmetric,941.5399890746453,total,coriolis,9,1229.9550030595185,1229.9550030595185,1229.9550030595185,1.0,1.0
600,1200.0,moving_symmetric,941.5399890746453,total,external_forcing,9,0.0,0.0,0.0,,
600,1200.0,moving_symmetric,941.5399890746453,total,guard,9,0.0,0.0,0.0,,
600,1200.0,moving_symmetric,941.5399890746453,total,initial_bcs,9,0.0,0.0,0.0,,
600,1200.0,moving_symmetric,941.5399890746453,total,les,9,524.4473657422035,889.1045963328769,3733.738507269251,0.238127173234513,0.5898601445828683
600,1200.0,moving_symmetric,941.5399890746453,total,mask_motion,9,17239.513364933457,19629.287801012222,60565.92302434493,0.32409788905754944,0.8782546539484977
600,1200.0,moving_symmetric,941.5399890746453,total,predictor_bcs,9,0.0,0.0,0.0,,
600,1200.0,moving_symmetric,941.5399890746453,total,projection,9,-1.108838972789343e-11,2.0121691178499532e-11,8.331820950942086e-11,0.2415041237320919,0.5510664898655049
600,1200.0,moving_symmetric,941.5399890746453,total,projection_bcs,9,0.0,0.0,0.0,,
600,1200.0,moving_symmetric,941.5399890746453,total,surface_drag,9,0.0,0.0,0.0,,
600,1200.0,moving_symmetric,941.5399890746453,total,transport_microphysics_bcs,9,0.0,0.0,0.0,,
600,1200.0,moving_symmetric,1068.3934472584967,les_label,inferred_muscl_label,9,-85.44331260042384,1739.8167987369307,4561.729517299524,0.3813941164505686,0.049110522821974034
600,1200.0,moving_symmetric,1068.3934472584967,les_label,local_les,9,866.8628356840194,910.2241166444783,2403.5428337599924,0.37870101745620455,0.9523619730926166
600,1200.0,moving_symmetric,1068.3934472584967,les_label,mask_motion,9,-727.6646261719582,1185.054335019497,2827.765342284987,0.41907803214743033,0.6140348207409294
600,1200.0,moving_symmetric,1068.3934472584967,total,advection,9,-20938.067969327374,20938.067969327374,21048.582474437757,0.9947495511754962,1.0
600,1200.0,moving_symmetric,1068.3934472584967,total,buoyancy,9,0.0,0.0,0.0,,
600,1200.0,moving_symmetric,1068.3934472584967,total,coriolis,9,1183.2510234748536,1183.2510234748536,1183.2510234748536,1.0,1.0
600,1200.0,moving_symmetric,1068.3934472584967,total,external_forcing,9,0.0,0.0,0.0,,
600,1200.0,moving_symmetric,1068.3934472584967,total,guard,9,0.0,0.0,0.0,,
600,1200.0,moving_symmetric,1068.3934472584967,total,initial_bcs,9,0.0,0.0,0.0,,
600,1200.0,moving_symmetric,1068.3934472584967,total,les,9,866.8628356840194,910.2241166444783,2403.5428337599924,0.37870101745620455,0.9523619730926166
600,1200.0,moving_symmetric,1068.3934472584967,total,mask_motion,9,20838.23792001283,23210.16792958302,66502.80039641661,0.3490103843932813,0.8978064261850085
600,1200.0,moving_symmetric,1068.3934472584967,total,predictor_bcs,9,0.0,0.0,0.0,,
600,1200.0,moving_symmetric,1068.3934472584967,total,projection,9,-6.926069825085798e-12,1.4908271150785093e-11,8.742930085957855e-11,0.1705180186071656,0.4645790081917755
600,1200.0,moving_symmetric,1068.3934472584967,total,projection_bcs,9,0.0,0.0,0.0,,
600,1200.0,moving_symmetric,1068.3934472584967,total,surface_drag,9,0.0,0.0,0.0,,
600,1200.0,moving_symmetric,1068.3934472584967,total,transport_microphysics_bcs,9,0.0,0.0,0.0,,
600,1200.0,moving_symmetric,1201.5895783515407,les_label,inferred_muscl_label,9,-1124.1723654084742,2028.6417940788997,6103.745372943736,0.3323601608729165,0.554150253972709
600,1200.0,moving_symmetric,1201.5895783515407,les_label,local_les,9,1062.7941771230567,1178.026200922756,1339.394845759836,0.8795212290476332,0.9021821214931914
600,1200.0,moving_symmetric,1201.5895783515407,les_label,mask_motion,9,-50.51541602757753,1356.7889075071118,2619.7769331481604,0.5179024558692757,0.037231595680120744
600,1200.0,moving_symmetric,1201.5895783515407,total,advection,9,-25129.609902120363,25129.609902120363,25196.464801894574,0.9973466555606172,1.0
600,1200.0,moving_symmetric,1201.5895783515407,total,buoyancy,9,0.0,0.0,0.0,,
600,1200.0,moving_symmetric,1201.5895783515407,total,coriolis,9,1120.8967065080215,1120.8967065080215,1120.8967065080215,1.0,1.0
600,1200.0,moving_symmetric,1201.5895783515407,total,external_forcing,9,0.0,0.0,0.0,,
600,1200.0,moving_symmetric,1201.5895783515407,total,guard,9,0.0,0.0,0.0,,
600,1200.0,moving_symmetric,1201.5895783515407,total,initial_bcs,9,0.0,0.0,0.0,,
600,1200.0,moving_symmetric,1201.5895783515407,total,les,9,1062.7941771230567,1178.026200922756,1339.394845759836,0.8795212290476332,0.9021821214931914
600,1200.0,moving_symmetric,1201.5895783515407,total,mask_motion,9,26129.59131247854,28526.441344809908,73282.05832843865,0.3892691061836567,0.9159779517059372
600,1200.0,moving_symmetric,1201.5895783515407,total,predictor_bcs,9,0.0,0.0,0.0,,
600,1200.0,moving_symmetric,1201.5895783515407,total,projection,9,-1.7689097257279907e-12,2.5006547125974027e-11,7.883921786895273e-11,0.3171841096589788,0.07073786384089163
600,1200.0,moving_symmetric,1201.5895783515407,total,projection_bcs,9,0.0,0.0,0.0,,
600,1200.0,moving_symmetric,1201.5895783515407,total,surface_drag,9,0.0,0.0,0.0,,
600,1200.0,moving_symmetric,1201.5895783515407,total,transport_microphysics_bcs,9,0.0,0.0,0.0,,
600,1200.0,moving_symmetric,1341.445515999237,les_label,inferred_muscl_label,9,-741.4497473221545,1935.4982245096598,4855.5132001643315,0.39861867216098895,0.38307952853327665
600,1200.0,moving_symmetric,1341.445515999237,les_label,local_les,9,685.0289497501191,688.0832927471814,722.2345028947769,0.9527145130692115,0.9955610853667616
600,1200.0,moving_symmetric,1341.445515999237,les_label,mask_motion,9,-184.30493600570725,1694.0338947721448,2840.727198926912,0.5963381120904774,0.1087964866432009
600,1200.0,moving_symmetric,1341.445515999237,total,advection,9,-29887.36979257955,29887.36979257955,29904.228614556414,0.9994362395300623,1.0
600,1200.0,moving_symmetric,1341.445515999237,total,buoyancy,9,0.0,0.0,0.0,,
600,1200.0,moving_symmetric,1341.445515999237,total,coriolis,9,1045.2970264091216,1045.2970264091216,1045.2970264091216,1.0,1.0
600,1200.0,moving_symmetric,1341.445515999237,total,external_forcing,9,0.0,0.0,0.0,,
600,1200.0,moving_symmetric,1341.445515999237,total,guard,9,0.0,0.0,0.0,,
600,1200.0,moving_symmetric,1341.445515999237,total,initial_bcs,9,0.0,0.0,0.0,,
600,1200.0,moving_symmetric,1341.445515999237,total,les,9,685.0289497501191,688.0832927471814,722.2345028947769,0.9527145130692115,0.9955610853667616
600,1200.0,moving_symmetric,1341.445515999237,total,mask_motion,9,33139.90564613131,35556.34352888068,80550.0919343263,0.4414190310033451,0.9320391906781242
600,1200.0,moving_symmetric,1341.445515999237,total,predictor_bcs,9,0.0,0.0,0.0,,
600,1200.0,moving_symmetric,1341.445515999237,total,projection,9,1.2421704290166424e-11,2.377980624912457e-11,9.179180852914026e-11,0.2590624003401722,0.5223635617562576
600,1200.0,moving_symmetric,1341.445515999237,total,projection_bcs,9,0.0,0.0,0.0,,
600,1200.0,moving_symmetric,1341.445515999237,total,surface_drag,9,0.0,0.0,0.0,,
600,1200.0,moving_symmetric,1341.445515999237,total,transport_microphysics_bcs,9,0.0,0.0,0.0,,
600,1200.0,moving_symmetric,1488.294250529318,les_label,inferred_muscl_label,9,-357.0667119031333,1923.6916023340082,3768.708040144068,0.5104379489848915,0.1856153613551702
600,1200.0,moving_symmetric,1488.294250529318,les_label,local_les,9,384.7525369501935,384.7525369501935,423.7518058973401,0.9079667191870452,1.0
600,1200.0,moving_symmetric,1488.294250529318,les_label,mask_motion,9,-491.7964098435511,1762.0362718115764,2866.467257349815,0.6147065755918184,0.2791068593258456
600,1200.0,moving_symmetric,1488.294250529318,total,advection,9,-35064.54125512184,35064.54125512184,35064.54125512184,1.0,1.0
600,1200.0,moving_symmetric,1488.294250529318,total,buoyancy,9,0.0,0.0,0.0,,
600,1200.0,moving_symmetric,1488.294250529318,total,coriolis,9,957.2174968839475,957.2174968839475,957.2174968839475,1.0,1.0
600,1200.0,moving_symmetric,1488.294250529318,total,external_forcing,9,0.0,0.0,0.0,,
600,1200.0,moving_symmetric,1488.294250529318,total,guard,9,0.0,0.0,0.0,,
600,1200.0,moving_symmetric,1488.294250529318,total,initial_bcs,9,0.0,0.0,0.0,,
600,1200.0,moving_symmetric,1488.294250529318,total,les,9,384.7525369501935,384.7525369501935,423.7518058973401,0.9079667191870452,1.0
600,1200.0,moving_symmetric,1488.294250529318,total,mask_motion,9,41730.65704557281,44138.40561678375,88509.56429156059,0.4986851530687329,0.9454500329686719
600,1200.0,moving_symmetric,1488.294250529318,total,predictor_bcs,9,0.0,0.0,0.0,,
600,1200.0,moving_symmetric,1488.294250529318,total,projection,9,-1.5009965926432445e-11,2.5777719802472232e-11,9.492650806033898e-11,0.2715544933569758,0.5822844705214346
600,1200.0,moving_symmetric,1488.294250529318,total,projection_bcs,9,0.0,0.0,0.0,,
600,1200.0,moving_symmetric,1488.294250529318,total,surface_drag,9,0.0,0.0,0.0,,
600,1200.0,moving_symmetric,1488.294250529318,total,transport_microphysics_bcs,9,0.0,0.0,0.0,,
600,1200.0,moving_symmetric,1642.4854217859033,les_label,inferred_muscl_label,9,-6.024475090834126,1642.2162316470374,3207.1859586752553,0.5120427230622334,0.00366850295030391
600,1200.0,moving_symmetric,1642.4854217859033,les_label,local_les,9,240.76217154935838,240.76217154935838,362.55577404085574,0.6640693343977121,1.0
600,1200.0,moving_symmetric,1642.4854217859033,les_label,mask_motion,9,-1152.631156285186,1956.2138477680705,3084.3926647551825,0.6342298340031038,0.5892153138575689
600,1200.0,moving_symmetric,1642.4854217859033,total,advection,9,-40793.76166584814,40793.76166584814,40793.76166584814,1.0,1.0
600,1200.0,moving_symmetric,1642.4854217859033,total,buoyancy,9,0.0,0.0,0.0,,
600,1200.0,moving_symmetric,1642.4854217859033,total,coriolis,9,866.2164625359927,866.2164625359927,866.2164625359927,1.0,1.0
600,1200.0,moving_symmetric,1642.4854217859033,total,external_forcing,9,0.0,0.0,0.0,,
600,1200.0,moving_symmetric,1642.4854217859033,total,guard,9,0.0,0.0,0.0,,
600,1200.0,moving_symmetric,1642.4854217859033,total,initial_bcs,9,0.0,0.0,0.0,,
600,1200.0,moving_symmetric,1642.4854217859033,total,les,9,240.76217154935838,240.76217154935838,362.55577404085574,0.6640693343977121,1.0
600,1200.0,moving_symmetric,1642.4854217859033,total,mask_motion,9,51495.95643000923,53787.3415046765,97028.4462585441,0.5543461075461683,0.957399175892193
600,1200.0,moving_symmetric,1642.4854217859033,total,predictor_bcs,9,0.0,0.0,0.0,,
600,1200.0,moving_symmetric,1642.4854217859033,total,projection,9,-7.797717549787309e-12,1.09397354456503e-11,8.940968083091805e-11,0.12235515599634395,0.712788493700524
600,1200.0,moving_symmetric,1642.4854217859033,total,projection_bcs,9,0.0,0.0,0.0,,
600,1200.0,moving_symmetric,1642.4854217859033,total,surface_drag,9,0.0,0.0,0.0,,
600,1200.0,moving_symmetric,1642.4854217859033,total,transport_microphysics_bcs,9,0.0,0.0,0.0,,
600,1200.0,moving_symmetric,1804.3861516053175,les_label,inferred_muscl_label,9,461.75205378422623,1629.0821446325422,2893.074958096373,0.5630971088645657,0.2834430757869362
600,1200.0,moving_symmetric,1804.3861516053175,les_label,local_les,9,168.15512907109743,172.91497844825,321.29401649880117,0.5381830023868346,0.9724728914761014
600,1200.0,moving_symmetric,1804.3861516053175,les_label,mask_motion,9,-1855.06562554538,2141.856105338143,3433.195983590197,0.6238665417225437,0.8661018921495259
600,1200.0,moving_symmetric,1804.3861516053175,total,advection,9,-45869.5528325927,45869.5528325927,45869.5528325927,1.0,1.0
600,1200.0,moving_symmetric,1804.3861516053175,total,buoyancy,9,0.0,0.0,0.0,,
600,1200.0,moving_symmetric,1804.3861516053175,total,coriolis,9,767.4591395689501,767.4591395689501,767.4591395689501,1.0,1.0
600,1200.0,moving_symmetric,1804.3861516053175,total,external_forcing,9,0.0,0.0,0.0,,
600,1200.0,moving_symmetric,1804.3861516053175,total,guard,9,0.0,0.0,0.0,,
600,1200.0,moving_symmetric,1804.3861516053175,total,initial_bcs,9,0.0,0.0,0.0,,
600,1200.0,moving_symmetric,1804.3861516053175,total,les,9,168.15512907109743,172.91497844825,321.29401649880117,0.5381830023868346,0.9724728914761014
600,1200.0,moving_symmetric,1804.3861516053175,total,mask_motion,9,61795.9601484247,63824.62168175034,105476.99789577494,0.6051046479803815,0.9682150637188077
600,1200.0,moving_symmetric,1804.3861516053175,total,predictor_bcs,9,0.0,0.0,0.0,,
600,1200.0,moving_symmetric,1804.3861516053175,total,projection,9,2.3587642001963354e-11,3.357964922358976e-11,1.1293999564301123e-10,0.2973229194175879,0.702438606338776
600,1200.0,moving_symmetric,1804.3861516053175,total,projection_bcs,9,0.0,0.0,0.0,,
600,1200.0,moving_symmetric,1804.3861516053175,total,surface_drag,9,0.0,0.0,0.0,,
600,1200.0,moving_symmetric,1804.3861516053175,total,transport_microphysics_bcs,9,0.0,0.0,0.0,,
600,1200.0,moving_symmetric,1974.3819179157026,les_label,inferred_muscl_label,9,661.3595893459623,1462.7763908947531,2591.4030591926544,0.5644727421717554,0.4521262398427287
600,1200.0,moving_symmetric,1974.3819179157026,les_label,local_les,9,137.2733636812947,141.88912552741982,288.90721929285763,0.4911235028142047,0.96746923466497
600,1200.0,moving_symmetric,1974.3819179157026,les_label,mask_motion,9,-2374.277006737418,2399.2145526365175,3585.2189438480955,0.6691961049556954,0.9896059542187691
600,1200.0,moving_symmetric,1974.3819179157026,total,advection,9,-50215.23482497337,50215.23482497337,50261.3859324497,0.9990817780564516,1.0
600,1200.0,moving_symmetric,1974.3819179157026,total,buoyancy,9,0.0,0.0,0.0,,
600,1200.0,moving_symmetric,1974.3819179157026,total,coriolis,9,659.7418581277129,659.7418581277129,659.7418581277129,1.0,1.0
600,1200.0,moving_symmetric,1974.3819179157026,total,external_forcing,9,0.0,0.0,0.0,,
600,1200.0,moving_symmetric,1974.3819179157026,total,guard,9,0.0,0.0,0.0,,
600,1200.0,moving_symmetric,1974.3819179157026,total,initial_bcs,9,0.0,0.0,0.0,,
600,1200.0,moving_symmetric,1974.3819179157026,total,les,9,137.2733636812947,141.88912552741982,288.90721929285763,0.4911235028142047,0.96746923466497
600,1200.0,moving_symmetric,1974.3819179157026,total,mask_motion,9,72338.34707192486,73909.50087114144,114168.97821705215,0.6473693819929659,0.9787421944310538
600,1200.0,moving_symmetric,1974.3819179157026,total,predictor_bcs,9,0.0,0.0,0.0,,
600,1200.0,moving_symmetric,1974.3819179157026,total,projection,9,1.3704857561303019e-11,3.7357812156246784e-11,1.3006685572330978e-10,0.2872200757717844,0.3668538592137913
600,1200.0,moving_symmetric,1974.3819179157026,total,projection_bcs,9,0.0,0.0,0.0,,
600,1200.0,moving_symmetric,1974.3819179157026,total,surface_drag,9,0.0,0.0,0.0,,
600,1200.0,moving_symmetric,1974.3819179157026,total,transport_microphysics_bcs,9,0.0,0.0,0.0,,
600,2400.0,fixed_initial,39.88822936505957,les_label,inferred_muscl_label,9,1428.826469284042,4659.226660898781,9656.256444314113,0.48250858785365736,0.30666601418537054
600,2400.0,fixed_initial,39.88822936505957,les_label,local_les,9,-362.25735914119656,619.8311275328732,3715.5301447854504,0.16682171947999758,0.5844452513753174
600,2400.0,fixed_initial,39.88822936505957,les_label,mask_motion,9,0.0,0.0,0.0,,
600,2400.0,fixed_initial,39.88822936505957,total,advection,9,-19814.737058380124,20291.070636717035,84513.42206095303,0.24009287686969588,0.976524965741582
600,2400.0,fixed_initial,39.88822936505957,total,buoyancy,9,0.0,0.0,0.0,,
600,2400.0,fixed_initial,39.88822936505957,total,coriolis,9,455.79412751695287,2063.3377554441513,4030.5151756669848,0.5119290377321808,0.22090136542809455
600,2400.0,fixed_initial,39.88822936505957,total,external_forcing,9,0.0,0.0,0.0,,
600,2400.0,fixed_initial,39.88822936505957,total,guard,9,0.0,0.0,0.0,,
600,2400.0,fixed_initial,39.88822936505957,total,initial_bcs,9,0.0,0.0,0.0,,
600,2400.0,fixed_initial,39.88822936505957,total,les,9,-362.25735914119656,619.8311275328732,3715.5301447854504,0.16682171947999758,0.5844452513753174
600,2400.0,fixed_initial,39.88822936505957,total,mask_motion,9,0.0,0.0,0.0,,
600,2400.0,fixed_initial,39.88822936505957,total,predictor_bcs,9,0.0,0.0,0.0,,
600,2400.0,fixed_initial,39.88822936505957,total,projection,9,1.5761775429756417e-11,4.255369860195306e-11,4.4174945073986206e-10,0.0963299411706844,0.37039730852051034
600,2400.0,fixed_initial,39.88822936505957,total,projection_bcs,9,0.0,0.0,0.0,,
600,2400.0,fixed_initial,39.88822936505957,total,surface_drag,9,-1810.8653238119064,1996.347643188632,4229.103152920817,0.4720498817367131,0.9070891685576029
600,2400.0,fixed_initial,39.88822936505957,total,transport_microphysics_bcs,9,0.0,0.0,0.0,,
600,2400.0,fixed_initial,121.65909956343168,les_label,inferred_muscl_label,9,-1927.7030326194142,7602.847307169759,24625.570100284505,0.30873792063323324,0.2535501444046523
600,2400.0,fixed_initial,121.65909956343168,les_label,local_les,9,1654.3430717182898,3208.7803009575237,22704.07217353034,0.14133060696919808,0.5155675728951034
600,2400.0,fixed_initial,121.65909956343168,les_label,mask_motion,9,0.0,0.0,0.0,,
600,2400.0,fixed_initial,121.65909956343168,total,advection,9,-32921.67179089273,32921.67179089273,98276.46262104514,0.33499040271564284,1.0
600,2400.0,fixed_initial,121.65909956343168,total,buoyancy,9,0.0,0.0,0.0,,
600,2400.0,fixed_initial,121.65909956343168,total,coriolis,9,640.8802671195376,1992.846759879936,3943.456813769036,0.5053552895321893,0.32159034002100045
600,2400.0,fixed_initial,121.65909956343168,total,external_forcing,9,0.0,0.0,0.0,,
600,2400.0,fixed_initial,121.65909956343168,total,guard,9,0.0,0.0,0.0,,
600,2400.0,fixed_initial,121.65909956343168,total,initial_bcs,9,0.0,0.0,0.0,,
600,2400.0,fixed_initial,121.65909956343168,total,les,9,1654.3430717182898,3208.7803009575237,22704.07217353034,0.14133060696919808,0.5155675728951034
600,2400.0,fixed_initial,121.65909956343168,total,mask_motion,9,0.0,0.0,0.0,,
600,2400.0,fixed_initial,121.65909956343168,total,predictor_bcs,9,0.0,0.0,0.0,,
600,2400.0,fixed_initial,121.65909956343168,total,projection,9,-5.714270609425906e-12,3.878169148124021e-11,4.002070586549538e-10,0.09690406663885603,0.14734454303495398
600,2400.0,fixed_initial,121.65909956343168,total,projection_bcs,9,0.0,0.0,0.0,,
600,2400.0,fixed_initial,121.65909956343168,total,surface_drag,9,-1099.1181545858728,1557.1551826347597,4403.398778815281,0.3536257470311846,0.7058501084818839
600,2400.0,fixed_initial,121.65909956343168,total,transport_microphysics_bcs,9,0.0,0.0,0.0,,
600,2400.0,fixed_initial,207.51851327172238,les_label,inferred_muscl_label,9,-2199.5057554080067,8112.167679927562,17121.496816026345,0.4738001453432668,0.2711366236733962
600,2400.0,fixed_initial,207.51851327172238,les_label,local_les,9,2832.9149688069892,4575.468319565772,15851.83019525686,0.28863975094401595,0.619153007068759
600,2400.0,fixed_initial,207.51851327172238,les_label,mask_motion,9,0.0,0.0,0.0,,
600,2400.0,fixed_initial,207.51851327172238,total,advection,9,-46463.53665795836,46463.53665795836,112243.96131952197,0.4139513263051347,1.0
600,2400.0,fixed_initial,207.51851327172238,total,buoyancy,9,0.0,0.0,0.0,,
600,2400.0,fixed_initial,207.51851327172238,total,coriolis,9,806.876661436134,1891.7282035423318,3865.8964327622116,0.48933752790440843,0.4265288533126626
600,2400.0,fixed_initial,207.51851327172238,total,external_forcing,9,0.0,0.0,0.0,,
600,2400.0,fixed_initial,207.51851327172238,total,guard,9,0.0,0.0,0.0,,
600,2400.0,fixed_initial,207.51851327172238,total,initial_bcs,9,0.0,0.0,0.0,,
600,2400.0,fixed_initial,207.51851327172238,total,les,9,2832.9149688069892,4575.468319565772,15851.83019525686,0.28863975094401595,0.619153007068759
600,2400.0,fixed_initial,207.51851327172238,total,mask_motion,9,0.0,0.0,0.0,,
600,2400.0,fixed_initial,207.51851327172238,total,predictor_bcs,9,0.0,0.0,0.0,,
600,2400.0,fixed_initial,207.51851327172238,total,projection,9,8.223554893689936e-12,2.670974403565403e-11,3.807307557602852e-10,0.07015389125135704,0.30788594913948114
600,2400.0,fixed_initial,207.51851327172238,total,projection_bcs,9,0.0,0.0,0.0,,
600,2400.0,fixed_initial,207.51851327172238,total,surface_drag,9,0.0,0.0,0.0,,
600,2400.0,fixed_initial,207.51851327172238,total,transport_microphysics_bcs,9,0.0,0.0,0.0,,
600,2400.0,fixed_initial,297.6708976654277,les_label,inferred_muscl_label,9,-5076.785783746964,8274.530644195747,14739.661083550458,0.5613786231102809,0.6135436560752997
600,2400.0,fixed_initial,297.6708976654277,les_label,local_les,9,8771.198403954715,9702.404236745882,15658.48098996053,0.6196261465570384,0.9040231874420966
600,2400.0,fixed_initial,297.6708976654277,les_label,mask_motion,9,0.0,0.0,0.0,,
600,2400.0,fixed_initial,297.6708976654277,total,advection,9,-63376.20499231873,63376.20499231873,116316.51621620587,0.5448598965474243,1.0
600,2400.0,fixed_initial,297.6708976654277,total,buoyancy,9,0.0,0.0,0.0,,
600,2400.0,fixed_initial,297.6708976654277,total,coriolis,9,1043.3154601706485,1900.8313095952599,3691.897154632391,0.5148657262053469,0.5488732508266604
600,2400.0,fixed_initial,297.6708976654277,total,external_forcing,9,0.0,0.0,0.0,,
600,2400.0,fixed_initial,297.6708976654277,total,guard,9,0.0,0.0,0.0,,
600,2400.0,fixed_initial,297.6708976654277,total,initial_bcs,9,0.0,0.0,0.0,,
600,2400.0,fixed_initial,297.6708976654277,total,les,9,8771.198403954715,9702.404236745882,15658.48098996053,0.6196261465570384,0.9040231874420966
600,2400.0,fixed_initial,297.6708976654277,total,mask_motion,9,0.0,0.0,0.0,,
600,2400.0,fixed_initial,297.6708976654277,total,predictor_bcs,9,0.0,0.0,0.0,,
600,2400.0,fixed_initial,297.6708976654277,total,projection,9,1.2769974591924239e-12,2.7636222320613678e-11,3.0239614294658265e-10,0.09139078974792192,0.04620738118175869
600,2400.0,fixed_initial,297.6708976654277,total,projection_bcs,9,0.0,0.0,0.0,,
600,2400.0,fixed_initial,297.6708976654277,total,surface_drag,9,0.0,0.0,0.0,,
600,2400.0,fixed_initial,297.6708976654277,total,transport_microphysics_bcs,9,0.0,0.0,0.0,,
600,2400.0,fixed_initial,392.33090127881815,les_label,inferred_muscl_label,9,-4863.6608231106375,6424.973865330156,17172.4005206037,0.3741453536225979,0.7569930905642231
600,2400.0,fixed_initial,392.33090127881815,les_label,local_les,9,9708.03454674341,10657.281093824193,17406.28353238237,0.6122663160115459,0.9109297635368873
600,2400.0,fixed_initial,392.33090127881815,les_label,mask_motion,9,0.0,0.0,0.0,,
600,2400.0,fixed_initial,392.33090127881815,total,advection,9,-76681.89074363987,76681.89074363987,118177.83259571638,0.6488686504005099,1.0
600,2400.0,fixed_initial,392.33090127881815,total,buoyancy,9,0.0,0.0,0.0,,
600,2400.0,fixed_initial,392.33090127881815,total,coriolis,9,1262.8022756386354,1944.2018814146418,3559.3395758964534,0.5462254555818761,0.6495221960796551
600,2400.0,fixed_initial,392.33090127881815,total,external_forcing,9,0.0,0.0,0.0,,
600,2400.0,fixed_initial,392.33090127881815,total,guard,9,0.0,0.0,0.0,,
600,2400.0,fixed_initial,392.33090127881815,total,initial_bcs,9,0.0,0.0,0.0,,
600,2400.0,fixed_initial,392.33090127881815,total,les,9,9708.03454674341,10657.281093824193,17406.28353238237,0.6122663160115459,0.9109297635368873
600,2400.0,fixed_initial,392.33090127881815,total,mask_motion,9,0.0,0.0,0.0,,
600,2400.0,fixed_initial,392.33090127881815,total,predictor_bcs,9,0.0,0.0,0.0,,
600,2400.0,fixed_initial,392.33090127881815,total,projection,9,1.897247922731226e-11,2.7171487106190766e-11,2.9031380875948077e-10,0.09359350566993457,0.6982495714409963
600,2400.0,fixed_initial,392.33090127881815,total,projection_bcs,9,0.0,0.0,0.0,,
600,2400.0,fixed_initial,392.33090127881815,total,surface_drag,9,0.0,0.0,0.0,,
600,2400.0,fixed_initial,392.33090127881815,total,transport_microphysics_bcs,9,0.0,0.0,0.0,,
600,2400.0,fixed_initial,491.72390507287827,les_label,inferred_muscl_label,9,-2927.4218676114933,4944.770982948131,15877.906231577079,0.31142462430684037,0.5920237514955909
600,2400.0,fixed_initial,491.72390507287827,les_label,local_les,9,7546.12886439824,9388.837600869252,15674.82585238647,0.5989755605125153,0.8037340920349493
600,2400.0,fixed_initial,491.72390507287827,les_label,mask_motion,9,0.0,0.0,0.0,,
600,2400.0,fixed_initial,491.72390507287827,total,advection,9,-87025.62956932379,87025.62956932379,125369.92166573252,0.6941507852366362,1.0
600,2400.0,fixed_initial,491.72390507287827,total,buoyancy,9,0.0,0.0,0.0,,
600,2400.0,fixed_initial,491.72390507287827,total,coriolis,9,1436.8063276117832,1974.762427783088,3488.4200524064704,0.5660907798132875,0.7275843956707105
600,2400.0,fixed_initial,491.72390507287827,total,external_forcing,9,0.0,0.0,0.0,,
600,2400.0,fixed_initial,491.72390507287827,total,guard,9,0.0,0.0,0.0,,
600,2400.0,fixed_initial,491.72390507287827,total,initial_bcs,9,0.0,0.0,0.0,,
600,2400.0,fixed_initial,491.72390507287827,total,les,9,7546.12886439824,9388.837600869252,15674.82585238647,0.5989755605125153,0.8037340920349493
600,2400.0,fixed_initial,491.72390507287827,total,mask_motion,9,0.0,0.0,0.0,,
600,2400.0,fixed_initial,491.72390507287827,total,predictor_bcs,9,0.0,0.0,0.0,,
600,2400.0,fixed_initial,491.72390507287827,total,projection,9,-1.6151840454714126e-11,1.9811022786852704e-11,2.5603380728411273e-10,0.07737658943168013,0.815295637610041
600,2400.0,fixed_initial,491.72390507287827,total,projection_bcs,9,0.0,0.0,0.0,,
600,2400.0,fixed_initial,491.72390507287827,total,surface_drag,9,0.0,0.0,0.0,,
600,2400.0,fixed_initial,491.72390507287827,total,transport_microphysics_bcs,9,0.0,0.0,0.0,,
600,2400.0,fixed_initial,596.0865590566414,les_label,inferred_muscl_label,9,2344.717881694075,3810.8481997073973,13102.34827492744,0.29085230523140715,0.6152745422591501
600,2400.0,fixed_initial,596.0865590566414,les_label,local_les,9,1751.5107216344,6449.17108202383,11746.687323619419,0.5490204092737097,0.2715869527041224
600,2400.0,fixed_initial,596.0865590566414,les_label,mask_motion,9,0.0,0.0,0.0,,
600,2400.0,fixed_initial,596.0865590566414,total,advection,9,-94367.35375307829,94367.35375307829,137625.73180672925,0.6856810315501202,1.0
600,2400.0,fixed_initial,596.0865590566414,total,buoyancy,9,0.0,0.0,0.0,,
600,2400.0,fixed_initial,596.0865590566414,total,coriolis,9,1557.0513801612422,1989.201591129765,3477.2600410406435,0.5720600609825126,0.7827519277605828
600,2400.0,fixed_initial,596.0865590566414,total,external_forcing,9,0.0,0.0,0.0,,
600,2400.0,fixed_initial,596.0865590566414,total,guard,9,0.0,0.0,0.0,,
600,2400.0,fixed_initial,596.0865590566414,total,initial_bcs,9,0.0,0.0,0.0,,
600,2400.0,fixed_initial,596.0865590566414,total,les,9,1751.5107216344,6449.17108202383,11746.687323619419,0.5490204092737097,0.2715869527041224
600,2400.0,fixed_initial,596.0865590566414,total,mask_motion,9,0.0,0.0,0.0,,
600,2400.0,fixed_initial,596.0865590566414,total,predictor_bcs,9,0.0,0.0,0.0,,
600,2400.0,fixed_initial,596.0865590566414,total,projection,9,1.2284227666453499e-11,1.686613381001302e-11,2.6848264098078853e-10,0.06282020226112082,0.7283369030999058
600,2400.0,fixed_initial,596.0865590566414,total,projection_bcs,9,0.0,0.0,0.0,,
600,2400.0,fixed_initial,596.0865590566414,total,surface_drag,9,0.0,0.0,0.0,,
600,2400.0,fixed_initial,596.0865590566414,total,transport_microphysics_bcs,9,0.0,0.0,0.0,,
600,2400.0,fixed_initial,705.6673457395926,les_label,inferred_muscl_label,9,3114.9615211028354,5297.776825991705,13208.45247681924,0.4010898956777316,0.5879752249699075
600,2400.0,fixed_initial,705.6673457395926,les_label,local_les,9,1021.2048184692485,5645.969032239149,11160.56168110293,0.5058857424531694,0.18087325889285763
600,2400.0,fixed_initial,705.6673457395926,les_label,mask_motion,9,0.0,0.0,0.0,,
600,2400.0,fixed_initial,705.6673457395926,total,advection,9,-103370.56828408777,103370.56828408777,155642.56992847423,0.6641535688571055,1.0
600,2400.0,fixed_initial,705.6673457395926,total,buoyancy,9,0.0,0.0,0.0,,
600,2400.0,fixed_initial,705.6673457395926,total,coriolis,9,1667.0334447672644,1971.5406114333516,3487.088967085311,0.5653829397651609,0.8455486207587152
600,2400.0,fixed_initial,705.6673457395926,total,external_forcing,9,0.0,0.0,0.0,,
600,2400.0,fixed_initial,705.6673457395926,total,guard,9,0.0,0.0,0.0,,
600,2400.0,fixed_initial,705.6673457395926,total,initial_bcs,9,0.0,0.0,0.0,,
600,2400.0,fixed_initial,705.6673457395926,total,les,9,1021.2048184692485,5645.969032239149,11160.56168110293,0.5058857424531694,0.18087325889285763
600,2400.0,fixed_initial,705.6673457395926,total,mask_motion,9,0.0,0.0,0.0,,
600,2400.0,fixed_initial,705.6673457395926,total,predictor_bcs,9,0.0,0.0,0.0,,
600,2400.0,fixed_initial,705.6673457395926,total,projection,9,-2.0894693446163806e-12,2.621308626703147e-11,2.9546791954022846e-10,0.08871719917282768,0.07971092466301202
600,2400.0,fixed_initial,705.6673457395926,total,projection_bcs,9,0.0,0.0,0.0,,
600,2400.0,fixed_initial,705.6673457395926,total,surface_drag,9,0.0,0.0,0.0,,
600,2400.0,fixed_initial,705.6673457395926,total,transport_microphysics_bcs,9,0.0,0.0,0.0,,
600,2400.0,fixed_initial,820.7271717566915,les_label,inferred_muscl_label,9,-195.44645686669793,5729.696686362963,14544.918399791579,0.39393116749593227,0.03411113494574202
600,2400.0,fixed_initial,820.7271717566915,les_label,local_les,9,4556.615099502578,6520.457077524704,12201.208744020363,0.534410746863116,0.6988183566469178
600,2400.0,fixed_initial,820.7271717566915,les_label,mask_motion,9,0.0,0.0,0.0,,
600,2400.0,fixed_initial,820.7271717566915,total,advection,9,-113711.59773162342,113711.59773162342,173554.85007805083,0.6551911264968119,1.0
600,2400.0,fixed_initial,820.7271717566915,total,buoyancy,9,0.0,0.0,0.0,,
600,2400.0,fixed_initial,820.7271717566915,total,coriolis,9,1777.3636422846532,1983.9453951425344,3497.7563783164164,0.5672051396837053,0.8958732667926883
600,2400.0,fixed_initial,820.7271717566915,total,external_forcing,9,0.0,0.0,0.0,,
600,2400.0,fixed_initial,820.7271717566915,total,guard,9,0.0,0.0,0.0,,
600,2400.0,fixed_initial,820.7271717566915,total,initial_bcs,9,0.0,0.0,0.0,,
600,2400.0,fixed_initial,820.7271717566915,total,les,9,4556.615099502578,6520.457077524704,12201.208744020363,0.534410746863116,0.6988183566469178
600,2400.0,fixed_initial,820.7271717566915,total,mask_motion,9,0.0,0.0,0.0,,
600,2400.0,fixed_initial,820.7271717566915,total,predictor_bcs,9,0.0,0.0,0.0,,
600,2400.0,fixed_initial,820.7271717566915,total,projection,9,-2.3340628136302687e-12,6.620752987599723e-11,3.446674174705151e-10,0.19209106088962127,0.035253736516100656
600,2400.0,fixed_initial,820.7271717566915,total,projection_bcs,9,0.0,0.0,0.0,,
600,2400.0,fixed_initial,820.7271717566915,total,surface_drag,9,0.0,0.0,0.0,,
600,2400.0,fixed_initial,820.7271717566915,total,transport_microphysics_bcs,9,0.0,0.0,0.0,,
600,2400.0,fixed_initial,941.5399890746453,les_label,inferred_muscl_label,9,-3055.4580525528354,5748.868850688219,16488.125744887147,0.3486672129772484,0.5314885644307323
600,2400.0,fixed_initial,941.5399890746453,les_label,local_les,9,6705.559186597401,6705.559186597401,11956.259228467867,0.5608409000225971,1.0
600,2400.0,fixed_initial,941.5399890746453,les_label,mask_motion,9,0.0,0.0,0.0,,
600,2400.0,fixed_initial,941.5399890746453,total,advection,9,-122130.31370728389,122130.31370728389,193807.66741302877,0.6301624457767642,1.0
600,2400.0,fixed_initial,941.5399890746453,total,buoyancy,9,0.0,0.0,0.0,,
600,2400.0,fixed_initial,941.5399890746453,total,coriolis,9,1896.8715470938018,1964.5589605567066,3406.1452109457496,0.5767689980578449,0.9655457459807041
600,2400.0,fixed_initial,941.5399890746453,total,external_forcing,9,0.0,0.0,0.0,,
600,2400.0,fixed_initial,941.5399890746453,total,guard,9,0.0,0.0,0.0,,
600,2400.0,fixed_initial,941.5399890746453,total,initial_bcs,9,0.0,0.0,0.0,,
600,2400.0,fixed_initial,941.5399890746453,total,les,9,6705.559186597401,6705.559186597401,11956.259228467867,0.5608409000225971,1.0
600,2400.0,fixed_initial,941.5399890746453,total,mask_motion,9,0.0,0.0,0.0,,
600,2400.0,fixed_initial,941.5399890746453,total,predictor_bcs,9,0.0,0.0,0.0,,
600,2400.0,fixed_initial,941.5399890746453,total,projection,9,-1.266900402944679e-11,4.129844659609902e-11,3.4731068119121106e-10,0.11890923266296627,0.3067670838409569
600,2400.0,fixed_initial,941.5399890746453,total,projection_bcs,9,0.0,0.0,0.0,,
600,2400.0,fixed_initial,941.5399890746453,total,surface_drag,9,0.0,0.0,0.0,,
600,2400.0,fixed_initial,941.5399890746453,total,transport_microphysics_bcs,9,0.0,0.0,0.0,,
600,2400.0,fixed_initial,1068.3934472584967,les_label,inferred_muscl_label,9,-1199.2800181893858,8087.157118250642,16376.936287747587,0.4938137986346722,0.14829438833121197
600,2400.0,fixed_initial,1068.3934472584967,les_label,local_les,9,4127.2110739819855,4127.2110739819855,7175.978585933186,0.5751426128935794,1.0
600,2400.0,fixed_initial,1068.3934472584967,les_label,mask_motion,9,0.0,0.0,0.0,,
600,2400.0,fixed_initial,1068.3934472584967,total,advection,9,-123939.48993139091,123939.48993139091,214460.93192284793,0.5779117381434209,1.0
600,2400.0,fixed_initial,1068.3934472584967,total,buoyancy,9,0.0,0.0,0.0,,
600,2400.0,fixed_initial,1068.3934472584967,total,coriolis,9,2047.4639879051347,2047.4639879051347,3181.351757195521,0.6435830251320747,1.0
600,2400.0,fixed_initial,1068.3934472584967,total,external_forcing,9,0.0,0.0,0.0,,
600,2400.0,fixed_initial,1068.3934472584967,total,guard,9,0.0,0.0,0.0,,
600,2400.0,fixed_initial,1068.3934472584967,total,initial_bcs,9,0.0,0.0,0.0,,
600,2400.0,fixed_initial,1068.3934472584967,total,les,9,4127.2110739819855,4127.2110739819855,7175.978585933186,0.5751426128935794,1.0
600,2400.0,fixed_initial,1068.3934472584967,total,mask_motion,9,0.0,0.0,0.0,,
600,2400.0,fixed_initial,1068.3934472584967,total,predictor_bcs,9,0.0,0.0,0.0,,
600,2400.0,fixed_initial,1068.3934472584967,total,projection,9,-3.6369527994708356e-11,8.412429688400488e-11,3.7033090217455586e-10,0.22715980867389998,0.4323308406946524
600,2400.0,fixed_initial,1068.3934472584967,total,projection_bcs,9,0.0,0.0,0.0,,
600,2400.0,fixed_initial,1068.3934472584967,total,surface_drag,9,0.0,0.0,0.0,,
600,2400.0,fixed_initial,1068.3934472584967,total,transport_microphysics_bcs,9,0.0,0.0,0.0,,
600,2400.0,fixed_initial,1201.5895783515407,les_label,inferred_muscl_label,9,1545.344991332646,8562.314938086516,17387.797856684545,0.4924323947552007,0.18048214793626777
600,2400.0,fixed_initial,1201.5895783515407,les_label,local_les,9,2045.7622232150597,2045.7622232150597,3562.09794042779,0.574313861501903,1.0
600,2400.0,fixed_initial,1201.5895783515407,les_label,mask_motion,9,0.0,0.0,0.0,,
600,2400.0,fixed_initial,1201.5895783515407,total,advection,9,-123402.03154203664,123402.03154203664,229011.94699985135,0.5388453884552876,1.0
600,2400.0,fixed_initial,1201.5895783515407,total,buoyancy,9,0.0,0.0,0.0,,
600,2400.0,fixed_initial,1201.5895783515407,total,coriolis,9,2243.4542231328933,2243.4542231328933,2905.5698880117707,0.7721219277461775,1.0
600,2400.0,fixed_initial,1201.5895783515407,total,external_forcing,9,0.0,0.0,0.0,,
600,2400.0,fixed_initial,1201.5895783515407,total,guard,9,0.0,0.0,0.0,,
600,2400.0,fixed_initial,1201.5895783515407,total,initial_bcs,9,0.0,0.0,0.0,,
600,2400.0,fixed_initial,1201.5895783515407,total,les,9,2045.7622232150597,2045.7622232150597,3562.09794042779,0.574313861501903,1.0
600,2400.0,fixed_initial,1201.5895783515407,total,mask_motion,9,0.0,0.0,0.0,,
600,2400.0,fixed_initial,1201.5895783515407,total,predictor_bcs,9,0.0,0.0,0.0,,
600,2400.0,fixed_initial,1201.5895783515407,total,projection,9,-6.7170009178797556e-12,7.791554114546613e-11,4.3162407394552573e-10,0.18051713481417087,0.08620874371313553
600,2400.0,fixed_initial,1201.5895783515407,total,projection_bcs,9,0.0,0.0,0.0,,
600,2400.0,fixed_initial,1201.5895783515407,total,surface_drag,9,0.0,0.0,0.0,,
600,2400.0,fixed_initial,1201.5895783515407,total,transport_microphysics_bcs,9,0.0,0.0,0.0,,
600,2400.0,fixed_initial,1341.445515999237,les_label,inferred_muscl_label,9,3431.0248386827093,8353.43471198983,16522.992998929672,0.5055642590014382,0.4107322265604231
600,2400.0,fixed_initial,1341.445515999237,les_label,local_les,9,878.2191761081098,878.2191761081098,1568.9877244554636,0.5597361677338212,1.0
600,2400.0,fixed_initial,1341.445515999237,les_label,mask_motion,9,0.0,0.0,0.0,,
600,2400.0,fixed_initial,1341.445515999237,total,advection,9,-122656.6838350917,122656.6838350917,238842.16605094212,0.5135470250631143,1.0
600,2400.0,fixed_initial,1341.445515999237,total,buoyancy,9,0.0,0.0,0.0,,
600,2400.0,fixed_initial,1341.445515999237,total,coriolis,9,2451.395025185889,2451.395025185889,2704.46980176843,0.9064235154642668,1.0
600,2400.0,fixed_initial,1341.445515999237,total,external_forcing,9,0.0,0.0,0.0,,
600,2400.0,fixed_initial,1341.445515999237,total,guard,9,0.0,0.0,0.0,,
600,2400.0,fixed_initial,1341.445515999237,total,initial_bcs,9,0.0,0.0,0.0,,
600,2400.0,fixed_initial,1341.445515999237,total,les,9,878.2191761081098,878.2191761081098,1568.9877244554636,0.5597361677338212,1.0
600,2400.0,fixed_initial,1341.445515999237,total,mask_motion,9,0.0,0.0,0.0,,
600,2400.0,fixed_initial,1341.445515999237,total,predictor_bcs,9,0.0,0.0,0.0,,
600,2400.0,fixed_initial,1341.445515999237,total,projection,9,4.088023254872168e-11,9.595580555718346e-11,4.46500289134422e-10,0.2149064802246865,0.42603188323357577
600,2400.0,fixed_initial,1341.445515999237,total,projection_bcs,9,0.0,0.0,0.0,,
600,2400.0,fixed_initial,1341.445515999237,total,surface_drag,9,0.0,0.0,0.0,,
600,2400.0,fixed_initial,1341.445515999237,total,transport_microphysics_bcs,9,0.0,0.0,0.0,,
600,2400.0,fixed_initial,1488.294250529318,les_label,inferred_muscl_label,9,3416.778596633714,7319.045662932641,15043.968900781438,0.4865102893527295,0.46683389529020347
600,2400.0,fixed_initial,1488.294250529318,les_label,local_les,9,366.2766805528155,388.80798978820826,1125.2742789756137,0.3455228623390887,0.9420502926195883
600,2400.0,fixed_initial,1488.294250529318,les_label,mask_motion,9,0.0,0.0,0.0,,
600,2400.0,fixed_initial,1488.294250529318,total,advection,9,-120870.45026681463,120870.45026681463,243357.38456802318,0.49667878573468544,1.0
600,2400.0,fixed_initial,1488.294250529318,total,buoyancy,9,0.0,0.0,0.0,,
600,2400.0,fixed_initial,1488.294250529318,total,coriolis,9,2624.509337533149,2624.509337533149,2688.2003942984375,0.9763071767639144,1.0
600,2400.0,fixed_initial,1488.294250529318,total,external_forcing,9,0.0,0.0,0.0,,
600,2400.0,fixed_initial,1488.294250529318,total,guard,9,0.0,0.0,0.0,,
600,2400.0,fixed_initial,1488.294250529318,total,initial_bcs,9,0.0,0.0,0.0,,
600,2400.0,fixed_initial,1488.294250529318,total,les,9,366.2766805528155,388.80798978820826,1125.2742789756137,0.3455228623390887,0.9420502926195883
600,2400.0,fixed_initial,1488.294250529318,total,mask_motion,9,0.0,0.0,0.0,,
600,2400.0,fixed_initial,1488.294250529318,total,predictor_bcs,9,0.0,0.0,0.0,,
600,2400.0,fixed_initial,1488.294250529318,total,projection,9,1.4267933300902156e-11,6.235965189661644e-11,4.711820647701774e-10,0.13234725291811103,0.2288007207698399
600,2400.0,fixed_initial,1488.294250529318,total,projection_bcs,9,0.0,0.0,0.0,,
600,2400.0,fixed_initial,1488.294250529318,total,surface_drag,9,0.0,0.0,0.0,,
600,2400.0,fixed_initial,1488.294250529318,total,transport_microphysics_bcs,9,0.0,0.0,0.0,,
600,2400.0,fixed_initial,1642.4854217859033,les_label,inferred_muscl_label,9,2940.269463239464,6268.64527814071,14000.873860367225,0.4477324301796325,0.4690438416562554
600,2400.0,fixed_initial,1642.4854217859033,les_label,local_les,9,87.4627830740167,334.581628272156,986.5314191510743,0.3391494906062584,0.26140940112489547
600,2400.0,fixed_initial,1642.4854217859033,les_label,mask_motion,9,0.0,0.0,0.0,,
600,2400.0,fixed_initial,1642.4854217859033,total,advection,9,-117354.47422982819,117354.47422982819,251586.60390711253,0.46645756334926425,1.0
600,2400.0,fixed_initial,1642.4854217859033,total,buoyancy,9,0.0,0.0,0.0,,
600,2400.0,fixed_initial,1642.4854217859033,total,coriolis,9,2728.8100521692745,2728.8100521692745,2744.3135971972592,0.9943506656659726,1.0
600,2400.0,fixed_initial,1642.4854217859033,total,external_forcing,9,0.0,0.0,0.0,,
600,2400.0,fixed_initial,1642.4854217859033,total,guard,9,0.0,0.0,0.0,,
600,2400.0,fixed_initial,1642.4854217859033,total,initial_bcs,9,0.0,0.0,0.0,,
600,2400.0,fixed_initial,1642.4854217859033,total,les,9,87.4627830740167,334.581628272156,986.5314191510743,0.3391494906062584,0.26140940112489547
600,2400.0,fixed_initial,1642.4854217859033,total,mask_motion,9,0.0,0.0,0.0,,
600,2400.0,fixed_initial,1642.4854217859033,total,predictor_bcs,9,0.0,0.0,0.0,,
600,2400.0,fixed_initial,1642.4854217859033,total,projection,9,-2.2934458897435304e-11,3.1200704251666857e-11,4.868256219290679e-10,0.06409010299834404,0.7350622188667444
600,2400.0,fixed_initial,1642.4854217859033,total,projection_bcs,9,0.0,0.0,0.0,,
600,2400.0,fixed_initial,1642.4854217859033,total,surface_drag,9,0.0,0.0,0.0,,
600,2400.0,fixed_initial,1642.4854217859033,total,transport_microphysics_bcs,9,0.0,0.0,0.0,,
600,2400.0,fixed_initial,1804.3861516053175,les_label,inferred_muscl_label,9,2389.7369581011403,4892.769364514583,13253.820322497379,0.36915917414464033,0.48842215523850446
600,2400.0,fixed_initial,1804.3861516053175,les_label,local_les,9,119.77694280723193,314.20865724497787,1105.8231356199726,0.28414006464860114,0.38120191804214326
600,2400.0,fixed_initial,1804.3861516053175,les_label,mask_motion,9,0.0,0.0,0.0,,
600,2400.0,fixed_initial,1804.3861516053175,total,advection,9,-113998.97717157705,113998.97717157705,252383.1134658948,0.45169019276316213,1.0
600,2400.0,fixed_initial,1804.3861516053175,total,buoyancy,9,0.0,0.0,0.0,,
600,2400.0,fixed_initial,1804.3861516053175,total,coriolis,9,2763.9899064916694,2763.9899064916694,2771.4427530085177,0.9973108423369893,1.0
600,2400.0,fixed_initial,1804.3861516053175,total,external_forcing,9,0.0,0.0,0.0,,
600,2400.0,fixed_initial,1804.3861516053175,total,guard,9,0.0,0.0,0.0,,
600,2400.0,fixed_initial,1804.3861516053175,total,initial_bcs,9,0.0,0.0,0.0,,
600,2400.0,fixed_initial,1804.3861516053175,total,les,9,119.77694280723193,314.20865724497787,1105.8231356199726,0.28414006464860114,0.38120191804214326
600,2400.0,fixed_initial,1804.3861516053175,total,mask_motion,9,0.0,0.0,0.0,,
600,2400.0,fixed_initial,1804.3861516053175,total,predictor_bcs,9,0.0,0.0,0.0,,
600,2400.0,fixed_initial,1804.3861516053175,total,projection,9,3.052372693285925e-11,7.610578007948325e-11,5.242141845576736e-10,0.1451806958327549,0.40106975976044035
600,2400.0,fixed_initial,1804.3861516053175,total,projection_bcs,9,0.0,0.0,0.0,,
600,2400.0,fixed_initial,1804.3861516053175,total,surface_drag,9,0.0,0.0,0.0,,
600,2400.0,fixed_initial,1804.3861516053175,total,transport_microphysics_bcs,9,0.0,0.0,0.0,,
600,2400.0,fixed_initial,1974.3819179157026,les_label,inferred_muscl_label,9,1450.8067309679116,3604.0183875429634,13170.08296007312,0.2736519123280416,0.40255253302328403
600,2400.0,fixed_initial,1974.3819179157026,les_label,local_les,9,473.99554176969434,630.9150810560433,1865.8091916734213,0.3381455530777953,0.7512826305820862
600,2400.0,fixed_initial,1974.3819179157026,les_label,mask_motion,9,0.0,0.0,0.0,,
600,2400.0,fixed_initial,1974.3819179157026,total,advection,9,-111846.67050352143,111846.67050352143,251083.5785441735,0.4454559360354348,1.0
600,2400.0,fixed_initial,1974.3819179157026,total,buoyancy,9,0.0,0.0,0.0,,
600,2400.0,fixed_initial,1974.3819179157026,total,coriolis,9,2719.3791979304433,2719.3791979304433,2724.3491522724225,0.9981757278292198,1.0
600,2400.0,fixed_initial,1974.3819179157026,total,external_forcing,9,0.0,0.0,0.0,,
600,2400.0,fixed_initial,1974.3819179157026,total,guard,9,0.0,0.0,0.0,,
600,2400.0,fixed_initial,1974.3819179157026,total,initial_bcs,9,0.0,0.0,0.0,,
600,2400.0,fixed_initial,1974.3819179157026,total,les,9,473.99554176969434,630.9150810560433,1865.8091916734213,0.3381455530777953,0.7512826305820862
600,2400.0,fixed_initial,1974.3819179157026,total,mask_motion,9,0.0,0.0,0.0,,
600,2400.0,fixed_initial,1974.3819179157026,total,predictor_bcs,9,0.0,0.0,0.0,,
600,2400.0,fixed_initial,1974.3819179157026,total,projection,9,-4.698085182604922e-12,1.1681360224816487e-10,5.432144602299412e-10,0.21504140776870703,0.04021864827543
600,2400.0,fixed_initial,1974.3819179157026,total,projection_bcs,9,0.0,0.0,0.0,,
600,2400.0,fixed_initial,1974.3819179157026,total,surface_drag,9,0.0,0.0,0.0,,
600,2400.0,fixed_initial,1974.3819179157026,total,transport_microphysics_bcs,9,0.0,0.0,0.0,,
600,2400.0,moving_end,39.88822936505957,les_label,inferred_muscl_label,9,-924.3238902796737,1966.9073856561004,6771.0772902389135,0.29048662440931894,0.46993767831694194
600,2400.0,moving_end,39.88822936505957,les_label,local_les,9,-159.92052319982955,159.92052319982955,3844.8422678894253,0.04159351985266636,1.0
600,2400.0,moving_end,39.88822936505957,les_label,mask_motion,9,520.9323977203146,821.6445834374867,1238.0175058663012,0.6636776778552432,0.6340118443194833
600,2400.0,moving_end,39.88822936505957,total,advection,9,-2185.2502629350997,4456.923573823026,87904.88224006952,0.05070166138953582,0.4903046298055886
600,2400.0,moving_end,39.88822936505957,total,buoyancy,9,0.0,0.0,0.0,,
600,2400.0,moving_end,39.88822936505957,total,coriolis,9,4042.867294867255,4042.867294867255,4944.790288444027,0.817601366091386,1.0
600,2400.0,moving_end,39.88822936505957,total,external_forcing,9,0.0,0.0,0.0,,
600,2400.0,moving_end,39.88822936505957,total,guard,9,0.0,0.0,0.0,,
600,2400.0,moving_end,39.88822936505957,total,initial_bcs,9,0.0,0.0,0.0,,
600,2400.0,moving_end,39.88822936505957,total,les,9,-159.92052319982955,159.92052319982955,3844.8422678894253,0.04159351985266636,1.0
600,2400.0,moving_end,39.88822936505957,total,mask_motion,9,-6065.2811255528295,7062.20141925504,13101.792095296241,0.5390256056490537,0.8588371763252016
600,2400.0,moving_end,39.88822936505957,total,predictor_bcs,9,0.0,0.0,0.0,,
600,2400.0,moving_end,39.88822936505957,total,projection,9,1.187130228104058e-11,6.420553785900854e-11,4.1530469249142707e-10,0.15459863329219162,0.18489530150980493
600,2400.0,moving_end,39.88822936505957,total,projection_bcs,9,0.0,0.0,0.0,,
600,2400.0,moving_end,39.88822936505957,total,surface_drag,9,-2550.474645117946,2550.474645117946,3858.293618726261,0.6610369497902377,1.0
600,2400.0,moving_end,39.88822936505957,total,transport_microphysics_bcs,9,0.0,0.0,0.0,,
600,2400.0,moving_end,121.65909956343168,les_label,inferred_muscl_label,9,-2077.7307758530947,3629.4733610715266,13620.716041851036,0.26646714827029655,0.5724606765648468
600,2400.0,moving_end,121.65909956343168,les_label,local_les,9,4600.871390948626,4600.871390948626,11937.546427702284,0.38541181128073676,1.0
600,2400.0,moving_end,121.65909956343168,les_label,mask_motion,9,-1142.0874225464086,1423.4387683802993,3922.2789568906737,0.3629111503860777,0.80234390682359
600,2400.0,moving_end,121.65909956343168,total,advection,9,-18452.00775241452,18452.00775241452,86977.52851808861,0.2121468391525643,1.0
600,2400.0,moving_end,121.65909956343168,total,buoyancy,9,0.0,0.0,0.0,,
600,2400.0,moving_end,121.65909956343168,total,coriolis,9,4169.219932350225,4169.219932350225,4976.453782231726,0.8377893405212151,1.0
600,2400.0,moving_end,121.65909956343168,total,external_forcing,9,0.0,0.0,0.0,,
600,2400.0,moving_end,121.65909956343168,total,guard,9,0.0,0.0,0.0,,
600,2400.0,moving_end,121.65909956343168,total,initial_bcs,9,0.0,0.0,0.0,,
600,2400.0,moving_end,121.65909956343168,total,les,9,4600.871390948626,4600.871390948626,11937.546427702284,0.38541181128073676,1.0
600,2400.0,moving_end,121.65909956343168,total,mask_motion,9,3012.3558443303955,7843.735445275692,22642.033242147863,0.34642363437019763,0.3840460792369977
600,2400.0,moving_end,121.65909956343168,total,predictor_bcs,9,0.0,0.0,0.0,,
600,2400.0,moving_end,121.65909956343168,total,projection,9,-8.166075237889259e-12,3.569288419512373e-11,4.133092183929675e-10,0.08635879048114416,0.22878720568636163
600,2400.0,moving_end,121.65909956343168,total,projection_bcs,9,0.0,0.0,0.0,,
600,2400.0,moving_end,121.65909956343168,total,surface_drag,9,-2759.474313716765,2759.474313716765,3772.2604680127206,0.7315174381822299,1.0
600,2400.0,moving_end,121.65909956343168,total,transport_microphysics_bcs,9,0.0,0.0,0.0,,
600,2400.0,moving_end,207.51851327172238,les_label,inferred_muscl_label,9,3155.7510461213283,3691.7792612918647,10176.554992568022,0.3627729879107405,0.8548049118779208
600,2400.0,moving_end,207.51851327172238,les_label,local_les,9,-135.31686767747365,561.9183682810307,7675.443704972612,0.07320988725602746,0.24081232313409268
600,2400.0,moving_end,207.51851327172238,les_label,mask_motion,9,-165.0639588568369,1651.9157419014998,4819.987293101219,0.34272201179157963,0.09992274706870571
600,2400.0,moving_end,207.51851327172238,total,advection,9,-27120.567578725593,27120.567578725593,90464.28942280916,0.29979307582874315,1.0
600,2400.0,moving_end,207.51851327172238,total,buoyancy,9,0.0,0.0,0.0,,
600,2400.0,moving_end,207.51851327172238,total,coriolis,9,4259.8910859375665,4259.8910859375665,5021.408767035883,0.8483458096266803,1.0
600,2400.0,moving_end,207.51851327172238,total,external_forcing,9,0.0,0.0,0.0,,
600,2400.0,moving_end,207.51851327172238,total,guard,9,0.0,0.0,0.0,,
600,2400.0,moving_end,207.51851327172238,total,initial_bcs,9,0.0,0.0,0.0,,
600,2400.0,moving_end,207.51851327172238,total,les,9,-135.31686767747365,561.9183682810307,7675.443704972612,0.07320988725602746,0.24081232313409268
600,2400.0,moving_end,207.51851327172238,total,mask_motion,9,12311.061470637773,14503.614304043742,37651.84483106404,0.3852032847027398,0.8488271414667539
600,2400.0,moving_end,207.51851327172238,total,predictor_bcs,9,0.0,0.0,0.0,,
600,2400.0,moving_end,207.51851327172238,total,projection,9,8.015133966688542e-13,2.5097264354624962e-11,4.013051182864564e-10,0.06253910855109063,0.031936285379292745
600,2400.0,moving_end,207.51851327172238,total,projection_bcs,9,0.0,0.0,0.0,,
600,2400.0,moving_end,207.51851327172238,total,surface_drag,9,0.0,0.0,0.0,,
600,2400.0,moving_end,207.51851327172238,total,transport_microphysics_bcs,9,0.0,0.0,0.0,,
600,2400.0,moving_end,297.6708976654277,les_label,inferred_muscl_label,9,5299.258768010248,5338.249831136199,11947.47836581108,0.4468097507849139,0.9926959088916129
600,2400.0,moving_end,297.6708976654277,les_label,local_les,9,-2529.1627095255462,2529.1627095255462,9052.56898795705,0.27938618450631864,1.0
600,2400.0,moving_end,297.6708976654277,les_label,mask_motion,9,232.69098546915015,2046.3632428257808,4527.842435590839,0.45195107204713286,0.11370952165258401
600,2400.0,moving_end,297.6708976654277,total,advection,9,-33294.49642437851,33294.49642437851,89686.0737389622,0.37123373826447736,1.0
600,2400.0,moving_end,297.6708976654277,total,buoyancy,9,0.0,0.0,0.0,,
600,2400.0,moving_end,297.6708976654277,total,coriolis,9,4409.382297918453,4409.382297918453,4982.775796030477,0.884924884926828,1.0
600,2400.0,moving_end,297.6708976654277,total,external_forcing,9,0.0,0.0,0.0,,
600,2400.0,moving_end,297.6708976654277,total,guard,9,0.0,0.0,0.0,,
600,2400.0,moving_end,297.6708976654277,total,initial_bcs,9,0.0,0.0,0.0,,
600,2400.0,moving_end,297.6708976654277,total,les,9,-2529.1627095255462,2529.1627095255462,9052.56898795705,0.27938618450631864,1.0
600,2400.0,moving_end,297.6708976654277,total,mask_motion,9,20695.37636847539,23155.408605524903,50889.75114323884,0.4550112367488224,0.8937599297443386
600,2400.0,moving_end,297.6708976654277,total,predictor_bcs,9,0.0,0.0,0.0,,
600,2400.0,moving_end,297.6708976654277,total,projection,9,-3.033210584557546e-11,4.6083513592057486e-11,3.944917970169796e-10,0.11681741912132579,0.6581986372411329
600,2400.0,moving_end,297.6708976654277,total,projection_bcs,9,0.0,0.0,0.0,,
600,2400.0,moving_end,297.6708976654277,total,surface_drag,9,0.0,0.0,0.0,,
600,2400.0,moving_end,297.6708976654277,total,transport_microphysics_bcs,9,0.0,0.0,0.0,,
600,2400.0,moving_end,392.33090127881815,les_label,inferred_muscl_label,9,6344.530542917973,6807.353630176249,14476.243740984555,0.4702430928890445,0.9320113053615091
600,2400.0,moving_end,392.33090127881815,les_label,local_les,9,-3594.3745584567123,3594.3745584567123,9852.466876439636,0.36481975565449487,1.0
600,2400.0,moving_end,392.33090127881815,les_label,mask_motion,9,290.6113598106462,2766.733652694182,5134.359746947288,0.5388663414828277,0.10503770738020102
600,2400.0,moving_end,392.33090127881815,total,advection,9,-38816.721958958326,38816.721958958326,87523.45962137805,0.4435007725571802,1.0
600,2400.0,moving_end,392.33090127881815,total,buoyancy,9,0.0,0.0,0.0,,
600,2400.0,moving_end,392.33090127881815,total,coriolis,9,4556.285805744547,4556.285805744547,4951.972915125898,0.9200950578358947,1.0
600,2400.0,moving_end,392.33090127881815,total,external_forcing,9,0.0,0.0,0.0,,
600,2400.0,moving_end,392.33090127881815,total,guard,9,0.0,0.0,0.0,,
600,2400.0,moving_end,392.33090127881815,total,initial_bcs,9,0.0,0.0,0.0,,
600,2400.0,moving_end,392.33090127881815,total,les,9,-3594.3745584567123,3594.3745584567123,9852.466876439636,0.36481975565449487,1.0
600,2400.0,moving_end,392.33090127881815,total,mask_motion,9,28245.75159961298,30831.6064092597,64052.55316665039,0.48134859400596836,0.916129741171381
600,2400.0,moving_end,392.33090127881815,total,predictor_bcs,9,0.0,0.0,0.0,,
600,2400.0,moving_end,392.33090127881815,total,projection,9,1.1142362667292474e-11,3.5854040683668334e-11,4.25588367038111e-10,0.08424581934227925,0.31077006816606495
600,2400.0,moving_end,392.33090127881815,total,projection_bcs,9,0.0,0.0,0.0,,
600,2400.0,moving_end,392.33090127881815,total,surface_drag,9,0.0,0.0,0.0,,
600,2400.0,moving_end,392.33090127881815,total,transport_microphysics_bcs,9,0.0,0.0,0.0,,
600,2400.0,moving_end,491.72390507287827,les_label,inferred_muscl_label,9,7194.57962437597,7269.3687507313825,14861.102690890855,0.48915406224782754,0.9897117440427151
600,2400.0,moving_end,491.72390507287827,les_label,local_les,9,-4591.751159206156,4591.751159206156,11009.171593143636,0.41708416662937997,1.0
600,2400.0,moving_end,491.72390507287827,les_label,mask_motion,9,776.4358104948383,2787.8516647613405,5541.415200422105,0.50309380617229,0.2785068589943456
600,2400.0,moving_end,491.72390507287827,total,advection,9,-43322.68796392517,43322.68796392517,85346.78242432723,0.5076077472790173,1.0
600,2400.0,moving_end,491.72390507287827,total,buoyancy,9,0.0,0.0,0.0,,
600,2400.0,moving_end,491.72390507287827,total,coriolis,9,4697.890733198967,4697.890733198967,4946.664685718778,0.9497087495665449,1.0
600,2400.0,moving_end,491.72390507287827,total,external_forcing,9,0.0,0.0,0.0,,
600,2400.0,moving_end,491.72390507287827,total,guard,9,0.0,0.0,0.0,,
600,2400.0,moving_end,491.72390507287827,total,initial_bcs,9,0.0,0.0,0.0,,
600,2400.0,moving_end,491.72390507287827,total,les,9,-4591.751159206156,4591.751159206156,11009.171593143636,0.41708416662937997,1.0
600,2400.0,moving_end,491.72390507287827,total,mask_motion,9,35362.44239400296,37902.24896972402,77581.97021880833,0.4885445531072027,0.932990610194402
600,2400.0,moving_end,491.72390507287827,total,predictor_bcs,9,0.0,0.0,0.0,,
600,2400.0,moving_end,491.72390507287827,total,projection,9,1.0750772983029707e-11,3.8248575296985455e-11,3.9795549896796847e-10,0.09611269450020614,0.2810764296331065
600,2400.0,moving_end,491.72390507287827,total,projection_bcs,9,0.0,0.0,0.0,,
600,2400.0,moving_end,491.72390507287827,total,surface_drag,9,0.0,0.0,0.0,,
600,2400.0,moving_end,491.72390507287827,total,transport_microphysics_bcs,9,0.0,0.0,0.0,,
600,2400.0,moving_end,596.0865590566414,les_label,inferred_muscl_label,9,5499.333901376477,6030.471933671088,12331.475746942824,0.48903083924615764,0.9119243007617686
600,2400.0,moving_end,596.0865590566414,les_label,local_les,9,-2641.632418331051,7284.7390238421185,12536.749158884193,0.5810708128175136,0.3626255394579394
600,2400.0,moving_end,596.0865590566414,les_label,mask_motion,9,520.8636637127911,1866.3896941699827,4631.221507946537,0.40300160356560694,0.27907551426146754
600,2400.0,moving_end,596.0865590566414,total,advection,9,-50390.52753389787,50390.52753389787,82586.20746760028,0.6101566966090164,1.0
600,2400.0,moving_end,596.0865590566414,total,buoyancy,9,0.0,0.0,0.0,,
600,2400.0,moving_end,596.0865590566414,total,coriolis,9,4849.615105150384,4849.615105150384,4980.910523440134,0.9736402776817863,1.0
600,2400.0,moving_end,596.0865590566414,total,external_forcing,9,0.0,0.0,0.0,,
600,2400.0,moving_end,596.0865590566414,total,guard,9,0.0,0.0,0.0,,
600,2400.0,moving_end,596.0865590566414,total,initial_bcs,9,0.0,0.0,0.0,,
600,2400.0,moving_end,596.0865590566414,total,les,9,-2641.632418331051,7284.7390238421185,12536.749158884193,0.5810708128175136,0.3626255394579394
600,2400.0,moving_end,596.0865590566414,total,mask_motion,9,40506.91960204201,42872.3995534516,89365.81789695025,0.47974047082396465,0.9448251094865731
600,2400.0,moving_end,596.0865590566414,total,predictor_bcs,9,0.0,0.0,0.0,,
600,2400.0,moving_end,596.0865590566414,total,projection,9,5.8543582121987426e-12,8.619018165499615e-11,4.2433979494583727e-10,0.20311595254929476,0.06792372518290643
600,2400.0,moving_end,596.0865590566414,total,projection_bcs,9,0.0,0.0,0.0,,
600,2400.0,moving_end,596.0865590566414,total,surface_drag,9,0.0,0.0,0.0,,
600,2400.0,moving_end,596.0865590566414,total,transport_microphysics_bcs,9,0.0,0.0,0.0,,
600,2400.0,moving_end,705.6673457395926,les_label,inferred_muscl_label,9,4549.579576749217,5868.269818660514,13579.261388744064,0.43214941156702086,0.7752846609544106
600,2400.0,moving_end,705.6673457395926,les_label,local_les,9,-2418.6089745510126,6103.837586501339,13205.663096512966,0.46221363833771384,0.3962439924515318
600,2400.0,moving_end,705.6673457395926,les_label,mask_motion,9,288.5336979823778,3231.2610353653995,5914.6244126962065,0.5463171978307267,0.08929445650612677
600,2400.0,moving_end,705.6673457395926,total,advection,9,-57267.21638866606,57267.21638866606,82199.49754635227,0.6966857231258998,1.0
600,2400.0,moving_end,705.6673457395926,total,buoyancy,9,0.0,0.0,0.0,,
600,2400.0,moving_end,705.6673457395926,total,coriolis,9,4926.07010820693,4926.07010820693,4984.277083858083,0.9883218820559435,1.0
600,2400.0,moving_end,705.6673457395926,total,external_forcing,9,0.0,0.0,0.0,,
600,2400.0,moving_end,705.6673457395926,total,guard,9,0.0,0.0,0.0,,
600,2400.0,moving_end,705.6673457395926,total,initial_bcs,9,0.0,0.0,0.0,,
600,2400.0,moving_end,705.6673457395926,total,les,9,-2418.6089745510126,6103.837586501339,13205.663096512966,0.46221363833771384,0.3962439924515318
600,2400.0,moving_end,705.6673457395926,total,mask_motion,9,47820.85766355823,50112.630584923405,103925.40572393611,0.4821980750120031,0.954267559004283
600,2400.0,moving_end,705.6673457395926,total,predictor_bcs,9,0.0,0.0,0.0,,
600,2400.0,moving_end,705.6673457395926,total,projection,9,1.640777357730938e-11,5.794803113919056e-11,4.6301097721482276e-10,0.12515476736160505,0.283146351217664
600,2400.0,moving_end,705.6673457395926,total,projection_bcs,9,0.0,0.0,0.0,,
600,2400.0,moving_end,705.6673457395926,total,surface_drag,9,0.0,0.0,0.0,,
600,2400.0,moving_end,705.6673457395926,total,transport_microphysics_bcs,9,0.0,0.0,0.0,,
600,2400.0,moving_end,820.7271717566915,les_label,inferred_muscl_label,9,879.9192822089157,6687.932405896289,15964.893631353545,0.4189149367560972,0.13156820805083966
600,2400.0,moving_end,820.7271717566915,les_label,local_les,9,-771.6682961694219,1548.7362464747537,13178.305423088404,0.11752165371439686,0.49825675477402925
600,2400.0,moving_end,820.7271717566915,les_label,mask_motion,9,559.4483743219674,3665.9396531195316,6822.053163927885,0.5373660341000361,0.1526070877478588
600,2400.0,moving_end,820.7271717566915,total,advection,9,-70376.1961022957,70376.1961022957,83817.64338114776,0.8396346313659863,1.0
600,2400.0,moving_end,820.7271717566915,total,buoyancy,9,0.0,0.0,0.0,,
600,2400.0,moving_end,820.7271717566915,total,coriolis,9,4818.362933230328,4818.362933230328,4848.941990390169,0.9936936640569337,1.0
600,2400.0,moving_end,820.7271717566915,total,external_forcing,9,0.0,0.0,0.0,,
600,2400.0,moving_end,820.7271717566915,total,guard,9,0.0,0.0,0.0,,
600,2400.0,moving_end,820.7271717566915,total,initial_bcs,9,0.0,0.0,0.0,,
600,2400.0,moving_end,820.7271717566915,total,les,9,-771.6682961694219,1548.7362464747537,13178.305423088404,0.11752165371439686,0.49825675477402925
600,2400.0,moving_end,820.7271717566915,total,mask_motion,9,62601.239569555684,64792.589508082194,123899.14437037321,0.5229462224080977,0.9661790035687158
600,2400.0,moving_end,820.7271717566915,total,predictor_bcs,9,0.0,0.0,0.0,,
600,2400.0,moving_end,820.7271717566915,total,projection,9,-4.002596594009783e-11,7.73227917241423e-11,5.561536338882442e-10,0.13903135215273962,0.5176477083612673
600,2400.0,moving_end,820.7271717566915,total,projection_bcs,9,0.0,0.0,0.0,,
600,2400.0,moving_end,820.7271717566915,total,surface_drag,9,0.0,0.0,0.0,,
600,2400.0,moving_end,820.7271717566915,total,transport_microphysics_bcs,9,0.0,0.0,0.0,,
600,2400.0,moving_end,941.5399890746453,les_label,inferred_muscl_label,9,-4726.409556723551,7960.433865046518,21660.031351213303,0.3675171903479543,0.5937376827507795
600,2400.0,moving_end,941.5399890746453,les_label,local_les,9,2936.948663378736,3117.316789541474,14734.56291346318,0.2115649312334292,0.9421399433102632
600,2400.0,moving_end,941.5399890746453,les_label,mask_motion,9,1760.077110423258,3284.3962878264265,7022.679169778981,0.4676842282586851,0.5358906039892207
600,2400.0,moving_end,941.5399890746453,total,advection,9,-88275.5697335504,88275.5697335504,96280.11177792045,0.916861936525029,1.0
600,2400.0,moving_end,941.5399890746453,total,buoyancy,9,0.0,0.0,0.0,,
600,2400.0,moving_end,941.5399890746453,total,coriolis,9,4574.44122424185,4574.44122424185,4594.444664408127,0.9956461680078035,1.0
600,2400.0,moving_end,941.5399890746453,total,external_forcing,9,0.0,0.0,0.0,,
600,2400.0,moving_end,941.5399890746453,total,guard,9,0.0,0.0,0.0,,
600,2400.0,moving_end,941.5399890746453,total,initial_bcs,9,0.0,0.0,0.0,,
600,2400.0,moving_end,941.5399890746453,total,les,9,2936.948663378736,3117.316789541474,14734.56291346318,0.2115649312334292,0.9421399433102632
600,2400.0,moving_end,941.5399890746453,total,mask_motion,9,80760.98082156116,82817.28692278553,146338.37013948604,0.5659300895851592,0.9751705691211358
600,2400.0,moving_end,941.5399890746453,total,predictor_bcs,9,0.0,0.0,0.0,,
600,2400.0,moving_end,941.5399890746453,total,projection,9,-3.4846164650059915e-11,6.913148337475434e-11,5.471473951403029e-10,0.12634892167772677,0.5040563712652107
600,2400.0,moving_end,941.5399890746453,total,projection_bcs,9,0.0,0.0,0.0,,
600,2400.0,moving_end,941.5399890746453,total,surface_drag,9,0.0,0.0,0.0,,
600,2400.0,moving_end,941.5399890746453,total,transport_microphysics_bcs,9,0.0,0.0,0.0,,
600,2400.0,moving_end,1068.3934472584967,les_label,inferred_muscl_label,9,-7242.249143987946,7557.631944220989,21149.10979760321,0.3573498845363922,0.9582696269730093
600,2400.0,moving_end,1068.3934472584967,les_label,local_les,9,5265.218686336921,5337.726314264204,11250.222228024395,0.4744551890688776,0.9864160086789165
600,2400.0,moving_end,1068.3934472584967,les_label,mask_motion,9,1485.9098865563776,2008.7024136397515,5843.338761729598,0.34375936353297887,0.7397361980881586
600,2400.0,moving_end,1068.3934472584967,total,advection,9,-106883.9088540256,106883.9088540256,117717.6246926752,0.9079686167051609,1.0
600,2400.0,moving_end,1068.3934472584967,total,buoyancy,9,0.0,0.0,0.0,,
600,2400.0,moving_end,1068.3934472584967,total,coriolis,9,4242.21042996285,4242.21042996285,4260.8179887190345,0.9956328670209688,1.0
600,2400.0,moving_end,1068.3934472584967,total,external_forcing,9,0.0,0.0,0.0,,
600,2400.0,moving_end,1068.3934472584967,total,guard,9,0.0,0.0,0.0,,
600,2400.0,moving_end,1068.3934472584967,total,initial_bcs,9,0.0,0.0,0.0,,
600,2400.0,moving_end,1068.3934472584967,total,les,9,5265.218686336921,5337.726314264204,11250.222228024395,0.4744551890688776,0.9864160086789165
600,2400.0,moving_end,1068.3934472584967,total,mask_motion,9,101808.54744891745,103289.93039433478,171419.43545396632,0.6025567061330842,0.9856580119692038
600,2400.0,moving_end,1068.3934472584967,total,predictor_bcs,9,0.0,0.0,0.0,,
600,2400.0,moving_end,1068.3934472584967,total,projection,9,3.372515889601621e-11,8.602158292321874e-11,5.316743139499591e-10,0.16179375355589407,0.39205461873584285
600,2400.0,moving_end,1068.3934472584967,total,projection_bcs,9,0.0,0.0,0.0,,
600,2400.0,moving_end,1068.3934472584967,total,surface_drag,9,0.0,0.0,0.0,,
600,2400.0,moving_end,1068.3934472584967,total,transport_microphysics_bcs,9,0.0,0.0,0.0,,
600,2400.0,moving_end,1201.5895783515407,les_label,inferred_muscl_label,9,-4342.622355089044,4978.706070717282,22783.478706545884,0.21852264681981415,0.8722391507766599
600,2400.0,moving_end,1201.5895783515407,les_label,local_les,9,5243.895919648063,5243.895919648063,7021.100732356994,0.74687661088259,1.0
600,2400.0,moving_end,1201.5895783515407,les_label,mask_motion,9,-865.5197804142965,1699.448556863966,5944.494163624219,0.2858861511317982,0.5092944866842345
600,2400.0,moving_end,1201.5895783515407,total,advection,9,-122014.8009507108,122014.8009507108,140363.83494943703,0.8692752017972717,1.0
600,2400.0,moving_end,1201.5895783515407,total,buoyancy,9,0.0,0.0,0.0,,
600,2400.0,moving_end,1201.5895783515407,total,coriolis,9,3851.4698923996275,3851.4698923996275,3872.640574680172,0.9945332695166804,1.0
600,2400.0,moving_end,1201.5895783515407,total,external_forcing,9,0.0,0.0,0.0,,
600,2400.0,moving_end,1201.5895783515407,total,guard,9,0.0,0.0,0.0,,
600,2400.0,moving_end,1201.5895783515407,total,initial_bcs,9,0.0,0.0,0.0,,
600,2400.0,moving_end,1201.5895783515407,total,les,9,5243.895919648063,5243.895919648063,7021.100732356994,0.74687661088259,1.0
600,2400.0,moving_end,1201.5895783515407,total,mask_motion,9,122853.31534217093,123520.51441088767,196483.6046335025,0.62865557989578,0.9945984756305554
600,2400.0,moving_end,1201.5895783515407,total,predictor_bcs,9,0.0,0.0,0.0,,
600,2400.0,moving_end,1201.5895783515407,total,projection,9,-7.559375183924157e-12,4.237954439283284e-11,5.497389729105574e-10,0.07709030372807131,0.17837320556949138
600,2400.0,moving_end,1201.5895783515407,total,projection_bcs,9,0.0,0.0,0.0,,
600,2400.0,moving_end,1201.5895783515407,total,surface_drag,9,0.0,0.0,0.0,,
600,2400.0,moving_end,1201.5895783515407,total,transport_microphysics_bcs,9,0.0,0.0,0.0,,
600,2400.0,moving_end,1341.445515999237,les_label,inferred_muscl_label,9,1628.1133496748923,3511.9729012130483,20454.440839817977,0.17169733109381352,0.4635893827974971
600,2400.0,moving_end,1341.445515999237,les_label,local_les,9,2942.318023270101,2942.318023270101,4349.630313189862,0.6764524365088653,1.0
600,2400.0,moving_end,1341.445515999237,les_label,mask_motion,9,-4775.65727890348,4775.65727890348,8493.090138197189,0.5622991397942704,1.0
600,2400.0,moving_end,1341.445515999237,total,advection,9,-133197.21011103588,133197.21011103588,158651.0395626423,0.8395609034660239,1.0
600,2400.0,moving_end,1341.445515999237,total,buoyancy,9,0.0,0.0,0.0,,
600,2400.0,moving_end,1341.445515999237,total,coriolis,9,3425.227618977283,3425.227618977283,3462.895292694786,0.9891224912872862,1.0
600,2400.0,moving_end,1341.445515999237,total,external_forcing,9,0.0,0.0,0.0,,
600,2400.0,moving_end,1341.445515999237,total,guard,9,0.0,0.0,0.0,,
600,2400.0,moving_end,1341.445515999237,total,initial_bcs,9,0.0,0.0,0.0,,
600,2400.0,moving_end,1341.445515999237,total,les,9,2942.318023270101,2942.318023270101,4349.630313189862,0.6764524365088653,1.0
600,2400.0,moving_end,1341.445515999237,total,mask_motion,9,143483.80821189526,143483.80821189526,220730.97815875994,0.6500392894951748,1.0
600,2400.0,moving_end,1341.445515999237,total,predictor_bcs,9,0.0,0.0,0.0,,
600,2400.0,moving_end,1341.445515999237,total,projection,9,6.099231837359935e-11,8.720914005592821e-11,5.536570042762121e-10,0.15751474176676492,0.6993798853478463
600,2400.0,moving_end,1341.445515999237,total,projection_bcs,9,0.0,0.0,0.0,,
600,2400.0,moving_end,1341.445515999237,total,surface_drag,9,0.0,0.0,0.0,,
600,2400.0,moving_end,1341.445515999237,total,transport_microphysics_bcs,9,0.0,0.0,0.0,,
600,2400.0,moving_end,1488.294250529318,les_label,inferred_muscl_label,9,4808.5716708086675,4873.065616733588,17539.273262719005,0.27783737351829974,0.9867652211159531
600,2400.0,moving_end,1488.294250529318,les_label,local_les,9,404.708167608992,1237.3055593253414,3905.5669465797323,0.3168056203488975,0.327088296467095
600,2400.0,moving_end,1488.294250529318,les_label,mask_motion,9,-6847.781347981859,6847.781347981859,9350.057880949356,0.7323784980982996,1.0
600,2400.0,moving_end,1488.294250529318,total,advection,9,-140566.4514243084,140566.4514243084,175597.731775414,0.8005026602740525,1.0
600,2400.0,moving_end,1488.294250529318,total,buoyancy,9,0.0,0.0,0.0,,
600,2400.0,moving_end,1488.294250529318,total,coriolis,9,2970.0466979292073,2970.0466979292073,3079.929085159355,0.9643230788138545,1.0
600,2400.0,moving_end,1488.294250529318,total,external_forcing,9,0.0,0.0,0.0,,
600,2400.0,moving_end,1488.294250529318,total,guard,9,0.0,0.0,0.0,,
600,2400.0,moving_end,1488.294250529318,total,initial_bcs,9,0.0,0.0,0.0,,
600,2400.0,moving_end,1488.294250529318,total,les,9,404.708167608992,1237.3055593253414,3905.5669465797323,0.3168056203488975,0.327088296467095
600,2400.0,moving_end,1488.294250529318,total,mask_motion,9,161816.0787338617,161816.0787338617,242264.96394835738,0.6679301707379998,1.0
600,2400.0,moving_end,1488.294250529318,total,predictor_bcs,9,0.0,0.0,0.0,,
600,2400.0,moving_end,1488.294250529318,total,projection,9,4.012491632899608e-11,8.735123830315959e-11,6.029693651115556e-10,0.14486845162854783,0.4593514311696336
600,2400.0,moving_end,1488.294250529318,total,projection_bcs,9,0.0,0.0,0.0,,
600,2400.0,moving_end,1488.294250529318,total,surface_drag,9,0.0,0.0,0.0,,
600,2400.0,moving_end,1488.294250529318,total,transport_microphysics_bcs,9,0.0,0.0,0.0,,
600,2400.0,moving_end,1642.4854217859033,les_label,inferred_muscl_label,9,3916.7622640311592,3916.7622640311592,17647.716147221225,0.221941594671891,1.0
600,2400.0,moving_end,1642.4854217859033,les_label,local_les,9,-1959.2587012142694,2286.9632077634315,5076.633996659669,0.45048810082984336,0.8567075738530812
600,2400.0,moving_end,1642.4854217859033,les_label,mask_motion,9,-5163.224743954315,5163.224743954315,7913.864606521999,0.6524277329307836,1.0
600,2400.0,moving_end,1642.4854217859033,total,advection,9,-142802.5471615336,142802.5471615336,193170.29922273618,0.7392572654084585,1.0
600,2400.0,moving_end,1642.4854217859033,total,buoyancy,9,0.0,0.0,0.0,,
600,2400.0,moving_end,1642.4854217859033,total,coriolis,9,2499.893159920195,2499.893159920195,2756.094847567671,0.9070417740254546,1.0
600,2400.0,moving_end,1642.4854217859033,total,external_forcing,9,0.0,0.0,0.0,,
600,2400.0,moving_end,1642.4854217859033,total,guard,9,0.0,0.0,0.0,,
600,2400.0,moving_end,1642.4854217859033,total,initial_bcs,9,0.0,0.0,0.0,,
600,2400.0,moving_end,1642.4854217859033,total,les,9,-1959.2587012142694,2286.9632077634315,5076.633996659669,0.45048810082984336,0.8567075738530812
600,2400.0,moving_end,1642.4854217859033,total,mask_motion,9,174506.73085521438,174506.73085521438,257816.61288994993,0.6768637943812538,1.0
600,2400.0,moving_end,1642.4854217859033,total,predictor_bcs,9,0.0,0.0,0.0,,
600,2400.0,moving_end,1642.4854217859033,total,projection,9,1.3321253280150491e-11,5.325208047961272e-11,6.409533548443896e-10,0.0830826144790852,0.2501546072974644
600,2400.0,moving_end,1642.4854217859033,total,projection_bcs,9,0.0,0.0,0.0,,
600,2400.0,moving_end,1642.4854217859033,total,surface_drag,9,0.0,0.0,0.0,,
600,2400.0,moving_end,1642.4854217859033,total,transport_microphysics_bcs,9,0.0,0.0,0.0,,
600,2400.0,moving_end,1804.3861516053175,les_label,inferred_muscl_label,9,2340.1359815207034,2999.0403176857185,17506.2857753519,0.17131219929633726,0.7802949389245042
600,2400.0,moving_end,1804.3861516053175,les_label,local_les,9,-3404.012949992356,3404.012949992356,5953.112989670594,0.5718038538658261,1.0
600,2400.0,moving_end,1804.3861516053175,les_label,mask_motion,9,-2162.1143911009003,2522.207225524273,7641.259840847043,0.33007740582797446,0.8572310669879543
600,2400.0,moving_end,1804.3861516053175,total,advection,9,-139496.23720036176,139496.23720036176,208373.89174593362,0.6694516094676914,1.0
600,2400.0,moving_end,1804.3861516053175,total,buoyancy,9,0.0,0.0,0.0,,
600,2400.0,moving_end,1804.3861516053175,total,coriolis,9,2023.8390317688084,2023.8390317688084,2523.5502623998423,0.8019808687480553,1.0
600,2400.0,moving_end,1804.3861516053175,total,external_forcing,9,0.0,0.0,0.0,,
600,2400.0,moving_end,1804.3861516053175,total,guard,9,0.0,0.0,0.0,,
600,2400.0,moving_end,1804.3861516053175,total,initial_bcs,9,0.0,0.0,0.0,,
600,2400.0,moving_end,1804.3861516053175,total,les,9,-3404.012949992356,3404.012949992356,5953.112989670594,0.5718038538658261,1.0
600,2400.0,moving_end,1804.3861516053175,total,mask_motion,9,179343.35839806896,180001.00470682344,264988.07099207724,0.6792796522233079,0.9963464297889579
600,2400.0,moving_end,1804.3861516053175,total,predictor_bcs,9,0.0,0.0,0.0,,
600,2400.0,moving_end,1804.3861516053175,total,projection,9,3.23405014316454e-11,6.750768309838522e-11,6.717993852252174e-10,0.1004878607856326,0.47906401089950873
600,2400.0,moving_end,1804.3861516053175,total,projection_bcs,9,0.0,0.0,0.0,,
600,2400.0,moving_end,1804.3861516053175,total,surface_drag,9,0.0,0.0,0.0,,
600,2400.0,moving_end,1804.3861516053175,total,transport_microphysics_bcs,9,0.0,0.0,0.0,,
600,2400.0,moving_end,1974.3819179157026,les_label,inferred_muscl_label,9,1656.2393678640847,3044.109068472223,15208.680042105201,0.20015603326814774,0.5440801661864625
600,2400.0,moving_end,1974.3819179157026,les_label,local_les,9,-4088.992280400913,4088.992280400913,6262.652462522045,0.6529170035972628,1.0
600,2400.0,moving_end,1974.3819179157026,les_label,mask_motion,9,-230.11711151126184,2921.029659826775,7893.933298351042,0.3700347531992634,0.07877945050544553
600,2400.0,moving_end,1974.3819179157026,total,advection,9,-132028.5520292036,132028.5520292036,221725.06323840638,0.5954606579015471,1.0
600,2400.0,moving_end,1974.3819179157026,total,buoyancy,9,0.0,0.0,0.0,,
600,2400.0,moving_end,1974.3819179157026,total,coriolis,9,1561.8110508550649,1561.8110508550649,2357.839887172819,0.6623906310821482,1.0
600,2400.0,moving_end,1974.3819179157026,total,external_forcing,9,0.0,0.0,0.0,,
600,2400.0,moving_end,1974.3819179157026,total,guard,9,0.0,0.0,0.0,,
600,2400.0,moving_end,1974.3819179157026,total,initial_bcs,9,0.0,0.0,0.0,,
600,2400.0,moving_end,1974.3819179157026,total,les,9,-4088.992280400913,4088.992280400913,6262.652462522045,0.6529170035972628,1.0
600,2400.0,moving_end,1974.3819179157026,total,mask_motion,9,176981.64270878912,179161.6697056489,264040.6454285834,0.6785382205638784,0.9878320680955841
600,2400.0,moving_end,1974.3819179157026,total,predictor_bcs,9,0.0,0.0,0.0,,
600,2400.0,moving_end,1974.3819179157026,total,projection,9,-6.08826953695657e-12,1.4321612743384976e-10,7.222896597231659e-10,0.19828073890569142,0.042511061051896455
600,2400.0,moving_end,1974.3819179157026,total,projection_bcs,9,0.0,0.0,0.0,,
600,2400.0,moving_end,1974.3819179157026,total,surface_drag,9,0.0,0.0,0.0,,
600,2400.0,moving_end,1974.3819179157026,total,transport_microphysics_bcs,9,0.0,0.0,0.0,,
600,2400.0,moving_symmetric,39.88822936505957,les_label,inferred_muscl_label,9,-735.0473367595162,2121.8548991980633,7217.041830638929,0.2940061799545111,0.3464173431639086
600,2400.0,moving_symmetric,39.88822936505957,les_label,local_les,9,-239.14839099749514,239.14839099749514,3939.4614787733462,0.06070585847483911,1.0
600,2400.0,moving_symmetric,39.88822936505957,les_label,mask_motion,9,410.8837119978228,729.254818982672,1296.0780022062281,0.5626627546654673,0.5634295465760726
600,2400.0,moving_symmetric,39.88822936505957,total,advection,9,-3258.3148050892883,4419.731338185716,90599.81535142378,0.048783006025367795,0.7372201058779322
600,2400.0,moving_symmetric,39.88822936505957,total,buoyancy,9,0.0,0.0,0.0,,
600,2400.0,moving_symmetric,39.88822936505957,total,coriolis,9,3638.5759039884088,3638.5759039884088,4898.698297964684,0.7427638288114555,1.0
600,2400.0,moving_symmetric,39.88822936505957,total,external_forcing,9,0.0,0.0,0.0,,
600,2400.0,moving_symmetric,39.88822936505957,total,guard,9,0.0,0.0,0.0,,
600,2400.0,moving_symmetric,39.88822936505957,total,initial_bcs,9,0.0,0.0,0.0,,
600,2400.0,moving_symmetric,39.88822936505957,total,les,9,-239.14839099749514,239.14839099749514,3939.4614787733462,0.06070585847483911,1.0
600,2400.0,moving_symmetric,39.88822936505957,total,mask_motion,9,-4476.086497346299,5444.195206878684,11325.966737873225,0.48068260598662044,0.822175974089028
600,2400.0,moving_symmetric,39.88822936505957,total,predictor_bcs,9,0.0,0.0,0.0,,
600,2400.0,moving_symmetric,39.88822936505957,total,projection,9,1.5249642369187522e-12,4.957673675884053e-11,4.188571486722116e-10,0.11836192104157733,0.030759673520601785
600,2400.0,moving_symmetric,39.88822936505957,total,projection_bcs,9,0.0,0.0,0.0,,
600,2400.0,moving_symmetric,39.88822936505957,total,surface_drag,9,-2583.0854724937653,2583.0854724937653,4046.3819430420153,0.6383691675313865,1.0
600,2400.0,moving_symmetric,39.88822936505957,total,transport_microphysics_bcs,9,0.0,0.0,0.0,,
600,2400.0,moving_symmetric,121.65909956343168,les_label,inferred_muscl_label,9,-2857.5921140203927,3852.513304523818,14514.620314669219,0.2654229474146334,0.741747500434291
600,2400.0,moving_symmetric,121.65909956343168,les_label,local_les,9,5260.857831111999,5260.857831111999,13227.806290955656,0.39771204048467534,1.0
600,2400.0,moving_symmetric,121.65909956343168,les_label,mask_motion,9,-1022.2125245424837,1614.4532007811952,4451.464202558456,0.3626791382155329,0.6331633051040808
600,2400.0,moving_symmetric,121.65909956343168,total,advection,9,-20889.78888633887,20889.78888633887,90831.35877763212,0.22998432664075846,1.0
600,2400.0,moving_symmetric,121.65909956343168,total,buoyancy,9,0.0,0.0,0.0,,
600,2400.0,moving_symmetric,121.65909956343168,total,coriolis,9,3772.393219139258,3772.393219139258,4912.51618027589,0.7679146654591573,1.0
600,2400.0,moving_symmetric,121.65909956343168,total,external_forcing,9,0.0,0.0,0.0,,
600,2400.0,moving_symmetric,121.65909956343168,total,guard,9,0.0,0.0,0.0,,
600,2400.0,moving_symmetric,121.65909956343168,total,initial_bcs,9,0.0,0.0,0.0,,
600,2400.0,moving_symmetric,121.65909956343168,total,les,9,5260.857831111999,5260.857831111999,13227.806290955656,0.39771204048467534,1.0
600,2400.0,moving_symmetric,121.65909956343168,total,mask_motion,9,5035.476977992551,6811.37746698031,20950.764771325958,0.3251135479456401,0.7392743982260802
600,2400.0,moving_symmetric,121.65909956343168,total,predictor_bcs,9,0.0,0.0,0.0,,
600,2400.0,moving_symmetric,121.65909956343168,total,projection,9,-9.591326756257235e-12,3.954966237319779e-11,4.111911616863813e-10,0.09618315289413401,0.24251349267540478
600,2400.0,moving_symmetric,121.65909956343168,total,projection_bcs,9,0.0,0.0,0.0,,
600,2400.0,moving_symmetric,121.65909956343168,total,surface_drag,9,-2607.9740404069717,2607.9740404069717,3951.8491737377117,0.6599376458338654,1.0
600,2400.0,moving_symmetric,121.65909956343168,total,transport_microphysics_bcs,9,0.0,0.0,0.0,,
600,2400.0,moving_symmetric,207.51851327172238,les_label,inferred_muscl_label,9,2584.3988835107857,3431.5736704764126,10675.388208637847,0.32144720205114424,0.7531235321408641
600,2400.0,moving_symmetric,207.51851327172238,les_label,local_les,9,252.7208604303621,712.6939298746673,8139.0863389700735,0.08756436535907938,0.3545994287825701
600,2400.0,moving_symmetric,207.51851327172238,les_label,mask_motion,9,18.25047564586942,2072.2158806235134,4946.019227572775,0.41896640212626896,0.008807226996242302
600,2400.0,moving_symmetric,207.51851327172238,total,advection,9,-30367.83835335345,30367.83835335345,94846.63104108612,0.32017835552006657,1.0
600,2400.0,moving_symmetric,207.51851327172238,total,buoyancy,9,0.0,0.0,0.0,,
600,2400.0,moving_symmetric,207.51851327172238,total,coriolis,9,3866.8485371277498,3866.8485371277498,4938.8614387956095,0.7829433129573117,1.0
600,2400.0,moving_symmetric,207.51851327172238,total,external_forcing,9,0.0,0.0,0.0,,
600,2400.0,moving_symmetric,207.51851327172238,total,guard,9,0.0,0.0,0.0,,
600,2400.0,moving_symmetric,207.51851327172238,total,initial_bcs,9,0.0,0.0,0.0,,
600,2400.0,moving_symmetric,207.51851327172238,total,les,9,252.7208604303621,712.6939298746673,8139.0863389700735,0.08756436535907938,0.3545994287825701
600,2400.0,moving_symmetric,207.51851327172238,total,mask_motion,9,15563.337065967611,17521.19411741153,36029.950974322266,0.48629525279949704,0.8882577843539604
600,2400.0,moving_symmetric,207.51851327172238,total,predictor_bcs,9,0.0,0.0,0.0,,
600,2400.0,moving_symmetric,207.51851327172238,total,projection,9,3.423927401368168e-12,1.7963078534398783e-11,3.981679793003696e-10,0.04511432226660249,0.19060916506106929
600,2400.0,moving_symmetric,207.51851327172238,total,projection_bcs,9,0.0,0.0,0.0,,
600,2400.0,moving_symmetric,207.51851327172238,total,surface_drag,9,0.0,0.0,0.0,,
600,2400.0,moving_symmetric,207.51851327172238,total,transport_microphysics_bcs,9,0.0,0.0,0.0,,
600,2400.0,moving_symmetric,297.6708976654277,les_label,inferred_muscl_label,9,4449.749620420105,4484.817053288771,11702.217275473071,0.38324506781194323,0.9921808554391421
600,2400.0,moving_symmetric,297.6708976654277,les_label,local_les,9,-1509.980166904093,1509.980166904093,8913.437290540476,0.16940492401361065,1.0
600,2400.0,moving_symmetric,297.6708976654277,les_label,mask_motion,9,63.01759043783936,2775.477589047848,4813.858520373822,0.5765598588535829,0.02270513395118355
600,2400.0,moving_symmetric,297.6708976654277,total,advection,9,-38216.86974457165,38216.86974457165,93908.49636571574,0.4069585950534283,1.0
600,2400.0,moving_symmetric,297.6708976654277,total,buoyancy,9,0.0,0.0,0.0,,
600,2400.0,moving_symmetric,297.6708976654277,total,coriolis,9,4037.351619952995,4037.351619952995,4867.195575569373,0.8295026483460546,1.0
600,2400.0,moving_symmetric,297.6708976654277,total,external_forcing,9,0.0,0.0,0.0,,
600,2400.0,moving_symmetric,297.6708976654277,total,guard,9,0.0,0.0,0.0,,
600,2400.0,moving_symmetric,297.6708976654277,total,initial_bcs,9,0.0,0.0,0.0,,
600,2400.0,moving_symmetric,297.6708976654277,total,les,9,-1509.980166904093,1509.980166904093,8913.437290540476,0.16940492401361065,1.0
600,2400.0,moving_symmetric,297.6708976654277,total,mask_motion,9,24970.597824012537,27080.9563131813,49883.671946804534,0.5428821747937916,0.9220722316906669
600,2400.0,moving_symmetric,297.6708976654277,total,predictor_bcs,9,0.0,0.0,0.0,,
600,2400.0,moving_symmetric,297.6708976654277,total,projection,9,-2.656482516870829e-11,3.393426591970488e-11,3.7720261789541635e-10,0.08996296502139743,0.782831879480342
600,2400.0,moving_symmetric,297.6708976654277,total,projection_bcs,9,0.0,0.0,0.0,,
600,2400.0,moving_symmetric,297.6708976654277,total,surface_drag,9,0.0,0.0,0.0,,
600,2400.0,moving_symmetric,297.6708976654277,total,transport_microphysics_bcs,9,0.0,0.0,0.0,,
600,2400.0,moving_symmetric,392.33090127881815,les_label,inferred_muscl_label,9,5335.419506745827,5775.425535992768,13929.61762604809,0.41461479353121977,0.9238140936101071
600,2400.0,moving_symmetric,392.33090127881815,les_label,local_les,9,-2701.733078663952,2701.733078663952,9467.120194184476,0.28538066732516926,1.0
600,2400.0,moving_symmetric,392.33090127881815,les_label,mask_motion,9,407.0809161900323,2985.0950461630455,5054.988069249819,0.5905246471938846,0.13637117408146932
600,2400.0,moving_symmetric,392.33090127881815,total,advection,9,-45188.25712941635,45188.25712941635,92208.79925545432,0.49006447859956687,1.0
600,2400.0,moving_symmetric,392.33090127881815,total,buoyancy,9,0.0,0.0,0.0,,
600,2400.0,moving_symmetric,392.33090127881815,total,coriolis,9,4206.00892702727,4206.00892702727,4809.219183061586,0.8745721014008125,1.0
600,2400.0,moving_symmetric,392.33090127881815,total,external_forcing,9,0.0,0.0,0.0,,
600,2400.0,moving_symmetric,392.33090127881815,total,guard,9,0.0,0.0,0.0,,
600,2400.0,moving_symmetric,392.33090127881815,total,initial_bcs,9,0.0,0.0,0.0,,
600,2400.0,moving_symmetric,392.33090127881815,total,les,9,-2701.733078663952,2701.733078663952,9467.120194184476,0.28538066732516926,1.0
600,2400.0,moving_symmetric,392.33090127881815,total,mask_motion,9,34074.922168995516,36188.52810581327,63788.74045438468,0.5673184303065473,0.9415945868083475
600,2400.0,moving_symmetric,392.33090127881815,total,predictor_bcs,9,0.0,0.0,0.0,,
600,2400.0,moving_symmetric,392.33090127881815,total,projection,9,9.931173315354605e-12,2.5189963640372473e-11,3.94349927468644e-10,0.06387718593501049,0.3942511969107295
600,2400.0,moving_symmetric,392.33090127881815,total,projection_bcs,9,0.0,0.0,0.0,,
600,2400.0,moving_symmetric,392.33090127881815,total,surface_drag,9,0.0,0.0,0.0,,
600,2400.0,moving_symmetric,392.33090127881815,total,transport_microphysics_bcs,9,0.0,0.0,0.0,,
600,2400.0,moving_symmetric,491.72390507287827,les_label,inferred_muscl_label,9,6209.152665576551,6483.495096790145,14174.790932751255,0.45739617095937873,0.9576860278109232
600,2400.0,moving_symmetric,491.72390507287827,les_label,local_les,9,-3834.4879799549044,3834.4879799549044,10292.50050668575,0.37255164354513437,1.0
600,2400.0,moving_symmetric,491.72390507287827,les_label,mask_motion,9,1004.5995900430055,3534.9028322440445,5579.731914751205,0.6335255682981433,0.2841944001626943
600,2400.0,moving_symmetric,491.72390507287827,total,advection,9,-51458.22313076529,51458.22313076529,91239.06843609066,0.5639932981868369,1.0
600,2400.0,moving_symmetric,491.72390507287827,total,buoyancy,9,0.0,0.0,0.0,,
600,2400.0,moving_symmetric,491.72390507287827,total,coriolis,9,4363.041275661489,4363.041275661489,4776.736135037139,0.9133938221244381,1.0
600,2400.0,moving_symmetric,491.72390507287827,total,external_forcing,9,0.0,0.0,0.0,,
600,2400.0,moving_symmetric,491.72390507287827,total,guard,9,0.0,0.0,0.0,,
600,2400.0,moving_symmetric,491.72390507287827,total,initial_bcs,9,0.0,0.0,0.0,,
600,2400.0,moving_symmetric,491.72390507287827,total,les,9,-3834.4879799549044,3834.4879799549044,10292.50050668575,0.37255164354513437,1.0
600,2400.0,moving_symmetric,491.72390507287827,total,mask_motion,9,43075.56383912932,45035.229605356064,78583.89543073908,0.573084718675577,0.9564859381555438
600,2400.0,moving_symmetric,491.72390507287827,total,predictor_bcs,9,0.0,0.0,0.0,,
600,2400.0,moving_symmetric,491.72390507287827,total,projection,9,1.293864002754625e-13,3.4307330993411196e-11,3.573239383519017e-10,0.09601184614623962,0.0037713921931237225
600,2400.0,moving_symmetric,491.72390507287827,total,projection_bcs,9,0.0,0.0,0.0,,
600,2400.0,moving_symmetric,491.72390507287827,total,surface_drag,9,0.0,0.0,0.0,,
600,2400.0,moving_symmetric,491.72390507287827,total,transport_microphysics_bcs,9,0.0,0.0,0.0,,
600,2400.0,moving_symmetric,596.0865590566414,les_label,inferred_muscl_label,9,5503.464363550217,6089.712511005515,12366.411095849127,0.4924397599113917,0.9037313918521093
600,2400.0,moving_symmetric,596.0865590566414,les_label,local_les,9,-2612.076930668814,6100.110008279999,11583.58846789026,0.5266166028937855,0.42820161064690715
600,2400.0,moving_symmetric,596.0865590566414,les_label,mask_motion,9,487.1777138768142,2257.5968571175795,4446.05354440777,0.5077754540219555,0.21579482286258392
600,2400.0,moving_symmetric,596.0865590566414,total,advection,9,-60707.08036357627,60707.08036357627,90871.01880979931,0.668057661933353,1.0
600,2400.0,moving_symmetric,596.0865590566414,total,buoyancy,9,0.0,0.0,0.0,,
600,2400.0,moving_symmetric,596.0865590566414,total,coriolis,9,4520.72734252029,4520.72734252029,4782.434589063727,0.9452774017773504,1.0
600,2400.0,moving_symmetric,596.0865590566414,total,external_forcing,9,0.0,0.0,0.0,,
600,2400.0,moving_symmetric,596.0865590566414,total,guard,9,0.0,0.0,0.0,,
600,2400.0,moving_symmetric,596.0865590566414,total,initial_bcs,9,0.0,0.0,0.0,,
600,2400.0,moving_symmetric,596.0865590566414,total,les,9,-2612.076930668814,6100.110008279999,11583.58846789026,0.5266166028937855,0.42820161064690715
600,2400.0,moving_symmetric,596.0865590566414,total,mask_motion,9,51122.80470668828,52862.1372785666,92405.6949218138,0.5720657944653114,0.9670968170902248
600,2400.0,moving_symmetric,596.0865590566414,total,predictor_bcs,9,0.0,0.0,0.0,,
600,2400.0,moving_symmetric,596.0865590566414,total,projection,9,1.402226304125407e-11,6.823030490513799e-11,3.8364907754873427e-10,0.1778456117790895,0.20551370920516204
600,2400.0,moving_symmetric,596.0865590566414,total,projection_bcs,9,0.0,0.0,0.0,,
600,2400.0,moving_symmetric,596.0865590566414,total,surface_drag,9,0.0,0.0,0.0,,
600,2400.0,moving_symmetric,596.0865590566414,total,transport_microphysics_bcs,9,0.0,0.0,0.0,,
600,2400.0,moving_symmetric,705.6673457395926,les_label,inferred_muscl_label,9,4508.58655995029,5786.100085099702,13292.510380826156,0.4352902438538539,0.7792099157705119
600,2400.0,moving_symmetric,705.6673457395926,les_label,local_les,9,-2195.995839445642,6381.590130942773,12589.949690828389,0.5068797165719953,0.3441142089019153
600,2400.0,moving_symmetric,705.6673457395926,les_label,mask_motion,9,106.91357967593538,2357.4982543933675,5424.9162035793115,0.43456860270724756,0.04535043853232733
600,2400.0,moving_symmetric,705.6673457395926,total,advection,9,-71063.67762464075,71063.67762464075,93787.10305761806,0.7577126844506842,1.0
600,2400.0,moving_symmetric,705.6673457395926,total,buoyancy,9,0.0,0.0,0.0,,
600,2400.0,moving_symmetric,705.6673457395926,total,coriolis,9,4621.948544344319,4621.948544344319,4787.330921448371,0.965454158106535,1.0
600,2400.0,moving_symmetric,705.6673457395926,total,external_forcing,9,0.0,0.0,0.0,,
600,2400.0,moving_symmetric,705.6673457395926,total,guard,9,0.0,0.0,0.0,,
600,2400.0,moving_symmetric,705.6673457395926,total,initial_bcs,9,0.0,0.0,0.0,,
600,2400.0,moving_symmetric,705.6673457395926,total,les,9,-2195.995839445642,6381.590130942773,12589.949690828389,0.5068797165719953,0.3441142089019153
600,2400.0,moving_symmetric,705.6673457395926,total,mask_motion,9,61698.82732829018,63247.24224528339,108770.85331760679,0.5814723367169312,0.975518064313568
600,2400.0,moving_symmetric,705.6673457395926,total,predictor_bcs,9,0.0,0.0,0.0,,
600,2400.0,moving_symmetric,705.6673457395926,total,projection,9,-4.849941249388673e-12,5.150146666554542e-11,4.302347662702745e-10,0.11970549733117587,0.09417093460433998
600,2400.0,moving_symmetric,705.6673457395926,total,projection_bcs,9,0.0,0.0,0.0,,
600,2400.0,moving_symmetric,705.6673457395926,total,surface_drag,9,0.0,0.0,0.0,,
600,2400.0,moving_symmetric,705.6673457395926,total,transport_microphysics_bcs,9,0.0,0.0,0.0,,
600,2400.0,moving_symmetric,820.7271717566915,les_label,inferred_muscl_label,9,1891.9915711350147,5785.86916350246,15645.707535610383,0.36980552974888115,0.32700213531785133
600,2400.0,moving_symmetric,820.7271717566915,les_label,local_les,9,-1113.531784951684,2633.6624376332165,12577.397536454588,0.20939645343957328,0.4228073305979096
600,2400.0,moving_symmetric,820.7271717566915,les_label,mask_motion,9,-110.7604258218699,3662.193078847383,6633.262433846901,0.5520953098675347,0.030244288992193166
600,2400.0,moving_symmetric,820.7271717566915,total,advection,9,-85793.96496079372,85793.96496079372,98583.0375900989,0.8702710634411447,1.0
600,2400.0,moving_symmetric,820.7271717566915,total,buoyancy,9,0.0,0.0,0.0,,
600,2400.0,moving_symmetric,820.7271717566915,total,coriolis,9,4568.028458169576,4568.028458169576,4694.030699556213,0.9731569200434608,1.0
600,2400.0,moving_symmetric,820.7271717566915,total,external_forcing,9,0.0,0.0,0.0,,
600,2400.0,moving_symmetric,820.7271717566915,total,guard,9,0.0,0.0,0.0,,
600,2400.0,moving_symmetric,820.7271717566915,total,initial_bcs,9,0.0,0.0,0.0,,
600,2400.0,moving_symmetric,820.7271717566915,total,les,9,-1113.531784951684,2633.6624376332165,12577.397536454588,0.20939645343957328,0.4228073305979096
600,2400.0,moving_symmetric,820.7271717566915,total,mask_motion,9,78611.20639189672,79909.9671166612,130302.40216942782,0.6132654946204058,0.983747199859707
600,2400.0,moving_symmetric,820.7271717566915,total,predictor_bcs,9,0.0,0.0,0.0,,
600,2400.0,moving_symmetric,820.7271717566915,total,projection,9,-3.863654391539871e-11,6.700740426391315e-11,4.99946306277638e-10,0.1340292015813025,0.5766011135609148
600,2400.0,moving_symmetric,820.7271717566915,total,projection_bcs,9,0.0,0.0,0.0,,
600,2400.0,moving_symmetric,820.7271717566915,total,surface_drag,9,0.0,0.0,0.0,,
600,2400.0,moving_symmetric,820.7271717566915,total,transport_microphysics_bcs,9,0.0,0.0,0.0,,
600,2400.0,moving_symmetric,941.5399890746453,les_label,inferred_muscl_label,9,-3097.7420048129384,8166.126062262848,20621.97818132151,0.3959914024959725,0.37934045852269743
600,2400.0,moving_symmetric,941.5399890746453,les_label,local_les,9,2076.551552909124,2393.9115613830368,13706.36380267284,0.17465694007890017,0.8674303539055703
600,2400.0,moving_symmetric,941.5399890746453,les_label,mask_motion,9,991.8066689822581,3695.386662020732,6940.529210957015,0.532435863274925,0.26839049866568304
600,2400.0,moving_symmetric,941.5399890746453,total,advection,9,-105087.93180453629,105087.93180453629,112655.79410672378,0.9328231418348698,1.0
600,2400.0,moving_symmetric,941.5399890746453,total,buoyancy,9,0.0,0.0,0.0,,
600,2400.0,moving_symmetric,941.5399890746453,total,coriolis,9,4383.744133606752,4383.744133606752,4490.638695088077,0.9761961340603403,1.0
600,2400.0,moving_symmetric,941.5399890746453,total,external_forcing,9,0.0,0.0,0.0,,
600,2400.0,moving_symmetric,941.5399890746453,total,guard,9,0.0,0.0,0.0,,
600,2400.0,moving_symmetric,941.5399890746453,total,initial_bcs,9,0.0,0.0,0.0,,
600,2400.0,moving_symmetric,941.5399890746453,total,les,9,2076.551552909124,2393.9115613830368,13706.36380267284,0.17465694007890017,0.8674303539055703
600,2400.0,moving_symmetric,941.5399890746453,total,mask_motion,9,98624.43709365174,99597.03971233821,154290.52809705024,0.6455162279935338,0.9902346232227826
600,2400.0,moving_symmetric,941.5399890746453,total,predictor_bcs,9,0.0,0.0,0.0,,
600,2400.0,moving_symmetric,941.5399890746453,total,projection,9,-2.45397726797306e-11,6.00100566163159e-11,5.108541001108474e-10,0.11747004987000134,0.4089276708507317
600,2400.0,moving_symmetric,941.5399890746453,total,projection_bcs,9,0.0,0.0,0.0,,
600,2400.0,moving_symmetric,941.5399890746453,total,surface_drag,9,0.0,0.0,0.0,,
600,2400.0,moving_symmetric,941.5399890746453,total,transport_microphysics_bcs,9,0.0,0.0,0.0,,
600,2400.0,moving_symmetric,1068.3934472584967,les_label,inferred_muscl_label,9,-6555.193971529809,7070.508272860036,21154.41628731728,0.33423320108808785,0.9271177853919995
600,2400.0,moving_symmetric,1068.3934472584967,les_label,local_les,9,4670.112818823235,4801.477352194449,10576.987269070602,0.45395510366501124,0.9726408095393441
600,2400.0,moving_symmetric,1068.3934472584967,les_label,mask_motion,9,1393.9605816119263,2356.5297097100943,6424.594258939563,0.36679821553416836,0.5915310873731419
600,2400.0,moving_symmetric,1068.3934472584967,total,advection,9,-125303.12145394456,125303.12145394456,134524.92099776526,0.9314491361494731,1.0
600,2400.0,moving_symmetric,1068.3934472584967,total,buoyancy,9,0.0,0.0,0.0,,
600,2400.0,moving_symmetric,1068.3934472584967,total,coriolis,9,4109.058310723657,4109.058310723657,4201.7142724221185,0.9779480574615443,1.0
600,2400.0,moving_symmetric,1068.3934472584967,total,external_forcing,9,0.0,0.0,0.0,,
600,2400.0,moving_symmetric,1068.3934472584967,total,guard,9,0.0,0.0,0.0,,
600,2400.0,moving_symmetric,1068.3934472584967,total,initial_bcs,9,0.0,0.0,0.0,,
600,2400.0,moving_symmetric,1068.3934472584967,total,les,9,4670.112818823235,4801.477352194449,10576.987269070602,0.45395510366501124,0.9726408095393441
600,2400.0,moving_symmetric,1068.3934472584967,total,mask_motion,9,120956.01803558932,121240.4614867082,179998.47521888823,0.6735638251339241,0.9976538900658172
600,2400.0,moving_symmetric,1068.3934472584967,total,predictor_bcs,9,0.0,0.0,0.0,,
600,2400.0,moving_symmetric,1068.3934472584967,total,projection,9,1.8987344655536573e-11,7.502131850315764e-11,4.944056943630582e-10,0.1517404013718075,0.2530926546530557
600,2400.0,moving_symmetric,1068.3934472584967,total,projection_bcs,9,0.0,0.0,0.0,,
600,2400.0,moving_symmetric,1068.3934472584967,total,surface_drag,9,0.0,0.0,0.0,,
600,2400.0,moving_symmetric,1068.3934472584967,total,transport_microphysics_bcs,9,0.0,0.0,0.0,,
600,2400.0,moving_symmetric,1201.5895783515407,les_label,inferred_muscl_label,9,-4790.953830923222,5533.813635635086,22721.058079046546,0.24355439858403388,0.865759880324085
600,2400.0,moving_symmetric,1201.5895783515407,les_label,local_les,9,5031.5140416063505,5031.5140416063505,6425.252411714815,0.783084261784434,1.0
600,2400.0,moving_symmetric,1201.5895783515407,les_label,mask_motion,9,-204.80642653840596,1237.8028460551805,6045.413692391734,0.20475072659013865,0.16545965069567778
600,2400.0,moving_symmetric,1201.5895783515407,total,advection,9,-141679.4126980815,141679.4126980815,156374.04477335012,0.9060289570653035,1.0
600,2400.0,moving_symmetric,1201.5895783515407,total,buoyancy,9,0.0,0.0,0.0,,
600,2400.0,moving_symmetric,1201.5895783515407,total,coriolis,9,3778.316343632455,3778.316343632455,3853.691922066557,0.9804406839056088,1.0
600,2400.0,moving_symmetric,1201.5895783515407,total,external_forcing,9,0.0,0.0,0.0,,
600,2400.0,moving_symmetric,1201.5895783515407,total,guard,9,0.0,0.0,0.0,,
600,2400.0,moving_symmetric,1201.5895783515407,total,initial_bcs,9,0.0,0.0,0.0,,
600,2400.0,moving_symmetric,1201.5895783515407,total,les,9,5031.5140416063505,5031.5140416063505,6425.252411714815,0.783084261784434,1.0
600,2400.0,moving_symmetric,1201.5895783515407,total,mask_motion,9,142803.46251635047,142803.46251635047,204628.26294233763,0.6978677356831747,1.0
600,2400.0,moving_symmetric,1201.5895783515407,total,predictor_bcs,9,0.0,0.0,0.0,,
600,2400.0,moving_symmetric,1201.5895783515407,total,projection,9,4.860194583215186e-12,5.2585918712750365e-11,5.129949885905268e-10,0.10250766553730314,0.09242387890499569
600,2400.0,moving_symmetric,1201.5895783515407,total,projection_bcs,9,0.0,0.0,0.0,,
600,2400.0,moving_symmetric,1201.5895783515407,total,surface_drag,9,0.0,0.0,0.0,,
600,2400.0,moving_symmetric,1201.5895783515407,total,transport_microphysics_bcs,9,0.0,0.0,0.0,,
600,2400.0,moving_symmetric,1341.445515999237,les_label,inferred_muscl_label,9,501.035913108704,4099.212473387885,20461.725829295665,0.20033561721948792,0.12222735863569709
600,2400.0,moving_symmetric,1341.445515999237,les_label,local_les,9,2995.867005183499,2995.867005183499,3904.156367839699,0.7673532315103487,1.0
600,2400.0,moving_symmetric,1341.445515999237,les_label,mask_motion,9,-3702.12882425069,3702.12882425069,8019.897170801466,0.4616179915285271,1.0
600,2400.0,moving_symmetric,1341.445515999237,total,advection,9,-152384.27821253613,152384.27821253613,173505.60237090854,0.8782671921266226,1.0
600,2400.0,moving_symmetric,1341.445515999237,total,buoyancy,9,0.0,0.0,0.0,,
600,2400.0,moving_symmetric,1341.445515999237,total,coriolis,9,3415.52863387515,3415.52863387515,3474.3255766106035,0.9830767320336129,1.0
600,2400.0,moving_symmetric,1341.445515999237,total,external_forcing,9,0.0,0.0,0.0,,
600,2400.0,moving_symmetric,1341.445515999237,total,guard,9,0.0,0.0,0.0,,
600,2400.0,moving_symmetric,1341.445515999237,total,initial_bcs,9,0.0,0.0,0.0,,
600,2400.0,moving_symmetric,1341.445515999237,total,les,9,2995.867005183499,2995.867005183499,3904.156367839699,0.7673532315103487,1.0
600,2400.0,moving_symmetric,1341.445515999237,total,mask_motion,9,162627.02631658426,162627.02631658426,227171.66603934419,0.7158772445170105,1.0
600,2400.0,moving_symmetric,1341.445515999237,total,predictor_bcs,9,0.0,0.0,0.0,,
600,2400.0,moving_symmetric,1341.445515999237,total,projection,9,5.568955331060853e-11,8.526428464639656e-11,5.189990588173616e-10,0.16428601015325056,0.6531404507943888
600,2400.0,moving_symmetric,1341.445515999237,total,projection_bcs,9,0.0,0.0,0.0,,
600,2400.0,moving_symmetric,1341.445515999237,total,surface_drag,9,0.0,0.0,0.0,,
600,2400.0,moving_symmetric,1341.445515999237,total,transport_microphysics_bcs,9,0.0,0.0,0.0,,
600,2400.0,moving_symmetric,1488.294250529318,les_label,inferred_muscl_label,9,3756.8626710228605,4781.984997816086,17747.416548766236,0.26944682256576213,0.7856282846430102
600,2400.0,moving_symmetric,1488.294250529318,les_label,local_les,9,911.274260291224,989.6672461144758,3282.996364371673,0.3014524343842478,0.9207885416729412
600,2400.0,moving_symmetric,1488.294250529318,les_label,mask_motion,9,-6302.638440878284,6302.638440878284,9402.799274678213,0.6702938408832487,1.0
600,2400.0,moving_symmetric,1488.294250529318,total,advection,9,-158621.45325734987,158621.45325734987,188382.9576987752,0.8420159402687899,1.0
600,2400.0,moving_symmetric,1488.294250529318,total,buoyancy,9,0.0,0.0,0.0,,
600,2400.0,moving_symmetric,1488.294250529318,total,coriolis,9,3029.3059614176377,3029.3059614176377,3110.081174250253,0.9740279406526784,1.0
600,2400.0,moving_symmetric,1488.294250529318,total,external_forcing,9,0.0,0.0,0.0,,
600,2400.0,moving_symmetric,1488.294250529318,total,guard,9,0.0,0.0,0.0,,
600,2400.0,moving_symmetric,1488.294250529318,total,initial_bcs,9,0.0,0.0,0.0,,
600,2400.0,moving_symmetric,1488.294250529318,total,les,9,911.274260291224,989.6672461144758,3282.996364371673,0.3014524343842478,0.9207885416729412
600,2400.0,moving_symmetric,1488.294250529318,total,mask_motion,9,179305.25521073252,179305.25521073252,246631.40630772497,0.7270171220084242,1.0
600,2400.0,moving_symmetric,1488.294250529318,total,predictor_bcs,9,0.0,0.0,0.0,,
600,2400.0,moving_symmetric,1488.294250529318,total,projection,9,5.257620853880128e-11,9.695324720367289e-11,5.648537877515745e-10,0.17164308588528648,0.5422841426688133
600,2400.0,moving_symmetric,1488.294250529318,total,projection_bcs,9,0.0,0.0,0.0,,
600,2400.0,moving_symmetric,1488.294250529318,total,surface_drag,9,0.0,0.0,0.0,,
600,2400.0,moving_symmetric,1488.294250529318,total,transport_microphysics_bcs,9,0.0,0.0,0.0,,
600,2400.0,moving_symmetric,1642.4854217859033,les_label,inferred_muscl_label,9,3847.0211495329513,3847.0211495329513,17639.141015799418,0.21809571940533645,1.0
600,2400.0,moving_symmetric,1642.4854217859033,les_label,local_les,9,-963.4764892408934,1317.8373876067192,4013.581681656912,0.3283444793535836,0.7311042305383604
600,2400.0,moving_symmetric,1642.4854217859033,les_label,mask_motion,9,-6089.265841429484,6089.265841429484,8584.282277078451,0.709350606711629,1.0
600,2400.0,moving_symmetric,1642.4854217859033,total,advection,9,-159402.30982010666,159402.30982010666,204162.69891365056,0.7807611805108677,1.0
600,2400.0,moving_symmetric,1642.4854217859033,total,buoyancy,9,0.0,0.0,0.0,,
600,2400.0,moving_symmetric,1642.4854217859033,total,coriolis,9,2631.6385406464433,2631.6385406464433,2793.997750174047,0.9418899999051575,1.0
600,2400.0,moving_symmetric,1642.4854217859033,total,external_forcing,9,0.0,0.0,0.0,,
600,2400.0,moving_symmetric,1642.4854217859033,total,guard,9,0.0,0.0,0.0,,
600,2400.0,moving_symmetric,1642.4854217859033,total,initial_bcs,9,0.0,0.0,0.0,,
600,2400.0,moving_symmetric,1642.4854217859033,total,les,9,-963.4764892408934,1317.8373876067192,4013.581681656912,0.3283444793535836,0.7311042305383604
600,2400.0,moving_symmetric,1642.4854217859033,total,mask_motion,9,189978.9659210878,189978.9659210878,260166.0022385909,0.7302221054496715,1.0
600,2400.0,moving_symmetric,1642.4854217859033,total,predictor_bcs,9,0.0,0.0,0.0,,
600,2400.0,moving_symmetric,1642.4854217859033,total,projection,9,8.602127799135773e-12,4.9491660769618306e-11,5.852764562060131e-10,0.08456116805115017,0.17380964116719244
600,2400.0,moving_symmetric,1642.4854217859033,total,projection_bcs,9,0.0,0.0,0.0,,
600,2400.0,moving_symmetric,1642.4854217859033,total,surface_drag,9,0.0,0.0,0.0,,
600,2400.0,moving_symmetric,1642.4854217859033,total,transport_microphysics_bcs,9,0.0,0.0,0.0,,
600,2400.0,moving_symmetric,1804.3861516053175,les_label,inferred_muscl_label,9,2997.113266688176,3180.5123764517216,17423.542036643157,0.18254109122948936,0.9423366149676325
600,2400.0,moving_symmetric,1804.3861516053175,les_label,local_les,9,-2131.6453459687496,2131.6453459687496,4622.140774321047,0.46118139841421646,1.0
600,2400.0,moving_symmetric,1804.3861516053175,les_label,mask_motion,9,-4091.4592802919788,4351.4379305448765,8037.473135296684,0.5413937760408146,0.9402545424288417
600,2400.0,moving_symmetric,1804.3861516053175,total,advection,9,-155126.76356033274,155126.76356033274,216414.84664483805,0.7168027793163092,1.0
600,2400.0,moving_symmetric,1804.3861516053175,total,buoyancy,9,0.0,0.0,0.0,,
600,2400.0,moving_symmetric,1804.3861516053175,total,coriolis,9,2228.7585489612165,2228.7585489612165,2559.7992127575103,0.8706770975838826,1.0
600,2400.0,moving_symmetric,1804.3861516053175,total,external_forcing,9,0.0,0.0,0.0,,
600,2400.0,moving_symmetric,1804.3861516053175,total,guard,9,0.0,0.0,0.0,,
600,2400.0,moving_symmetric,1804.3861516053175,total,initial_bcs,9,0.0,0.0,0.0,,
600,2400.0,moving_symmetric,1804.3861516053175,total,les,9,-2131.6453459687496,2131.6453459687496,4622.140774321047,0.46118139841421646,1.0
600,2400.0,moving_symmetric,1804.3861516053175,total,mask_motion,9,193496.59763682395,193997.59040653295,265812.366807097,0.7298290622697746,0.9974175309669613
600,2400.0,moving_symmetric,1804.3861516053175,total,predictor_bcs,9,0.0,0.0,0.0,,
600,2400.0,moving_symmetric,1804.3861516053175,total,projection,9,1.9206933711947514e-11,7.923482884213259e-11,6.328798645428e-10,0.12519726614998689,0.24240518964476332
600,2400.0,moving_symmetric,1804.3861516053175,total,projection_bcs,9,0.0,0.0,0.0,,
600,2400.0,moving_symmetric,1804.3861516053175,total,surface_drag,9,0.0,0.0,0.0,,
600,2400.0,moving_symmetric,1804.3861516053175,total,transport_microphysics_bcs,9,0.0,0.0,0.0,,
600,2400.0,moving_symmetric,1974.3819179157026,les_label,inferred_muscl_label,9,2248.8938126395246,2870.685599616245,15300.751931082044,0.18761728917287496,0.7833995519886114
600,2400.0,moving_symmetric,1974.3819179157026,les_label,local_les,9,-2821.1418201240167,2821.1418201240167,5131.301232779046,0.5497907240569705,1.0
600,2400.0,moving_symmetric,1974.3819179157026,les_label,mask_motion,9,-2090.6220165635978,2841.518187066449,7828.370703508956,0.36297695838455624,0.7357412055567141
600,2400.0,moving_symmetric,1974.3819179157026,total,advection,9,-146639.58134215305,146639.58134215305,226548.97314947614,0.6472754182178563,1.0
600,2400.0,moving_symmetric,1974.3819179157026,total,buoyancy,9,0.0,0.0,0.0,,
600,2400.0,moving_symmetric,1974.3819179157026,total,coriolis,9,1829.9970781180689,1829.9970781180689,2378.0144899963434,0.7695483294220309,1.0
600,2400.0,moving_symmetric,1974.3819179157026,total,external_forcing,9,0.0,0.0,0.0,,
600,2400.0,moving_symmetric,1974.3819179157026,total,guard,9,0.0,0.0,0.0,,
600,2400.0,moving_symmetric,1974.3819179157026,total,initial_bcs,9,0.0,0.0,0.0,,
600,2400.0,moving_symmetric,1974.3819179157026,total,les,9,-2821.1418201240167,2821.1418201240167,5131.301232779046,0.5497907240569705,1.0
600,2400.0,moving_symmetric,1974.3819179157026,total,mask_motion,9,190056.63553419863,192526.86591069304,264032.1951625515,0.7291795070376317,0.9871694250835608
600,2400.0,moving_symmetric,1974.3819179157026,total,predictor_bcs,9,0.0,0.0,0.0,,
600,2400.0,moving_symmetric,1974.3819179157026,total,projection,9,7.560937959711841e-12,1.0597586651002293e-10,6.843581182704259e-10,0.15485440105226644,0.07134584701882808
600,2400.0,moving_symmetric,1974.3819179157026,total,projection_bcs,9,0.0,0.0,0.0,,
600,2400.0,moving_symmetric,1974.3819179157026,total,surface_drag,9,0.0,0.0,0.0,,
600,2400.0,moving_symmetric,1974.3819179157026,total,transport_microphysics_bcs,9,0.0,0.0,0.0,,
600,4200.0,fixed_initial,39.88822936505957,les_label,inferred_muscl_label,9,-10273.669534144803,10273.669534144803,30270.798817970983,0.33939208528734277,1.0
600,4200.0,fixed_initial,39.88822936505957,les_label,local_les,9,-145.57306024255834,145.57306024255834,7217.561235011129,0.020169286480925006,1.0
600,4200.0,fixed_initial,39.88822936505957,les_label,mask_motion,9,0.0,0.0,0.0,,
600,4200.0,fixed_initial,39.88822936505957,total,advection,9,-6337.754372160332,6337.754372160332,144209.84529135862,0.04394813931986171,1.0
600,4200.0,fixed_initial,39.88822936505957,total,buoyancy,9,0.0,0.0,0.0,,
600,4200.0,fixed_initial,39.88822936505957,total,coriolis,9,4291.396554488935,4341.177901893953,11867.301215861247,0.3658100374238205,0.9885327557335765
600,4200.0,fixed_initial,39.88822936505957,total,external_forcing,9,0.0,0.0,0.0,,
600,4200.0,fixed_initial,39.88822936505957,total,guard,9,0.0,0.0,0.0,,
600,4200.0,fixed_initial,39.88822936505957,total,initial_bcs,9,0.0,0.0,0.0,,
600,4200.0,fixed_initial,39.88822936505957,total,les,9,-145.57306024255834,145.57306024255834,7217.561235011129,0.020169286480925006,1.0
600,4200.0,fixed_initial,39.88822936505957,total,mask_motion,9,0.0,0.0,0.0,,
600,4200.0,fixed_initial,39.88822936505957,total,predictor_bcs,9,0.0,0.0,0.0,,
600,4200.0,fixed_initial,39.88822936505957,total,projection,9,1.1745293954037886e-11,6.490386517264728e-11,1.2621835311006996e-09,0.05142189196213583,0.18096447604152482
600,4200.0,fixed_initial,39.88822936505957,total,projection_bcs,9,0.0,0.0,0.0,,
600,4200.0,fixed_initial,39.88822936505957,total,surface_drag,9,-2156.8043326569555,2156.8043326569555,9335.526680844318,0.23103188565488533,1.0
600,4200.0,fixed_initial,39.88822936505957,total,transport_microphysics_bcs,9,0.0,0.0,0.0,,
600,4200.0,fixed_initial,121.65909956343168,les_label,inferred_muscl_label,9,-5225.115217279116,5225.115217279116,74644.76328165714,0.06999975601186094,1.0
600,4200.0,fixed_initial,121.65909956343168,les_label,local_les,9,-1017.093428275811,5383.589753359004,69075.44672189496,0.07793782029429219,0.18892476486366963
600,4200.0,fixed_initial,121.65909956343168,les_label,mask_motion,9,0.0,0.0,0.0,,
600,4200.0,fixed_initial,121.65909956343168,total,advection,9,-29728.393028043192,29728.393028043192,193307.53843683552,0.15378806883807658,1.0
600,4200.0,fixed_initial,121.65909956343168,total,buoyancy,9,0.0,0.0,0.0,,
600,4200.0,fixed_initial,121.65909956343168,total,coriolis,9,4660.432177749152,4660.432177749152,11759.83871358833,0.39630068840689864,1.0
600,4200.0,fixed_initial,121.65909956343168,total,external_forcing,9,0.0,0.0,0.0,,
600,4200.0,fixed_initial,121.65909956343168,total,guard,9,0.0,0.0,0.0,,
600,4200.0,fixed_initial,121.65909956343168,total,initial_bcs,9,0.0,0.0,0.0,,
600,4200.0,fixed_initial,121.65909956343168,total,les,9,-1017.093428275811,5383.589753359004,69075.44672189496,0.07793782029429219,0.18892476486366963
600,4200.0,fixed_initial,121.65909956343168,total,mask_motion,9,0.0,0.0,0.0,,
600,4200.0,fixed_initial,121.65909956343168,total,predictor_bcs,9,0.0,0.0,0.0,,
600,4200.0,fixed_initial,121.65909956343168,total,projection,9,2.7789603046702487e-11,3.2819759025948985e-11,1.205779841665283e-09,0.027218699377675903,0.8467339149178579
600,4200.0,fixed_initial,121.65909956343168,total,projection_bcs,9,0.0,0.0,0.0,,
600,4200.0,fixed_initial,121.65909956343168,total,surface_drag,9,-1692.9984947292664,1692.9984947292664,10169.534541870617,0.1664774811235216,1.0
600,4200.0,fixed_initial,121.65909956343168,total,transport_microphysics_bcs,9,0.0,0.0,0.0,,
600,4200.0,fixed_initial,207.51851327172238,les_label,inferred_muscl_label,9,12625.28332841314,16403.30316338974,72193.09341883825,0.2272142996868648,0.7696793263317414
600,4200.0,fixed_initial,207.51851327172238,les_label,local_les,9,-6322.903966603237,14857.297033775374,64090.74651521201,0.23181657012294243,0.42557565836028316
600,4200.0,fixed_initial,207.51851327172238,les_label,mask_motion,9,0.0,0.0,0.0,,
600,4200.0,fixed_initial,207.51851327172238,total,advection,9,-46411.971418245026,46411.971418245026,234867.28286583966,0.1976093513405882,1.0
600,4200.0,fixed_initial,207.51851327172238,total,buoyancy,9,0.0,0.0,0.0,,
600,4200.0,fixed_initial,207.51851327172238,total,coriolis,9,5040.110371565774,5040.110371565774,11678.1121826385,0.4315860554121714,1.0
600,4200.0,fixed_initial,207.51851327172238,total,external_forcing,9,0.0,0.0,0.0,,
600,4200.0,fixed_initial,207.51851327172238,total,guard,9,0.0,0.0,0.0,,
600,4200.0,fixed_initial,207.51851327172238,total,initial_bcs,9,0.0,0.0,0.0,,
600,4200.0,fixed_initial,207.51851327172238,total,les,9,-6322.903966603237,14857.297033775374,64090.74651521201,0.23181657012294243,0.42557565836028316
600,4200.0,fixed_initial,207.51851327172238,total,mask_motion,9,0.0,0.0,0.0,,
600,4200.0,fixed_initial,207.51851327172238,total,predictor_bcs,9,0.0,0.0,0.0,,
600,4200.0,fixed_initial,207.51851327172238,total,projection,9,9.552486060460889e-12,3.867858639573568e-11,1.1334154516418429e-09,0.034125691810277206,0.24697091984504513
600,4200.0,fixed_initial,207.51851327172238,total,projection_bcs,9,0.0,0.0,0.0,,
600,4200.0,fixed_initial,207.51851327172238,total,surface_drag,9,0.0,0.0,0.0,,
600,4200.0,fixed_initial,207.51851327172238,total,transport_microphysics_bcs,9,0.0,0.0,0.0,,
600,4200.0,fixed_initial,297.6708976654277,les_label,inferred_muscl_label,9,6842.320273451145,19568.752857089432,65227.51763476915,0.300007628171004,0.3496554084678057
600,4200.0,fixed_initial,297.6708976654277,les_label,local_les,9,7668.395465346117,20925.91758653523,72160.00120938483,0.2899933098090593,0.36645444261332377
600,4200.0,fixed_initial,297.6708976654277,les_label,mask_motion,9,0.0,0.0,0.0,,
600,4200.0,fixed_initial,297.6708976654277,total,advection,9,-80543.63890508584,80543.63890508584,248809.41248817736,0.3237162055069481,1.0
600,4200.0,fixed_initial,297.6708976654277,total,buoyancy,9,0.0,0.0,0.0,,
600,4200.0,fixed_initial,297.6708976654277,total,coriolis,9,5431.940219206849,5431.940219206849,11404.80389763671,0.47628528012940663,1.0
600,4200.0,fixed_initial,297.6708976654277,total,external_forcing,9,0.0,0.0,0.0,,
600,4200.0,fixed_initial,297.6708976654277,total,guard,9,0.0,0.0,0.0,,
600,4200.0,fixed_initial,297.6708976654277,total,initial_bcs,9,0.0,0.0,0.0,,
600,4200.0,fixed_initial,297.6708976654277,total,les,9,7668.395465346117,20925.91758653523,72160.00120938483,0.2899933098090593,0.36645444261332377
600,4200.0,fixed_initial,297.6708976654277,total,mask_motion,9,0.0,0.0,0.0,,
600,4200.0,fixed_initial,297.6708976654277,total,predictor_bcs,9,0.0,0.0,0.0,,
600,4200.0,fixed_initial,297.6708976654277,total,projection,9,-1.1338529145129466e-11,5.267905633804808e-11,1.086111467334328e-09,0.04850244005556785,0.2152378940193748
600,4200.0,fixed_initial,297.6708976654277,total,projection_bcs,9,0.0,0.0,0.0,,
600,4200.0,fixed_initial,297.6708976654277,total,surface_drag,9,0.0,0.0,0.0,,
600,4200.0,fixed_initial,297.6708976654277,total,transport_microphysics_bcs,9,0.0,0.0,0.0,,
600,4200.0,fixed_initial,392.33090127881815,les_label,inferred_muscl_label,9,-206.420633342811,20668.366122839758,72653.46571449628,0.2844787364178812,0.009987273890736049
600,4200.0,fixed_initial,392.33090127881815,les_label,local_les,9,18738.787662629496,30636.50674390751,77664.6355053813,0.39447177656276694,0.6116489657018733
600,4200.0,fixed_initial,392.33090127881815,les_label,mask_motion,9,0.0,0.0,0.0,,
600,4200.0,fixed_initial,392.33090127881815,total,advection,9,-112730.20782006008,112730.20782006008,259998.06971870476,0.43358094135861985,1.0
600,4200.0,fixed_initial,392.33090127881815,total,buoyancy,9,0.0,0.0,0.0,,
600,4200.0,fixed_initial,392.33090127881815,total,coriolis,9,5798.4462699368,5798.4462699368,11069.903800062271,0.5238027696233621,1.0
600,4200.0,fixed_initial,392.33090127881815,total,external_forcing,9,0.0,0.0,0.0,,
600,4200.0,fixed_initial,392.33090127881815,total,guard,9,0.0,0.0,0.0,,
600,4200.0,fixed_initial,392.33090127881815,total,initial_bcs,9,0.0,0.0,0.0,,
600,4200.0,fixed_initial,392.33090127881815,total,les,9,18738.787662629496,30636.50674390751,77664.6355053813,0.39447177656276694,0.6116489657018733
600,4200.0,fixed_initial,392.33090127881815,total,mask_motion,9,0.0,0.0,0.0,,
600,4200.0,fixed_initial,392.33090127881815,total,predictor_bcs,9,0.0,0.0,0.0,,
600,4200.0,fixed_initial,392.33090127881815,total,projection,9,2.403618485811052e-11,7.504136062617866e-11,1.101648000556844e-09,0.06811736651657146,0.32030582411541914
600,4200.0,fixed_initial,392.33090127881815,total,projection_bcs,9,0.0,0.0,0.0,,
600,4200.0,fixed_initial,392.33090127881815,total,surface_drag,9,0.0,0.0,0.0,,
600,4200.0,fixed_initial,392.33090127881815,total,transport_microphysics_bcs,9,0.0,0.0,0.0,,
600,4200.0,fixed_initial,491.72390507287827,les_label,inferred_muscl_label,9,-9837.920034359247,21311.52093678001,78073.63470703867,0.27296693713247455,0.4616244923833988
600,4200.0,fixed_initial,491.72390507287827,les_label,local_les,9,27602.937256382167,34954.49900416015,80113.82340929749,0.43631045825361964,0.7896819591977837
600,4200.0,fixed_initial,491.72390507287827,les_label,mask_motion,9,0.0,0.0,0.0,,
600,4200.0,fixed_initial,491.72390507287827,total,advection,9,-141193.2012480901,141193.2012480901,283390.7003467902,0.49822806844158785,1.0
600,4200.0,fixed_initial,491.72390507287827,total,buoyancy,9,0.0,0.0,0.0,,
600,4200.0,fixed_initial,491.72390507287827,total,coriolis,9,6098.579160231997,6098.579160231997,10820.471048697764,0.5636149417881356,1.0
600,4200.0,fixed_initial,491.72390507287827,total,external_forcing,9,0.0,0.0,0.0,,
600,4200.0,fixed_initial,491.72390507287827,total,guard,9,0.0,0.0,0.0,,
600,4200.0,fixed_initial,491.72390507287827,total,initial_bcs,9,0.0,0.0,0.0,,
600,4200.0,fixed_initial,491.72390507287827,total,les,9,27602.937256382167,34954.49900416015,80113.82340929749,0.43631045825361964,0.7896819591977837
600,4200.0,fixed_initial,491.72390507287827,total,mask_motion,9,0.0,0.0,0.0,,
600,4200.0,fixed_initial,491.72390507287827,total,predictor_bcs,9,0.0,0.0,0.0,,
600,4200.0,fixed_initial,491.72390507287827,total,projection,9,-5.888950111322322e-12,5.372185779000306e-11,1.1591323292000627e-09,0.046346613269839035,0.10961925654808943
600,4200.0,fixed_initial,491.72390507287827,total,projection_bcs,9,0.0,0.0,0.0,,
600,4200.0,fixed_initial,491.72390507287827,total,surface_drag,9,0.0,0.0,0.0,,
600,4200.0,fixed_initial,491.72390507287827,total,transport_microphysics_bcs,9,0.0,0.0,0.0,,
600,4200.0,fixed_initial,596.0865590566414,les_label,inferred_muscl_label,9,-17091.43356269407,17091.43356269407,69909.61502173153,0.2444790113259981,1.0
600,4200.0,fixed_initial,596.0865590566414,les_label,local_les,9,30617.62195407173,32312.84372989346,70180.71903245614,0.46042337803563815,0.9475372149231968
600,4200.0,fixed_initial,596.0865590566414,les_label,mask_motion,9,0.0,0.0,0.0,,
600,4200.0,fixed_initial,596.0865590566414,total,advection,9,-163314.45702858263,163314.45702858263,305126.41373290616,0.5352353964725608,1.0
600,4200.0,fixed_initial,596.0865590566414,total,buoyancy,9,0.0,0.0,0.0,,
600,4200.0,fixed_initial,596.0865590566414,total,coriolis,9,6235.111353785071,6235.111353785071,10692.577231890114,0.5831252109350346,1.0
600,4200.0,fixed_initial,596.0865590566414,total,external_forcing,9,0.0,0.0,0.0,,
600,4200.0,fixed_initial,596.0865590566414,total,guard,9,0.0,0.0,0.0,,
600,4200.0,fixed_initial,596.0865590566414,total,initial_bcs,9,0.0,0.0,0.0,,
600,4200.0,fixed_initial,596.0865590566414,total,les,9,30617.62195407173,32312.84372989346,70180.71903245614,0.46042337803563815,0.9475372149231968
600,4200.0,fixed_initial,596.0865590566414,total,mask_motion,9,0.0,0.0,0.0,,
600,4200.0,fixed_initial,596.0865590566414,total,predictor_bcs,9,0.0,0.0,0.0,,
600,4200.0,fixed_initial,596.0865590566414,total,projection,9,-2.0804748076286056e-11,7.465983131104911e-11,1.308950268350155e-09,0.05703794339348956,0.2786605288405883
600,4200.0,fixed_initial,596.0865590566414,total,projection_bcs,9,0.0,0.0,0.0,,
600,4200.0,fixed_initial,596.0865590566414,total,surface_drag,9,0.0,0.0,0.0,,
600,4200.0,fixed_initial,596.0865590566414,total,transport_microphysics_bcs,9,0.0,0.0,0.0,,
600,4200.0,fixed_initial,705.6673457395926,les_label,inferred_muscl_label,9,-15612.421957628316,15690.152789625468,60945.30158681308,0.25744647054171593,0.9950458843174205
600,4200.0,fixed_initial,705.6673457395926,les_label,local_les,9,23202.342202012303,23202.342202012303,56675.157922198436,0.40939175209469414,1.0
600,4200.0,fixed_initial,705.6673457395926,les_label,mask_motion,9,0.0,0.0,0.0,,
600,4200.0,fixed_initial,705.6673457395926,total,advection,9,-172400.15504065857,172400.15504065857,331283.390672596,0.5204008407745376,1.0
600,4200.0,fixed_initial,705.6673457395926,total,buoyancy,9,0.0,0.0,0.0,,
600,4200.0,fixed_initial,705.6673457395926,total,coriolis,9,6071.467959560376,6071.467959560376,10417.017947036938,0.5828412690109044,1.0
600,4200.0,fixed_initial,705.6673457395926,total,external_forcing,9,0.0,0.0,0.0,,
600,4200.0,fixed_initial,705.6673457395926,total,guard,9,0.0,0.0,0.0,,
600,4200.0,fixed_initial,705.6673457395926,total,initial_bcs,9,0.0,0.0,0.0,,
600,4200.0,fixed_initial,705.6673457395926,total,les,9,23202.342202012303,23202.342202012303,56675.157922198436,0.40939175209469414,1.0
600,4200.0,fixed_initial,705.6673457395926,total,mask_motion,9,0.0,0.0,0.0,,
600,4200.0,fixed_initial,705.6673457395926,total,predictor_bcs,9,0.0,0.0,0.0,,
600,4200.0,fixed_initial,705.6673457395926,total,projection,9,-2.184989250078248e-12,4.2757698016969783e-11,1.367203926976165e-09,0.031273826218109736,0.0511016577461926
600,4200.0,fixed_initial,705.6673457395926,total,projection_bcs,9,0.0,0.0,0.0,,
600,4200.0,fixed_initial,705.6673457395926,total,surface_drag,9,0.0,0.0,0.0,,
600,4200.0,fixed_initial,705.6673457395926,total,transport_microphysics_bcs,9,0.0,0.0,0.0,,
600,4200.0,fixed_initial,820.7271717566915,les_label,inferred_muscl_label,9,-15592.549953633707,17141.126327215392,58092.89144728941,0.2950640930442995,0.9096572568208092
600,4200.0,fixed_initial,820.7271717566915,les_label,local_les,9,22367.34800857186,22367.34800857186,46424.18085687604,0.4818038271376189,1.0
600,4200.0,fixed_initial,820.7271717566915,les_label,mask_motion,9,0.0,0.0,0.0,,
600,4200.0,fixed_initial,820.7271717566915,total,advection,9,-174879.362502546,174879.362502546,368696.0694059893,0.47431848889600653,1.0
600,4200.0,fixed_initial,820.7271717566915,total,buoyancy,9,0.0,0.0,0.0,,
600,4200.0,fixed_initial,820.7271717566915,total,coriolis,9,5791.7876629646225,5791.7876629646225,9895.3327014776,0.5853049955662204,1.0
600,4200.0,fixed_initial,820.7271717566915,total,external_forcing,9,0.0,0.0,0.0,,
600,4200.0,fixed_initial,820.7271717566915,total,guard,9,0.0,0.0,0.0,,
600,4200.0,fixed_initial,820.7271717566915,total,initial_bcs,9,0.0,0.0,0.0,,
600,4200.0,fixed_initial,820.7271717566915,total,les,9,22367.34800857186,22367.34800857186,46424.18085687604,0.4818038271376189,1.0
600,4200.0,fixed_initial,820.7271717566915,total,mask_motion,9,0.0,0.0,0.0,,
600,4200.0,fixed_initial,820.7271717566915,total,predictor_bcs,9,0.0,0.0,0.0,,
600,4200.0,fixed_initial,820.7271717566915,total,projection,9,-4.1198276479756726e-11,1.5491895486168146e-10,1.6312042506533763e-09,0.09497213779306234,0.2659343817323089
600,4200.0,fixed_initial,820.7271717566915,total,projection_bcs,9,0.0,0.0,0.0,,
600,4200.0,fixed_initial,820.7271717566915,total,surface_drag,9,0.0,0.0,0.0,,
600,4200.0,fixed_initial,820.7271717566915,total,transport_microphysics_bcs,9,0.0,0.0,0.0,,
600,4200.0,fixed_initial,941.5399890746453,les_label,inferred_muscl_label,9,-9447.849719223674,19823.854073705344,60505.38163108738,0.32763786524932753,0.476589954914743
600,4200.0,fixed_initial,941.5399890746453,les_label,local_les,9,15384.952471824696,15384.952471824696,39088.79556431025,0.393589831810316,1.0
600,4200.0,fixed_initial,941.5399890746453,les_label,mask_motion,9,0.0,0.0,0.0,,
600,4200.0,fixed_initial,941.5399890746453,total,advection,9,-166512.23949856215,166512.23949856215,408715.73276895285,0.4074035476209368,1.0
600,4200.0,fixed_initial,941.5399890746453,total,buoyancy,9,0.0,0.0,0.0,,
600,4200.0,fixed_initial,941.5399890746453,total,coriolis,9,5542.781705507574,5542.781705507574,9071.66101654602,0.6109996499426027,1.0
600,4200.0,fixed_initial,941.5399890746453,total,external_forcing,9,0.0,0.0,0.0,,
600,4200.0,fixed_initial,941.5399890746453,total,guard,9,0.0,0.0,0.0,,
600,4200.0,fixed_initial,941.5399890746453,total,initial_bcs,9,0.0,0.0,0.0,,
600,4200.0,fixed_initial,941.5399890746453,total,les,9,15384.952471824696,15384.952471824696,39088.79556431025,0.393589831810316,1.0
600,4200.0,fixed_initial,941.5399890746453,total,mask_motion,9,0.0,0.0,0.0,,
600,4200.0,fixed_initial,941.5399890746453,total,predictor_bcs,9,0.0,0.0,0.0,,
600,4200.0,fixed_initial,941.5399890746453,total,projection,9,1.2114247212180874e-11,1.165420318385721e-10,1.709098379864727e-09,0.06818918864565085,0.10394745158520054
600,4200.0,fixed_initial,941.5399890746453,total,projection_bcs,9,0.0,0.0,0.0,,
600,4200.0,fixed_initial,941.5399890746453,total,surface_drag,9,0.0,0.0,0.0,,
600,4200.0,fixed_initial,941.5399890746453,total,transport_microphysics_bcs,9,0.0,0.0,0.0,,
600,4200.0,fixed_initial,1068.3934472584967,les_label,inferred_muscl_label,9,-5953.472036639878,13789.763691893848,55636.57401610344,0.24785429253610297,0.43173125875533
600,4200.0,fixed_initial,1068.3934472584967,les_label,local_les,9,9347.242520733773,9974.921914264594,26436.577250828886,0.37731518038901357,0.9370742549239196
600,4200.0,fixed_initial,1068.3934472584967,les_label,mask_motion,9,0.0,0.0,0.0,,
600,4200.0,fixed_initial,1068.3934472584967,total,advection,9,-157251.21350961478,157251.21350961478,445344.792969955,0.35309992615142954,1.0
600,4200.0,fixed_initial,1068.3934472584967,total,buoyancy,9,0.0,0.0,0.0,,
600,4200.0,fixed_initial,1068.3934472584967,total,coriolis,9,5387.298988166606,5387.298988166606,7964.906506448933,0.6763794382024045,1.0
600,4200.0,fixed_initial,1068.3934472584967,total,external_forcing,9,0.0,0.0,0.0,,
600,4200.0,fixed_initial,1068.3934472584967,total,guard,9,0.0,0.0,0.0,,
600,4200.0,fixed_initial,1068.3934472584967,total,initial_bcs,9,0.0,0.0,0.0,,
600,4200.0,fixed_initial,1068.3934472584967,total,les,9,9347.242520733773,9974.921914264594,26436.577250828886,0.37731518038901357,0.9370742549239196
600,4200.0,fixed_initial,1068.3934472584967,total,mask_motion,9,0.0,0.0,0.0,,
600,4200.0,fixed_initial,1068.3934472584967,total,predictor_bcs,9,0.0,0.0,0.0,,
600,4200.0,fixed_initial,1068.3934472584967,total,projection,9,4.082290535885151e-11,1.441014970922968e-10,1.7867624189287033e-09,0.08064950077621194,0.28329272202289824
600,4200.0,fixed_initial,1068.3934472584967,total,projection_bcs,9,0.0,0.0,0.0,,
600,4200.0,fixed_initial,1068.3934472584967,total,surface_drag,9,0.0,0.0,0.0,,
600,4200.0,fixed_initial,1068.3934472584967,total,transport_microphysics_bcs,9,0.0,0.0,0.0,,
600,4200.0,fixed_initial,1201.5895783515407,les_label,inferred_muscl_label,9,-6165.542175670258,8358.162955057081,55506.178715390655,0.15058076683523422,0.7376671415505025
600,4200.0,fixed_initial,1201.5895783515407,les_label,local_les,9,5788.437985678432,6492.849931117006,13551.97501326133,0.47910728323830337,0.8915095908712324
600,4200.0,fixed_initial,1201.5895783515407,les_label,mask_motion,9,0.0,0.0,0.0,,
600,4200.0,fixed_initial,1201.5895783515407,total,advection,9,-147940.96158936707,147940.96158936707,476665.8607009721,0.31036617846264264,1.0
600,4200.0,fixed_initial,1201.5895783515407,total,buoyancy,9,0.0,0.0,0.0,,
600,4200.0,fixed_initial,1201.5895783515407,total,coriolis,9,5304.588883000094,5304.588883000094,6929.080653837143,0.7655545010956905,1.0
600,4200.0,fixed_initial,1201.5895783515407,total,external_forcing,9,0.0,0.0,0.0,,
600,4200.0,fixed_initial,1201.5895783515407,total,guard,9,0.0,0.0,0.0,,
600,4200.0,fixed_initial,1201.5895783515407,total,initial_bcs,9,0.0,0.0,0.0,,
600,4200.0,fixed_initial,1201.5895783515407,total,les,9,5788.437985678432,6492.849931117006,13551.97501326133,0.47910728323830337,0.8915095908712324
600,4200.0,fixed_initial,1201.5895783515407,total,mask_motion,9,0.0,0.0,0.0,,
600,4200.0,fixed_initial,1201.5895783515407,total,predictor_bcs,9,0.0,0.0,0.0,,
600,4200.0,fixed_initial,1201.5895783515407,total,projection,9,-2.6497916448017897e-11,1.3853476109343686e-10,1.8894041842932276e-09,0.07332192986820275,0.19127269025386326
600,4200.0,fixed_initial,1201.5895783515407,total,projection_bcs,9,0.0,0.0,0.0,,
600,4200.0,fixed_initial,1201.5895783515407,total,surface_drag,9,0.0,0.0,0.0,,
600,4200.0,fixed_initial,1201.5895783515407,total,transport_microphysics_bcs,9,0.0,0.0,0.0,,
600,4200.0,fixed_initial,1341.445515999237,les_label,inferred_muscl_label,9,-1292.5301757798175,5294.574706478594,52154.317024836666,0.1015174775264958,0.2441235127343166
600,4200.0,fixed_initial,1341.445515999237,les_label,local_les,9,-233.2226657033628,5960.658754811066,10519.083243415891,0.5666519236400153,0.03912699506830856
600,4200.0,fixed_initial,1341.445515999237,les_label,mask_motion,9,0.0,0.0,0.0,,
600,4200.0,fixed_initial,1341.445515999237,total,advection,9,-137851.71630051263,137851.71630051263,498645.7993363211,0.2764521760415672,1.0
600,4200.0,fixed_initial,1341.445515999237,total,buoyancy,9,0.0,0.0,0.0,,
600,4200.0,fixed_initial,1341.445515999237,total,coriolis,9,5224.64642926503,5224.64642926503,6287.29382217789,0.8309849319965829,1.0
600,4200.0,fixed_initial,1341.445515999237,total,external_forcing,9,0.0,0.0,0.0,,
600,4200.0,fixed_initial,1341.445515999237,total,guard,9,0.0,0.0,0.0,,
600,4200.0,fixed_initial,1341.445515999237,total,initial_bcs,9,0.0,0.0,0.0,,
600,4200.0,fixed_initial,1341.445515999237,total,les,9,-233.2226657033628,5960.658754811066,10519.083243415891,0.5666519236400153,0.03912699506830856
600,4200.0,fixed_initial,1341.445515999237,total,mask_motion,9,0.0,0.0,0.0,,
600,4200.0,fixed_initial,1341.445515999237,total,predictor_bcs,9,0.0,0.0,0.0,,
600,4200.0,fixed_initial,1341.445515999237,total,projection,9,-4.1748163916367114e-11,9.347177344265945e-11,1.8690299094780436e-09,0.05001084946188097,0.4466392620867267
600,4200.0,fixed_initial,1341.445515999237,total,projection_bcs,9,0.0,0.0,0.0,,
600,4200.0,fixed_initial,1341.445515999237,total,surface_drag,9,0.0,0.0,0.0,,
600,4200.0,fixed_initial,1341.445515999237,total,transport_microphysics_bcs,9,0.0,0.0,0.0,,
600,4200.0,fixed_initial,1488.294250529318,les_label,inferred_muscl_label,9,731.9117871372588,6096.337205293064,49702.44502206156,0.12265668625732729,0.120057628456278
600,4200.0,fixed_initial,1488.294250529318,les_label,local_les,9,-3026.6462468449013,7334.636415509321,13944.384979492708,0.5259921055174533,0.4126511629731178
600,4200.0,fixed_initial,1488.294250529318,les_label,mask_motion,9,0.0,0.0,0.0,,
600,4200.0,fixed_initial,1488.294250529318,total,advection,9,-131039.6205495086,139650.83270167268,520201.7575027079,0.26845513435418517,0.9383375524114512
600,4200.0,fixed_initial,1488.294250529318,total,buoyancy,9,0.0,0.0,0.0,,
600,4200.0,fixed_initial,1488.294250529318,total,coriolis,9,5098.323141594493,5098.323141594493,6184.748084815017,0.8243380444406543,1.0
600,4200.0,fixed_initial,1488.294250529318,total,external_forcing,9,0.0,0.0,0.0,,
600,4200.0,fixed_initial,1488.294250529318,total,guard,9,0.0,0.0,0.0,,
600,4200.0,fixed_initial,1488.294250529318,total,initial_bcs,9,0.0,0.0,0.0,,
600,4200.0,fixed_initial,1488.294250529318,total,les,9,-3026.6462468449013,7334.636415509321,13944.384979492708,0.5259921055174533,0.4126511629731178
600,4200.0,fixed_initial,1488.294250529318,total,mask_motion,9,0.0,0.0,0.0,,
600,4200.0,fixed_initial,1488.294250529318,total,predictor_bcs,9,0.0,0.0,0.0,,
600,4200.0,fixed_initial,1488.294250529318,total,projection,9,-4.950810803187162e-11,6.218808960831482e-11,1.983640741136985e-09,0.03135048011398969,0.7961027319490478
600,4200.0,fixed_initial,1488.294250529318,total,projection_bcs,9,0.0,0.0,0.0,,
600,4200.0,fixed_initial,1488.294250529318,total,surface_drag,9,0.0,0.0,0.0,,
600,4200.0,fixed_initial,1488.294250529318,total,transport_microphysics_bcs,9,0.0,0.0,0.0,,
600,4200.0,fixed_initial,1642.4854217859033,les_label,inferred_muscl_label,9,-365.5016387119409,6660.359981065813,52492.130969399754,0.12688301766503754,0.05487715975577826
600,4200.0,fixed_initial,1642.4854217859033,les_label,local_les,9,-2478.0118397678543,8762.499157101718,19557.807610232652,0.4480307471946485,0.28279738409555305
600,4200.0,fixed_initial,1642.4854217859033,les_label,mask_motion,9,0.0,0.0,0.0,,
600,4200.0,fixed_initial,1642.4854217859033,total,advection,9,-125592.71565770746,144539.1083975836,547276.5029415867,0.2641061832925265,0.8689185719358369
600,4200.0,fixed_initial,1642.4854217859033,total,buoyancy,9,0.0,0.0,0.0,,
600,4200.0,fixed_initial,1642.4854217859033,total,coriolis,9,4904.551658778157,4904.551658778157,6231.106612818402,0.787107646126403,1.0
600,4200.0,fixed_initial,1642.4854217859033,total,external_forcing,9,0.0,0.0,0.0,,
600,4200.0,fixed_initial,1642.4854217859033,total,guard,9,0.0,0.0,0.0,,
600,4200.0,fixed_initial,1642.4854217859033,total,initial_bcs,9,0.0,0.0,0.0,,
600,4200.0,fixed_initial,1642.4854217859033,total,les,9,-2478.0118397678543,8762.499157101718,19557.807610232652,0.4480307471946485,0.28279738409555305
600,4200.0,fixed_initial,1642.4854217859033,total,mask_motion,9,0.0,0.0,0.0,,
600,4200.0,fixed_initial,1642.4854217859033,total,predictor_bcs,9,0.0,0.0,0.0,,
600,4200.0,fixed_initial,1642.4854217859033,total,projection,9,1.036652072167253e-11,1.3125096331434156e-10,2.01642270767041e-09,0.06509099645380254,0.07898243532769407
600,4200.0,fixed_initial,1642.4854217859033,total,projection_bcs,9,0.0,0.0,0.0,,
600,4200.0,fixed_initial,1642.4854217859033,total,surface_drag,9,0.0,0.0,0.0,,
600,4200.0,fixed_initial,1642.4854217859033,total,transport_microphysics_bcs,9,0.0,0.0,0.0,,
600,4200.0,fixed_initial,1804.3861516053175,les_label,inferred_muscl_label,9,784.9090383068109,3840.5615028131947,53279.83222696845,0.07208283776969614,0.20437351093892608
600,4200.0,fixed_initial,1804.3861516053175,les_label,local_les,9,-4338.222093388609,6438.976780636121,22573.13235371066,0.28524959140540623,0.6737440188377302
600,4200.0,fixed_initial,1804.3861516053175,les_label,mask_motion,9,0.0,0.0,0.0,,
600,4200.0,fixed_initial,1804.3861516053175,total,advection,9,-119413.17275157991,139655.26931154795,572548.2046152622,0.2439187970301867,0.855056693100414
600,4200.0,fixed_initial,1804.3861516053175,total,buoyancy,9,0.0,0.0,0.0,,
600,4200.0,fixed_initial,1804.3861516053175,total,coriolis,9,4598.136967901769,4598.136967901769,6280.958738823836,0.7320756526356055,1.0
600,4200.0,fixed_initial,1804.3861516053175,total,external_forcing,9,0.0,0.0,0.0,,
600,4200.0,fixed_initial,1804.3861516053175,total,guard,9,0.0,0.0,0.0,,
600,4200.0,fixed_initial,1804.3861516053175,total,initial_bcs,9,0.0,0.0,0.0,,
600,4200.0,fixed_initial,1804.3861516053175,total,les,9,-4338.222093388609,6438.976780636121,22573.13235371066,0.28524959140540623,0.6737440188377302
600,4200.0,fixed_initial,1804.3861516053175,total,mask_motion,9,0.0,0.0,0.0,,
600,4200.0,fixed_initial,1804.3861516053175,total,predictor_bcs,9,0.0,0.0,0.0,,
600,4200.0,fixed_initial,1804.3861516053175,total,projection,9,1.0506858940318635e-10,1.7833052730127261e-10,2.0839940167074192e-09,0.08557151597921751,0.5891789307933962
600,4200.0,fixed_initial,1804.3861516053175,total,projection_bcs,9,0.0,0.0,0.0,,
600,4200.0,fixed_initial,1804.3861516053175,total,surface_drag,9,0.0,0.0,0.0,,
600,4200.0,fixed_initial,1804.3861516053175,total,transport_microphysics_bcs,9,0.0,0.0,0.0,,
600,4200.0,fixed_initial,1974.3819179157026,les_label,inferred_muscl_label,9,5183.358218156842,5183.358218156842,54285.64033980378,0.09548304460832262,1.0
600,4200.0,fixed_initial,1974.3819179157026,les_label,local_les,9,-9877.159413953466,9877.159413953466,26400.242268513786,0.3741313929430658,1.0
600,4200.0,fixed_initial,1974.3819179157026,les_label,mask_motion,9,0.0,0.0,0.0,,
600,4200.0,fixed_initial,1974.3819179157026,total,advection,9,-106623.41726916852,125221.35848776712,590081.8767247446,0.2122101413837848,0.8514794804720519
600,4200.0,fixed_initial,1974.3819179157026,total,buoyancy,9,0.0,0.0,0.0,,
600,4200.0,fixed_initial,1974.3819179157026,total,coriolis,9,4123.77680362201,4123.77680362201,6283.512628204098,0.6562852734809629,1.0
600,4200.0,fixed_initial,1974.3819179157026,total,external_forcing,9,0.0,0.0,0.0,,
600,4200.0,fixed_initial,1974.3819179157026,total,guard,9,0.0,0.0,0.0,,
600,4200.0,fixed_initial,1974.3819179157026,total,initial_bcs,9,0.0,0.0,0.0,,
600,4200.0,fixed_initial,1974.3819179157026,total,les,9,-9877.159413953466,9877.159413953466,26400.242268513786,0.3741313929430658,1.0
600,4200.0,fixed_initial,1974.3819179157026,total,mask_motion,9,0.0,0.0,0.0,,
600,4200.0,fixed_initial,1974.3819179157026,total,predictor_bcs,9,0.0,0.0,0.0,,
600,4200.0,fixed_initial,1974.3819179157026,total,projection,9,-6.351313765841821e-12,1.6456002601004637e-10,2.1185496694383012e-09,0.07767579320133512,0.038595726555452015
600,4200.0,fixed_initial,1974.3819179157026,total,projection_bcs,9,0.0,0.0,0.0,,
600,4200.0,fixed_initial,1974.3819179157026,total,surface_drag,9,0.0,0.0,0.0,,
600,4200.0,fixed_initial,1974.3819179157026,total,transport_microphysics_bcs,9,0.0,0.0,0.0,,
600,4200.0,moving_end,39.88822936505957,les_label,inferred_muscl_label,9,-1183.4638193506141,3935.2177621444985,16449.13991547538,0.23923547263661113,0.30073655154109824
600,4200.0,moving_end,39.88822936505957,les_label,local_les,9,-263.77626641284434,263.77626641284434,6488.783039442864,0.04065111513352318,1.0
600,4200.0,moving_end,39.88822936505957,les_label,mask_motion,9,293.2078902635518,1280.3420523787925,2751.1033560099795,0.4653922033070095,0.22900746696462135
600,4200.0,moving_end,39.88822936505957,total,advection,9,-7221.716344969788,7221.716344969788,134943.09823972985,0.05351675216571822,1.0
600,4200.0,moving_end,39.88822936505957,total,buoyancy,9,0.0,0.0,0.0,,
600,4200.0,moving_end,39.88822936505957,total,coriolis,9,6779.239504646989,6779.239504646989,11346.938224191577,0.5974509925676432,1.0
600,4200.0,moving_end,39.88822936505957,total,external_forcing,9,0.0,0.0,0.0,,
600,4200.0,moving_end,39.88822936505957,total,guard,9,0.0,0.0,0.0,,
600,4200.0,moving_end,39.88822936505957,total,initial_bcs,9,0.0,0.0,0.0,,
600,4200.0,moving_end,39.88822936505957,total,les,9,-263.77626641284434,263.77626641284434,6488.783039442864,0.04065111513352318,1.0
600,4200.0,moving_end,39.88822936505957,total,mask_motion,9,-5502.405033986059,5502.405033986059,12515.007171184028,0.4396645530220246,1.0
600,4200.0,moving_end,39.88822936505957,total,predictor_bcs,9,0.0,0.0,0.0,,
600,4200.0,moving_end,39.88822936505957,total,projection,9,-1.4999117022564893e-11,8.489144350702567e-11,1.3937648880864471e-09,0.06090800839700903,0.17668585198841102
600,4200.0,moving_end,39.88822936505957,total,projection_bcs,9,0.0,0.0,0.0,,
600,4200.0,moving_end,39.88822936505957,total,surface_drag,9,-1341.2161636106016,1341.2161636106016,9411.702659085626,0.14250515684490447,1.0
600,4200.0,moving_end,39.88822936505957,total,transport_microphysics_bcs,9,0.0,0.0,0.0,,
600,4200.0,moving_end,121.65909956343168,les_label,inferred_muscl_label,9,6254.027430803443,7940.958188686144,54310.562363854115,0.14621388258669873,0.7875658430885393
600,4200.0,moving_end,121.65909956343168,les_label,local_les,9,-5667.450852903773,6371.7019625475505,50347.77885594086,0.12655378464219405,0.8894720572645551
600,4200.0,moving_end,121.65909956343168,les_label,mask_motion,9,2755.6092220301425,3287.930512541034,10867.738300781964,0.3025404570428843,0.838098375716738
600,4200.0,moving_end,121.65909956343168,total,advection,9,-19311.645153246507,19311.645153246507,166496.02459255588,0.11598862615792413,1.0
600,4200.0,moving_end,121.65909956343168,total,buoyancy,9,0.0,0.0,0.0,,
600,4200.0,moving_end,121.65909956343168,total,coriolis,9,7102.949810229814,7102.949810229814,11311.92715147074,0.6279168628933676,1.0
600,4200.0,moving_end,121.65909956343168,total,external_forcing,9,0.0,0.0,0.0,,
600,4200.0,moving_end,121.65909956343168,total,guard,9,0.0,0.0,0.0,,
600,4200.0,moving_end,121.65909956343168,total,initial_bcs,9,0.0,0.0,0.0,,
600,4200.0,moving_end,121.65909956343168,total,les,9,-5667.450852903773,6371.7019625475505,50347.77885594086,0.12655378464219405,0.8894720572645551
600,4200.0,moving_end,121.65909956343168,total,mask_motion,9,161.73310151057422,9597.308147561913,27537.59531243326,0.348516565759419,0.01685192337516647
600,4200.0,moving_end,121.65909956343168,total,predictor_bcs,9,0.0,0.0,0.0,,
600,4200.0,moving_end,121.65909956343168,total,projection,9,3.9560087231196124e-11,7.9243919623239e-11,1.4576228750923074e-09,0.05436517289715331,0.4992192135280846
600,4200.0,moving_end,121.65909956343168,total,projection_bcs,9,0.0,0.0,0.0,,
600,4200.0,moving_end,121.65909956343168,total,surface_drag,9,-1562.6272786226136,1562.6272786226136,10500.464683584249,0.14881505968640843,1.0
600,4200.0,moving_end,121.65909956343168,total,transport_microphysics_bcs,9,0.0,0.0,0.0,,
600,4200.0,moving_end,207.51851327172238,les_label,inferred_muscl_label,9,10121.07008412627,13237.824299716378,44658.012515992334,0.29642663329398783,0.764556913203865
600,4200.0,moving_end,207.51851327172238,les_label,local_les,9,-6574.377407474371,12934.370822149493,38605.23515860918,0.3350418866510921,0.5082873761602739
600,4200.0,moving_end,207.51851327172238,les_label,mask_motion,9,2582.5700523754927,5192.7835097215075,14597.89271055048,0.3557214464227755,0.49733828640085126
600,4200.0,moving_end,207.51851327172238,total,advection,9,-35179.57630055388,35179.57630055388,187169.32074655153,0.18795589020804865,1.0
600,4200.0,moving_end,207.51851327172238,total,buoyancy,9,0.0,0.0,0.0,,
600,4200.0,moving_end,207.51851327172238,total,coriolis,9,7419.203321719927,7419.203321719927,11255.417262861116,0.659167327914236,1.0
600,4200.0,moving_end,207.51851327172238,total,external_forcing,9,0.0,0.0,0.0,,
600,4200.0,moving_end,207.51851327172238,total,guard,9,0.0,0.0,0.0,,
600,4200.0,moving_end,207.51851327172238,total,initial_bcs,9,0.0,0.0,0.0,,
600,4200.0,moving_end,207.51851327172238,total,les,9,-6574.377407474371,12934.370822149493,38605.23515860918,0.3350418866510921,0.5082873761602739
600,4200.0,moving_end,207.51851327172238,total,mask_motion,9,5596.1253345166815,15924.672034476243,45319.61956199308,0.3513858277802344,0.35141228167219435
600,4200.0,moving_end,207.51851327172238,total,predictor_bcs,9,0.0,0.0,0.0,,
600,4200.0,moving_end,207.51851327172238,total,projection,9,1.641326235080759e-11,5.966571231226861e-11,1.3873186047218614e-09,0.043007937837199826,0.27508700918387685
600,4200.0,moving_end,207.51851327172238,total,projection_bcs,9,0.0,0.0,0.0,,
600,4200.0,moving_end,207.51851327172238,total,surface_drag,9,0.0,0.0,0.0,,
600,4200.0,moving_end,207.51851327172238,total,transport_microphysics_bcs,9,0.0,0.0,0.0,,
600,4200.0,moving_end,297.6708976654277,les_label,inferred_muscl_label,9,6317.030222403919,9935.977423860306,44968.76896746494,0.2209528446520077,0.6357734073785404
600,4200.0,moving_end,297.6708976654277,les_label,local_les,9,-349.12000681182775,11869.600346665224,43509.46082681598,0.2728050433424284,0.029412953816083064
600,4200.0,moving_end,297.6708976654277,les_label,mask_motion,9,-892.6595899815554,7353.009706317294,17413.07441395521,0.42226947014161004,0.12140057277697217
600,4200.0,moving_end,297.6708976654277,total,advection,9,-56472.15975086335,56472.15975086335,198642.89462665826,0.28428985520474126,1.0
600,4200.0,moving_end,297.6708976654277,total,buoyancy,9,0.0,0.0,0.0,,
600,4200.0,moving_end,297.6708976654277,total,coriolis,9,7761.61126545409,7761.61126545409,11050.584684632126,0.70237109501075,1.0
600,4200.0,moving_end,297.6708976654277,total,external_forcing,9,0.0,0.0,0.0,,
600,4200.0,moving_end,297.6708976654277,total,guard,9,0.0,0.0,0.0,,
600,4200.0,moving_end,297.6708976654277,total,initial_bcs,9,0.0,0.0,0.0,,
600,4200.0,moving_end,297.6708976654277,total,les,9,-349.12000681182775,11869.600346665224,43509.46082681598,0.2728050433424284,0.029412953816083064
600,4200.0,moving_end,297.6708976654277,total,mask_motion,9,11564.690298524583,22977.529307944125,66159.24345740398,0.34730640961361653,0.5033043432796872
600,4200.0,moving_end,297.6708976654277,total,predictor_bcs,9,0.0,0.0,0.0,,
600,4200.0,moving_end,297.6708976654277,total,projection,9,-2.6927484442657587e-11,7.235958734662915e-11,1.4877837998144075e-09,0.04863582151899731,0.3721343007895414
600,4200.0,moving_end,297.6708976654277,total,projection_bcs,9,0.0,0.0,0.0,,
600,4200.0,moving_end,297.6708976654277,total,surface_drag,9,0.0,0.0,0.0,,
600,4200.0,moving_end,297.6708976654277,total,transport_microphysics_bcs,9,0.0,0.0,0.0,,
600,4200.0,moving_end,392.33090127881815,les_label,inferred_muscl_label,9,4565.4929914610375,10730.740110581311,54777.23837106889,0.19589779312877614,0.42545928280931156
600,4200.0,moving_end,392.33090127881815,les_label,local_les,9,1504.908311744714,12356.104239755103,50332.90528173018,0.24548760240629539,0.12179472449760922
600,4200.0,moving_end,392.33090127881815,les_label,mask_motion,9,-1103.034956212697,6389.977573429257,18855.024581873357,0.33890051671279103,0.17261953481641723
600,4200.0,moving_end,392.33090127881815,total,advection,9,-75441.05126517908,75441.05126517908,212736.08259448633,0.354622734164864,1.0
600,4200.0,moving_end,392.33090127881815,total,buoyancy,9,0.0,0.0,0.0,,
600,4200.0,moving_end,392.33090127881815,total,coriolis,9,8085.067098177286,8085.067098177286,10854.694987709261,0.7448451667533711,1.0
600,4200.0,moving_end,392.33090127881815,total,external_forcing,9,0.0,0.0,0.0,,
600,4200.0,moving_end,392.33090127881815,total,guard,9,0.0,0.0,0.0,,
600,4200.0,moving_end,392.33090127881815,total,initial_bcs,9,0.0,0.0,0.0,,
600,4200.0,moving_end,392.33090127881815,total,les,9,1504.908311744714,12356.104239755103,50332.90528173018,0.24548760240629539,0.12179472449760922
600,4200.0,moving_end,392.33090127881815,total,mask_motion,9,19713.09801431607,29676.446293037705,89750.98795977928,0.33065314340981755,0.6642674739306942
600,4200.0,moving_end,392.33090127881815,total,predictor_bcs,9,0.0,0.0,0.0,,
600,4200.0,moving_end,392.33090127881815,total,projection,9,-9.716672809374294e-12,9.128686042554645e-11,1.640055107559891e-09,0.0556608494463122,0.10644108871833982
600,4200.0,moving_end,392.33090127881815,total,projection_bcs,9,0.0,0.0,0.0,,
600,4200.0,moving_end,392.33090127881815,total,surface_drag,9,0.0,0.0,0.0,,
600,4200.0,moving_end,392.33090127881815,total,transport_microphysics_bcs,9,0.0,0.0,0.0,,
600,4200.0,moving_end,491.72390507287827,les_label,inferred_muscl_label,9,3469.0134247903356,10826.807061857893,54986.1371589408,0.1969006666273418,0.3204096466271607
600,4200.0,moving_end,491.72390507287827,les_label,local_les,9,5676.955000418134,12135.70131060786,53331.00349153403,0.2275543401791479,0.4677896114216232
600,4200.0,moving_end,491.72390507287827,les_label,mask_motion,9,-2297.2244607526054,3025.0726215056616,17631.49558799579,0.17157209417703903,0.7593948140025855
600,4200.0,moving_end,491.72390507287827,total,advection,9,-93985.41657106004,93985.41657106004,228853.4702111897,0.4106794469156564,1.0
600,4200.0,moving_end,491.72390507287827,total,buoyancy,9,0.0,0.0,0.0,,
600,4200.0,moving_end,491.72390507287827,total,coriolis,9,8372.568202070514,8372.568202070514,10757.55338743856,0.778296690755636,1.0
600,4200.0,moving_end,491.72390507287827,total,external_forcing,9,0.0,0.0,0.0,,
600,4200.0,moving_end,491.72390507287827,total,guard,9,0.0,0.0,0.0,,
600,4200.0,moving_end,491.72390507287827,total,initial_bcs,9,0.0,0.0,0.0,,
600,4200.0,moving_end,491.72390507287827,total,les,9,5676.955000418134,12135.70131060786,53331.00349153403,0.2275543401791479,0.4677896114216232
600,4200.0,moving_end,491.72390507287827,total,mask_motion,9,25224.355029144597,35848.268935758686,111245.1252448906,0.3222457510551022,0.703642205830008
600,4200.0,moving_end,491.72390507287827,total,predictor_bcs,9,0.0,0.0,0.0,,
600,4200.0,moving_end,491.72390507287827,total,projection,9,6.120735251033643e-12,1.2870456310512003e-10,1.6299778242375086e-09,0.07896092891038384,0.04755647432666785
600,4200.0,moving_end,491.72390507287827,total,projection_bcs,9,0.0,0.0,0.0,,
600,4200.0,moving_end,491.72390507287827,total,surface_drag,9,0.0,0.0,0.0,,
600,4200.0,moving_end,491.72390507287827,total,transport_microphysics_bcs,9,0.0,0.0,0.0,,
600,4200.0,moving_end,596.0865590566414,les_label,inferred_muscl_label,9,5356.86296101504,8866.917084860841,51318.37884818174,0.17278248619451478,0.6041404142778348
600,4200.0,moving_end,596.0865590566414,les_label,local_les,9,4224.032689160192,7402.96198338298,53954.677471065734,0.13720704729173788,0.5705868405972696
600,4200.0,moving_end,596.0865590566414,les_label,mask_motion,9,-3773.3511826221597,4586.267508631916,14417.840672193699,0.3180966978971413,0.8227499105798455
600,4200.0,moving_end,596.0865590566414,total,advection,9,-107953.88088309142,107953.88088309142,257677.8408586538,0.4189490276826259,1.0
600,4200.0,moving_end,596.0865590566414,total,buoyancy,9,0.0,0.0,0.0,,
600,4200.0,moving_end,596.0865590566414,total,coriolis,9,8508.064919386665,8508.064919386665,10680.298110071417,0.7966130562744913,1.0
600,4200.0,moving_end,596.0865590566414,total,external_forcing,9,0.0,0.0,0.0,,
600,4200.0,moving_end,596.0865590566414,total,guard,9,0.0,0.0,0.0,,
600,4200.0,moving_end,596.0865590566414,total,initial_bcs,9,0.0,0.0,0.0,,
600,4200.0,moving_end,596.0865590566414,total,les,9,4224.032689160192,7402.96198338298,53954.677471065734,0.13720704729173788,0.5705868405972696
600,4200.0,moving_end,596.0865590566414,total,mask_motion,9,29153.96491909651,39865.650590151534,126009.64530664468,0.3163698341752999,0.7313053841468913
600,4200.0,moving_end,596.0865590566414,total,predictor_bcs,9,0.0,0.0,0.0,,
600,4200.0,moving_end,596.0865590566414,total,projection,9,1.2039100566682841e-11,6.100885139793857e-11,1.772132178931316e-09,0.03442680637667216,0.19733367029246562
600,4200.0,moving_end,596.0865590566414,total,projection_bcs,9,0.0,0.0,0.0,,
600,4200.0,moving_end,596.0865590566414,total,surface_drag,9,0.0,0.0,0.0,,
600,4200.0,moving_end,596.0865590566414,total,transport_microphysics_bcs,9,0.0,0.0,0.0,,
600,4200.0,moving_end,705.6673457395926,les_label,inferred_muscl_label,9,-1641.1702938030649,9695.685263904354,53391.498063772924,0.18159605209659865,0.1692681073211923
600,4200.0,moving_end,705.6673457395926,les_label,local_les,9,6546.127384239738,7658.081212371416,51016.032007581234,0.15011126720387402,0.8547999430542278
600,4200.0,moving_end,705.6673457395926,les_label,mask_motion,9,-3114.6405923210627,3555.78175007502,11059.358868442383,0.3215178919838978,0.8759369419271443
600,4200.0,moving_end,705.6673457395926,total,advection,9,-126812.64474330025,126812.64474330025,287608.09423737,0.44092168226196954,1.0
600,4200.0,moving_end,705.6673457395926,total,buoyancy,9,0.0,0.0,0.0,,
600,4200.0,moving_end,705.6673457395926,total,coriolis,9,8285.02875395689,8285.02875395689,10320.804103891354,0.8027503158240457,1.0
600,4200.0,moving_end,705.6673457395926,total,external_forcing,9,0.0,0.0,0.0,,
600,4200.0,moving_end,705.6673457395926,total,guard,9,0.0,0.0,0.0,,
600,4200.0,moving_end,705.6673457395926,total,initial_bcs,9,0.0,0.0,0.0,,
600,4200.0,moving_end,705.6673457395926,total,les,9,6546.127384239738,7658.081212371416,51016.032007581234,0.15011126720387402,0.8547999430542278
600,4200.0,moving_end,705.6673457395926,total,mask_motion,9,35750.36864764897,42151.90705145921,140667.28155905736,0.2996567971192524,0.8481317014673804
600,4200.0,moving_end,705.6673457395926,total,predictor_bcs,9,0.0,0.0,0.0,,
600,4200.0,moving_end,705.6673457395926,total,projection,9,4.407050591158975e-11,1.0244315466723889e-10,1.7876775956765642e-09,0.05730516224793222,0.4301947363368673
600,4200.0,moving_end,705.6673457395926,total,projection_bcs,9,0.0,0.0,0.0,,
600,4200.0,moving_end,705.6673457395926,total,surface_drag,9,0.0,0.0,0.0,,
600,4200.0,moving_end,705.6673457395926,total,transport_microphysics_bcs,9,0.0,0.0,0.0,,
600,4200.0,moving_end,820.7271717566915,les_label,inferred_muscl_label,9,-7177.361260857299,11271.150019759976,57975.888128321145,0.1944109936671075,0.6367905003725737
600,4200.0,moving_end,820.7271717566915,les_label,local_les,9,9227.630114009513,9545.454837909228,48381.51246906235,0.19729550298811116,0.9667040775639635
600,4200.0,moving_end,820.7271717566915,les_label,mask_motion,9,-2901.2600888314882,3056.708170157205,10149.653700385461,0.3011637894641783,0.949145265863662
600,4200.0,moving_end,820.7271717566915,total,advection,9,-126959.02373610873,126959.02373610873,335637.85907467344,0.37826192815710524,1.0
600,4200.0,moving_end,820.7271717566915,total,buoyancy,9,0.0,0.0,0.0,,
600,4200.0,moving_end,820.7271717566915,total,coriolis,9,7666.116096537515,7666.116096537515,9738.560796949896,0.7871918917360491,1.0
600,4200.0,moving_end,820.7271717566915,total,external_forcing,9,0.0,0.0,0.0,,
600,4200.0,moving_end,820.7271717566915,total,guard,9,0.0,0.0,0.0,,
600,4200.0,moving_end,820.7271717566915,total,initial_bcs,9,0.0,0.0,0.0,,
600,4200.0,moving_end,820.7271717566915,total,les,9,9227.630114009513,9545.454837909228,48381.51246906235,0.19729550298811116,0.9667040775639635
600,4200.0,moving_end,820.7271717566915,total,mask_motion,9,42820.226437715486,49650.06173606461,154590.15285661886,0.32117221452076994,0.8624405477146045
600,4200.0,moving_end,820.7271717566915,total,predictor_bcs,9,0.0,0.0,0.0,,
600,4200.0,moving_end,820.7271717566915,total,projection,9,-3.860372562385734e-11,1.109372222381287e-10,2.0359492671474214e-09,0.05448918793225304,0.34797811631693615
600,4200.0,moving_end,820.7271717566915,total,projection_bcs,9,0.0,0.0,0.0,,
600,4200.0,moving_end,820.7271717566915,total,surface_drag,9,0.0,0.0,0.0,,
600,4200.0,moving_end,820.7271717566915,total,transport_microphysics_bcs,9,0.0,0.0,0.0,,
600,4200.0,moving_end,941.5399890746453,les_label,inferred_muscl_label,9,-11454.016211840217,13052.253367852574,66746.5778184633,0.19554940184876546,0.8775508633667208
600,4200.0,moving_end,941.5399890746453,les_label,local_les,9,13004.854435732479,15099.922697065995,45586.84600685031,0.3312342050335515,0.8612530472264868
600,4200.0,moving_end,941.5399890746453,les_label,mask_motion,9,-3501.25648573477,3897.0863990665307,9258.855887669688,0.42090366740197394,0.8984292692544426
600,4200.0,moving_end,941.5399890746453,total,advection,9,-115718.40801589565,115718.40801589565,388658.0206180658,0.29773837635429146,1.0
600,4200.0,moving_end,941.5399890746453,total,buoyancy,9,0.0,0.0,0.0,,
600,4200.0,moving_end,941.5399890746453,total,coriolis,9,6832.393339940396,6832.393339940396,8952.354416261702,0.7631951352964248,1.0
600,4200.0,moving_end,941.5399890746453,total,external_forcing,9,0.0,0.0,0.0,,
600,4200.0,moving_end,941.5399890746453,total,guard,9,0.0,0.0,0.0,,
600,4200.0,moving_end,941.5399890746453,total,initial_bcs,9,0.0,0.0,0.0,,
600,4200.0,moving_end,941.5399890746453,total,les,9,13004.854435732479,15099.922697065995,45586.84600685031,0.3312342050335515,0.8612530472264868
600,4200.0,moving_end,941.5399890746453,total,mask_motion,9,39038.39437782223,51175.48067185404,163556.58485319285,0.3128915947822508,0.7628339561311228
600,4200.0,moving_end,941.5399890746453,total,predictor_bcs,9,0.0,0.0,0.0,,
600,4200.0,moving_end,941.5399890746453,total,projection,9,4.391046433016197e-11,1.2293788233208277e-10,2.0112746288230378e-09,0.061124363908485156,0.3571760266013853
600,4200.0,moving_end,941.5399890746453,total,projection_bcs,9,0.0,0.0,0.0,,
600,4200.0,moving_end,941.5399890746453,total,surface_drag,9,0.0,0.0,0.0,,
600,4200.0,moving_end,941.5399890746453,total,transport_microphysics_bcs,9,0.0,0.0,0.0,,
600,4200.0,moving_end,1068.3934472584967,les_label,inferred_muscl_label,9,-11416.714871719914,13246.373409653595,64214.83331331014,0.20628214271028794,0.8618747576147691
600,4200.0,moving_end,1068.3934472584967,les_label,local_les,9,14010.367145859493,14716.01316274164,35980.413439979355,0.40900066885807534,0.9520491039877078
600,4200.0,moving_end,1068.3934472584967,les_label,mask_motion,9,-2871.538489813019,3731.759962861742,8396.48019315384,0.4444433711526495,0.7694863866889625
600,4200.0,moving_end,1068.3934472584967,total,advection,9,-97293.60968680444,97293.60968680444,441664.11510386376,0.22028869079373684,1.0
600,4200.0,moving_end,1068.3934472584967,total,buoyancy,9,0.0,0.0,0.0,,
600,4200.0,moving_end,1068.3934472584967,total,coriolis,9,5945.141398528199,5945.141398528199,8054.792996027475,0.7380874221671829,1.0
600,4200.0,moving_end,1068.3934472584967,total,external_forcing,9,0.0,0.0,0.0,,
600,4200.0,moving_end,1068.3934472584967,total,guard,9,0.0,0.0,0.0,,
600,4200.0,moving_end,1068.3934472584967,total,initial_bcs,9,0.0,0.0,0.0,,
600,4200.0,moving_end,1068.3934472584967,total,les,9,14010.367145859493,14716.01316274164,35980.413439979355,0.40900066885807534,0.9520491039877078
600,4200.0,moving_end,1068.3934472584967,total,mask_motion,9,27865.120959708776,48804.807462099605,165635.69043776227,0.2946515170318202,0.5709503306892055
600,4200.0,moving_end,1068.3934472584967,total,predictor_bcs,9,0.0,0.0,0.0,,
600,4200.0,moving_end,1068.3934472584967,total,projection,9,-8.904345766584318e-11,1.569136666304885e-10,2.2645871384173975e-09,0.06929018714649564,0.5674678285067997
600,4200.0,moving_end,1068.3934472584967,total,projection_bcs,9,0.0,0.0,0.0,,
600,4200.0,moving_end,1068.3934472584967,total,surface_drag,9,0.0,0.0,0.0,,
600,4200.0,moving_end,1068.3934472584967,total,transport_microphysics_bcs,9,0.0,0.0,0.0,,
600,4200.0,moving_end,1201.5895783515407,les_label,inferred_muscl_label,9,-11084.662068727714,11920.584890846496,66122.84476406932,0.1802793714242019,0.9298756873280047
600,4200.0,moving_end,1201.5895783515407,les_label,local_les,9,11830.910217488425,12513.963725930718,24842.880193909557,0.503724351937205,0.9454166942303893
600,4200.0,moving_end,1201.5895783515407,les_label,mask_motion,9,-1181.3560246750123,2122.8027719289535,8216.241088078361,0.25836666051694945,0.5565076700938801
600,4200.0,moving_end,1201.5895783515407,total,advection,9,-70330.09704779834,70330.09704779834,491781.572335811,0.1430108426262335,1.0
600,4200.0,moving_end,1201.5895783515407,total,buoyancy,9,0.0,0.0,0.0,,
600,4200.0,moving_end,1201.5895783515407,total,coriolis,9,5050.5280808099715,5050.5280808099715,7169.772841918285,0.704419539107559,1.0
600,4200.0,moving_end,1201.5895783515407,total,external_forcing,9,0.0,0.0,0.0,,
600,4200.0,moving_end,1201.5895783515407,total,guard,9,0.0,0.0,0.0,,
600,4200.0,moving_end,1201.5895783515407,total,initial_bcs,9,0.0,0.0,0.0,,
600,4200.0,moving_end,1201.5895783515407,total,les,9,11830.910217488425,12513.963725930718,24842.880193909557,0.503724351937205,0.9454166942303893
600,4200.0,moving_end,1201.5895783515407,total,mask_motion,9,8038.971626665671,44429.9873380636,160164.47646393345,0.2774022574729206,0.1809357172555079
600,4200.0,moving_end,1201.5895783515407,total,predictor_bcs,9,0.0,0.0,0.0,,
600,4200.0,moving_end,1201.5895783515407,total,projection,9,2.1263865874081897e-11,8.418675550534864e-11,2.2367904885859695e-09,0.037637300379692214,0.2525797050431637
600,4200.0,moving_end,1201.5895783515407,total,projection_bcs,9,0.0,0.0,0.0,,
600,4200.0,moving_end,1201.5895783515407,total,surface_drag,9,0.0,0.0,0.0,,
600,4200.0,moving_end,1201.5895783515407,total,transport_microphysics_bcs,9,0.0,0.0,0.0,,
600,4200.0,moving_end,1341.445515999237,les_label,inferred_muscl_label,9,-5370.060413293456,9694.046037588265,63411.75424832933,0.1528745916667913,0.5539544987171783
600,4200.0,moving_end,1341.445515999237,les_label,local_les,9,2927.5621945900966,9757.702140771617,22488.068220422076,0.433905751491378,0.3000257798767561
600,4200.0,moving_end,1341.445515999237,les_label,mask_motion,9,1168.2634530154487,1432.3357351666336,9140.07706882996,0.15670937174602947,0.8156352064200482
600,4200.0,moving_end,1341.445515999237,total,advection,9,-33548.32360693169,33548.32360693169,531209.8242186621,0.06315456167678514,1.0
600,4200.0,moving_end,1341.445515999237,total,buoyancy,9,0.0,0.0,0.0,,
600,4200.0,moving_end,1341.445515999237,total,coriolis,9,4140.237639613311,4140.237639613311,6489.272438752858,0.6380126090697779,1.0
600,4200.0,moving_end,1341.445515999237,total,external_forcing,9,0.0,0.0,0.0,,
600,4200.0,moving_end,1341.445515999237,total,guard,9,0.0,0.0,0.0,,
600,4200.0,moving_end,1341.445515999237,total,initial_bcs,9,0.0,0.0,0.0,,
600,4200.0,moving_end,1341.445515999237,total,les,9,2927.5621945900966,9757.702140771617,22488.068220422076,0.433905751491378,0.3000257798767561
600,4200.0,moving_end,1341.445515999237,total,mask_motion,9,-18151.319354514744,37992.43542563852,155269.55383506473,0.24468696204277132,0.47776140568934544
600,4200.0,moving_end,1341.445515999237,total,predictor_bcs,9,0.0,0.0,0.0,,
600,4200.0,moving_end,1341.445515999237,total,projection,9,-1.1288137249273176e-10,1.4216413157160123e-10,2.2297508078198552e-09,0.06375785629184393,0.7940214683186725
600,4200.0,moving_end,1341.445515999237,total,projection_bcs,9,0.0,0.0,0.0,,
600,4200.0,moving_end,1341.445515999237,total,surface_drag,9,0.0,0.0,0.0,,
600,4200.0,moving_end,1341.445515999237,total,transport_microphysics_bcs,9,0.0,0.0,0.0,,
600,4200.0,moving_end,1488.294250529318,les_label,inferred_muscl_label,9,1242.8631898056688,11361.626052751182,62268.907980335025,0.18246066008318737,0.10939131283102856
600,4200.0,moving_end,1488.294250529318,les_label,local_les,9,-5711.50212890605,11198.597995633858,27347.491059407337,0.4094927015903209,0.5100193909213337
600,4200.0,moving_end,1488.294250529318,les_label,mask_motion,9,1461.2090384096614,2063.8859365457324,9236.807086350598,0.2234414898190929,0.7079892413314496
600,4200.0,moving_end,1488.294250529318,total,advection,9,3200.4566761369715,30706.769525237767,564783.843278382,0.05436906506920454,0.10422642061082099
600,4200.0,moving_end,1488.294250529318,total,buoyancy,9,0.0,0.0,0.0,,
600,4200.0,moving_end,1488.294250529318,total,coriolis,9,3201.7670519672392,3201.7670519672392,6446.593220699211,0.4966603200100733,1.0
600,4200.0,moving_end,1488.294250529318,total,external_forcing,9,0.0,0.0,0.0,,
600,4200.0,moving_end,1488.294250529318,total,guard,9,0.0,0.0,0.0,,
600,4200.0,moving_end,1488.294250529318,total,initial_bcs,9,0.0,0.0,0.0,,
600,4200.0,moving_end,1488.294250529318,total,les,9,-5711.50212890605,11198.597995633858,27347.491059407337,0.4094927015903209,0.5100193909213337
600,4200.0,moving_end,1488.294250529318,total,mask_motion,9,-46268.537022468314,49515.862716611904,153136.4204091855,0.3233447835877573,0.934418476908529
600,4200.0,moving_end,1488.294250529318,total,predictor_bcs,9,0.0,0.0,0.0,,
600,4200.0,moving_end,1488.294250529318,total,projection,9,-7.701097983801668e-11,1.4465340470248638e-10,2.40591739569858e-09,0.06012401130691561,0.5323827669069235
600,4200.0,moving_end,1488.294250529318,total,projection_bcs,9,0.0,0.0,0.0,,
600,4200.0,moving_end,1488.294250529318,total,surface_drag,9,0.0,0.0,0.0,,
600,4200.0,moving_end,1488.294250529318,total,transport_microphysics_bcs,9,0.0,0.0,0.0,,
600,4200.0,moving_end,1642.4854217859033,les_label,inferred_muscl_label,9,4146.443033997314,13815.894549400306,63106.300596610155,0.21893050961289348,0.30012121322808555
600,4200.0,moving_end,1642.4854217859033,les_label,local_les,9,-9284.703588565193,12088.727288676284,35449.91931330806,0.3410085981250208,0.7680464094232924
600,4200.0,moving_end,1642.4854217859033,les_label,mask_motion,9,1265.491247971961,2599.8536242172995,9087.552012896742,0.28608954540537174,0.4867548065722139
600,4200.0,moving_end,1642.4854217859033,total,advection,9,33191.0901524216,37873.86022483402,598433.6276754368,0.0632883221685782,0.87635878559477
600,4200.0,moving_end,1642.4854217859033,total,buoyancy,9,0.0,0.0,0.0,,
600,4200.0,moving_end,1642.4854217859033,total,coriolis,9,2228.794328019232,2228.794328019232,6835.566042972235,0.3260584879156708,1.0
600,4200.0,moving_end,1642.4854217859033,total,external_forcing,9,0.0,0.0,0.0,,
600,4200.0,moving_end,1642.4854217859033,total,guard,9,0.0,0.0,0.0,,
600,4200.0,moving_end,1642.4854217859033,total,initial_bcs,9,0.0,0.0,0.0,,
600,4200.0,moving_end,1642.4854217859033,total,les,9,-9284.703588565193,12088.727288676284,35449.91931330806,0.3410085981250208,0.7680464094232924
600,4200.0,moving_end,1642.4854217859033,total,mask_motion,9,-72340.57004154948,72340.57004154948,151738.14563810246,0.47674610584791727,1.0
600,4200.0,moving_end,1642.4854217859033,total,predictor_bcs,9,0.0,0.0,0.0,,
600,4200.0,moving_end,1642.4854217859033,total,projection,9,7.827393137336126e-11,1.3877973096271669e-10,2.488880931337162e-09,0.05575989161046635,0.5640155866449231
600,4200.0,moving_end,1642.4854217859033,total,projection_bcs,9,0.0,0.0,0.0,,
600,4200.0,moving_end,1642.4854217859033,total,surface_drag,9,0.0,0.0,0.0,,
600,4200.0,moving_end,1642.4854217859033,total,transport_microphysics_bcs,9,0.0,0.0,0.0,,
600,4200.0,moving_end,1804.3861516053175,les_label,inferred_muscl_label,9,3764.6293380310503,8992.817703227283,65575.29684603143,0.137137277843242,0.41862622620272005
600,4200.0,moving_end,1804.3861516053175,les_label,local_les,9,-8009.34905718078,8966.729385573888,40051.030286362104,0.2238826147907405,0.8932297064821217
600,4200.0,moving_end,1804.3861516053175,les_label,mask_motion,9,2709.9587478732997,2728.808620293203,8995.194648332445,0.30336293176258033,0.9930922702751217
600,4200.0,moving_end,1804.3861516053175,total,advection,9,52416.07042002557,52416.07042002557,621103.7054405842,0.08439181727767003,1.0
600,4200.0,moving_end,1804.3861516053175,total,buoyancy,9,0.0,0.0,0.0,,
600,4200.0,moving_end,1804.3861516053175,total,coriolis,9,1254.2889752785552,1254.2889752785552,7360.719412740493,0.17040304146188978,1.0
600,4200.0,moving_end,1804.3861516053175,total,external_forcing,9,0.0,0.0,0.0,,
600,4200.0,moving_end,1804.3861516053175,total,guard,9,0.0,0.0,0.0,,
600,4200.0,moving_end,1804.3861516053175,total,initial_bcs,9,0.0,0.0,0.0,,
600,4200.0,moving_end,1804.3861516053175,total,les,9,-8009.34905718078,8966.729385573888,40051.030286362104,0.2238826147907405,0.8932297064821217
600,4200.0,moving_end,1804.3861516053175,total,mask_motion,9,-91743.73664088947,91743.73664088947,159137.4005966446,0.5765064422123273,1.0
600,4200.0,moving_end,1804.3861516053175,total,predictor_bcs,9,0.0,0.0,0.0,,
600,4200.0,moving_end,1804.3861516053175,total,projection,9,-9.193219153465345e-13,6.914182247066676e-11,2.5650600094127358e-09,0.026955245575910176,0.013296177082062806
600,4200.0,moving_end,1804.3861516053175,total,projection_bcs,9,0.0,0.0,0.0,,
600,4200.0,moving_end,1804.3861516053175,total,surface_drag,9,0.0,0.0,0.0,,
600,4200.0,moving_end,1804.3861516053175,total,transport_microphysics_bcs,9,0.0,0.0,0.0,,
600,4200.0,moving_end,1974.3819179157026,les_label,inferred_muscl_label,9,3645.0265337408446,4054.2339379843493,63217.1678215893,0.06413185021869625,0.8990666521708042
600,4200.0,moving_end,1974.3819179157026,les_label,local_les,9,-6371.196246179451,6371.196246179451,39128.940082272056,0.16282567922319,1.0
600,4200.0,moving_end,1974.3819179157026,les_label,mask_motion,9,3751.4885962523795,4515.716130642081,9519.558542526995,0.4743619266028875,0.830762715750904
600,4200.0,moving_end,1974.3819179157026,total,advection,9,64536.69462761483,64536.69462761483,631324.887080316,0.10222422075910433,1.0
600,4200.0,moving_end,1974.3819179157026,total,buoyancy,9,0.0,0.0,0.0,,
600,4200.0,moving_end,1974.3819179157026,total,coriolis,9,345.9619423663316,645.8955336447693,7769.434974763572,0.08313288363217484,0.5356314207873193
600,4200.0,moving_end,1974.3819179157026,total,external_forcing,9,0.0,0.0,0.0,,
600,4200.0,moving_end,1974.3819179157026,total,guard,9,0.0,0.0,0.0,,
600,4200.0,moving_end,1974.3819179157026,total,initial_bcs,9,0.0,0.0,0.0,,
600,4200.0,moving_end,1974.3819179157026,total,les,9,-6371.196246179451,6371.196246179451,39128.940082272056,0.16282567922319,1.0
600,4200.0,moving_end,1974.3819179157026,total,mask_motion,9,-102078.7662946594,102078.7662946594,164842.90057920114,0.6192487873969083,1.0
600,4200.0,moving_end,1974.3819179157026,total,predictor_bcs,9,0.0,0.0,0.0,,
600,4200.0,moving_end,1974.3819179157026,total,projection,9,-2.6776412146047843e-11,1.1299040707356487e-10,2.4477371828680824e-09,0.04616116790004834,0.23697951746128745
600,4200.0,moving_end,1974.3819179157026,total,projection_bcs,9,0.0,0.0,0.0,,
600,4200.0,moving_end,1974.3819179157026,total,surface_drag,9,0.0,0.0,0.0,,
600,4200.0,moving_end,1974.3819179157026,total,transport_microphysics_bcs,9,0.0,0.0,0.0,,
600,4200.0,moving_symmetric,39.88822936505957,les_label,inferred_muscl_label,9,-1350.5550493793912,4259.467319632892,17201.688116130543,0.24761914591618836,0.31707134907559065
600,4200.0,moving_symmetric,39.88822936505957,les_label,local_les,9,-234.68620340061605,234.68620340061605,6589.16054733101,0.03561701095531471,1.0
600,4200.0,moving_symmetric,39.88822936505957,les_label,mask_motion,9,431.2090572800999,1325.6382367761407,2758.0438294880437,0.48064436924565107,0.3252841124504451
600,4200.0,moving_symmetric,39.88822936505957,total,advection,9,-7328.454167824548,7328.454167824548,136254.3635911933,0.05378509703962403,1.0
600,4200.0,moving_symmetric,39.88822936505957,total,buoyancy,9,0.0,0.0,0.0,,
600,4200.0,moving_symmetric,39.88822936505957,total,coriolis,9,6589.476285787918,6589.476285787918,11578.536074414664,0.5691113490891844,1.0
600,4200.0,moving_symmetric,39.88822936505957,total,external_forcing,9,0.0,0.0,0.0,,
600,4200.0,moving_symmetric,39.88822936505957,total,guard,9,0.0,0.0,0.0,,
600,4200.0,moving_symmetric,39.88822936505957,total,initial_bcs,9,0.0,0.0,0.0,,
600,4200.0,moving_symmetric,39.88822936505957,total,les,9,-234.68620340061605,234.68620340061605,6589.16054733101,0.03561701095531471,1.0
600,4200.0,moving_symmetric,39.88822936505957,total,mask_motion,9,-5271.702440744227,5386.6368905259715,11805.746622256733,0.45627244619758633,0.9786630411298204
600,4200.0,moving_symmetric,39.88822936505957,total,predictor_bcs,9,0.0,0.0,0.0,,
600,4200.0,moving_symmetric,39.88822936505957,total,projection,9,2.0645268712977016e-12,7.081369239618816e-11,1.3670464153762716e-09,0.05180050333309063,0.029154345740751594
600,4200.0,moving_symmetric,39.88822936505957,total,projection_bcs,9,0.0,0.0,0.0,,
600,4200.0,moving_symmetric,39.88822936505957,total,surface_drag,9,-1304.507778150853,1304.507778150853,9390.148272912067,0.13892302232479017,1.0
600,4200.0,moving_symmetric,39.88822936505957,total,transport_microphysics_bcs,9,0.0,0.0,0.0,,
600,4200.0,moving_symmetric,121.65909956343168,les_label,inferred_muscl_label,9,5808.344479190684,7565.369736573276,56904.277325574236,0.13294905220021494,0.7677542118148433
600,4200.0,moving_symmetric,121.65909956343168,les_label,local_les,9,-5704.026870550673,6415.890035973701,53150.15096373366,0.12071254586560824,0.8890468568769676
600,4200.0,moving_symmetric,121.65909956343168,les_label,mask_motion,9,3237.8681912898005,3837.6439427107453,12459.724656695447,0.30800391248200826,0.8437125068467688
600,4200.0,moving_symmetric,121.65909956343168,total,advection,9,-20876.808293433627,20876.808293433627,170548.57067706445,0.12240975231017379,1.0
600,4200.0,moving_symmetric,121.65909956343168,total,buoyancy,9,0.0,0.0,0.0,,
600,4200.0,moving_symmetric,121.65909956343168,total,coriolis,9,6922.25502560526,6922.25502560526,11530.369168978801,0.6003498174393957,1.0
600,4200.0,moving_symmetric,121.65909956343168,total,external_forcing,9,0.0,0.0,0.0,,
600,4200.0,moving_symmetric,121.65909956343168,total,guard,9,0.0,0.0,0.0,,
600,4200.0,moving_symmetric,121.65909956343168,total,initial_bcs,9,0.0,0.0,0.0,,
600,4200.0,moving_symmetric,121.65909956343168,total,les,9,-5704.026870550673,6415.890035973701,53150.15096373366,0.12071254586560824,0.8890468568769676
600,4200.0,moving_symmetric,121.65909956343168,total,mask_motion,9,1875.0975724327486,9668.936640412227,25858.721662921344,0.3739139454165847,0.19393007133748325
600,4200.0,moving_symmetric,121.65909956343168,total,predictor_bcs,9,0.0,0.0,0.0,,
600,4200.0,moving_symmetric,121.65909956343168,total,projection,9,2.9674501229062745e-11,7.966259106840785e-11,1.4207355727976015e-09,0.05607137076996144,0.3725023355514593
600,4200.0,moving_symmetric,121.65909956343168,total,projection_bcs,9,0.0,0.0,0.0,,
600,4200.0,moving_symmetric,121.65909956343168,total,surface_drag,9,-1493.5578070862007,1493.5578070862007,10418.655684725874,0.14335417661184546,1.0
600,4200.0,moving_symmetric,121.65909956343168,total,transport_microphysics_bcs,9,0.0,0.0,0.0,,
600,4200.0,moving_symmetric,207.51851327172238,les_label,inferred_muscl_label,9,9868.732528113647,13494.50952056027,47337.17906928923,0.28507211003866206,0.7313146515683004
600,4200.0,moving_symmetric,207.51851327172238,les_label,local_les,9,-6614.482232798791,13274.410823741086,41264.005566269945,0.3216946741251864,0.4982881967890348
600,4200.0,moving_symmetric,207.51851327172238,les_label,mask_motion,9,2875.0124337125376,6114.167267327696,16901.204647203187,0.36175925887859534,0.470221423132428
600,4200.0,moving_symmetric,207.51851327172238,total,advection,9,-37984.84952780045,37984.84952780045,193957.80363892665,0.1958407901881243,1.0
600,4200.0,moving_symmetric,207.51851327172238,total,buoyancy,9,0.0,0.0,0.0,,
600,4200.0,moving_symmetric,207.51851327172238,total,coriolis,9,7251.742143368512,7251.742143368512,11460.253682728111,0.6327732652461002,1.0
600,4200.0,moving_symmetric,207.51851327172238,total,external_forcing,9,0.0,0.0,0.0,,
600,4200.0,moving_symmetric,207.51851327172238,total,guard,9,0.0,0.0,0.0,,
600,4200.0,moving_symmetric,207.51851327172238,total,initial_bcs,9,0.0,0.0,0.0,,
600,4200.0,moving_symmetric,207.51851327172238,total,les,9,-6614.482232798791,13274.410823741086,41264.005566269945,0.3216946741251864,0.4982881967890348
600,4200.0,moving_symmetric,207.51851327172238,total,mask_motion,9,8608.964565439077,16181.001989089778,43418.67293486357,0.3726738035813397,0.5320414997318317
600,4200.0,moving_symmetric,207.51851327172238,total,predictor_bcs,9,0.0,0.0,0.0,,
600,4200.0,moving_symmetric,207.51851327172238,total,projection,9,7.730327608503756e-12,3.231820328930893e-11,1.3511140448639603e-09,0.023919670890966836,0.23919422559796197
600,4200.0,moving_symmetric,207.51851327172238,total,projection_bcs,9,0.0,0.0,0.0,,
600,4200.0,moving_symmetric,207.51851327172238,total,surface_drag,9,0.0,0.0,0.0,,
600,4200.0,moving_symmetric,207.51851327172238,total,transport_microphysics_bcs,9,0.0,0.0,0.0,,
600,4200.0,moving_symmetric,297.6708976654277,les_label,inferred_muscl_label,9,6614.243922010889,11935.52069123228,47226.52886898665,0.252729154080817,0.5541646730895997
600,4200.0,moving_symmetric,297.6708976654277,les_label,local_les,9,521.3446241231464,12683.591852959169,46755.13207299988,0.27127699763859037,0.04110386317748889
600,4200.0,moving_symmetric,297.6708976654277,les_label,mask_motion,9,-2060.3379205235005,7603.183431308467,20424.591759587118,0.3722563232011529,0.27098358722208643
600,4200.0,moving_symmetric,297.6708976654277,total,advection,9,-61045.28402947254,61045.28402947254,206648.8833952714,0.29540582570052926,1.0
600,4200.0,moving_symmetric,297.6708976654277,total,buoyancy,9,0.0,0.0,0.0,,
600,4200.0,moving_symmetric,297.6708976654277,total,coriolis,9,7597.648989193075,7597.648989193075,11241.875348331816,0.6758346587004713,1.0
600,4200.0,moving_symmetric,297.6708976654277,total,external_forcing,9,0.0,0.0,0.0,,
600,4200.0,moving_symmetric,297.6708976654277,total,guard,9,0.0,0.0,0.0,,
600,4200.0,moving_symmetric,297.6708976654277,total,initial_bcs,9,0.0,0.0,0.0,,
600,4200.0,moving_symmetric,297.6708976654277,total,les,9,521.3446241231464,12683.591852959169,46755.13207299988,0.27127699763859037,0.04110386317748889
600,4200.0,moving_symmetric,297.6708976654277,total,mask_motion,9,15431.312222459852,22822.267942309925,63430.01906843931,0.35980231879932595,0.6761515665957076
600,4200.0,moving_symmetric,297.6708976654277,total,predictor_bcs,9,0.0,0.0,0.0,,
600,4200.0,moving_symmetric,297.6708976654277,total,projection,9,-3.6938168740770954e-11,6.042112382320078e-11,1.4281064238584552e-09,0.04230855825153079,0.6113452780000637
600,4200.0,moving_symmetric,297.6708976654277,total,projection_bcs,9,0.0,0.0,0.0,,
600,4200.0,moving_symmetric,297.6708976654277,total,surface_drag,9,0.0,0.0,0.0,,
600,4200.0,moving_symmetric,297.6708976654277,total,transport_microphysics_bcs,9,0.0,0.0,0.0,,
600,4200.0,moving_symmetric,392.33090127881815,les_label,inferred_muscl_label,9,4197.147847089459,12354.822649495483,56884.70418626208,0.2171905932575673,0.3397173691733124
600,4200.0,moving_symmetric,392.33090127881815,les_label,local_les,9,3107.562554856196,13981.52085813242,53695.7692000262,0.2603840314876353,0.22226212630142214
600,4200.0,moving_symmetric,392.33090127881815,les_label,mask_motion,9,-2337.344054952601,5795.031687227701,21859.361652668264,0.26510525692868664,0.40333585407377964
600,4200.0,moving_symmetric,392.33090127881815,total,advection,9,-81255.79897747032,81255.79897747032,220803.59744099338,0.36800034020815614,1.0
600,4200.0,moving_symmetric,392.33090127881815,total,buoyancy,9,0.0,0.0,0.0,,
600,4200.0,moving_symmetric,392.33090127881815,total,coriolis,9,7921.626901284976,7921.626901284976,11028.766231523809,0.7182695448419593,1.0
600,4200.0,moving_symmetric,392.33090127881815,total,external_forcing,9,0.0,0.0,0.0,,
600,4200.0,moving_symmetric,392.33090127881815,total,guard,9,0.0,0.0,0.0,,
600,4200.0,moving_symmetric,392.33090127881815,total,initial_bcs,9,0.0,0.0,0.0,,
600,4200.0,moving_symmetric,392.33090127881815,total,les,9,3107.562554856196,13981.52085813242,53695.7692000262,0.2603840314876353,0.22226212630142214
600,4200.0,moving_symmetric,392.33090127881815,total,mask_motion,9,24088.631680388127,29800.468330172447,85030.17876776068,0.3504693129196541,0.8083306414348802
600,4200.0,moving_symmetric,392.33090127881815,total,predictor_bcs,9,0.0,0.0,0.0,,
600,4200.0,moving_symmetric,392.33090127881815,total,projection,9,-4.955034347690188e-12,8.640403775419206e-11,1.5659558017575253e-09,0.055176549464051206,0.05734725455523963
600,4200.0,moving_symmetric,392.33090127881815,total,projection_bcs,9,0.0,0.0,0.0,,
600,4200.0,moving_symmetric,392.33090127881815,total,surface_drag,9,0.0,0.0,0.0,,
600,4200.0,moving_symmetric,392.33090127881815,total,transport_microphysics_bcs,9,0.0,0.0,0.0,,
600,4200.0,moving_symmetric,491.72390507287827,les_label,inferred_muscl_label,9,1953.5515618427548,10587.326458974143,57716.226261656775,0.18343760749319352,0.18451792994319774
600,4200.0,moving_symmetric,491.72390507287827,les_label,local_les,9,7589.4780125306515,14133.825782979273,56788.62003894122,0.24888482539789475,0.5369726590001072
600,4200.0,moving_symmetric,491.72390507287827,les_label,mask_motion,9,-2694.285609917541,3329.712527410491,19485.66376453976,0.17088011820618298,0.809164631402243
600,4200.0,moving_symmetric,491.72390507287827,total,advection,9,-100781.15480032755,100781.15480032755,238347.3812991032,0.42283306932521664,1.0
600,4200.0,moving_symmetric,491.72390507287827,total,buoyancy,9,0.0,0.0,0.0,,
600,4200.0,moving_symmetric,491.72390507287827,total,coriolis,9,8206.711592420039,8206.711592420039,10908.1897029832,0.7523440475348211,1.0
600,4200.0,moving_symmetric,491.72390507287827,total,external_forcing,9,0.0,0.0,0.0,,
600,4200.0,moving_symmetric,491.72390507287827,total,guard,9,0.0,0.0,0.0,,
600,4200.0,moving_symmetric,491.72390507287827,total,initial_bcs,9,0.0,0.0,0.0,,
600,4200.0,moving_symmetric,491.72390507287827,total,les,9,7589.4780125306515,14133.825782979273,56788.62003894122,0.24888482539789475,0.5369726590001072
600,4200.0,moving_symmetric,491.72390507287827,total,mask_motion,9,30273.42685595006,36335.81392123897,103761.35088380889,0.3501863999624245,0.8331567010324947
600,4200.0,moving_symmetric,491.72390507287827,total,predictor_bcs,9,0.0,0.0,0.0,,
600,4200.0,moving_symmetric,491.72390507287827,total,projection,9,2.204488689677871e-11,8.949085940979172e-11,1.5650560014369839e-09,0.05718061163793762,0.24633674368721784
600,4200.0,moving_symmetric,491.72390507287827,total,projection_bcs,9,0.0,0.0,0.0,,
600,4200.0,moving_symmetric,491.72390507287827,total,surface_drag,9,0.0,0.0,0.0,,
600,4200.0,moving_symmetric,491.72390507287827,total,transport_microphysics_bcs,9,0.0,0.0,0.0,,
600,4200.0,moving_symmetric,596.0865590566414,les_label,inferred_muscl_label,9,1844.368735013729,6291.967411804576,53748.76212963669,0.1170625547920336,0.2931306877962282
600,4200.0,moving_symmetric,596.0865590566414,les_label,local_les,9,7642.419963169065,9732.84492640067,55957.901565265965,0.17393155665511972,0.785219534571926
600,4200.0,moving_symmetric,596.0865590566414,les_label,mask_motion,9,-3679.2442306297216,4568.558854088328,14766.320476286892,0.3093904714735765,0.8053402283166882
600,4200.0,moving_symmetric,596.0865590566414,total,advection,9,-116220.72847848057,116220.72847848057,266800.9211867685,0.43560842279522205,1.0
600,4200.0,moving_symmetric,596.0865590566414,total,buoyancy,9,0.0,0.0,0.0,,
600,4200.0,moving_symmetric,596.0865590566414,total,coriolis,9,8346.6517272866,8346.6517272866,10819.50001092231,0.7714452348870684,1.0
600,4200.0,moving_symmetric,596.0865590566414,total,external_forcing,9,0.0,0.0,0.0,,
600,4200.0,moving_symmetric,596.0865590566414,total,guard,9,0.0,0.0,0.0,,
600,4200.0,moving_symmetric,596.0865590566414,total,initial_bcs,9,0.0,0.0,0.0,,
600,4200.0,moving_symmetric,596.0865590566414,total,les,9,7642.419963169065,9732.84492640067,55957.901565265965,0.17393155665511972,0.785219534571926
600,4200.0,moving_symmetric,596.0865590566414,total,mask_motion,9,34163.83843257682,40186.382737232845,116211.4192454345,0.34580407844740796,0.8501347000043347
600,4200.0,moving_symmetric,596.0865590566414,total,predictor_bcs,9,0.0,0.0,0.0,,
600,4200.0,moving_symmetric,596.0865590566414,total,projection,9,1.961277896071257e-11,6.022960755624421e-11,1.7054682137049879e-09,0.03531558493570537,0.3256335174091508
600,4200.0,moving_symmetric,596.0865590566414,total,projection_bcs,9,0.0,0.0,0.0,,
600,4200.0,moving_symmetric,596.0865590566414,total,surface_drag,9,0.0,0.0,0.0,,
600,4200.0,moving_symmetric,596.0865590566414,total,transport_microphysics_bcs,9,0.0,0.0,0.0,,
600,4200.0,moving_symmetric,705.6673457395926,les_label,inferred_muscl_label,9,-4391.262318881248,8738.618533361861,54829.4922570191,0.15937806778145336,0.5025121879524213
600,4200.0,moving_symmetric,705.6673457395926,les_label,local_les,9,9476.24693918589,9476.24693918589,52003.495848337625,0.18222326758228533,1.0
600,4200.0,moving_symmetric,705.6673457395926,les_label,mask_motion,9,-3294.6681221890353,4203.789331858523,11212.229609337395,0.37492893727021637,0.7837376857161491
600,4200.0,moving_symmetric,705.6673457395926,total,advection,9,-134664.24760586087,134664.24760586087,297947.40179294,0.45197322344648755,1.0
600,4200.0,moving_symmetric,705.6673457395926,total,buoyancy,9,0.0,0.0,0.0,,
600,4200.0,moving_symmetric,705.6673457395926,total,coriolis,9,8135.749489251494,8135.749489251494,10481.645546230862,0.7761900985267587,1.0
600,4200.0,moving_symmetric,705.6673457395926,total,external_forcing,9,0.0,0.0,0.0,,
600,4200.0,moving_symmetric,705.6673457395926,total,guard,9,0.0,0.0,0.0,,
600,4200.0,moving_symmetric,705.6673457395926,total,initial_bcs,9,0.0,0.0,0.0,,
600,4200.0,moving_symmetric,705.6673457395926,total,les,9,9476.24693918589,9476.24693918589,52003.495848337625,0.18222326758228533,1.0
600,4200.0,moving_symmetric,705.6673457395926,total,mask_motion,9,40821.13121996883,46152.264934132065,127588.28219179982,0.36172808459598726,0.8844881454513281
600,4200.0,moving_symmetric,705.6673457395926,total,predictor_bcs,9,0.0,0.0,0.0,,
600,4200.0,moving_symmetric,705.6673457395926,total,projection,9,3.9338268360551536e-11,8.487572522250259e-11,1.7225128946487438e-09,0.049274362755821643,0.46348079215141735
600,4200.0,moving_symmetric,705.6673457395926,total,projection_bcs,9,0.0,0.0,0.0,,
600,4200.0,moving_symmetric,705.6673457395926,total,surface_drag,9,0.0,0.0,0.0,,
600,4200.0,moving_symmetric,705.6673457395926,total,transport_microphysics_bcs,9,0.0,0.0,0.0,,
600,4200.0,moving_symmetric,820.7271717566915,les_label,inferred_muscl_label,9,-9664.136789751046,11844.637861791281,58401.08415044972,0.2028153763597567,0.8159081689551566
600,4200.0,moving_symmetric,820.7271717566915,les_label,local_les,9,11700.368114439081,11700.368114439081,48219.05180276702,0.24265031511398702,1.0
600,4200.0,moving_symmetric,820.7271717566915,les_label,mask_motion,9,-2887.222560367308,3131.443434935438,10446.700491914637,0.2997543039890021,0.9220101273925245
600,4200.0,moving_symmetric,820.7271717566915,total,advection,9,-136121.62480022706,136121.62480022706,345475.2703338032,0.39401264428769206,1.0
600,4200.0,moving_symmetric,820.7271717566915,total,buoyancy,9,0.0,0.0,0.0,,
600,4200.0,moving_symmetric,820.7271717566915,total,coriolis,9,7551.346904436315,7551.346904436315,9902.461931940334,0.7625726770107026,1.0
600,4200.0,moving_symmetric,820.7271717566915,total,external_forcing,9,0.0,0.0,0.0,,
600,4200.0,moving_symmetric,820.7271717566915,total,guard,9,0.0,0.0,0.0,,
600,4200.0,moving_symmetric,820.7271717566915,total,initial_bcs,9,0.0,0.0,0.0,,
600,4200.0,moving_symmetric,820.7271717566915,total,les,9,11700.368114439081,11700.368114439081,48219.05180276702,0.24265031511398702,1.0
600,4200.0,moving_symmetric,820.7271717566915,total,mask_motion,9,49624.85869350542,54702.260217319556,137867.55360994433,0.3967739963826696,0.9071811383360983
600,4200.0,moving_symmetric,820.7271717566915,total,predictor_bcs,9,0.0,0.0,0.0,,
600,4200.0,moving_symmetric,820.7271717566915,total,projection,9,-1.6146637554835617e-11,1.2601190995206084e-10,1.9905978949536526e-09,0.06330354828140457,0.12813580526617158
600,4200.0,moving_symmetric,820.7271717566915,total,projection_bcs,9,0.0,0.0,0.0,,
600,4200.0,moving_symmetric,820.7271717566915,total,surface_drag,9,0.0,0.0,0.0,,
600,4200.0,moving_symmetric,820.7271717566915,total,transport_microphysics_bcs,9,0.0,0.0,0.0,,
600,4200.0,moving_symmetric,941.5399890746453,les_label,inferred_muscl_label,9,-13020.310865790794,14216.964548942346,66684.19423423545,0.21319841548963941,0.9158291716187352
600,4200.0,moving_symmetric,941.5399890746453,les_label,local_les,9,14017.963819318615,15807.084583144251,45085.526353512156,0.3506021967937584,0.8868152596758133
600,4200.0,moving_symmetric,941.5399890746453,les_label,mask_motion,9,-2948.071215370329,3378.2688402381605,9240.173210674406,0.3656066572794898,0.8726573741722984
600,4200.0,moving_symmetric,941.5399890746453,total,advection,9,-124554.72041081006,124554.72041081006,398005.24052138074,0.31294743819866616,1.0
600,4200.0,moving_symmetric,941.5399890746453,total,buoyancy,9,0.0,0.0,0.0,,
600,4200.0,moving_symmetric,941.5399890746453,total,coriolis,9,6779.274149126478,6779.274149126478,9088.058675909748,0.7459540470504112,1.0
600,4200.0,moving_symmetric,941.5399890746453,total,external_forcing,9,0.0,0.0,0.0,,
600,4200.0,moving_symmetric,941.5399890746453,total,guard,9,0.0,0.0,0.0,,
600,4200.0,moving_symmetric,941.5399890746453,total,initial_bcs,9,0.0,0.0,0.0,,
600,4200.0,moving_symmetric,941.5399890746453,total,les,9,14017.963819318615,15807.084583144251,45085.526353512156,0.3506021967937584,0.8868152596758133
600,4200.0,moving_symmetric,941.5399890746453,total,mask_motion,9,46914.71657996441,52858.164861854086,146206.27487944672,0.3615314384108198,0.8875585579366405
600,4200.0,moving_symmetric,941.5399890746453,total,predictor_bcs,9,0.0,0.0,0.0,,
600,4200.0,moving_symmetric,941.5399890746453,total,projection,9,4.6630504175988264e-11,1.2539629064116115e-10,1.959626537577949e-09,0.06398989207206182,0.3718651001362385
600,4200.0,moving_symmetric,941.5399890746453,total,projection_bcs,9,0.0,0.0,0.0,,
600,4200.0,moving_symmetric,941.5399890746453,total,surface_drag,9,0.0,0.0,0.0,,
600,4200.0,moving_symmetric,941.5399890746453,total,transport_microphysics_bcs,9,0.0,0.0,0.0,,
600,4200.0,moving_symmetric,1068.3934472584967,les_label,inferred_muscl_label,9,-11543.379495702913,12871.556816038275,64169.24877925048,0.20058761885023613,0.8968130009976399
600,4200.0,moving_symmetric,1068.3934472584967,les_label,local_les,9,13954.543366050597,14647.933092920579,34874.58292371732,0.4200174414977417,0.9526629646332082
600,4200.0,moving_symmetric,1068.3934472584967,les_label,mask_motion,9,-2689.050086021126,3392.503825010223,8648.457096867984,0.3922669427635606,0.7926446732931901
600,4200.0,moving_symmetric,1068.3934472584967,total,advection,9,-104936.42630754663,104936.42630754663,449949.58702835767,0.23321818562072177,1.0
600,4200.0,moving_symmetric,1068.3934472584967,total,buoyancy,9,0.0,0.0,0.0,,
600,4200.0,moving_symmetric,1068.3934472584967,total,coriolis,9,5974.776012769592,5974.776012769592,8121.430445561872,0.7356802539674073,1.0
600,4200.0,moving_symmetric,1068.3934472584967,total,external_forcing,9,0.0,0.0,0.0,,
600,4200.0,moving_symmetric,1068.3934472584967,total,guard,9,0.0,0.0,0.0,,
600,4200.0,moving_symmetric,1068.3934472584967,total,initial_bcs,9,0.0,0.0,0.0,,
600,4200.0,moving_symmetric,1068.3934472584967,total,les,9,13954.543366050597,14647.933092920579,34874.58292371732,0.4200174414977417,0.9526629646332082
600,4200.0,moving_symmetric,1068.3934472584967,total,mask_motion,9,35534.12674601846,48066.897174285186,147847.46708397823,0.3251114011103275,0.7392640015263664
600,4200.0,moving_symmetric,1068.3934472584967,total,predictor_bcs,9,0.0,0.0,0.0,,
600,4200.0,moving_symmetric,1068.3934472584967,total,projection,9,-6.908795435159494e-11,1.1650089462469752e-10,2.207470199065394e-09,0.05277574966766123,0.5930250971390282
600,4200.0,moving_symmetric,1068.3934472584967,total,projection_bcs,9,0.0,0.0,0.0,,
600,4200.0,moving_symmetric,1068.3934472584967,total,surface_drag,9,0.0,0.0,0.0,,
600,4200.0,moving_symmetric,1068.3934472584967,total,transport_microphysics_bcs,9,0.0,0.0,0.0,,
600,4200.0,moving_symmetric,1201.5895783515407,les_label,inferred_muscl_label,9,-10114.764267739572,11306.558445870704,65067.96535012391,0.17376536034331636,0.8945926663859073
600,4200.0,moving_symmetric,1201.5895783515407,les_label,local_les,9,11469.586779622083,12163.319506562517,23276.262424897886,0.5225632571297957,0.942965180963458
600,4200.0,moving_symmetric,1201.5895783515407,les_label,mask_motion,9,-1789.9303877968118,2670.6975016060583,8274.770999316232,0.3227518322654181,0.6702108294632447
600,4200.0,moving_symmetric,1201.5895783515407,total,advection,9,-78673.64326871243,78673.64326871243,498003.03550080705,0.15797824041292402,1.0
600,4200.0,moving_symmetric,1201.5895783515407,total,buoyancy,9,0.0,0.0,0.0,,
600,4200.0,moving_symmetric,1201.5895783515407,total,coriolis,9,5174.356411839611,5174.356411839611,7145.1138336463455,0.7241811022622989,1.0
600,4200.0,moving_symmetric,1201.5895783515407,total,external_forcing,9,0.0,0.0,0.0,,
600,4200.0,moving_symmetric,1201.5895783515407,total,guard,9,0.0,0.0,0.0,,
600,4200.0,moving_symmetric,1201.5895783515407,total,initial_bcs,9,0.0,0.0,0.0,,
600,4200.0,moving_symmetric,1201.5895783515407,total,les,9,11469.586779622083,12163.319506562517,23276.262424897886,0.5225632571297957,0.942965180963458
600,4200.0,moving_symmetric,1201.5895783515407,total,mask_motion,9,16620.012954416492,43668.73116274266,143105.41917239234,0.30515078614973346,0.38059298980952244
600,4200.0,moving_symmetric,1201.5895783515407,total,predictor_bcs,9,0.0,0.0,0.0,,
600,4200.0,moving_symmetric,1201.5895783515407,total,projection,9,-7.497750360637855e-13,6.612869069624476e-11,2.1868383807062237e-09,0.030239404649048174,0.011338120083275184
600,4200.0,moving_symmetric,1201.5895783515407,total,projection_bcs,9,0.0,0.0,0.0,,
600,4200.0,moving_symmetric,1201.5895783515407,total,surface_drag,9,0.0,0.0,0.0,,
600,4200.0,moving_symmetric,1201.5895783515407,total,transport_microphysics_bcs,9,0.0,0.0,0.0,,
600,4200.0,moving_symmetric,1341.445515999237,les_label,inferred_muscl_label,9,-4249.5303426944165,8489.167357541024,62105.486140624824,0.13668949210572298,0.500582703075056
600,4200.0,moving_symmetric,1341.445515999237,les_label,local_les,9,2611.0027821833514,9414.822368884772,20619.7670092569,0.4565920829589464,0.27732894789523643
600,4200.0,moving_symmetric,1341.445515999237,les_label,mask_motion,9,364.2927948231548,995.6823072578464,9309.874070407897,0.10694906286892689,0.36587251994708375
600,4200.0,moving_symmetric,1341.445515999237,total,advection,9,-43762.02403678317,43762.02403678317,534710.994694289,0.08184238676783387,1.0
600,4200.0,moving_symmetric,1341.445515999237,total,buoyancy,9,0.0,0.0,0.0,,
600,4200.0,moving_symmetric,1341.445515999237,total,coriolis,9,4367.990748153555,4367.990748153555,6445.620632564458,0.6776679853117114,1.0
600,4200.0,moving_symmetric,1341.445515999237,total,external_forcing,9,0.0,0.0,0.0,,
600,4200.0,moving_symmetric,1341.445515999237,total,guard,9,0.0,0.0,0.0,,
600,4200.0,moving_symmetric,1341.445515999237,total,initial_bcs,9,0.0,0.0,0.0,,
600,4200.0,moving_symmetric,1341.445515999237,total,les,9,2611.0027821833514,9414.822368884772,20619.7670092569,0.4565920829589464,0.27732894789523643
600,4200.0,moving_symmetric,1341.445515999237,total,mask_motion,9,-7848.8126207967625,35428.000669770576,138251.6561024394,0.2562573329575143,0.22154263498966986
600,4200.0,moving_symmetric,1341.445515999237,total,predictor_bcs,9,0.0,0.0,0.0,,
600,4200.0,moving_symmetric,1341.445515999237,total,projection,9,-1.1283586141247579e-10,1.3407817718019276e-10,2.1834178599654903e-09,0.06140747478465341,0.8415676867446623
600,4200.0,moving_symmetric,1341.445515999237,total,projection_bcs,9,0.0,0.0,0.0,,
600,4200.0,moving_symmetric,1341.445515999237,total,surface_drag,9,0.0,0.0,0.0,,
600,4200.0,moving_symmetric,1341.445515999237,total,transport_microphysics_bcs,9,0.0,0.0,0.0,,
600,4200.0,moving_symmetric,1488.294250529318,les_label,inferred_muscl_label,9,1535.3371971623203,11036.979062356124,60982.682376226534,0.18098546394310094,0.13910846332932733
600,4200.0,moving_symmetric,1488.294250529318,les_label,local_les,9,-5996.135819872513,10990.79259432183,24811.83366247622,0.44296575351234846,0.5455599101169732
600,4200.0,moving_symmetric,1488.294250529318,les_label,mask_motion,9,1453.3687220194743,1944.5594854548701,9803.368071551116,0.19835626605695694,0.7474025520384135
600,4200.0,moving_symmetric,1488.294250529318,total,advection,9,-9024.31010965087,23687.770831421774,567471.8437449328,0.041742636383681,0.38096915804673964
600,4200.0,moving_symmetric,1488.294250529318,total,buoyancy,9,0.0,0.0,0.0,,
600,4200.0,moving_symmetric,1488.294250529318,total,coriolis,9,3531.6014437508356,3531.6014437508356,6421.574608175669,0.5499587965939934,1.0
600,4200.0,moving_symmetric,1488.294250529318,total,external_forcing,9,0.0,0.0,0.0,,
600,4200.0,moving_symmetric,1488.294250529318,total,guard,9,0.0,0.0,0.0,,
600,4200.0,moving_symmetric,1488.294250529318,total,initial_bcs,9,0.0,0.0,0.0,,
600,4200.0,moving_symmetric,1488.294250529318,total,les,9,-5996.135819872513,10990.79259432183,24811.83366247622,0.44296575351234846,0.5455599101169732
600,4200.0,moving_symmetric,1488.294250529318,total,mask_motion,9,-34088.970937497594,39213.4766791488,137415.556769363,0.28536417274038584,0.869317740337569
600,4200.0,moving_symmetric,1488.294250529318,total,predictor_bcs,9,0.0,0.0,0.0,,
600,4200.0,moving_symmetric,1488.294250529318,total,projection,9,-1.0023401862541679e-10,1.1157412960457525e-10,2.3458330500576252e-09,0.04756268976679071,0.8983625413942423
600,4200.0,moving_symmetric,1488.294250529318,total,projection_bcs,9,0.0,0.0,0.0,,
600,4200.0,moving_symmetric,1488.294250529318,total,surface_drag,9,0.0,0.0,0.0,,
600,4200.0,moving_symmetric,1488.294250529318,total,transport_microphysics_bcs,9,0.0,0.0,0.0,,
600,4200.0,moving_symmetric,1642.4854217859033,les_label,inferred_muscl_label,9,4008.5001519076236,13136.843308646165,61761.20326986327,0.21270381101943917,0.30513419835565697
600,4200.0,moving_symmetric,1642.4854217859033,les_label,local_les,9,-9760.009923268073,12190.937981851142,32707.02945011655,0.3727314337868644,0.8005954864012897
600,4200.0,moving_symmetric,1642.4854217859033,les_label,mask_motion,9,1878.7404647645349,2943.963419893983,9891.200746708208,0.2976345840391253,0.6381670546817431
600,4200.0,moving_symmetric,1642.4854217859033,total,advection,9,19859.4016055865,26207.188981005187,602110.4078676028,0.04352555384953228,0.7577845002751143
600,4200.0,moving_symmetric,1642.4854217859033,total,buoyancy,9,0.0,0.0,0.0,,
600,4200.0,moving_symmetric,1642.4854217859033,total,coriolis,9,2645.1220576575897,2645.1220576575897,6800.36685870069,0.38896755316565074,1.0
600,4200.0,moving_symmetric,1642.4854217859033,total,external_forcing,9,0.0,0.0,0.0,,
600,4200.0,moving_symmetric,1642.4854217859033,total,guard,9,0.0,0.0,0.0,,
600,4200.0,moving_symmetric,1642.4854217859033,total,initial_bcs,9,0.0,0.0,0.0,,
600,4200.0,moving_symmetric,1642.4854217859033,total,les,9,-9760.009923268073,12190.937981851142,32707.02945011655,0.3727314337868644,0.8005954864012897
600,4200.0,moving_symmetric,1642.4854217859033,total,mask_motion,9,-58949.90288964985,58949.90288964985,142239.28342504124,0.4144417876002299,1.0
600,4200.0,moving_symmetric,1642.4854217859033,total,predictor_bcs,9,0.0,0.0,0.0,,
600,4200.0,moving_symmetric,1642.4854217859033,total,projection,9,7.025788261108968e-11,1.413704320538708e-10,2.430737743806924e-09,0.05815947541607763,0.49697720796606976
600,4200.0,moving_symmetric,1642.4854217859033,total,projection_bcs,9,0.0,0.0,0.0,,
600,4200.0,moving_symmetric,1642.4854217859033,total,surface_drag,9,0.0,0.0,0.0,,
600,4200.0,moving_symmetric,1642.4854217859033,total,transport_microphysics_bcs,9,0.0,0.0,0.0,,
600,4200.0,moving_symmetric,1804.3861516053175,les_label,inferred_muscl_label,9,3587.921731397988,8564.751119042689,64008.47435550195,0.13380651867242155,0.41891722030552386
600,4200.0,moving_symmetric,1804.3861516053175,les_label,local_les,9,-8961.472660077377,9455.56545905525,37251.62214817534,0.2538296297928707,0.9477458221702968
600,4200.0,moving_symmetric,1804.3861516053175,les_label,mask_motion,9,3838.7899574029607,3864.4981550805333,9716.94098708225,0.3977072784756043,0.993347597373342
600,4200.0,moving_symmetric,1804.3861516053175,total,advection,9,38950.2579073604,38950.2579073604,625488.4409044965,0.062271746942334893,1.0
600,4200.0,moving_symmetric,1804.3861516053175,total,buoyancy,9,0.0,0.0,0.0,,
600,4200.0,moving_symmetric,1804.3861516053175,total,coriolis,9,1736.0724362923152,1736.0724362923152,7293.952530484773,0.23801531872280116,1.0
600,4200.0,moving_symmetric,1804.3861516053175,total,external_forcing,9,0.0,0.0,0.0,,
600,4200.0,moving_symmetric,1804.3861516053175,total,guard,9,0.0,0.0,0.0,,
600,4200.0,moving_symmetric,1804.3861516053175,total,initial_bcs,9,0.0,0.0,0.0,,
600,4200.0,moving_symmetric,1804.3861516053175,total,les,9,-8961.472660077377,9455.56545905525,37251.62214817534,0.2538296297928707,0.9477458221702968
600,4200.0,moving_symmetric,1804.3861516053175,total,mask_motion,9,-77807.58398634149,77807.58398634149,155949.84467933193,0.4989269732607393,1.0
600,4200.0,moving_symmetric,1804.3861516053175,total,predictor_bcs,9,0.0,0.0,0.0,,
600,4200.0,moving_symmetric,1804.3861516053175,total,projection,9,2.4016709717768572e-11,6.528008914985126e-11,2.497807973563326e-09,0.02613495106139961,0.36790252633751636
600,4200.0,moving_symmetric,1804.3861516053175,total,projection_bcs,9,0.0,0.0,0.0,,
600,4200.0,moving_symmetric,1804.3861516053175,total,surface_drag,9,0.0,0.0,0.0,,
600,4200.0,moving_symmetric,1804.3861516053175,total,transport_microphysics_bcs,9,0.0,0.0,0.0,,
600,4200.0,moving_symmetric,1974.3819179157026,les_label,inferred_muscl_label,9,4175.1379242205285,4510.424874902993,62460.69275608394,0.07221221340782613,0.9256639984077607
600,4200.0,moving_symmetric,1974.3819179157026,les_label,local_les,9,-7911.562373228922,7911.562373228922,37125.187721664726,0.21310497963117533,1.0
600,4200.0,moving_symmetric,1974.3819179157026,les_label,mask_motion,9,4761.743332822166,5626.7877332181515,10049.079240236884,0.5599306761049595,0.84626318933463
600,4200.0,moving_symmetric,1974.3819179157026,total,advection,9,52301.80016275371,52301.80016275371,637114.5901146054,0.08209166918206277,1.0
600,4200.0,moving_symmetric,1974.3819179157026,total,buoyancy,9,0.0,0.0,0.0,,
600,4200.0,moving_symmetric,1974.3819179157026,total,coriolis,9,869.7449223387363,894.1986567862538,7661.285607733658,0.11671652808291183,0.9726529063067438
600,4200.0,moving_symmetric,1974.3819179157026,total,external_forcing,9,0.0,0.0,0.0,,
600,4200.0,moving_symmetric,1974.3819179157026,total,guard,9,0.0,0.0,0.0,,
600,4200.0,moving_symmetric,1974.3819179157026,total,initial_bcs,9,0.0,0.0,0.0,,
600,4200.0,moving_symmetric,1974.3819179157026,total,les,9,-7911.562373228922,7911.562373228922,37125.187721664726,0.21310497963117533,1.0
600,4200.0,moving_symmetric,1974.3819179157026,total,mask_motion,9,-88827.2886827212,89113.29792286572,160361.81059564653,0.5557014952117593,0.9967904987604422
600,4200.0,moving_symmetric,1974.3819179157026,total,predictor_bcs,9,0.0,0.0,0.0,,
600,4200.0,moving_symmetric,1974.3819179157026,total,projection,9,-5.4965228173538386e-11,9.138141074298151e-11,2.401811090349272e-09,0.03804687683813334,0.6014924449802276
600,4200.0,moving_symmetric,1974.3819179157026,total,projection_bcs,9,0.0,0.0,0.0,,
600,4200.0,moving_symmetric,1974.3819179157026,total,surface_drag,9,0.0,0.0,0.0,,
600,4200.0,moving_symmetric,1974.3819179157026,total,transport_microphysics_bcs,9,0.0,0.0,0.0,,
600,6000.0,fixed_initial,39.88822936505957,les_label,inferred_muscl_label,9,-31292.759468600518,31292.759468600518,67778.56446109357,0.4616910924185075,1.0
600,6000.0,fixed_initial,39.88822936505957,les_label,local_les,9,-187.84086626556433,193.017860270042,10412.264735311126,0.0185375482833682,0.9731786789199984
600,6000.0,fixed_initial,39.88822936505957,les_label,mask_motion,9,0.0,0.0,0.0,,
600,6000.0,fixed_initial,39.88822936505957,total,advection,9,194.49144878571732,583.1435985409277,178677.51891060008,0.003263665189086821,0.3335223935791298
600,6000.0,fixed_initial,39.88822936505957,total,buoyancy,9,0.0,0.0,0.0,,
600,6000.0,fixed_initial,39.88822936505957,total,coriolis,9,5263.686342014092,5263.686342014092,18657.827031044926,0.28211679383970045,1.0
600,6000.0,fixed_initial,39.88822936505957,total,external_forcing,9,0.0,0.0,0.0,,
600,6000.0,fixed_initial,39.88822936505957,total,guard,9,0.0,0.0,0.0,,
600,6000.0,fixed_initial,39.88822936505957,total,initial_bcs,9,0.0,0.0,0.0,,
600,6000.0,fixed_initial,39.88822936505957,total,les,9,-187.84086626556433,193.017860270042,10412.264735311126,0.0185375482833682,0.9731786789199984
600,6000.0,fixed_initial,39.88822936505957,total,mask_motion,9,0.0,0.0,0.0,,
600,6000.0,fixed_initial,39.88822936505957,total,predictor_bcs,9,0.0,0.0,0.0,,
600,6000.0,fixed_initial,39.88822936505957,total,projection,9,-2.620259946974887e-11,5.048273219894879e-11,2.495803480152165e-09,0.020227046159848668,0.5190408349232432
600,6000.0,fixed_initial,39.88822936505957,total,projection_bcs,9,0.0,0.0,0.0,,
600,6000.0,fixed_initial,39.88822936505957,total,surface_drag,9,-1535.9932053519751,1762.688330162083,15725.092866361685,0.112093985399141,0.8713923948261104
600,6000.0,fixed_initial,39.88822936505957,total,transport_microphysics_bcs,9,0.0,0.0,0.0,,
600,6000.0,fixed_initial,121.65909956343168,les_label,inferred_muscl_label,9,2512.484830576541,15110.155324730737,148429.00412477678,0.1018005572012623,0.1662778956655969
600,6000.0,fixed_initial,121.65909956343168,les_label,local_les,9,-23884.621547396753,23884.621547396753,123849.31880330882,0.19285226417215173,1.0
600,6000.0,fixed_initial,121.65909956343168,les_label,mask_motion,9,0.0,0.0,0.0,,
600,6000.0,fixed_initial,121.65909956343168,total,advection,9,8891.225957776882,8891.225957776882,278046.31408251124,0.031977499817308776,1.0
600,6000.0,fixed_initial,121.65909956343168,total,buoyancy,9,0.0,0.0,0.0,,
600,6000.0,fixed_initial,121.65909956343168,total,coriolis,9,5678.916865493633,5678.916865493633,18204.443793979754,0.3119522315409418,1.0
600,6000.0,fixed_initial,121.65909956343168,total,external_forcing,9,0.0,0.0,0.0,,
600,6000.0,fixed_initial,121.65909956343168,total,guard,9,0.0,0.0,0.0,,
600,6000.0,fixed_initial,121.65909956343168,total,initial_bcs,9,0.0,0.0,0.0,,
600,6000.0,fixed_initial,121.65909956343168,total,les,9,-23884.621547396753,23884.621547396753,123849.31880330882,0.19285226417215173,1.0
600,6000.0,fixed_initial,121.65909956343168,total,mask_motion,9,0.0,0.0,0.0,,
600,6000.0,fixed_initial,121.65909956343168,total,predictor_bcs,9,0.0,0.0,0.0,,
600,6000.0,fixed_initial,121.65909956343168,total,projection,9,6.766111147007731e-11,9.333326767391561e-11,2.5960624698382625e-09,0.03595185738335887,0.7249409900280065
600,6000.0,fixed_initial,121.65909956343168,total,projection_bcs,9,0.0,0.0,0.0,,
600,6000.0,fixed_initial,121.65909956343168,total,surface_drag,9,-1429.7378460824514,1458.9616060490207,18393.480317628935,0.0793194969551631,0.9799694797687586
600,6000.0,fixed_initial,121.65909956343168,total,transport_microphysics_bcs,9,0.0,0.0,0.0,,
600,6000.0,fixed_initial,207.51851327172238,les_label,inferred_muscl_label,9,35189.89393625315,35323.17941607348,161345.583597411,0.21892870339861156,0.9962266850826096
600,6000.0,fixed_initial,207.51851327172238,les_label,local_les,9,-35398.580978355,35398.580978355,151902.82059137363,0.23303438896357953,1.0
600,6000.0,fixed_initial,207.51851327172238,les_label,mask_motion,9,0.0,0.0,0.0,,
600,6000.0,fixed_initial,207.51851327172238,total,advection,9,3818.304145879824,5287.585160512834,356345.2041437048,0.014838378906259919,0.722126269359129
600,6000.0,fixed_initial,207.51851327172238,total,buoyancy,9,0.0,0.0,0.0,,
600,6000.0,fixed_initial,207.51851327172238,total,coriolis,9,6044.3184360585465,6044.3184360585465,17819.223013142506,0.33920213196729065,1.0
600,6000.0,fixed_initial,207.51851327172238,total,external_forcing,9,0.0,0.0,0.0,,
600,6000.0,fixed_initial,207.51851327172238,total,guard,9,0.0,0.0,0.0,,
600,6000.0,fixed_initial,207.51851327172238,total,initial_bcs,9,0.0,0.0,0.0,,
600,6000.0,fixed_initial,207.51851327172238,total,les,9,-35398.580978355,35398.580978355,151902.82059137363,0.23303438896357953,1.0
600,6000.0,fixed_initial,207.51851327172238,total,mask_motion,9,0.0,0.0,0.0,,
600,6000.0,fixed_initial,207.51851327172238,total,predictor_bcs,9,0.0,0.0,0.0,,
600,6000.0,fixed_initial,207.51851327172238,total,projection,9,4.425127333044566e-11,6.41527274723296e-11,2.446499633586128e-09,0.0262222510036894,0.6897800775428005
600,6000.0,fixed_initial,207.51851327172238,total,projection_bcs,9,0.0,0.0,0.0,,
600,6000.0,fixed_initial,207.51851327172238,total,surface_drag,9,0.0,0.0,0.0,,
600,6000.0,fixed_initial,207.51851327172238,total,transport_microphysics_bcs,9,0.0,0.0,0.0,,
600,6000.0,fixed_initial,297.6708976654277,les_label,inferred_muscl_label,9,44852.23935801429,44852.23935801429,165754.6819821797,0.27059410220965197,1.0
600,6000.0,fixed_initial,297.6708976654277,les_label,local_les,9,-27682.125072696464,27682.125072696464,173767.61556239126,0.15930543204557696,1.0
600,6000.0,fixed_initial,297.6708976654277,les_label,mask_motion,9,0.0,0.0,0.0,,
600,6000.0,fixed_initial,297.6708976654277,total,advection,9,-18014.775329933105,18218.959076916162,390731.36827035696,0.04662783834726574,0.988792787440762
600,6000.0,fixed_initial,297.6708976654277,total,buoyancy,9,0.0,0.0,0.0,,
600,6000.0,fixed_initial,297.6708976654277,total,coriolis,9,6440.656627953869,6440.656627953869,17174.029959573298,0.3750230227334419,1.0
600,6000.0,fixed_initial,297.6708976654277,total,external_forcing,9,0.0,0.0,0.0,,
600,6000.0,fixed_initial,297.6708976654277,total,guard,9,0.0,0.0,0.0,,
600,6000.0,fixed_initial,297.6708976654277,total,initial_bcs,9,0.0,0.0,0.0,,
600,6000.0,fixed_initial,297.6708976654277,total,les,9,-27682.125072696464,27682.125072696464,173767.61556239126,0.15930543204557696,1.0
600,6000.0,fixed_initial,297.6708976654277,total,mask_motion,9,0.0,0.0,0.0,,
600,6000.0,fixed_initial,297.6708976654277,total,predictor_bcs,9,0.0,0.0,0.0,,
600,6000.0,fixed_initial,297.6708976654277,total,projection,9,5.257215866252222e-14,6.875680787965706e-11,2.6308834013768237e-09,0.02613449453657827,0.0007646102296450071
600,6000.0,fixed_initial,297.6708976654277,total,projection_bcs,9,0.0,0.0,0.0,,
600,6000.0,fixed_initial,297.6708976654277,total,surface_drag,9,0.0,0.0,0.0,,
600,6000.0,fixed_initial,297.6708976654277,total,transport_microphysics_bcs,9,0.0,0.0,0.0,,
600,6000.0,fixed_initial,392.33090127881815,les_label,inferred_muscl_label,9,30688.24102363959,30688.24102363959,180355.5158602448,0.17015415845345988,1.0
600,6000.0,fixed_initial,392.33090127881815,les_label,local_les,9,-4791.786233554969,9211.107971445204,177694.6502326832,0.05183672079819888,0.5202182243883899
600,6000.0,fixed_initial,392.33090127881815,les_label,mask_motion,9,0.0,0.0,0.0,,
600,6000.0,fixed_initial,392.33090127881815,total,advection,9,-53380.77249897289,53380.77249897289,406389.96589600906,0.13135356917900004,1.0
600,6000.0,fixed_initial,392.33090127881815,total,buoyancy,9,0.0,0.0,0.0,,
600,6000.0,fixed_initial,392.33090127881815,total,coriolis,9,6802.844087234259,6802.844087234259,16497.701088225753,0.4123510330835962,1.0
600,6000.0,fixed_initial,392.33090127881815,total,external_forcing,9,0.0,0.0,0.0,,
600,6000.0,fixed_initial,392.33090127881815,total,guard,9,0.0,0.0,0.0,,
600,6000.0,fixed_initial,392.33090127881815,total,initial_bcs,9,0.0,0.0,0.0,,
600,6000.0,fixed_initial,392.33090127881815,total,les,9,-4791.786233554969,9211.107971445204,177694.6502326832,0.05183672079819888,0.5202182243883899
600,6000.0,fixed_initial,392.33090127881815,total,mask_motion,9,0.0,0.0,0.0,,
600,6000.0,fixed_initial,392.33090127881815,total,predictor_bcs,9,0.0,0.0,0.0,,
600,6000.0,fixed_initial,392.33090127881815,total,projection,9,-9.677920257944022e-12,1.264157612323285e-10,2.922077260163145e-09,0.0432622925327,0.07655627877095021
600,6000.0,fixed_initial,392.33090127881815,total,projection_bcs,9,0.0,0.0,0.0,,
600,6000.0,fixed_initial,392.33090127881815,total,surface_drag,9,0.0,0.0,0.0,,
600,6000.0,fixed_initial,392.33090127881815,total,transport_microphysics_bcs,9,0.0,0.0,0.0,,
600,6000.0,fixed_initial,491.72390507287827,les_label,inferred_muscl_label,9,-428.0167751093761,15318.22480564001,178387.33377565042,0.08587058554787887,0.027941669517200507
600,6000.0,fixed_initial,491.72390507287827,les_label,local_les,9,27101.830691895855,27101.830691895855,163781.85364054528,0.16547517377216092,1.0
600,6000.0,fixed_initial,491.72390507287827,les_label,mask_motion,9,0.0,0.0,0.0,,
600,6000.0,fixed_initial,491.72390507287827,total,advection,9,-95697.33795780607,95697.33795780607,424305.64797286264,0.22553868517895995,1.0
600,6000.0,fixed_initial,491.72390507287827,total,buoyancy,9,0.0,0.0,0.0,,
600,6000.0,fixed_initial,491.72390507287827,total,coriolis,9,7102.637869644184,7102.637869644184,16024.119724233913,0.44324668012200275,1.0
600,6000.0,fixed_initial,491.72390507287827,total,external_forcing,9,0.0,0.0,0.0,,
600,6000.0,fixed_initial,491.72390507287827,total,guard,9,0.0,0.0,0.0,,
600,6000.0,fixed_initial,491.72390507287827,total,initial_bcs,9,0.0,0.0,0.0,,
600,6000.0,fixed_initial,491.72390507287827,total,les,9,27101.830691895855,27101.830691895855,163781.85364054528,0.16547517377216092,1.0
600,6000.0,fixed_initial,491.72390507287827,total,mask_motion,9,0.0,0.0,0.0,,
600,6000.0,fixed_initial,491.72390507287827,total,predictor_bcs,9,0.0,0.0,0.0,,
600,6000.0,fixed_initial,491.72390507287827,total,projection,9,9.030983849348406e-11,9.030983849348406e-11,3.1455849709060037e-09,0.02871002987640568,1.0
600,6000.0,fixed_initial,491.72390507287827,total,projection_bcs,9,0.0,0.0,0.0,,
600,6000.0,fixed_initial,491.72390507287827,total,surface_drag,9,0.0,0.0,0.0,,
600,6000.0,fixed_initial,491.72390507287827,total,transport_microphysics_bcs,9,0.0,0.0,0.0,,
600,6000.0,fixed_initial,596.0865590566414,les_label,inferred_muscl_label,9,-30234.904060615885,30509.925485105614,169748.08571291622,0.1797364922082541,0.9909858375555853
600,6000.0,fixed_initial,596.0865590566414,les_label,local_les,9,49999.01249553714,49999.01249553714,153002.8427844454,0.32678485958576026,1.0
600,6000.0,fixed_initial,596.0865590566414,les_label,mask_motion,9,0.0,0.0,0.0,,
600,6000.0,fixed_initial,596.0865590566414,total,advection,9,-128614.02240125286,128614.02240125286,468481.016073921,0.2745341176876184,1.0
600,6000.0,fixed_initial,596.0865590566414,total,buoyancy,9,0.0,0.0,0.0,,
600,6000.0,fixed_initial,596.0865590566414,total,coriolis,9,7211.661724081856,7211.661724081856,15768.369794902532,0.45734986037765185,1.0
600,6000.0,fixed_initial,596.0865590566414,total,external_forcing,9,0.0,0.0,0.0,,
600,6000.0,fixed_initial,596.0865590566414,total,guard,9,0.0,0.0,0.0,,
600,6000.0,fixed_initial,596.0865590566414,total,initial_bcs,9,0.0,0.0,0.0,,
600,6000.0,fixed_initial,596.0865590566414,total,les,9,49999.01249553714,49999.01249553714,153002.8427844454,0.32678485958576026,1.0
600,6000.0,fixed_initial,596.0865590566414,total,mask_motion,9,0.0,0.0,0.0,,
600,6000.0,fixed_initial,596.0865590566414,total,predictor_bcs,9,0.0,0.0,0.0,,
600,6000.0,fixed_initial,596.0865590566414,total,projection,9,-1.0592313235630924e-11,9.401095967677246e-11,3.6061895485611518e-09,0.026069333963402528,0.11267104678060207
600,6000.0,fixed_initial,596.0865590566414,total,projection_bcs,9,0.0,0.0,0.0,,
600,6000.0,fixed_initial,596.0865590566414,total,surface_drag,9,0.0,0.0,0.0,,
600,6000.0,fixed_initial,596.0865590566414,total,transport_microphysics_bcs,9,0.0,0.0,0.0,,
600,6000.0,fixed_initial,705.6673457395926,les_label,inferred_muscl_label,9,-31707.102008679656,31707.102008679656,147891.07144943328,0.21439497123070683,1.0
600,6000.0,fixed_initial,705.6673457395926,les_label,local_les,9,39883.51804694398,39883.51804694398,129661.95379599315,0.3075961519883905,1.0
600,6000.0,fixed_initial,705.6673457395926,les_label,mask_motion,9,0.0,0.0,0.0,,
600,6000.0,fixed_initial,705.6673457395926,total,advection,9,-131401.66452938036,131401.66452938036,532718.8635139135,0.24666230826261784,1.0
600,6000.0,fixed_initial,705.6673457395926,total,buoyancy,9,0.0,0.0,0.0,,
600,6000.0,fixed_initial,705.6673457395926,total,coriolis,9,6844.855646481338,6844.855646481338,15177.664957089715,0.450982128399402,1.0
600,6000.0,fixed_initial,705.6673457395926,total,external_forcing,9,0.0,0.0,0.0,,
600,6000.0,fixed_initial,705.6673457395926,total,guard,9,0.0,0.0,0.0,,
600,6000.0,fixed_initial,705.6673457395926,total,initial_bcs,9,0.0,0.0,0.0,,
600,6000.0,fixed_initial,705.6673457395926,total,les,9,39883.51804694398,39883.51804694398,129661.95379599315,0.3075961519883905,1.0
600,6000.0,fixed_initial,705.6673457395926,total,mask_motion,9,0.0,0.0,0.0,,
600,6000.0,fixed_initial,705.6673457395926,total,predictor_bcs,9,0.0,0.0,0.0,,
600,6000.0,fixed_initial,705.6673457395926,total,projection,9,4.539952760500694e-11,1.2633276020912926e-10,3.713670401506637e-09,0.03401830172055011,0.3593646456378637
600,6000.0,fixed_initial,705.6673457395926,total,projection_bcs,9,0.0,0.0,0.0,,
600,6000.0,fixed_initial,705.6673457395926,total,surface_drag,9,0.0,0.0,0.0,,
600,6000.0,fixed_initial,705.6673457395926,total,transport_microphysics_bcs,9,0.0,0.0,0.0,,
600,6000.0,fixed_initial,820.7271717566915,les_label,inferred_muscl_label,9,-10147.470425747824,10147.470425747824,123170.08614756408,0.08238583525540961,1.0
600,6000.0,fixed_initial,820.7271717566915,les_label,local_les,9,11833.51176871511,11833.51176871511,100058.20202557754,0.118266284314105,1.0
600,6000.0,fixed_initial,820.7271717566915,les_label,mask_motion,9,0.0,0.0,0.0,,
600,6000.0,fixed_initial,820.7271717566915,total,advection,9,-101610.93078524218,101610.93078524218,592545.5492789508,0.17148205890482038,1.0
600,6000.0,fixed_initial,820.7271717566915,total,buoyancy,9,0.0,0.0,0.0,,
600,6000.0,fixed_initial,820.7271717566915,total,coriolis,9,6337.66658915591,6337.66658915591,14127.487944088058,0.448605344010082,1.0
600,6000.0,fixed_initial,820.7271717566915,total,external_forcing,9,0.0,0.0,0.0,,
600,6000.0,fixed_initial,820.7271717566915,total,guard,9,0.0,0.0,0.0,,
600,6000.0,fixed_initial,820.7271717566915,total,initial_bcs,9,0.0,0.0,0.0,,
600,6000.0,fixed_initial,820.7271717566915,total,les,9,11833.51176871511,11833.51176871511,100058.20202557754,0.118266284314105,1.0
600,6000.0,fixed_initial,820.7271717566915,total,mask_motion,9,0.0,0.0,0.0,,
600,6000.0,fixed_initial,820.7271717566915,total,predictor_bcs,9,0.0,0.0,0.0,,
600,6000.0,fixed_initial,820.7271717566915,total,projection,9,-1.8180604536187567e-10,1.9945672120466813e-10,4.206643263935845e-09,0.04741469829748559,0.9115062368608747
600,6000.0,fixed_initial,820.7271717566915,total,projection_bcs,9,0.0,0.0,0.0,,
600,6000.0,fixed_initial,820.7271717566915,total,surface_drag,9,0.0,0.0,0.0,,
600,6000.0,fixed_initial,820.7271717566915,total,transport_microphysics_bcs,9,0.0,0.0,0.0,,
600,6000.0,fixed_initial,941.5399890746453,les_label,inferred_muscl_label,9,-11464.408958042231,11464.408958042231,115879.84413154723,0.09893358973651874,1.0
600,6000.0,fixed_initial,941.5399890746453,les_label,local_les,9,6668.416135481926,7743.987376098899,75530.62397688889,0.10252778235313441,0.8611088592503877
600,6000.0,fixed_initial,941.5399890746453,les_label,mask_motion,9,0.0,0.0,0.0,,
600,6000.0,fixed_initial,941.5399890746453,total,advection,9,-76743.57576046685,76743.57576046685,642637.0415090859,0.11941978255758824,1.0
600,6000.0,fixed_initial,941.5399890746453,total,buoyancy,9,0.0,0.0,0.0,,
600,6000.0,fixed_initial,941.5399890746453,total,coriolis,9,6175.928630798808,6175.928630798808,12720.243533440549,0.48551968478927016,1.0
600,6000.0,fixed_initial,941.5399890746453,total,external_forcing,9,0.0,0.0,0.0,,
600,6000.0,fixed_initial,941.5399890746453,total,guard,9,0.0,0.0,0.0,,
600,6000.0,fixed_initial,941.5399890746453,total,initial_bcs,9,0.0,0.0,0.0,,
600,6000.0,fixed_initial,941.5399890746453,total,les,9,6668.416135481926,7743.987376098899,75530.62397688889,0.10252778235313441,0.8611088592503877
600,6000.0,fixed_initial,941.5399890746453,total,mask_motion,9,0.0,0.0,0.0,,
600,6000.0,fixed_initial,941.5399890746453,total,predictor_bcs,9,0.0,0.0,0.0,,
600,6000.0,fixed_initial,941.5399890746453,total,projection,9,-2.9704055796779224e-11,1.0054877024526498e-10,4.471315462087752e-09,0.02248751426684545,0.2954193842880743
600,6000.0,fixed_initial,941.5399890746453,total,projection_bcs,9,0.0,0.0,0.0,,
600,6000.0,fixed_initial,941.5399890746453,total,surface_drag,9,0.0,0.0,0.0,,
600,6000.0,fixed_initial,941.5399890746453,total,transport_microphysics_bcs,9,0.0,0.0,0.0,,
600,6000.0,fixed_initial,1068.3934472584967,les_label,inferred_muscl_label,9,-15714.38644706193,15714.38644706193,104309.89621892785,0.15065096425827362,1.0
600,6000.0,fixed_initial,1068.3934472584967,les_label,local_les,9,13052.137172979143,13052.137172979143,51499.744151274856,0.2534408158347335,1.0
600,6000.0,fixed_initial,1068.3934472584967,les_label,mask_motion,9,0.0,0.0,0.0,,
600,6000.0,fixed_initial,1068.3934472584967,total,advection,9,-57421.33172136927,57421.33172136927,693706.0360322356,0.08277473272367632,1.0
600,6000.0,fixed_initial,1068.3934472584967,total,buoyancy,9,0.0,0.0,0.0,,
600,6000.0,fixed_initial,1068.3934472584967,total,coriolis,9,6246.597282142712,6246.597282142712,11143.219919961768,0.5605738132254455,1.0
600,6000.0,fixed_initial,1068.3934472584967,total,external_forcing,9,0.0,0.0,0.0,,
600,6000.0,fixed_initial,1068.3934472584967,total,guard,9,0.0,0.0,0.0,,
600,6000.0,fixed_initial,1068.3934472584967,total,initial_bcs,9,0.0,0.0,0.0,,
600,6000.0,fixed_initial,1068.3934472584967,total,les,9,13052.137172979143,13052.137172979143,51499.744151274856,0.2534408158347335,1.0
600,6000.0,fixed_initial,1068.3934472584967,total,mask_motion,9,0.0,0.0,0.0,,
600,6000.0,fixed_initial,1068.3934472584967,total,predictor_bcs,9,0.0,0.0,0.0,,
600,6000.0,fixed_initial,1068.3934472584967,total,projection,9,3.84620966858183e-11,2.228090725416586e-10,4.647341521641874e-09,0.04794333954241902,0.17262356620880887
600,6000.0,fixed_initial,1068.3934472584967,total,projection_bcs,9,0.0,0.0,0.0,,
600,6000.0,fixed_initial,1068.3934472584967,total,surface_drag,9,0.0,0.0,0.0,,
600,6000.0,fixed_initial,1068.3934472584967,total,transport_microphysics_bcs,9,0.0,0.0,0.0,,
600,6000.0,fixed_initial,1201.5895783515407,les_label,inferred_muscl_label,9,-16006.9239505915,16006.9239505915,99605.20375959662,0.160703691638694,1.0
600,6000.0,fixed_initial,1201.5895783515407,les_label,local_les,9,15434.043742080277,15434.043742080277,36367.70954160273,0.42438866611669757,1.0
600,6000.0,fixed_initial,1201.5895783515407,les_label,mask_motion,9,0.0,0.0,0.0,,
600,6000.0,fixed_initial,1201.5895783515407,total,advection,9,-45802.53427039374,45802.53427039374,740004.1293285459,0.06189497119692207,1.0
600,6000.0,fixed_initial,1201.5895783515407,total,buoyancy,9,0.0,0.0,0.0,,
600,6000.0,fixed_initial,1201.5895783515407,total,coriolis,9,6156.704649473861,6156.704649473861,10119.398267619013,0.6084062003147611,1.0
600,6000.0,fixed_initial,1201.5895783515407,total,external_forcing,9,0.0,0.0,0.0,,
600,6000.0,fixed_initial,1201.5895783515407,total,guard,9,0.0,0.0,0.0,,
600,6000.0,fixed_initial,1201.5895783515407,total,initial_bcs,9,0.0,0.0,0.0,,
600,6000.0,fixed_initial,1201.5895783515407,total,les,9,15434.043742080277,15434.043742080277,36367.70954160273,0.42438866611669757,1.0
600,6000.0,fixed_initial,1201.5895783515407,total,mask_motion,9,0.0,0.0,0.0,,
600,6000.0,fixed_initial,1201.5895783515407,total,predictor_bcs,9,0.0,0.0,0.0,,
600,6000.0,fixed_initial,1201.5895783515407,total,projection,9,7.780263535936627e-11,1.8005292062451536e-10,4.547626623304747e-09,0.039592722872589615,0.43210982132090414
600,6000.0,fixed_initial,1201.5895783515407,total,projection_bcs,9,0.0,0.0,0.0,,
600,6000.0,fixed_initial,1201.5895783515407,total,surface_drag,9,0.0,0.0,0.0,,
600,6000.0,fixed_initial,1201.5895783515407,total,transport_microphysics_bcs,9,0.0,0.0,0.0,,
600,6000.0,fixed_initial,1341.445515999237,les_label,inferred_muscl_label,9,-15001.630530938795,15001.630530938795,98102.15306420063,0.1529184636867382,1.0
600,6000.0,fixed_initial,1341.445515999237,les_label,local_les,9,14193.804395784427,14193.804395784427,39431.22537865275,0.35996356338113344,1.0
600,6000.0,fixed_initial,1341.445515999237,les_label,mask_motion,9,0.0,0.0,0.0,,
600,6000.0,fixed_initial,1341.445515999237,total,advection,9,-38951.613075255154,44068.25464361422,785430.6564462677,0.05610712324752374,0.8838928019787028
600,6000.0,fixed_initial,1341.445515999237,total,buoyancy,9,0.0,0.0,0.0,,
600,6000.0,fixed_initial,1341.445515999237,total,coriolis,9,5615.992271827278,5615.992271827278,9864.180131862951,0.5693318853420655,1.0
600,6000.0,fixed_initial,1341.445515999237,total,external_forcing,9,0.0,0.0,0.0,,
600,6000.0,fixed_initial,1341.445515999237,total,guard,9,0.0,0.0,0.0,,
600,6000.0,fixed_initial,1341.445515999237,total,initial_bcs,9,0.0,0.0,0.0,,
600,6000.0,fixed_initial,1341.445515999237,total,les,9,14193.804395784427,14193.804395784427,39431.22537865275,0.35996356338113344,1.0
600,6000.0,fixed_initial,1341.445515999237,total,mask_motion,9,0.0,0.0,0.0,,
600,6000.0,fixed_initial,1341.445515999237,total,predictor_bcs,9,0.0,0.0,0.0,,
600,6000.0,fixed_initial,1341.445515999237,total,projection,9,-1.0324109702594168e-10,1.3387491388974676e-10,4.466751244374411e-09,0.02997142812874428,0.7711758239558333
600,6000.0,fixed_initial,1341.445515999237,total,projection_bcs,9,0.0,0.0,0.0,,
600,6000.0,fixed_initial,1341.445515999237,total,surface_drag,9,0.0,0.0,0.0,,
600,6000.0,fixed_initial,1341.445515999237,total,transport_microphysics_bcs,9,0.0,0.0,0.0,,
600,6000.0,fixed_initial,1488.294250529318,les_label,inferred_muscl_label,9,-7788.67795629765,9049.88061274857,105683.26100506047,0.08563210982215273,0.8606387519991961
600,6000.0,fixed_initial,1488.294250529318,les_label,local_les,9,6052.793613718253,7122.630771615795,52777.14316980164,0.13495673209707318,0.849797470597392
600,6000.0,fixed_initial,1488.294250529318,les_label,mask_motion,9,0.0,0.0,0.0,,
600,6000.0,fixed_initial,1488.294250529318,total,advection,9,-30541.73602730448,43022.92652015249,837696.0213963155,0.05135863776509243,0.7098944329832686
600,6000.0,fixed_initial,1488.294250529318,total,buoyancy,9,0.0,0.0,0.0,,
600,6000.0,fixed_initial,1488.294250529318,total,coriolis,9,4678.805983655601,4678.805983655601,10431.551791985432,0.4485244455432154,1.0
600,6000.0,fixed_initial,1488.294250529318,total,external_forcing,9,0.0,0.0,0.0,,
600,6000.0,fixed_initial,1488.294250529318,total,guard,9,0.0,0.0,0.0,,
600,6000.0,fixed_initial,1488.294250529318,total,initial_bcs,9,0.0,0.0,0.0,,
600,6000.0,fixed_initial,1488.294250529318,total,les,9,6052.793613718253,7122.630771615795,52777.14316980164,0.13495673209707318,0.849797470597392
600,6000.0,fixed_initial,1488.294250529318,total,mask_motion,9,0.0,0.0,0.0,,
600,6000.0,fixed_initial,1488.294250529318,total,predictor_bcs,9,0.0,0.0,0.0,,
600,6000.0,fixed_initial,1488.294250529318,total,projection,9,-1.7684424176509905e-10,1.897791463773479e-10,4.598287502414371e-09,0.041271700883797,0.9318423290484735
600,6000.0,fixed_initial,1488.294250529318,total,projection_bcs,9,0.0,0.0,0.0,,
600,6000.0,fixed_initial,1488.294250529318,total,surface_drag,9,0.0,0.0,0.0,,
600,6000.0,fixed_initial,1488.294250529318,total,transport_microphysics_bcs,9,0.0,0.0,0.0,,
600,6000.0,fixed_initial,1642.4854217859033,les_label,inferred_muscl_label,9,8106.738311571567,14328.718044102028,108258.51231703445,0.1323565023888418,0.5657685695691704
600,6000.0,fixed_initial,1642.4854217859033,les_label,local_les,9,-10001.895003481664,11521.301553106881,62753.495395490485,0.1835961723007833,0.8681219701939416
600,6000.0,fixed_initial,1642.4854217859033,les_label,mask_motion,9,0.0,0.0,0.0,,
600,6000.0,fixed_initial,1642.4854217859033,total,advection,9,-15962.667678547648,40271.850694551955,905621.4811609068,0.044468744980439165,0.39637283619317515
600,6000.0,fixed_initial,1642.4854217859033,total,buoyancy,9,0.0,0.0,0.0,,
600,6000.0,fixed_initial,1642.4854217859033,total,coriolis,9,3447.9355073140773,3447.9355073140773,11183.63723466799,0.30830180154859405,1.0
600,6000.0,fixed_initial,1642.4854217859033,total,external_forcing,9,0.0,0.0,0.0,,
600,6000.0,fixed_initial,1642.4854217859033,total,guard,9,0.0,0.0,0.0,,
600,6000.0,fixed_initial,1642.4854217859033,total,initial_bcs,9,0.0,0.0,0.0,,
600,6000.0,fixed_initial,1642.4854217859033,total,les,9,-10001.895003481664,11521.301553106881,62753.495395490485,0.1835961723007833,0.8681219701939416
600,6000.0,fixed_initial,1642.4854217859033,total,mask_motion,9,0.0,0.0,0.0,,
600,6000.0,fixed_initial,1642.4854217859033,total,predictor_bcs,9,0.0,0.0,0.0,,
600,6000.0,fixed_initial,1642.4854217859033,total,projection,9,8.148349167643831e-11,1.2132131465829202e-10,4.535672165152297e-09,0.026748254776967184,0.6716337677838469
600,6000.0,fixed_initial,1642.4854217859033,total,projection_bcs,9,0.0,0.0,0.0,,
600,6000.0,fixed_initial,1642.4854217859033,total,surface_drag,9,0.0,0.0,0.0,,
600,6000.0,fixed_initial,1642.4854217859033,total,transport_microphysics_bcs,9,0.0,0.0,0.0,,
600,6000.0,fixed_initial,1804.3861516053175,les_label,inferred_muscl_label,9,20450.9523519332,20508.76642629229,108293.89181403708,0.18938063895154925,0.9971810067384173
600,6000.0,fixed_initial,1804.3861516053175,les_label,local_les,9,-21341.42448250743,21341.42448250743,64924.50939908945,0.32871137079099344,1.0
600,6000.0,fixed_initial,1804.3861516053175,les_label,mask_motion,9,0.0,0.0,0.0,,
600,6000.0,fixed_initial,1804.3861516053175,total,advection,9,3893.662188935731,38666.28909857833,950326.7178502983,0.04068736401102563,0.10069914335479616
600,6000.0,fixed_initial,1804.3861516053175,total,buoyancy,9,0.0,0.0,0.0,,
600,6000.0,fixed_initial,1804.3861516053175,total,coriolis,9,2118.8161301726536,2118.8161301726536,11995.23909889348,0.17663809055445231,1.0
600,6000.0,fixed_initial,1804.3861516053175,total,external_forcing,9,0.0,0.0,0.0,,
600,6000.0,fixed_initial,1804.3861516053175,total,guard,9,0.0,0.0,0.0,,
600,6000.0,fixed_initial,1804.3861516053175,total,initial_bcs,9,0.0,0.0,0.0,,
600,6000.0,fixed_initial,1804.3861516053175,total,les,9,-21341.42448250743,21341.42448250743,64924.50939908945,0.32871137079099344,1.0
600,6000.0,fixed_initial,1804.3861516053175,total,mask_motion,9,0.0,0.0,0.0,,
600,6000.0,fixed_initial,1804.3861516053175,total,predictor_bcs,9,0.0,0.0,0.0,,
600,6000.0,fixed_initial,1804.3861516053175,total,projection,9,-4.952443528676166e-11,1.2944365689028282e-10,4.672600877827793e-09,0.027702699262098934,0.38259453167905205
600,6000.0,fixed_initial,1804.3861516053175,total,projection_bcs,9,0.0,0.0,0.0,,
600,6000.0,fixed_initial,1804.3861516053175,total,surface_drag,9,0.0,0.0,0.0,,
600,6000.0,fixed_initial,1804.3861516053175,total,transport_microphysics_bcs,9,0.0,0.0,0.0,,
600,6000.0,fixed_initial,1974.3819179157026,les_label,inferred_muscl_label,9,17604.802963862843,17604.802963862843,105470.98941389311,0.16691606916454943,1.0
600,6000.0,fixed_initial,1974.3819179157026,les_label,local_les,9,-18352.750960576726,18352.750960576726,65449.94165408738,0.2804089735873827,1.0
600,6000.0,fixed_initial,1974.3819179157026,les_label,mask_motion,9,0.0,0.0,0.0,,
600,6000.0,fixed_initial,1974.3819179157026,total,advection,9,14872.12572756496,35324.46902632482,968269.573802224,0.036482060349796855,0.42101484148231133
600,6000.0,fixed_initial,1974.3819179157026,total,buoyancy,9,0.0,0.0,0.0,,
600,6000.0,fixed_initial,1974.3819179157026,total,coriolis,9,952.4104352641945,952.4104352641945,12686.914238815385,0.07507029820934014,1.0
600,6000.0,fixed_initial,1974.3819179157026,total,external_forcing,9,0.0,0.0,0.0,,
600,6000.0,fixed_initial,1974.3819179157026,total,guard,9,0.0,0.0,0.0,,
600,6000.0,fixed_initial,1974.3819179157026,total,initial_bcs,9,0.0,0.0,0.0,,
600,6000.0,fixed_initial,1974.3819179157026,total,les,9,-18352.750960576726,18352.750960576726,65449.94165408738,0.2804089735873827,1.0
600,6000.0,fixed_initial,1974.3819179157026,total,mask_motion,9,0.0,0.0,0.0,,
600,6000.0,fixed_initial,1974.3819179157026,total,predictor_bcs,9,0.0,0.0,0.0,,
600,6000.0,fixed_initial,1974.3819179157026,total,projection,9,1.7917546013621332e-11,1.56511864111162e-10,4.577983750238887e-09,0.03418794662672076,0.11448043325901132
600,6000.0,fixed_initial,1974.3819179157026,total,projection_bcs,9,0.0,0.0,0.0,,
600,6000.0,fixed_initial,1974.3819179157026,total,surface_drag,9,0.0,0.0,0.0,,
600,6000.0,fixed_initial,1974.3819179157026,total,transport_microphysics_bcs,9,0.0,0.0,0.0,,
600,6000.0,moving_end,39.88822936505957,les_label,inferred_muscl_label,9,-12731.276937009776,12731.276937009776,37039.614387472575,0.34372055831433573,1.0
600,6000.0,moving_end,39.88822936505957,les_label,local_les,9,42.56441364565445,205.59104519548535,9228.991762780084,0.02227665280021383,0.20703437547672496
600,6000.0,moving_end,39.88822936505957,les_label,mask_motion,9,8517.569630976477,8551.472651794482,9740.002504083506,0.8779743791861725,0.9960354172668856
600,6000.0,moving_end,39.88822936505957,total,advection,9,-5053.518308990353,5053.518308990353,165939.6469676423,0.03045395359902009,1.0
600,6000.0,moving_end,39.88822936505957,total,buoyancy,9,0.0,0.0,0.0,,
600,6000.0,moving_end,39.88822936505957,total,coriolis,9,6539.369589515813,6539.369589515813,17229.543699746664,0.3795439800075474,1.0
600,6000.0,moving_end,39.88822936505957,total,external_forcing,9,0.0,0.0,0.0,,
600,6000.0,moving_end,39.88822936505957,total,guard,9,0.0,0.0,0.0,,
600,6000.0,moving_end,39.88822936505957,total,initial_bcs,9,0.0,0.0,0.0,,
600,6000.0,moving_end,39.88822936505957,total,les,9,42.56441364565445,205.59104519548535,9228.991762780084,0.02227665280021383,0.20703437547672496
600,6000.0,moving_end,39.88822936505957,total,mask_motion,9,-7669.165028417104,8114.54845818923,12651.182453766216,0.6414063260761491,0.9451129742995565
600,6000.0,moving_end,39.88822936505957,total,predictor_bcs,9,0.0,0.0,0.0,,
600,6000.0,moving_end,39.88822936505957,total,projection,9,-1.195019863551699e-11,6.916696505551923e-11,2.7053981280030743e-09,0.02556627963166855,0.17277321082289435
600,6000.0,moving_end,39.88822936505957,total,projection_bcs,9,0.0,0.0,0.0,,
600,6000.0,moving_end,39.88822936505957,total,surface_drag,9,-342.9046425493344,842.5101708928963,15720.888614946592,0.05359176516853392,0.4070035643438256
600,6000.0,moving_end,39.88822936505957,total,transport_microphysics_bcs,9,0.0,0.0,0.0,,
600,6000.0,moving_end,121.65909956343168,les_label,inferred_muscl_label,9,-4794.28277022004,7914.655523159947,102146.13946385264,0.0774836480820773,0.6057474966776457
600,6000.0,moving_end,121.65909956343168,les_label,local_les,9,-9764.56881542271,11241.599304017729,95602.17862215902,0.11758727119019975,0.86861028856747
600,6000.0,moving_end,121.65909956343168,les_label,mask_motion,9,16982.221964157725,17354.254821363782,25952.585194904863,0.6686907948103318,0.9785624412551515
600,6000.0,moving_end,121.65909956343168,total,advection,9,-9142.973528718658,16730.855045405286,245481.4188956129,0.06815528083826099,0.5464737757816835
600,6000.0,moving_end,121.65909956343168,total,buoyancy,9,0.0,0.0,0.0,,
600,6000.0,moving_end,121.65909956343168,total,coriolis,9,6848.545987591401,6848.545987591401,16944.28082051533,0.40418038747914914,1.0
600,6000.0,moving_end,121.65909956343168,total,external_forcing,9,0.0,0.0,0.0,,
600,6000.0,moving_end,121.65909956343168,total,guard,9,0.0,0.0,0.0,,
600,6000.0,moving_end,121.65909956343168,total,initial_bcs,9,0.0,0.0,0.0,,
600,6000.0,moving_end,121.65909956343168,total,les,9,-9764.56881542271,11241.599304017729,95602.17862215902,0.11758727119019975,0.86861028856747
600,6000.0,moving_end,121.65909956343168,total,mask_motion,9,-12266.614618354059,14069.273921464415,23920.959011342893,0.588156767243028,0.8718726131019329
600,6000.0,moving_end,121.65909956343168,total,predictor_bcs,9,0.0,0.0,0.0,,
600,6000.0,moving_end,121.65909956343168,total,projection,9,4.373580507764695e-13,8.750661061546563e-11,2.891846298786499e-09,0.030259772330288058,0.004998000124794826
600,6000.0,moving_end,121.65909956343168,total,projection_bcs,9,0.0,0.0,0.0,,
600,6000.0,moving_end,121.65909956343168,total,surface_drag,9,837.7028978721413,837.7028978721413,18605.895341034204,0.04502351983162224,1.0
600,6000.0,moving_end,121.65909956343168,total,transport_microphysics_bcs,9,0.0,0.0,0.0,,
600,6000.0,moving_end,207.51851327172238,les_label,inferred_muscl_label,9,5238.893772763681,12799.778693429393,102539.13213815019,0.12482823314892454,0.40929565254538364
600,6000.0,moving_end,207.51851327172238,les_label,local_les,9,-4155.47235793861,21974.31822896423,103687.17748559076,0.21192898448815395,0.18910586051590464
600,6000.0,moving_end,207.51851327172238,les_label,mask_motion,9,13897.115683901131,17062.498355935597,29518.346274680174,0.5780302933356135,0.8144830489649066
600,6000.0,moving_end,207.51851327172238,total,advection,9,-24608.007035698894,30104.2950212621,300608.6332622551,0.10014447920063127,0.8174251221733883
600,6000.0,moving_end,207.51851327172238,total,buoyancy,9,0.0,0.0,0.0,,
600,6000.0,moving_end,207.51851327172238,total,coriolis,9,7113.499777216936,7113.499777216936,16688.688466195323,0.4262467833602426,1.0
600,6000.0,moving_end,207.51851327172238,total,external_forcing,9,0.0,0.0,0.0,,
600,6000.0,moving_end,207.51851327172238,total,guard,9,0.0,0.0,0.0,,
600,6000.0,moving_end,207.51851327172238,total,initial_bcs,9,0.0,0.0,0.0,,
600,6000.0,moving_end,207.51851327172238,total,les,9,-4155.47235793861,21974.31822896423,103687.17748559076,0.21192898448815395,0.18910586051590464
600,6000.0,moving_end,207.51851327172238,total,mask_motion,9,-16596.92318952222,18180.10313371064,38669.5769203158,0.4701396958951308,0.9129168887247513
600,6000.0,moving_end,207.51851327172238,total,predictor_bcs,9,0.0,0.0,0.0,,
600,6000.0,moving_end,207.51851327172238,total,projection,9,5.741203716049751e-11,8.571062865795221e-11,2.8488202702609596e-09,0.0300863587474056,0.669835679185289
600,6000.0,moving_end,207.51851327172238,total,projection_bcs,9,0.0,0.0,0.0,,
600,6000.0,moving_end,207.51851327172238,total,surface_drag,9,0.0,0.0,0.0,,
600,6000.0,moving_end,207.51851327172238,total,transport_microphysics_bcs,9,0.0,0.0,0.0,,
600,6000.0,moving_end,297.6708976654277,les_label,inferred_muscl_label,9,-2526.1345116053603,24355.485418117292,107080.88972537016,0.22744941212742711,0.1037193251638601
600,6000.0,moving_end,297.6708976654277,les_label,local_les,9,10576.562984313858,29677.55537526255,118554.33780885731,0.2503287178163911,0.3563825541078715
600,6000.0,moving_end,297.6708976654277,les_label,mask_motion,9,5417.992319558209,9437.755711623617,29672.71756160972,0.31806172427678464,0.5740763466557378
600,6000.0,moving_end,297.6708976654277,total,advection,9,-50872.41154814262,50872.41154814262,324759.53125626175,0.15664640034228938,1.0
600,6000.0,moving_end,297.6708976654277,total,buoyancy,9,0.0,0.0,0.0,,
600,6000.0,moving_end,297.6708976654277,total,coriolis,9,7341.894002424177,7341.894002424177,16208.191428091854,0.45297428988278665,1.0
600,6000.0,moving_end,297.6708976654277,total,external_forcing,9,0.0,0.0,0.0,,
600,6000.0,moving_end,297.6708976654277,total,guard,9,0.0,0.0,0.0,,
600,6000.0,moving_end,297.6708976654277,total,initial_bcs,9,0.0,0.0,0.0,,
600,6000.0,moving_end,297.6708976654277,total,les,9,10576.562984313858,29677.55537526255,118554.33780885731,0.2503287178163911,0.3563825541078715
600,6000.0,moving_end,297.6708976654277,total,mask_motion,9,-18665.080765581744,20614.423049085857,52294.09225881069,0.39420175699890203,0.9054379412481032
600,6000.0,moving_end,297.6708976654277,total,predictor_bcs,9,0.0,0.0,0.0,,
600,6000.0,moving_end,297.6708976654277,total,projection,9,6.178580825067534e-11,7.297635015200764e-11,3.0638462500707586e-09,0.023818541857419336,0.8466552262750504
600,6000.0,moving_end,297.6708976654277,total,projection_bcs,9,0.0,0.0,0.0,,
600,6000.0,moving_end,297.6708976654277,total,surface_drag,9,0.0,0.0,0.0,,
600,6000.0,moving_end,297.6708976654277,total,transport_microphysics_bcs,9,0.0,0.0,0.0,,
600,6000.0,moving_end,392.33090127881815,les_label,inferred_muscl_label,9,-13775.997143225204,26857.346744598733,130649.03928037216,0.20556865088738238,0.5129321698911188
600,6000.0,moving_end,392.33090127881815,les_label,local_les,9,25978.843704178547,33309.6052335894,135040.44722869594,0.2466639137915351,0.7799204920621962
600,6000.0,moving_end,392.33090127881815,les_label,mask_motion,9,-1871.446873850354,4841.270322178704,29700.505011034733,0.1630029630937255,0.386561119150263
600,6000.0,moving_end,392.33090127881815,total,advection,9,-78423.53442950387,78423.53442950387,350654.2372148216,0.2236491851700032,1.0
600,6000.0,moving_end,392.33090127881815,total,buoyancy,9,0.0,0.0,0.0,,
600,6000.0,moving_end,392.33090127881815,total,coriolis,9,7545.847688556502,7545.847688556502,15671.552566748582,0.4814996890969852,1.0
600,6000.0,moving_end,392.33090127881815,total,external_forcing,9,0.0,0.0,0.0,,
600,6000.0,moving_end,392.33090127881815,total,guard,9,0.0,0.0,0.0,,
600,6000.0,moving_end,392.33090127881815,total,initial_bcs,9,0.0,0.0,0.0,,
600,6000.0,moving_end,392.33090127881815,total,les,9,25978.843704178547,33309.6052335894,135040.44722869594,0.2466639137915351,0.7799204920621962
600,6000.0,moving_end,392.33090127881815,total,mask_motion,9,-18638.368853495715,22195.2149018421,62826.63485338377,0.3532771563149652,0.8397471678433182
600,6000.0,moving_end,392.33090127881815,total,predictor_bcs,9,0.0,0.0,0.0,,
600,6000.0,moving_end,392.33090127881815,total,projection,9,-4.521349772926842e-11,7.770583140489593e-11,3.2874541249742593e-09,0.02363708464084023,0.5818546293350605
600,6000.0,moving_end,392.33090127881815,total,projection_bcs,9,0.0,0.0,0.0,,
600,6000.0,moving_end,392.33090127881815,total,surface_drag,9,0.0,0.0,0.0,,
600,6000.0,moving_end,392.33090127881815,total,transport_microphysics_bcs,9,0.0,0.0,0.0,,
600,6000.0,moving_end,491.72390507287827,les_label,inferred_muscl_label,9,-23819.800589963586,31142.060741935868,136767.44526047725,0.22770082955505225,0.7648755420314195
600,6000.0,moving_end,491.72390507287827,les_label,local_les,9,39657.9069061172,39657.9069061172,134048.66696924315,0.29584708153208655,1.0
600,6000.0,moving_end,491.72390507287827,les_label,mask_motion,9,-6546.901541497363,8769.851391184904,26903.911004030957,0.32596938749429166,0.7465236580950552
600,6000.0,moving_end,491.72390507287827,total,advection,9,-100958.52099008576,100958.52099008576,377088.61930300423,0.2677315512112074,1.0
600,6000.0,moving_end,491.72390507287827,total,buoyancy,9,0.0,0.0,0.0,,
600,6000.0,moving_end,491.72390507287827,total,coriolis,9,7668.367551849712,7668.367551849712,15356.366141364932,0.4993608176086454,1.0
600,6000.0,moving_end,491.72390507287827,total,external_forcing,9,0.0,0.0,0.0,,
600,6000.0,moving_end,491.72390507287827,total,guard,9,0.0,0.0,0.0,,
600,6000.0,moving_end,491.72390507287827,total,initial_bcs,9,0.0,0.0,0.0,,
600,6000.0,moving_end,491.72390507287827,total,les,9,39657.9069061172,39657.9069061172,134048.66696924315,0.29584708153208655,1.0
600,6000.0,moving_end,491.72390507287827,total,mask_motion,9,-17608.425724694676,22107.900762423807,77717.2170115171,0.2844659344807417,0.7964766041750664
600,6000.0,moving_end,491.72390507287827,total,predictor_bcs,9,0.0,0.0,0.0,,
600,6000.0,moving_end,491.72390507287827,total,projection,9,2.5930489473698936e-11,7.577785564146738e-11,3.645910002555018e-09,0.020784346181985568,0.34219085845323366
600,6000.0,moving_end,491.72390507287827,total,projection_bcs,9,0.0,0.0,0.0,,
600,6000.0,moving_end,491.72390507287827,total,surface_drag,9,0.0,0.0,0.0,,
600,6000.0,moving_end,491.72390507287827,total,transport_microphysics_bcs,9,0.0,0.0,0.0,,
600,6000.0,moving_end,596.0865590566414,les_label,inferred_muscl_label,9,-24008.03582266364,24222.341167891853,131259.83219101408,0.1845373467538997,0.9911525750651929
600,6000.0,moving_end,596.0865590566414,les_label,local_les,9,36377.00394319972,36377.00394319972,128126.3363881335,0.2839151182236473,1.0
600,6000.0,moving_end,596.0865590566414,les_label,mask_motion,9,-8160.573849631223,11249.048309306658,23984.810679707956,0.4690071753963758,0.7254457110722645
600,6000.0,moving_end,596.0865590566414,total,advection,9,-107786.86272503353,107786.86272503353,416640.5298631932,0.2587046986533597,1.0
600,6000.0,moving_end,596.0865590566414,total,buoyancy,9,0.0,0.0,0.0,,
600,6000.0,moving_end,596.0865590566414,total,coriolis,9,7643.0699893754945,7643.0699893754945,15131.71585961035,0.5051026638542965,1.0
600,6000.0,moving_end,596.0865590566414,total,external_forcing,9,0.0,0.0,0.0,,
600,6000.0,moving_end,596.0865590566414,total,guard,9,0.0,0.0,0.0,,
600,6000.0,moving_end,596.0865590566414,total,initial_bcs,9,0.0,0.0,0.0,,
600,6000.0,moving_end,596.0865590566414,total,les,9,36377.00394319972,36377.00394319972,128126.3363881335,0.2839151182236473,1.0
600,6000.0,moving_end,596.0865590566414,total,mask_motion,9,-14001.473143280124,22568.92870570419,91934.95519611273,0.24548800461762196,0.6203871404734119
600,6000.0,moving_end,596.0865590566414,total,predictor_bcs,9,0.0,0.0,0.0,,
600,6000.0,moving_end,596.0865590566414,total,projection,9,1.937978243153778e-11,1.3309228482793914e-10,4.030081160375147e-09,0.03302471576417335,0.14561161420131782
600,6000.0,moving_end,596.0865590566414,total,projection_bcs,9,0.0,0.0,0.0,,
600,6000.0,moving_end,596.0865590566414,total,surface_drag,9,0.0,0.0,0.0,,
600,6000.0,moving_end,596.0865590566414,total,transport_microphysics_bcs,9,0.0,0.0,0.0,,
600,6000.0,moving_end,705.6673457395926,les_label,inferred_muscl_label,9,-25988.60839081731,25988.60839081731,117172.17488686883,0.22179846380686907,1.0
600,6000.0,moving_end,705.6673457395926,les_label,local_les,9,27699.330850711278,27699.330850711278,106916.15149395548,0.2590752703278631,1.0
600,6000.0,moving_end,705.6673457395926,les_label,mask_motion,9,-6663.924442927914,8578.969403492527,17240.073181206964,0.49761792269213095,0.7767744736582238
600,6000.0,moving_end,705.6673457395926,total,advection,9,-110353.59623761619,110353.59623761619,474539.03423752566,0.23254903870011212,1.0
600,6000.0,moving_end,705.6673457395926,total,buoyancy,9,0.0,0.0,0.0,,
600,6000.0,moving_end,705.6673457395926,total,coriolis,9,7393.467257670756,7393.467257670756,14281.073776963975,0.5177108789674315,1.0
600,6000.0,moving_end,705.6673457395926,total,external_forcing,9,0.0,0.0,0.0,,
600,6000.0,moving_end,705.6673457395926,total,guard,9,0.0,0.0,0.0,,
600,6000.0,moving_end,705.6673457395926,total,initial_bcs,9,0.0,0.0,0.0,,
600,6000.0,moving_end,705.6673457395926,total,les,9,27699.330850711278,27699.330850711278,106916.15149395548,0.2590752703278631,1.0
600,6000.0,moving_end,705.6673457395926,total,mask_motion,9,-10678.857612649272,25936.0121392646,104823.46247675661,0.24742563855888283,0.41173861098262365
600,6000.0,moving_end,705.6673457395926,total,predictor_bcs,9,0.0,0.0,0.0,,
600,6000.0,moving_end,705.6673457395926,total,projection,9,-3.165573882126134e-12,1.1883385206033163e-10,4.146541737290346e-09,0.028658544780013805,0.026638654114477252
600,6000.0,moving_end,705.6673457395926,total,projection_bcs,9,0.0,0.0,0.0,,
600,6000.0,moving_end,705.6673457395926,total,surface_drag,9,0.0,0.0,0.0,,
600,6000.0,moving_end,705.6673457395926,total,transport_microphysics_bcs,9,0.0,0.0,0.0,,
600,6000.0,moving_end,820.7271717566915,les_label,inferred_muscl_label,9,-10260.08991828015,10260.08991828015,115285.30367898113,0.0889973794652091,1.0
600,6000.0,moving_end,820.7271717566915,les_label,local_les,9,6782.756364640136,6782.756364640136,100718.12589035658,0.06734394931081181,1.0
600,6000.0,moving_end,820.7271717566915,les_label,mask_motion,9,-4403.673518045609,5220.158873886395,11450.70751457053,0.4558809023148979,0.8435899413090249
600,6000.0,moving_end,820.7271717566915,total,advection,9,-87772.01418824085,87772.01418824085,553995.2942661692,0.1584345843668312,1.0
600,6000.0,moving_end,820.7271717566915,total,buoyancy,9,0.0,0.0,0.0,,
600,6000.0,moving_end,820.7271717566915,total,coriolis,9,6975.575865722473,6975.575865722473,13274.981428555675,0.5254678436474031,1.0
600,6000.0,moving_end,820.7271717566915,total,external_forcing,9,0.0,0.0,0.0,,
600,6000.0,moving_end,820.7271717566915,total,guard,9,0.0,0.0,0.0,,
600,6000.0,moving_end,820.7271717566915,total,initial_bcs,9,0.0,0.0,0.0,,
600,6000.0,moving_end,820.7271717566915,total,les,9,6782.756364640136,6782.756364640136,100718.12589035658,0.06734394931081181,1.0
600,6000.0,moving_end,820.7271717566915,total,mask_motion,9,927.7577880787394,23201.062363860492,104901.1835931456,0.22117064430697694,0.039987728731072085
600,6000.0,moving_end,820.7271717566915,total,predictor_bcs,9,0.0,0.0,0.0,,
600,6000.0,moving_end,820.7271717566915,total,projection,9,-4.918627151081524e-11,1.7008535083281283e-10,4.528327709755662e-09,0.037560300785295916,0.28918581917829833
600,6000.0,moving_end,820.7271717566915,total,projection_bcs,9,0.0,0.0,0.0,,
600,6000.0,moving_end,820.7271717566915,total,surface_drag,9,0.0,0.0,0.0,,
600,6000.0,moving_end,820.7271717566915,total,transport_microphysics_bcs,9,0.0,0.0,0.0,,
600,6000.0,moving_end,941.5399890746453,les_label,inferred_muscl_label,9,-10770.162483919146,10770.162483919146,117377.84707149355,0.09175634715262036,1.0
600,6000.0,moving_end,941.5399890746453,les_label,local_les,9,4792.232353341133,5284.18392798896,82939.29543877464,0.06371146390904317,0.906901125821513
600,6000.0,moving_end,941.5399890746453,les_label,mask_motion,9,-2643.16493575835,2672.5957294859486,8277.243349958882,0.3228847596342839,0.9889879365581193
600,6000.0,moving_end,941.5399890746453,total,advection,9,-63605.54491570587,63605.54491570587,613926.5487504087,0.1036044866363397,1.0
600,6000.0,moving_end,941.5399890746453,total,buoyancy,9,0.0,0.0,0.0,,
600,6000.0,moving_end,941.5399890746453,total,coriolis,9,6598.853625050749,6598.853625050749,12436.862746364135,0.5305882809537233,1.0
600,6000.0,moving_end,941.5399890746453,total,external_forcing,9,0.0,0.0,0.0,,
600,6000.0,moving_end,941.5399890746453,total,guard,9,0.0,0.0,0.0,,
600,6000.0,moving_end,941.5399890746453,total,initial_bcs,9,0.0,0.0,0.0,,
600,6000.0,moving_end,941.5399890746453,total,les,9,4792.232353341133,5284.18392798896,82939.29543877464,0.06371146390904317,0.906901125821513
600,6000.0,moving_end,941.5399890746453,total,mask_motion,9,2815.4241154741403,21761.023649613697,99381.15022259436,0.21896530278501763,0.12937921307411104
600,6000.0,moving_end,941.5399890746453,total,predictor_bcs,9,0.0,0.0,0.0,,
600,6000.0,moving_end,941.5399890746453,total,projection,9,7.279976601711998e-11,1.86254200767899e-10,4.991987667732803e-09,0.037310629185205814,0.39086241124751614
600,6000.0,moving_end,941.5399890746453,total,projection_bcs,9,0.0,0.0,0.0,,
600,6000.0,moving_end,941.5399890746453,total,surface_drag,9,0.0,0.0,0.0,,
600,6000.0,moving_end,941.5399890746453,total,transport_microphysics_bcs,9,0.0,0.0,0.0,,
600,6000.0,moving_end,1068.3934472584967,les_label,inferred_muscl_label,9,-9825.828175338813,9825.828175338813,107380.53107101568,0.09150474557478712,1.0
600,6000.0,moving_end,1068.3934472584967,les_label,local_les,9,7653.500749928549,7653.500749928549,60305.764704247646,0.12691159439670407,1.0
600,6000.0,moving_end,1068.3934472584967,les_label,mask_motion,9,-2944.771700175557,2944.771700175557,6794.10162477351,0.43343062303306723,1.0
600,6000.0,moving_end,1068.3934472584967,total,advection,9,-32667.269688238845,32667.269688238845,669523.528988224,0.04879181727579497,1.0
600,6000.0,moving_end,1068.3934472584967,total,buoyancy,9,0.0,0.0,0.0,,
600,6000.0,moving_end,1068.3934472584967,total,coriolis,9,6406.29484363293,6406.29484363293,11384.240649477488,0.5627336105133165,1.0
600,6000.0,moving_end,1068.3934472584967,total,external_forcing,9,0.0,0.0,0.0,,
600,6000.0,moving_end,1068.3934472584967,total,guard,9,0.0,0.0,0.0,,
600,6000.0,moving_end,1068.3934472584967,total,initial_bcs,9,0.0,0.0,0.0,,
600,6000.0,moving_end,1068.3934472584967,total,les,9,7653.500749928549,7653.500749928549,60305.764704247646,0.12691159439670407,1.0
600,6000.0,moving_end,1068.3934472584967,total,mask_motion,9,-7544.547737319179,24061.658162261436,98460.17958551524,0.24437958841384455,0.3135506159401819
600,6000.0,moving_end,1068.3934472584967,total,predictor_bcs,9,0.0,0.0,0.0,,
600,6000.0,moving_end,1068.3934472584967,total,projection,9,-1.3672306085140036e-11,1.9053629218823958e-10,5.13043274550718e-09,0.03713844457957195,0.07175696518557491
600,6000.0,moving_end,1068.3934472584967,total,projection_bcs,9,0.0,0.0,0.0,,
600,6000.0,moving_end,1068.3934472584967,total,surface_drag,9,0.0,0.0,0.0,,
600,6000.0,moving_end,1068.3934472584967,total,transport_microphysics_bcs,9,0.0,0.0,0.0,,
600,6000.0,moving_end,1201.5895783515407,les_label,inferred_muscl_label,9,-8940.15163653624,8940.15163653624,102646.31365488844,0.08709666541551903,1.0
600,6000.0,moving_end,1201.5895783515407,les_label,local_les,9,8707.475495627874,8707.475495627874,45374.86544578144,0.1919008554644082,1.0
600,6000.0,moving_end,1201.5895783515407,les_label,mask_motion,9,-3069.199002328818,3069.199002328818,6597.962144485422,0.46517378170986556,1.0
600,6000.0,moving_end,1201.5895783515407,total,advection,9,-8161.223909868368,15207.740331675552,717349.9657534191,0.02119988995288116,0.5366493464429889
600,6000.0,moving_end,1201.5895783515407,total,buoyancy,9,0.0,0.0,0.0,,
600,6000.0,moving_end,1201.5895783515407,total,coriolis,9,6255.349924039671,6255.349924039671,10641.984834279207,0.5877991766996681,1.0
600,6000.0,moving_end,1201.5895783515407,total,external_forcing,9,0.0,0.0,0.0,,
600,6000.0,moving_end,1201.5895783515407,total,guard,9,0.0,0.0,0.0,,
600,6000.0,moving_end,1201.5895783515407,total,initial_bcs,9,0.0,0.0,0.0,,
600,6000.0,moving_end,1201.5895783515407,total,les,9,8707.475495627874,8707.475495627874,45374.86544578144,0.1919008554644082,1.0
600,6000.0,moving_end,1201.5895783515407,total,mask_motion,9,-20238.8448620644,28836.951173883554,112246.65731383441,0.25690699272457884,0.7018371928442246
600,6000.0,moving_end,1201.5895783515407,total,predictor_bcs,9,0.0,0.0,0.0,,
600,6000.0,moving_end,1201.5895783515407,total,projection,9,3.055859874990212e-11,1.3866243225199413e-10,4.960148021647429e-09,0.027955301262549772,0.22038123991916814
600,6000.0,moving_end,1201.5895783515407,total,projection_bcs,9,0.0,0.0,0.0,,
600,6000.0,moving_end,1201.5895783515407,total,surface_drag,9,0.0,0.0,0.0,,
600,6000.0,moving_end,1201.5895783515407,total,transport_microphysics_bcs,9,0.0,0.0,0.0,,
600,6000.0,moving_end,1341.445515999237,les_label,inferred_muscl_label,9,-9306.42498486315,9306.42498486315,102514.5084721835,0.09078154032595663,1.0
600,6000.0,moving_end,1341.445515999237,les_label,local_les,9,8801.734280045437,8801.734280045437,48677.22717311838,0.18081831672010534,1.0
600,6000.0,moving_end,1341.445515999237,les_label,mask_motion,9,-1961.412891697118,2387.695394831696,7279.699396481247,0.3279936800667655,0.8214669659885047
600,6000.0,moving_end,1341.445515999237,total,advection,9,7456.35444177682,12436.19159469337,759146.8337586491,0.01638179999134019,0.5995689584710572
600,6000.0,moving_end,1341.445515999237,total,buoyancy,9,0.0,0.0,0.0,,
600,6000.0,moving_end,1341.445515999237,total,coriolis,9,5833.782463722696,5833.782463722696,10583.973977976417,0.5511901744904021,1.0
600,6000.0,moving_end,1341.445515999237,total,external_forcing,9,0.0,0.0,0.0,,
600,6000.0,moving_end,1341.445515999237,total,guard,9,0.0,0.0,0.0,,
600,6000.0,moving_end,1341.445515999237,total,initial_bcs,9,0.0,0.0,0.0,,
600,6000.0,moving_end,1341.445515999237,total,les,9,8801.734280045437,8801.734280045437,48677.22717311838,0.18081831672010534,1.0
600,6000.0,moving_end,1341.445515999237,total,mask_motion,9,-31294.657674119993,34905.68809315864,134133.72660076988,0.26023051008677706,0.8965489404076125
600,6000.0,moving_end,1341.445515999237,total,predictor_bcs,9,0.0,0.0,0.0,,
600,6000.0,moving_end,1341.445515999237,total,projection,9,7.937414220385208e-11,1.8487463900079931e-10,4.839467161570748e-09,0.03820144508239508,0.4293403499411777
600,6000.0,moving_end,1341.445515999237,total,projection_bcs,9,0.0,0.0,0.0,,
600,6000.0,moving_end,1341.445515999237,total,surface_drag,9,0.0,0.0,0.0,,
600,6000.0,moving_end,1341.445515999237,total,transport_microphysics_bcs,9,0.0,0.0,0.0,,
600,6000.0,moving_end,1488.294250529318,les_label,inferred_muscl_label,9,-11483.529806468827,11483.529806468827,111244.56034323653,0.10322778723775149,1.0
600,6000.0,moving_end,1488.294250529318,les_label,local_les,9,8554.696381562819,8554.696381562819,63930.88494694613,0.13381163718697223,1.0
600,6000.0,moving_end,1488.294250529318,les_label,mask_motion,9,140.43139836818074,2111.3042150569418,8405.413611684378,0.2511838575227297,0.0665140520095032
600,6000.0,moving_end,1488.294250529318,total,advection,9,11711.772137787655,11925.862286557245,807829.4786351185,0.014762846122806489,0.982048245768282
600,6000.0,moving_end,1488.294250529318,total,buoyancy,9,0.0,0.0,0.0,,
600,6000.0,moving_end,1488.294250529318,total,coriolis,9,5029.604708061038,5029.604708061038,11313.098987426349,0.44458240077728145,1.0
600,6000.0,moving_end,1488.294250529318,total,external_forcing,9,0.0,0.0,0.0,,
600,6000.0,moving_end,1488.294250529318,total,guard,9,0.0,0.0,0.0,,
600,6000.0,moving_end,1488.294250529318,total,initial_bcs,9,0.0,0.0,0.0,,
600,6000.0,moving_end,1488.294250529318,total,les,9,8554.696381562819,8554.696381562819,63930.88494694613,0.13381163718697223,1.0
600,6000.0,moving_end,1488.294250529318,total,mask_motion,9,-36971.52359633065,39975.27477400741,150805.92040951896,0.26507762205524227,0.9248597740814066
600,6000.0,moving_end,1488.294250529318,total,predictor_bcs,9,0.0,0.0,0.0,,
600,6000.0,moving_end,1488.294250529318,total,projection,9,6.813130687063646e-12,1.5473245091219027e-10,5.014427136457731e-09,0.030857453244698192,0.04403168596437509
600,6000.0,moving_end,1488.294250529318,total,projection_bcs,9,0.0,0.0,0.0,,
600,6000.0,moving_end,1488.294250529318,total,surface_drag,9,0.0,0.0,0.0,,
600,6000.0,moving_end,1488.294250529318,total,transport_microphysics_bcs,9,0.0,0.0,0.0,,
600,6000.0,moving_end,1642.4854217859033,les_label,inferred_muscl_label,9,-7422.844329807621,7757.388317586298,120312.71279945174,0.0644768797667876,0.9568741470605187
600,6000.0,moving_end,1642.4854217859033,les_label,local_les,9,2480.2003039002707,5302.819895000681,79901.70401325941,0.06636679355575065,0.46771347189040297
600,6000.0,moving_end,1642.4854217859033,les_label,mask_motion,9,1436.8667256144845,2306.344395089713,8265.732025518933,0.2790248205445443,0.6230061428265542
600,6000.0,moving_end,1642.4854217859033,total,advection,9,13335.313267917343,13335.313267917343,859324.473761187,0.015518367828568712,1.0
600,6000.0,moving_end,1642.4854217859033,total,buoyancy,9,0.0,0.0,0.0,,
600,6000.0,moving_end,1642.4854217859033,total,coriolis,9,3876.487330315407,3876.487330315407,12201.25143775041,0.31771227321171647,1.0
600,6000.0,moving_end,1642.4854217859033,total,external_forcing,9,0.0,0.0,0.0,,
600,6000.0,moving_end,1642.4854217859033,total,guard,9,0.0,0.0,0.0,,
600,6000.0,moving_end,1642.4854217859033,total,initial_bcs,9,0.0,0.0,0.0,,
600,6000.0,moving_end,1642.4854217859033,total,les,9,2480.2003039002707,5302.819895000681,79901.70401325941,0.06636679355575065,0.46771347189040297
600,6000.0,moving_end,1642.4854217859033,total,mask_motion,9,-35363.20695210874,40516.50380538592,163061.2046078241,0.24847420882748605,0.8728099325146573
600,6000.0,moving_end,1642.4854217859033,total,predictor_bcs,9,0.0,0.0,0.0,,
600,6000.0,moving_end,1642.4854217859033,total,projection,9,-5.267516845682018e-11,5.845496129988094e-11,4.898019265108883e-09,0.011934408203798989,0.9011239984676453
600,6000.0,moving_end,1642.4854217859033,total,projection_bcs,9,0.0,0.0,0.0,,
600,6000.0,moving_end,1642.4854217859033,total,surface_drag,9,0.0,0.0,0.0,,
600,6000.0,moving_end,1642.4854217859033,total,transport_microphysics_bcs,9,0.0,0.0,0.0,,
600,6000.0,moving_end,1804.3861516053175,les_label,inferred_muscl_label,9,2430.6624744189407,5788.1014035578655,126389.89527608265,0.045795602495868,0.41994123892246366
600,6000.0,moving_end,1804.3861516053175,les_label,local_les,9,-5094.801005032409,5152.426820162464,88012.25644526952,0.058542151153305605,0.98881579163734
600,6000.0,moving_end,1804.3861516053175,les_label,mask_motion,9,-213.39855762597662,2170.397418059921,6575.852908292956,0.3300556518414188,0.09832234218962982
600,6000.0,moving_end,1804.3861516053175,total,advection,9,15099.042423072893,16466.046610865844,898396.9585445754,0.018328252844423288,0.9169804252290363
600,6000.0,moving_end,1804.3861516053175,total,buoyancy,9,0.0,0.0,0.0,,
600,6000.0,moving_end,1804.3861516053175,total,coriolis,9,2488.3506956891174,2488.3506956891174,13001.660589564286,0.19138714463030815,1.0
600,6000.0,moving_end,1804.3861516053175,total,external_forcing,9,0.0,0.0,0.0,,
600,6000.0,moving_end,1804.3861516053175,total,guard,9,0.0,0.0,0.0,,
600,6000.0,moving_end,1804.3861516053175,total,initial_bcs,9,0.0,0.0,0.0,,
600,6000.0,moving_end,1804.3861516053175,total,les,9,-5094.801005032409,5152.426820162464,88012.25644526952,0.058542151153305605,0.98881579163734
600,6000.0,moving_end,1804.3861516053175,total,mask_motion,9,-30021.00763208603,41422.8289267432,171487.48282198326,0.24155016007636645,0.7247454703100691
600,6000.0,moving_end,1804.3861516053175,total,predictor_bcs,9,0.0,0.0,0.0,,
600,6000.0,moving_end,1804.3861516053175,total,projection,9,-1.604197922266406e-11,9.909381169325002e-11,5.057626347222083e-09,0.019592948329936948,0.16188679140048454
600,6000.0,moving_end,1804.3861516053175,total,projection_bcs,9,0.0,0.0,0.0,,
600,6000.0,moving_end,1804.3861516053175,total,surface_drag,9,0.0,0.0,0.0,,
600,6000.0,moving_end,1804.3861516053175,total,transport_microphysics_bcs,9,0.0,0.0,0.0,,
600,6000.0,moving_end,1974.3819179157026,les_label,inferred_muscl_label,9,10054.27972119315,10054.27972119315,122711.89615849298,0.08193402625127055,1.0
600,6000.0,moving_end,1974.3819179157026,les_label,local_les,9,-9871.820861964587,9871.820861964587,86765.68162073515,0.11377563891119633,1.0
600,6000.0,moving_end,1974.3819179157026,les_label,mask_motion,9,-1955.3086804774475,2769.6084466960237,7777.357996475217,0.3561117345956352,0.7059874051185875
600,6000.0,moving_end,1974.3819179157026,total,advection,9,21444.86192774546,22099.80606475054,917842.4188903703,0.02407799597175755,0.9703642586235304
600,6000.0,moving_end,1974.3819179157026,total,buoyancy,9,0.0,0.0,0.0,,
600,6000.0,moving_end,1974.3819179157026,total,coriolis,9,926.2623340782019,926.2623340782019,13521.742804214216,0.06850169741355537,1.0
600,6000.0,moving_end,1974.3819179157026,total,external_forcing,9,0.0,0.0,0.0,,
600,6000.0,moving_end,1974.3819179157026,total,guard,9,0.0,0.0,0.0,,
600,6000.0,moving_end,1974.3819179157026,total,initial_bcs,9,0.0,0.0,0.0,,
600,6000.0,moving_end,1974.3819179157026,total,les,9,-9871.820861964587,9871.820861964587,86765.68162073515,0.11377563891119633,1.0
600,6000.0,moving_end,1974.3819179157026,total,mask_motion,9,-31236.55177277617,46364.106262638394,170538.46001175322,0.27186891601720253,0.6737227198089556
600,6000.0,moving_end,1974.3819179157026,total,predictor_bcs,9,0.0,0.0,0.0,,
600,6000.0,moving_end,1974.3819179157026,total,projection,9,7.523181201390185e-12,9.838311796327916e-11,5.056963246685232e-09,0.019454979829597912,0.07646821281063854
600,6000.0,moving_end,1974.3819179157026,total,projection_bcs,9,0.0,0.0,0.0,,
600,6000.0,moving_end,1974.3819179157026,total,surface_drag,9,0.0,0.0,0.0,,
600,6000.0,moving_end,1974.3819179157026,total,transport_microphysics_bcs,9,0.0,0.0,0.0,,
600,6000.0,moving_symmetric,39.88822936505957,les_label,inferred_muscl_label,9,-16840.299165961438,16840.299165961438,41617.11548692705,0.40464839931665586,1.0
600,6000.0,moving_symmetric,39.88822936505957,les_label,local_les,9,32.206991933216976,182.66523725802267,9424.466855067187,0.019382023414917137,0.176317028990706
600,6000.0,moving_symmetric,39.88822936505957,les_label,mask_motion,9,12636.949281640573,12823.87714425888,14371.011948111525,0.8923433638884455,0.985423451853483
600,6000.0,moving_symmetric,39.88822936505957,total,advection,9,-4053.0338807456037,4091.790852416852,167555.72112203296,0.02442047830426959,0.9905281151776474
600,6000.0,moving_symmetric,39.88822936505957,total,buoyancy,9,0.0,0.0,0.0,,
600,6000.0,moving_symmetric,39.88822936505957,total,coriolis,9,6399.56025616385,6399.56025616385,17432.661397002787,0.36710173566866455,1.0
600,6000.0,moving_symmetric,39.88822936505957,total,external_forcing,9,0.0,0.0,0.0,,
600,6000.0,moving_symmetric,39.88822936505957,total,guard,9,0.0,0.0,0.0,,
600,6000.0,moving_symmetric,39.88822936505957,total,initial_bcs,9,0.0,0.0,0.0,,
600,6000.0,moving_symmetric,39.88822936505957,total,les,9,32.206991933216976,182.66523725802267,9424.466855067187,0.019382023414917137,0.176317028990706
600,6000.0,moving_symmetric,39.88822936505957,total,mask_motion,9,-8463.804017829068,8893.9597963327,13165.13498974174,0.675569206336499,0.9516350660050207
600,6000.0,moving_symmetric,39.88822936505957,total,predictor_bcs,9,0.0,0.0,0.0,,
600,6000.0,moving_symmetric,39.88822936505957,total,projection,9,-2.3236946538998432e-11,7.371105964831332e-11,2.666360141292654e-09,0.02764482505824518,0.31524369137908803
600,6000.0,moving_symmetric,39.88822936505957,total,projection_bcs,9,0.0,0.0,0.0,,
600,6000.0,moving_symmetric,39.88822936505957,total,surface_drag,9,-398.58332631771066,819.1639097420264,15773.575360239312,0.05193267163809323,0.4865733482365376
600,6000.0,moving_symmetric,39.88822936505957,total,transport_microphysics_bcs,9,0.0,0.0,0.0,,
600,6000.0,moving_symmetric,121.65909956343168,les_label,inferred_muscl_label,9,-5479.7288477932125,7014.221249232203,106540.5895949111,0.06583614072253301,0.7812312519216641
600,6000.0,moving_symmetric,121.65909956343168,les_label,local_les,9,-11982.430035154091,12924.183419193563,99871.01593405555,0.1294087508604834,0.9271324652789371
600,6000.0,moving_symmetric,121.65909956343168,les_label,mask_motion,9,19885.52926146228,20776.665052662305,29895.880933367785,0.6949674806027468,0.9571088146754412
600,6000.0,moving_symmetric,121.65909956343168,total,advection,9,-5657.703722424583,13632.166177059877,250741.5036285966,0.05436741018053444,0.41502602366638774
600,6000.0,moving_symmetric,121.65909956343168,total,buoyancy,9,0.0,0.0,0.0,,
600,6000.0,moving_symmetric,121.65909956343168,total,coriolis,9,6723.626144354579,6723.626144354579,17124.05704459926,0.3926421248681332,1.0
600,6000.0,moving_symmetric,121.65909956343168,total,external_forcing,9,0.0,0.0,0.0,,
600,6000.0,moving_symmetric,121.65909956343168,total,guard,9,0.0,0.0,0.0,,
600,6000.0,moving_symmetric,121.65909956343168,total,initial_bcs,9,0.0,0.0,0.0,,
600,6000.0,moving_symmetric,121.65909956343168,total,les,9,-11982.430035154091,12924.183419193563,99871.01593405555,0.1294087508604834,0.9271324652789371
600,6000.0,moving_symmetric,121.65909956343168,total,mask_motion,9,-13250.345025737068,14468.13895890011,24053.863598809214,0.6014891911009405,0.915829262034153
600,6000.0,moving_symmetric,121.65909956343168,total,predictor_bcs,9,0.0,0.0,0.0,,
600,6000.0,moving_symmetric,121.65909956343168,total,projection,9,8.074948257050089e-12,6.17901440005741e-11,2.8466696906655724e-09,0.02170611652036352,0.13068343483671221
600,6000.0,moving_symmetric,121.65909956343168,total,projection_bcs,9,0.0,0.0,0.0,,
600,6000.0,moving_symmetric,121.65909956343168,total,surface_drag,9,678.9445619292765,678.9445619292765,18621.437127816636,0.03646037399095645,1.0
600,6000.0,moving_symmetric,121.65909956343168,total,transport_microphysics_bcs,9,0.0,0.0,0.0,,
600,6000.0,moving_symmetric,207.51851327172238,les_label,inferred_muscl_label,9,7639.889281954411,14794.823463548897,109456.75353033005,0.1351659261431439,0.5163893506926509
600,6000.0,moving_symmetric,207.51851327172238,les_label,local_les,9,-8349.87844296001,24030.519342166364,110050.46829980424,0.2183590830045483,0.34746974562087274
600,6000.0,moving_symmetric,207.51851327172238,les_label,mask_motion,9,15690.526259731803,19353.269451248747,31956.585428663486,0.605611306453593,0.8107429237864194
600,6000.0,moving_symmetric,207.51851327172238,total,advection,9,-19751.834509679662,25694.633374709243,308985.0318216998,0.0831581815572748,0.7687143934546671
600,6000.0,moving_symmetric,207.51851327172238,total,buoyancy,9,0.0,0.0,0.0,,
600,6000.0,moving_symmetric,207.51851327172238,total,coriolis,9,7000.932035877799,7000.932035877799,16847.904943670103,0.41553724687342247,1.0
600,6000.0,moving_symmetric,207.51851327172238,total,external_forcing,9,0.0,0.0,0.0,,
600,6000.0,moving_symmetric,207.51851327172238,total,guard,9,0.0,0.0,0.0,,
600,6000.0,moving_symmetric,207.51851327172238,total,initial_bcs,9,0.0,0.0,0.0,,
600,6000.0,moving_symmetric,207.51851327172238,total,les,9,-8349.87844296001,24030.519342166364,110050.46829980424,0.2183590830045483,0.34746974562087274
600,6000.0,moving_symmetric,207.51851327172238,total,mask_motion,9,-17146.12188918089,17876.60892494307,38050.99109447804,0.4698066570869772,0.959137270450497
600,6000.0,moving_symmetric,207.51851327172238,total,predictor_bcs,9,0.0,0.0,0.0,,
600,6000.0,moving_symmetric,207.51851327172238,total,projection,9,4.992920940280791e-11,9.052425442851854e-11,2.8066027113901685e-09,0.032254032272234216,0.5515561516414802
600,6000.0,moving_symmetric,207.51851327172238,total,projection_bcs,9,0.0,0.0,0.0,,
600,6000.0,moving_symmetric,207.51851327172238,total,surface_drag,9,0.0,0.0,0.0,,
600,6000.0,moving_symmetric,207.51851327172238,total,transport_microphysics_bcs,9,0.0,0.0,0.0,,
600,6000.0,moving_symmetric,297.6708976654277,les_label,inferred_muscl_label,9,2506.7605267154277,26939.4120639961,113826.53003639072,0.2366707660804865,0.09305179046819864
600,6000.0,moving_symmetric,297.6708976654277,les_label,local_les,9,5813.526510845399,29205.771836798536,125525.31388198659,0.2326683832414594,0.19905402751659185
600,6000.0,moving_symmetric,297.6708976654277,les_label,mask_motion,9,5148.133754705875,9618.476230610559,31441.468628941577,0.3059168877931116,0.5352338178392612
600,6000.0,moving_symmetric,297.6708976654277,total,advection,9,-45370.63302476878,45370.63302476878,334387.0164798306,0.1356829984082394,1.0
600,6000.0,moving_symmetric,297.6708976654277,total,buoyancy,9,0.0,0.0,0.0,,
600,6000.0,moving_symmetric,297.6708976654277,total,coriolis,9,7245.134905223837,7245.134905223837,16344.629478001569,0.4432731200774634,1.0
600,6000.0,moving_symmetric,297.6708976654277,total,external_forcing,9,0.0,0.0,0.0,,
600,6000.0,moving_symmetric,297.6708976654277,total,guard,9,0.0,0.0,0.0,,
600,6000.0,moving_symmetric,297.6708976654277,total,initial_bcs,9,0.0,0.0,0.0,,
600,6000.0,moving_symmetric,297.6708976654277,total,les,9,5813.526510845399,29205.771836798536,125525.31388198659,0.2326683832414594,0.19905402751659185
600,6000.0,moving_symmetric,297.6708976654277,total,mask_motion,9,-19307.063718286794,20519.852832329605,49301.402191800866,0.4162123574599301,0.9408967927814751
600,6000.0,moving_symmetric,297.6708976654277,total,predictor_bcs,9,0.0,0.0,0.0,,
600,6000.0,moving_symmetric,297.6708976654277,total,projection,9,5.9274923074141e-11,7.006966341988031e-11,3.0071843452883495e-09,0.02330075425195177,0.8459427401405698
600,6000.0,moving_symmetric,297.6708976654277,total,projection_bcs,9,0.0,0.0,0.0,,
600,6000.0,moving_symmetric,297.6708976654277,total,surface_drag,9,0.0,0.0,0.0,,
600,6000.0,moving_symmetric,297.6708976654277,total,transport_microphysics_bcs,9,0.0,0.0,0.0,,
600,6000.0,moving_symmetric,392.33090127881815,les_label,inferred_muscl_label,9,-8190.358714176784,30038.382492705114,137222.56570139894,0.21890264432214215,0.2726631074814308
600,6000.0,moving_symmetric,392.33090127881815,les_label,local_les,9,22460.42415121945,29736.994951298242,140548.1926075579,0.2115786364776003,0.7553024166700101
600,6000.0,moving_symmetric,392.33090127881815,les_label,mask_motion,9,-3938.6657499396765,5267.421824015992,32679.30913574383,0.16118522586068426,0.7477407129199226
600,6000.0,moving_symmetric,392.33090127881815,total,advection,9,-72967.44715350855,72967.44715350855,359516.86543433263,0.20295973337817272,1.0
600,6000.0,moving_symmetric,392.33090127881815,total,buoyancy,9,0.0,0.0,0.0,,
600,6000.0,moving_symmetric,392.33090127881815,total,coriolis,9,7462.592019437678,7462.592019437678,15784.634399449344,0.47277572800153134,1.0
600,6000.0,moving_symmetric,392.33090127881815,total,external_forcing,9,0.0,0.0,0.0,,
600,6000.0,moving_symmetric,392.33090127881815,total,guard,9,0.0,0.0,0.0,,
600,6000.0,moving_symmetric,392.33090127881815,total,initial_bcs,9,0.0,0.0,0.0,,
600,6000.0,moving_symmetric,392.33090127881815,total,les,9,22460.42415121945,29736.994951298242,140548.1926075579,0.2115786364776003,0.7553024166700101
600,6000.0,moving_symmetric,392.33090127881815,total,mask_motion,9,-20492.78090741313,23133.576177447405,58928.21709251772,0.3925721380833146,0.8858457832123358
600,6000.0,moving_symmetric,392.33090127881815,total,predictor_bcs,9,0.0,0.0,0.0,,
600,6000.0,moving_symmetric,392.33090127881815,total,projection,9,-5.083644124632137e-11,6.689624945373395e-11,3.236462199448464e-09,0.02066955994886452,0.7599296173020927
600,6000.0,moving_symmetric,392.33090127881815,total,projection_bcs,9,0.0,0.0,0.0,,
600,6000.0,moving_symmetric,392.33090127881815,total,surface_drag,9,0.0,0.0,0.0,,
600,6000.0,moving_symmetric,392.33090127881815,total,transport_microphysics_bcs,9,0.0,0.0,0.0,,
600,6000.0,moving_symmetric,491.72390507287827,les_label,inferred_muscl_label,9,-21491.15983616143,28987.95889659944,141976.39117182122,0.20417450153045466,0.741382306799205
600,6000.0,moving_symmetric,491.72390507287827,les_label,local_les,9,39424.18452283094,39424.18452283094,138388.7545674306,0.2848799719750445,1.0
600,6000.0,moving_symmetric,491.72390507287827,les_label,mask_motion,9,-8641.819912013272,11457.521041180182,30359.48359027921,0.37739512291469807,0.7542486617264917
600,6000.0,moving_symmetric,491.72390507287827,total,advection,9,-98162.49879667172,98162.49879667172,384994.1735945395,0.25497138795677604,1.0
600,6000.0,moving_symmetric,491.72390507287827,total,buoyancy,9,0.0,0.0,0.0,,
600,6000.0,moving_symmetric,491.72390507287827,total,coriolis,9,7603.882630023935,7603.882630023935,15441.54126299648,0.49243028921248877,1.0
600,6000.0,moving_symmetric,491.72390507287827,total,external_forcing,9,0.0,0.0,0.0,,
600,6000.0,moving_symmetric,491.72390507287827,total,guard,9,0.0,0.0,0.0,,
600,6000.0,moving_symmetric,491.72390507287827,total,initial_bcs,9,0.0,0.0,0.0,,
600,6000.0,moving_symmetric,491.72390507287827,total,les,9,39424.18452283094,39424.18452283094,138388.7545674306,0.2848799719750445,1.0
600,6000.0,moving_symmetric,491.72390507287827,total,mask_motion,9,-20106.240612996695,24257.537336176207,72524.07696666174,0.3344756438241474,0.8288656978798701
600,6000.0,moving_symmetric,491.72390507287827,total,predictor_bcs,9,0.0,0.0,0.0,,
600,6000.0,moving_symmetric,491.72390507287827,total,projection,9,3.038600136086917e-11,5.993481587075138e-11,3.5649547100365757e-09,0.01681222364537037,0.5069841446813848
600,6000.0,moving_symmetric,491.72390507287827,total,projection_bcs,9,0.0,0.0,0.0,,
600,6000.0,moving_symmetric,491.72390507287827,total,surface_drag,9,0.0,0.0,0.0,,
600,6000.0,moving_symmetric,491.72390507287827,total,transport_microphysics_bcs,9,0.0,0.0,0.0,,
600,6000.0,moving_symmetric,596.0865590566414,les_label,inferred_muscl_label,9,-25955.147097360266,26144.044902724047,136479.4664393914,0.1915602807132474,0.9927747291566158
600,6000.0,moving_symmetric,596.0865590566414,les_label,local_les,9,38951.74407436527,38951.74407436527,131500.48034584575,0.2962098995526278,1.0
600,6000.0,moving_symmetric,596.0865590566414,les_label,mask_motion,9,-8788.202706100143,12516.295255248142,25340.317059141948,0.4939281235525298,0.7021408912845203
600,6000.0,moving_symmetric,596.0865590566414,total,advection,9,-108042.42776970961,108042.42776970961,425086.3645169934,0.254165827907638,1.0
600,6000.0,moving_symmetric,596.0865590566414,total,buoyancy,9,0.0,0.0,0.0,,
600,6000.0,moving_symmetric,596.0865590566414,total,coriolis,9,7590.731729199015,7590.731729199015,15207.310639088364,0.4991501725287344,1.0
600,6000.0,moving_symmetric,596.0865590566414,total,external_forcing,9,0.0,0.0,0.0,,
600,6000.0,moving_symmetric,596.0865590566414,total,guard,9,0.0,0.0,0.0,,
600,6000.0,moving_symmetric,596.0865590566414,total,initial_bcs,9,0.0,0.0,0.0,,
600,6000.0,moving_symmetric,596.0865590566414,total,les,9,38951.74407436527,38951.74407436527,131500.48034584575,0.2962098995526278,1.0
600,6000.0,moving_symmetric,596.0865590566414,total,mask_motion,9,-16268.309969593101,24290.59231011512,86352.0114212622,0.28129735382323845,0.6697370637116424
600,6000.0,moving_symmetric,596.0865590566414,total,predictor_bcs,9,0.0,0.0,0.0,,
600,6000.0,moving_symmetric,596.0865590566414,total,projection,9,1.908171153739899e-11,1.2632638046284966e-10,3.960225692529386e-09,0.03189878311762715,0.15105088475966097
600,6000.0,moving_symmetric,596.0865590566414,total,projection_bcs,9,0.0,0.0,0.0,,
600,6000.0,moving_symmetric,596.0865590566414,total,surface_drag,9,0.0,0.0,0.0,,
600,6000.0,moving_symmetric,596.0865590566414,total,transport_microphysics_bcs,9,0.0,0.0,0.0,,
600,6000.0,moving_symmetric,705.6673457395926,les_label,inferred_muscl_label,9,-26998.205429593403,26998.205429593403,120940.67810110215,0.22323510876153557,1.0
600,6000.0,moving_symmetric,705.6673457395926,les_label,local_les,9,28961.135209914,28961.135209914,109286.93548688399,0.2650008903707411,1.0
600,6000.0,moving_symmetric,705.6673457395926,les_label,mask_motion,9,-6916.131763354537,8834.825807058627,18914.964016270827,0.46708129074201926,0.782826047099747
600,6000.0,moving_symmetric,705.6673457395926,total,advection,9,-109279.69703982881,109279.69703982881,484617.9001809844,0.22549661702346827,1.0
600,6000.0,moving_symmetric,705.6673457395926,total,buoyancy,9,0.0,0.0,0.0,,
600,6000.0,moving_symmetric,705.6673457395926,total,coriolis,9,7324.785763844014,7324.785763844014,14381.217141692461,0.5093300303914327,1.0
600,6000.0,moving_symmetric,705.6673457395926,total,external_forcing,9,0.0,0.0,0.0,,
600,6000.0,moving_symmetric,705.6673457395926,total,guard,9,0.0,0.0,0.0,,
600,6000.0,moving_symmetric,705.6673457395926,total,initial_bcs,9,0.0,0.0,0.0,,
600,6000.0,moving_symmetric,705.6673457395926,total,les,9,28961.135209914,28961.135209914,109286.93548688399,0.2650008903707411,1.0
600,6000.0,moving_symmetric,705.6673457395926,total,mask_motion,9,-12945.87967581264,27410.22686696497,98225.27829360323,0.2790547132382115,0.47230107720907333
600,6000.0,moving_symmetric,705.6673457395926,total,predictor_bcs,9,0.0,0.0,0.0,,
600,6000.0,moving_symmetric,705.6673457395926,total,projection,9,4.99272559330733e-12,1.1326106983441508e-10,4.082865103744262e-09,0.027740585827963567,0.044081568367724
600,6000.0,moving_symmetric,705.6673457395926,total,projection_bcs,9,0.0,0.0,0.0,,
600,6000.0,moving_symmetric,705.6673457395926,total,surface_drag,9,0.0,0.0,0.0,,
600,6000.0,moving_symmetric,705.6673457395926,total,transport_microphysics_bcs,9,0.0,0.0,0.0,,
600,6000.0,moving_symmetric,820.7271717566915,les_label,inferred_muscl_label,9,-10142.758169577126,10142.758169577126,117035.49863062258,0.08666394630904962,1.0
600,6000.0,moving_symmetric,820.7271717566915,les_label,local_les,9,7375.843714345609,7375.843714345609,101366.58279122504,0.07276405607493865,1.0
600,6000.0,moving_symmetric,820.7271717566915,les_label,mask_motion,9,-5114.092616454106,5851.755878537496,12457.504833574942,0.46973739578780577,0.8739415523486003
600,6000.0,moving_symmetric,820.7271717566915,total,advection,9,-85426.16775820445,85426.16775820445,563434.1741839212,0.15161694421879154,1.0
600,6000.0,moving_symmetric,820.7271717566915,total,buoyancy,9,0.0,0.0,0.0,,
600,6000.0,moving_symmetric,820.7271717566915,total,coriolis,9,6897.637740792364,6897.637740792364,13367.29174754595,0.5160086179804279,1.0
600,6000.0,moving_symmetric,820.7271717566915,total,external_forcing,9,0.0,0.0,0.0,,
600,6000.0,moving_symmetric,820.7271717566915,total,guard,9,0.0,0.0,0.0,,
600,6000.0,moving_symmetric,820.7271717566915,total,initial_bcs,9,0.0,0.0,0.0,,
600,6000.0,moving_symmetric,820.7271717566915,total,les,9,7375.843714345609,7375.843714345609,101366.58279122504,0.07276405607493865,1.0
600,6000.0,moving_symmetric,820.7271717566915,total,mask_motion,9,-1933.2378667330024,24451.433346685182,100742.50391780346,0.24271218597698627,0.07906439836563146
600,6000.0,moving_symmetric,820.7271717566915,total,predictor_bcs,9,0.0,0.0,0.0,,
600,6000.0,moving_symmetric,820.7271717566915,total,projection,9,-7.800080771710148e-11,1.815416408510167e-10,4.488059627917921e-09,0.04044991731431978,0.4296579415689723
600,6000.0,moving_symmetric,820.7271717566915,total,projection_bcs,9,0.0,0.0,0.0,,
600,6000.0,moving_symmetric,820.7271717566915,total,surface_drag,9,0.0,0.0,0.0,,
600,6000.0,moving_symmetric,820.7271717566915,total,transport_microphysics_bcs,9,0.0,0.0,0.0,,
600,6000.0,moving_symmetric,941.5399890746453,les_label,inferred_muscl_label,9,-10565.927867880608,10565.927867880608,117876.13953973085,0.08963584919846564,1.0
600,6000.0,moving_symmetric,941.5399890746453,les_label,local_les,9,5485.47667590075,5887.625261332045,82093.7895512949,0.07171827848991259,0.9316959610061339
600,6000.0,moving_symmetric,941.5399890746453,les_label,mask_motion,9,-3540.643874356505,3540.643874356505,9084.350354186698,0.38975201707458706,1.0
600,6000.0,moving_symmetric,941.5399890746453,total,advection,9,-62367.999072970095,62367.999072970095,621412.0932191956,0.10036495870216439,1.0
600,6000.0,moving_symmetric,941.5399890746453,total,buoyancy,9,0.0,0.0,0.0,,
600,6000.0,moving_symmetric,941.5399890746453,total,coriolis,9,6538.8641267727035,6538.8641267727035,12449.682999700937,0.5252233431911301,1.0
600,6000.0,moving_symmetric,941.5399890746453,total,external_forcing,9,0.0,0.0,0.0,,
600,6000.0,moving_symmetric,941.5399890746453,total,guard,9,0.0,0.0,0.0,,
600,6000.0,moving_symmetric,941.5399890746453,total,initial_bcs,9,0.0,0.0,0.0,,
600,6000.0,moving_symmetric,941.5399890746453,total,les,9,5485.47667590075,5887.625261332045,82093.7895512949,0.07171827848991259,0.9316959610061339
600,6000.0,moving_symmetric,941.5399890746453,total,mask_motion,9,944.6234484568213,21885.78085974841,95763.37789113469,0.22854019293918923,0.043161514524443625
600,6000.0,moving_symmetric,941.5399890746453,total,predictor_bcs,9,0.0,0.0,0.0,,
600,6000.0,moving_symmetric,941.5399890746453,total,projection,9,4.07063546841005e-11,1.584036113489942e-10,4.92068874774822e-09,0.03219134951819134,0.25697870356261276
600,6000.0,moving_symmetric,941.5399890746453,total,projection_bcs,9,0.0,0.0,0.0,,
600,6000.0,moving_symmetric,941.5399890746453,total,surface_drag,9,0.0,0.0,0.0,,
600,6000.0,moving_symmetric,941.5399890746453,total,transport_microphysics_bcs,9,0.0,0.0,0.0,,
600,6000.0,moving_symmetric,1068.3934472584967,les_label,inferred_muscl_label,9,-10100.496351516911,10100.496351516911,107643.92052397807,0.09383248308265574,1.0
600,6000.0,moving_symmetric,1068.3934472584967,les_label,local_les,9,8574.207327646152,8574.207327646152,59018.458073341404,0.1452800972365477,1.0
600,6000.0,moving_symmetric,1068.3934472584967,les_label,mask_motion,9,-3590.810101715063,3590.810101715063,7419.5061484145235,0.4839688828187553,1.0
600,6000.0,moving_symmetric,1068.3934472584967,total,advection,9,-33905.55974951323,33905.55974951323,676961.3410153079,0.05008492759521778,1.0
600,6000.0,moving_symmetric,1068.3934472584967,total,buoyancy,9,0.0,0.0,0.0,,
600,6000.0,moving_symmetric,1068.3934472584967,total,coriolis,9,6376.778607124735,6376.778607124735,11331.758006669674,0.562735155778254,1.0
600,6000.0,moving_symmetric,1068.3934472584967,total,external_forcing,9,0.0,0.0,0.0,,
600,6000.0,moving_symmetric,1068.3934472584967,total,guard,9,0.0,0.0,0.0,,
600,6000.0,moving_symmetric,1068.3934472584967,total,initial_bcs,9,0.0,0.0,0.0,,
600,6000.0,moving_symmetric,1068.3934472584967,total,les,9,8574.207327646152,8574.207327646152,59018.458073341404,0.1452800972365477,1.0
600,6000.0,moving_symmetric,1068.3934472584967,total,mask_motion,9,-7197.448017254187,22662.283400641638,94395.1305550331,0.24007894546455813,0.3175958878464297
600,6000.0,moving_symmetric,1068.3934472584967,total,predictor_bcs,9,0.0,0.0,0.0,,
600,6000.0,moving_symmetric,1068.3934472584967,total,projection,9,-2.592899459289593e-11,1.7482859451820943e-10,5.087601053868312e-09,0.03436366033167638,0.14831094801368588
600,6000.0,moving_symmetric,1068.3934472584967,total,projection_bcs,9,0.0,0.0,0.0,,
600,6000.0,moving_symmetric,1068.3934472584967,total,surface_drag,9,0.0,0.0,0.0,,
600,6000.0,moving_symmetric,1068.3934472584967,total,transport_microphysics_bcs,9,0.0,0.0,0.0,,
600,6000.0,moving_symmetric,1201.5895783515407,les_label,inferred_muscl_label,9,-9301.397510933335,9301.397510933335,102941.52534623622,0.0903561267394161,1.0
600,6000.0,moving_symmetric,1201.5895783515407,les_label,local_les,9,9517.226439943475,9517.226439943475,44362.23162764441,0.2145344382092085,1.0
600,6000.0,moving_symmetric,1201.5895783515407,les_label,mask_motion,9,-3517.704072247324,3564.974656720844,6703.095410269854,0.5318400587374789,0.9867402747493861
600,6000.0,moving_symmetric,1201.5895783515407,total,advection,9,-11895.968567618525,14312.614774756092,726287.3623735568,0.01970654525500965,0.8311527107262098
600,6000.0,moving_symmetric,1201.5895783515407,total,buoyancy,9,0.0,0.0,0.0,,
600,6000.0,moving_symmetric,1201.5895783515407,total,coriolis,9,6247.3320941577085,6247.3320941577085,10567.319141611186,0.5911936613665276,1.0
600,6000.0,moving_symmetric,1201.5895783515407,total,external_forcing,9,0.0,0.0,0.0,,
600,6000.0,moving_symmetric,1201.5895783515407,total,guard,9,0.0,0.0,0.0,,
600,6000.0,moving_symmetric,1201.5895783515407,total,initial_bcs,9,0.0,0.0,0.0,,
600,6000.0,moving_symmetric,1201.5895783515407,total,les,9,9517.226439943475,9517.226439943475,44362.23162764441,0.2145344382092085,1.0
600,6000.0,moving_symmetric,1201.5895783515407,total,mask_motion,9,-17305.83331874787,25304.42557266452,107339.98088807616,0.23574091744109354,0.683905401015811
600,6000.0,moving_symmetric,1201.5895783515407,total,predictor_bcs,9,0.0,0.0,0.0,,
600,6000.0,moving_symmetric,1201.5895783515407,total,projection,9,1.4809215941559623e-11,1.2650895841463032e-10,4.905865466824571e-09,0.025787286518583644,0.11706061078317272
600,6000.0,moving_symmetric,1201.5895783515407,total,projection_bcs,9,0.0,0.0,0.0,,
600,6000.0,moving_symmetric,1201.5895783515407,total,surface_drag,9,0.0,0.0,0.0,,
600,6000.0,moving_symmetric,1201.5895783515407,total,transport_microphysics_bcs,9,0.0,0.0,0.0,,
600,6000.0,moving_symmetric,1341.445515999237,les_label,inferred_muscl_label,9,-10075.968305220116,10075.968305220116,102569.88747977276,0.09823515022581206,1.0
600,6000.0,moving_symmetric,1341.445515999237,les_label,local_les,9,9491.945145497632,9491.945145497632,47711.02147686052,0.19894659245770188,1.0
600,6000.0,moving_symmetric,1341.445515999237,les_label,mask_motion,9,-1882.08043679235,2523.5958532620316,7702.262064613947,0.3276434678658937,0.7457931246635824
600,6000.0,moving_symmetric,1341.445515999237,total,advection,9,3115.915070769926,10305.623865497355,768730.9908486439,0.013406021076528236,0.3023509407520522
600,6000.0,moving_symmetric,1341.445515999237,total,buoyancy,9,0.0,0.0,0.0,,
600,6000.0,moving_symmetric,1341.445515999237,total,coriolis,9,5824.6825360238245,5824.6825360238245,10511.454708524225,0.554127159136244,1.0
600,6000.0,moving_symmetric,1341.445515999237,total,external_forcing,9,0.0,0.0,0.0,,
600,6000.0,moving_symmetric,1341.445515999237,total,guard,9,0.0,0.0,0.0,,
600,6000.0,moving_symmetric,1341.445515999237,total,initial_bcs,9,0.0,0.0,0.0,,
600,6000.0,moving_symmetric,1341.445515999237,total,les,9,9491.945145497632,9491.945145497632,47711.02147686052,0.19894659245770188,1.0
600,6000.0,moving_symmetric,1341.445515999237,total,mask_motion,9,-27635.3292408664,31219.71361055793,126914.97359824587,0.24598920620182382,0.8851884288752937
600,6000.0,moving_symmetric,1341.445515999237,total,predictor_bcs,9,0.0,0.0,0.0,,
600,6000.0,moving_symmetric,1341.445515999237,total,projection,9,5.22881122517098e-11,1.6301262545854162e-10,4.784055706117382e-09,0.03407414868729414,0.32076111960424825
600,6000.0,moving_symmetric,1341.445515999237,total,projection_bcs,9,0.0,0.0,0.0,,
600,6000.0,moving_symmetric,1341.445515999237,total,surface_drag,9,0.0,0.0,0.0,,
600,6000.0,moving_symmetric,1341.445515999237,total,transport_microphysics_bcs,9,0.0,0.0,0.0,,
600,6000.0,moving_symmetric,1488.294250529318,les_label,inferred_muscl_label,9,-11738.29770775147,11738.29770775147,111385.86563640139,0.10538408657763614,1.0
600,6000.0,moving_symmetric,1488.294250529318,les_label,local_les,9,8561.49759492478,8718.337814289582,63069.04780244484,0.13823480959469345,0.98201030715881
600,6000.0,moving_symmetric,1488.294250529318,les_label,mask_motion,9,388.39808628886465,2320.3361775645317,8942.080457614307,0.2594850480895341,0.16738871291337384
600,6000.0,moving_symmetric,1488.294250529318,total,advection,9,8644.66386775271,10056.369261555132,817795.2030503253,0.012296928649184417,0.8596207679843975
600,6000.0,moving_symmetric,1488.294250529318,total,buoyancy,9,0.0,0.0,0.0,,
600,6000.0,moving_symmetric,1488.294250529318,total,coriolis,9,4999.864723627428,4999.864723627428,11233.566122072092,0.44508259169842107,1.0
600,6000.0,moving_symmetric,1488.294250529318,total,external_forcing,9,0.0,0.0,0.0,,
600,6000.0,moving_symmetric,1488.294250529318,total,guard,9,0.0,0.0,0.0,,
600,6000.0,moving_symmetric,1488.294250529318,total,initial_bcs,9,0.0,0.0,0.0,,
600,6000.0,moving_symmetric,1488.294250529318,total,les,9,8561.49759492478,8718.337814289582,63069.04780244484,0.13823480959469345,0.98201030715881
600,6000.0,moving_symmetric,1488.294250529318,total,mask_motion,9,-33881.47655522406,36928.2323151792,143276.84353906088,0.25774040942709375,0.9174952179148097
600,6000.0,moving_symmetric,1488.294250529318,total,predictor_bcs,9,0.0,0.0,0.0,,
600,6000.0,moving_symmetric,1488.294250529318,total,projection,9,7.92780910499136e-12,1.6820239659106652e-10,4.97109952079253e-09,0.033836054958773065,0.047132557357464064
600,6000.0,moving_symmetric,1488.294250529318,total,projection_bcs,9,0.0,0.0,0.0,,
600,6000.0,moving_symmetric,1488.294250529318,total,surface_drag,9,0.0,0.0,0.0,,
600,6000.0,moving_symmetric,1488.294250529318,total,transport_microphysics_bcs,9,0.0,0.0,0.0,,
600,6000.0,moving_symmetric,1642.4854217859033,les_label,inferred_muscl_label,9,-6078.620615425237,7758.429621190539,119905.96499028929,0.06470428407643326,0.7834859516960426
600,6000.0,moving_symmetric,1642.4854217859033,les_label,local_les,9,1572.1092308014615,5661.069304565681,78463.66783647636,0.0721489252371395,0.27770534968253213
600,6000.0,moving_symmetric,1642.4854217859033,les_label,mask_motion,9,1000.734084330908,2672.6648578449403,8259.0505706867,0.32360437013557614,0.37443306121734754
600,6000.0,moving_symmetric,1642.4854217859033,total,advection,9,11816.8707657518,11816.8707657518,870042.1971823127,0.013581951316868873,1.0
600,6000.0,moving_symmetric,1642.4854217859033,total,buoyancy,9,0.0,0.0,0.0,,
600,6000.0,moving_symmetric,1642.4854217859033,total,coriolis,9,3827.6780650336377,3827.6780650336377,12110.227499256918,0.3160698727805488,1.0
600,6000.0,moving_symmetric,1642.4854217859033,total,external_forcing,9,0.0,0.0,0.0,,
600,6000.0,moving_symmetric,1642.4854217859033,total,guard,9,0.0,0.0,0.0,,
600,6000.0,moving_symmetric,1642.4854217859033,total,initial_bcs,9,0.0,0.0,0.0,,
600,6000.0,moving_symmetric,1642.4854217859033,total,les,9,1572.1092308014615,5661.069304565681,78463.66783647636,0.0721489252371395,0.27770534968253213
600,6000.0,moving_symmetric,1642.4854217859033,total,mask_motion,9,-32887.86411156266,37832.00426919262,154805.26016527225,0.24438448815500616,0.8693132903440679
600,6000.0,moving_symmetric,1642.4854217859033,total,predictor_bcs,9,0.0,0.0,0.0,,
600,6000.0,moving_symmetric,1642.4854217859033,total,projection,9,-2.45295384041454e-11,7.716272155535255e-11,4.8628496058707724e-09,0.01586779929656807,0.3178936396968473
600,6000.0,moving_symmetric,1642.4854217859033,total,projection_bcs,9,0.0,0.0,0.0,,
600,6000.0,moving_symmetric,1642.4854217859033,total,surface_drag,9,0.0,0.0,0.0,,
600,6000.0,moving_symmetric,1642.4854217859033,total,transport_microphysics_bcs,9,0.0,0.0,0.0,,
600,6000.0,moving_symmetric,1804.3861516053175,les_label,inferred_muscl_label,9,4676.3827642923325,7633.889246952185,124961.18635182631,0.061090083007527524,0.6125819504336363
600,6000.0,moving_symmetric,1804.3861516053175,les_label,local_les,9,-6460.477752984272,6494.985105448005,85986.67203213312,0.07553478872889552,0.9946870775061842
600,6000.0,moving_symmetric,1804.3861516053175,les_label,mask_motion,9,-1093.4420995475068,2621.056708004467,7055.462845191129,0.3714932337558733,0.41717605582825995
600,6000.0,moving_symmetric,1804.3861516053175,total,advection,9,16971.43812669911,16971.43812669911,910275.2149882414,0.018644293338161845,1.0
600,6000.0,moving_symmetric,1804.3861516053175,total,buoyancy,9,0.0,0.0,0.0,,
600,6000.0,moving_symmetric,1804.3861516053175,total,coriolis,9,2428.3058522366655,2428.3058522366655,12906.296004061845,0.18814893533144084,1.0
600,6000.0,moving_symmetric,1804.3861516053175,total,external_forcing,9,0.0,0.0,0.0,,
600,6000.0,moving_symmetric,1804.3861516053175,total,guard,9,0.0,0.0,0.0,,
600,6000.0,moving_symmetric,1804.3861516053175,total,initial_bcs,9,0.0,0.0,0.0,,
600,6000.0,moving_symmetric,1804.3861516053175,total,les,9,-6460.477752984272,6494.985105448005,85986.67203213312,0.07553478872889552,0.9946870775061842
600,6000.0,moving_symmetric,1804.3861516053175,total,mask_motion,9,-30467.681744307934,41123.804372934464,160861.85923738353,0.25564670561371633,0.7408770226608744
600,6000.0,moving_symmetric,1804.3861516053175,total,predictor_bcs,9,0.0,0.0,0.0,,
600,6000.0,moving_symmetric,1804.3861516053175,total,projection,9,-3.413417734195992e-11,9.828972543400388e-11,5.018642962373025e-09,0.019584920898124296,0.3472812360726263
600,6000.0,moving_symmetric,1804.3861516053175,total,projection_bcs,9,0.0,0.0,0.0,,
600,6000.0,moving_symmetric,1804.3861516053175,total,surface_drag,9,0.0,0.0,0.0,,
600,6000.0,moving_symmetric,1804.3861516053175,total,transport_microphysics_bcs,9,0.0,0.0,0.0,,
600,6000.0,moving_symmetric,1974.3819179157026,les_label,inferred_muscl_label,9,11727.629190442522,11727.629190442522,121739.04240499165,0.09633416658090663,1.0
600,6000.0,moving_symmetric,1974.3819179157026,les_label,local_les,9,-11054.210128827688,11054.210128827688,84913.38589164791,0.1301821852085041,1.0
600,6000.0,moving_symmetric,1974.3819179157026,les_label,mask_motion,9,-2446.2688828637156,3035.7452541596203,8344.211008419736,0.3638145357417733,0.8058215291654673
600,6000.0,moving_symmetric,1974.3819179157026,total,advection,9,24093.353688799798,24093.353688799798,929205.8556529253,0.025928973157266767,1.0
600,6000.0,moving_symmetric,1974.3819179157026,total,buoyancy,9,0.0,0.0,0.0,,
600,6000.0,moving_symmetric,1974.3819179157026,total,coriolis,9,886.5153345273018,886.5153345273018,13448.974880184216,0.06591694478019271,1.0
600,6000.0,moving_symmetric,1974.3819179157026,total,external_forcing,9,0.0,0.0,0.0,,
600,6000.0,moving_symmetric,1974.3819179157026,total,guard,9,0.0,0.0,0.0,,
600,6000.0,moving_symmetric,1974.3819179157026,total,initial_bcs,9,0.0,0.0,0.0,,
600,6000.0,moving_symmetric,1974.3819179157026,total,les,9,-11054.210128827688,11054.210128827688,84913.38589164791,0.1301821852085041,1.0
600,6000.0,moving_symmetric,1974.3819179157026,total,mask_motion,9,-32662.90726741652,46481.54185214373,160482.39535021503,0.2896363912733775,0.702707052432042
600,6000.0,moving_symmetric,1974.3819179157026,total,predictor_bcs,9,0.0,0.0,0.0,,
600,6000.0,moving_symmetric,1974.3819179157026,total,projection,9,2.933347067672379e-11,9.629833694602583e-11,5.00313633153113e-09,0.01924759402199925,0.30461035576517675
600,6000.0,moving_symmetric,1974.3819179157026,total,projection_bcs,9,0.0,0.0,0.0,,
600,6000.0,moving_symmetric,1974.3819179157026,total,surface_drag,9,0.0,0.0,0.0,,
600,6000.0,moving_symmetric,1974.3819179157026,total,transport_microphysics_bcs,9,0.0,0.0,0.0,,
